ISO-10303-21;
HEADER;
/* Generated by software containing ST-Developer
 * from STEP Tools, Inc. (www.steptools.com) 
 */
/* OPTION: using custom renumber hook */

FILE_DESCRIPTION(
/* description */ ('STEP AP242',
'CAx-IF Rec.Pracs.---Representation and Presentation of Product Manufa
cturing Information (PMI)---4.0---2014-10-13',
'CAx-IF Rec.Pracs.---3D Tessellated Geometry---0.4---2014-09-14','2;1'),

/* implementation_level */ '2;1');

FILE_NAME(
/* name */ 'Case - Dial',
/* time_stamp */ '2025-07-16T17:19:46Z',
/* author */ (''),
/* organization */ (''),
/* preprocessor_version */ 'ST-DEVELOPER v20',
/* originating_system */ 'ONSHAPE BY PTC INC, 1.200',
/* authorisation */ '  ');

FILE_SCHEMA (('AP242_MANAGED_MODEL_BASED_3D_ENGINEERING_MIM_LF { 1 0 10303 442 1 1 4 }'));
ENDSEC;

DATA;
#10=SHAPE_REPRESENTATION_RELATIONSHIP('','',#3147,#11);
#11=ADVANCED_BREP_SHAPE_REPRESENTATION('',(#3145),#5207);
#12=CONICAL_SURFACE('',#3408,0.0005,0.785398163397448);
#13=CIRCLE('',#3151,0.00235);
#14=CIRCLE('',#3152,0.00235);
#15=CIRCLE('',#3154,0.0003);
#16=CIRCLE('',#3155,0.0003);
#17=CIRCLE('',#3156,0.0003);
#18=CIRCLE('',#3157,0.0003);
#19=CIRCLE('',#3158,0.0003);
#20=CIRCLE('',#3159,0.0003);
#21=CIRCLE('',#3160,0.0003);
#22=CIRCLE('',#3161,0.0003);
#23=CIRCLE('',#3162,0.0003);
#24=CIRCLE('',#3163,0.0003);
#25=CIRCLE('',#3164,0.0003);
#26=CIRCLE('',#3165,0.0003);
#27=CIRCLE('',#3166,0.0003);
#28=CIRCLE('',#3167,0.0003);
#29=CIRCLE('',#3168,0.0003);
#30=CIRCLE('',#3169,0.0003);
#31=CIRCLE('',#3170,0.0003);
#32=CIRCLE('',#3171,0.0003);
#33=CIRCLE('',#3172,0.0003);
#34=CIRCLE('',#3173,0.0003);
#35=CIRCLE('',#3174,0.0003);
#36=CIRCLE('',#3175,0.0003);
#37=CIRCLE('',#3176,0.0003);
#38=CIRCLE('',#3177,0.0003);
#39=CIRCLE('',#3178,0.0003);
#40=CIRCLE('',#3179,0.0003);
#41=CIRCLE('',#3180,0.0003);
#42=CIRCLE('',#3181,0.0003);
#43=CIRCLE('',#3182,0.0003);
#44=CIRCLE('',#3183,0.0003);
#45=CIRCLE('',#3184,0.0003);
#46=CIRCLE('',#3185,0.0003);
#47=CIRCLE('',#3186,0.0003);
#48=CIRCLE('',#3187,0.0003);
#49=CIRCLE('',#3188,0.0003);
#50=CIRCLE('',#3189,0.0003);
#51=CIRCLE('',#3190,0.0003);
#52=CIRCLE('',#3191,0.0003);
#53=CIRCLE('',#3192,0.0003);
#54=CIRCLE('',#3193,0.0003);
#55=CIRCLE('',#3194,0.0003);
#56=CIRCLE('',#3195,0.0003);
#57=CIRCLE('',#3196,0.0003);
#58=CIRCLE('',#3197,0.0003);
#59=CIRCLE('',#3198,0.0003);
#60=CIRCLE('',#3199,0.0003);
#61=CIRCLE('',#3200,0.0003);
#62=CIRCLE('',#3201,0.0003);
#63=CIRCLE('',#3202,0.0003);
#64=CIRCLE('',#3203,0.0003);
#65=CIRCLE('',#3205,0.0005);
#66=CIRCLE('',#3207,0.0015);
#67=CIRCLE('',#3208,0.0003);
#68=CIRCLE('',#3209,0.0003);
#69=CIRCLE('',#3210,0.0003);
#70=CIRCLE('',#3211,0.0003);
#71=CIRCLE('',#3212,0.0003);
#72=CIRCLE('',#3213,0.0003);
#73=CIRCLE('',#3214,0.0003);
#74=CIRCLE('',#3215,0.0003);
#75=CIRCLE('',#3216,0.0003);
#76=CIRCLE('',#3217,0.0003);
#77=CIRCLE('',#3218,0.0003);
#78=CIRCLE('',#3219,0.0003);
#79=CIRCLE('',#3220,0.0003);
#80=CIRCLE('',#3221,0.0003);
#81=CIRCLE('',#3222,0.0003);
#82=CIRCLE('',#3223,0.0003);
#83=CIRCLE('',#3224,0.0003);
#84=CIRCLE('',#3225,0.0003);
#85=CIRCLE('',#3226,0.0003);
#86=CIRCLE('',#3227,0.0003);
#87=CIRCLE('',#3228,0.0003);
#88=CIRCLE('',#3229,0.0003);
#89=CIRCLE('',#3230,0.0003);
#90=CIRCLE('',#3231,0.0003);
#91=CIRCLE('',#3232,0.0003);
#92=CIRCLE('',#3233,0.0003);
#93=CIRCLE('',#3234,0.0003);
#94=CIRCLE('',#3235,0.0003);
#95=CIRCLE('',#3236,0.0003);
#96=CIRCLE('',#3237,0.0003);
#97=CIRCLE('',#3238,0.0003);
#98=CIRCLE('',#3239,0.0003);
#99=CIRCLE('',#3240,0.0003);
#100=CIRCLE('',#3241,0.0003);
#101=CIRCLE('',#3242,0.0003);
#102=CIRCLE('',#3243,0.0003);
#103=CIRCLE('',#3244,0.0003);
#104=CIRCLE('',#3245,0.0003);
#105=CIRCLE('',#3246,0.0003);
#106=CIRCLE('',#3247,0.0003);
#107=CIRCLE('',#3248,0.0003);
#108=CIRCLE('',#3249,0.0003);
#109=CIRCLE('',#3250,0.0003);
#110=CIRCLE('',#3251,0.0003);
#111=CIRCLE('',#3252,0.0003);
#112=CIRCLE('',#3253,0.0003);
#113=CIRCLE('',#3254,0.0003);
#114=CIRCLE('',#3255,0.0003);
#115=CIRCLE('',#3256,0.0003);
#116=CIRCLE('',#3257,0.0003);
#117=CYLINDRICAL_SURFACE('',#3150,0.00235);
#118=CYLINDRICAL_SURFACE('',#3260,0.0003);
#119=CYLINDRICAL_SURFACE('',#3263,0.0003);
#120=CYLINDRICAL_SURFACE('',#3266,0.0003);
#121=CYLINDRICAL_SURFACE('',#3269,0.0003);
#122=CYLINDRICAL_SURFACE('',#3272,0.0003);
#123=CYLINDRICAL_SURFACE('',#3275,0.0003);
#124=CYLINDRICAL_SURFACE('',#3278,0.0003);
#125=CYLINDRICAL_SURFACE('',#3281,0.0003);
#126=CYLINDRICAL_SURFACE('',#3284,0.0003);
#127=CYLINDRICAL_SURFACE('',#3287,0.0003);
#128=CYLINDRICAL_SURFACE('',#3290,0.0003);
#129=CYLINDRICAL_SURFACE('',#3293,0.0003);
#130=CYLINDRICAL_SURFACE('',#3296,0.0003);
#131=CYLINDRICAL_SURFACE('',#3299,0.0003);
#132=CYLINDRICAL_SURFACE('',#3302,0.0003);
#133=CYLINDRICAL_SURFACE('',#3305,0.0003);
#134=CYLINDRICAL_SURFACE('',#3308,0.0003);
#135=CYLINDRICAL_SURFACE('',#3311,0.0003);
#136=CYLINDRICAL_SURFACE('',#3314,0.0003);
#137=CYLINDRICAL_SURFACE('',#3317,0.0003);
#138=CYLINDRICAL_SURFACE('',#3320,0.0003);
#139=CYLINDRICAL_SURFACE('',#3323,0.0003);
#140=CYLINDRICAL_SURFACE('',#3326,0.0003);
#141=CYLINDRICAL_SURFACE('',#3329,0.0003);
#142=CYLINDRICAL_SURFACE('',#3332,0.0003);
#143=CYLINDRICAL_SURFACE('',#3335,0.0003);
#144=CYLINDRICAL_SURFACE('',#3338,0.0003);
#145=CYLINDRICAL_SURFACE('',#3341,0.0003);
#146=CYLINDRICAL_SURFACE('',#3344,0.0003);
#147=CYLINDRICAL_SURFACE('',#3347,0.0003);
#148=CYLINDRICAL_SURFACE('',#3350,0.0003);
#149=CYLINDRICAL_SURFACE('',#3353,0.0003);
#150=CYLINDRICAL_SURFACE('',#3356,0.0003);
#151=CYLINDRICAL_SURFACE('',#3359,0.0003);
#152=CYLINDRICAL_SURFACE('',#3362,0.0003);
#153=CYLINDRICAL_SURFACE('',#3365,0.0003);
#154=CYLINDRICAL_SURFACE('',#3368,0.0003);
#155=CYLINDRICAL_SURFACE('',#3371,0.0003);
#156=CYLINDRICAL_SURFACE('',#3374,0.0003);
#157=CYLINDRICAL_SURFACE('',#3377,0.0003);
#158=CYLINDRICAL_SURFACE('',#3380,0.0003);
#159=CYLINDRICAL_SURFACE('',#3383,0.0003);
#160=CYLINDRICAL_SURFACE('',#3386,0.0003);
#161=CYLINDRICAL_SURFACE('',#3389,0.0003);
#162=CYLINDRICAL_SURFACE('',#3392,0.0003);
#163=CYLINDRICAL_SURFACE('',#3395,0.0003);
#164=CYLINDRICAL_SURFACE('',#3398,0.0003);
#165=CYLINDRICAL_SURFACE('',#3401,0.0003);
#166=CYLINDRICAL_SURFACE('',#3404,0.0003);
#167=CYLINDRICAL_SURFACE('',#3407,0.0003);
#168=ORIENTED_EDGE('',*,*,#1084,.T.);
#169=ORIENTED_EDGE('',*,*,#1085,.F.);
#170=ORIENTED_EDGE('',*,*,#1086,.F.);
#171=ORIENTED_EDGE('',*,*,#1087,.T.);
#172=ORIENTED_EDGE('',*,*,#1088,.F.);
#173=ORIENTED_EDGE('',*,*,#1087,.F.);
#174=ORIENTED_EDGE('',*,*,#1089,.T.);
#175=ORIENTED_EDGE('',*,*,#1085,.T.);
#176=ORIENTED_EDGE('',*,*,#1090,.T.);
#177=ORIENTED_EDGE('',*,*,#1091,.T.);
#178=ORIENTED_EDGE('',*,*,#1092,.T.);
#179=ORIENTED_EDGE('',*,*,#1093,.T.);
#180=ORIENTED_EDGE('',*,*,#1094,.T.);
#181=ORIENTED_EDGE('',*,*,#1095,.T.);
#182=ORIENTED_EDGE('',*,*,#1096,.T.);
#183=ORIENTED_EDGE('',*,*,#1097,.T.);
#184=ORIENTED_EDGE('',*,*,#1098,.T.);
#185=ORIENTED_EDGE('',*,*,#1099,.T.);
#186=ORIENTED_EDGE('',*,*,#1100,.T.);
#187=ORIENTED_EDGE('',*,*,#1101,.T.);
#188=ORIENTED_EDGE('',*,*,#1102,.T.);
#189=ORIENTED_EDGE('',*,*,#1103,.T.);
#190=ORIENTED_EDGE('',*,*,#1104,.T.);
#191=ORIENTED_EDGE('',*,*,#1105,.T.);
#192=ORIENTED_EDGE('',*,*,#1106,.T.);
#193=ORIENTED_EDGE('',*,*,#1107,.T.);
#194=ORIENTED_EDGE('',*,*,#1108,.T.);
#195=ORIENTED_EDGE('',*,*,#1109,.T.);
#196=ORIENTED_EDGE('',*,*,#1110,.T.);
#197=ORIENTED_EDGE('',*,*,#1111,.T.);
#198=ORIENTED_EDGE('',*,*,#1112,.T.);
#199=ORIENTED_EDGE('',*,*,#1113,.T.);
#200=ORIENTED_EDGE('',*,*,#1114,.T.);
#201=ORIENTED_EDGE('',*,*,#1115,.T.);
#202=ORIENTED_EDGE('',*,*,#1116,.T.);
#203=ORIENTED_EDGE('',*,*,#1117,.T.);
#204=ORIENTED_EDGE('',*,*,#1118,.T.);
#205=ORIENTED_EDGE('',*,*,#1119,.T.);
#206=ORIENTED_EDGE('',*,*,#1120,.T.);
#207=ORIENTED_EDGE('',*,*,#1121,.T.);
#208=ORIENTED_EDGE('',*,*,#1122,.T.);
#209=ORIENTED_EDGE('',*,*,#1123,.T.);
#210=ORIENTED_EDGE('',*,*,#1124,.T.);
#211=ORIENTED_EDGE('',*,*,#1125,.T.);
#212=ORIENTED_EDGE('',*,*,#1126,.T.);
#213=ORIENTED_EDGE('',*,*,#1127,.T.);
#214=ORIENTED_EDGE('',*,*,#1128,.T.);
#215=ORIENTED_EDGE('',*,*,#1129,.T.);
#216=ORIENTED_EDGE('',*,*,#1130,.T.);
#217=ORIENTED_EDGE('',*,*,#1131,.T.);
#218=ORIENTED_EDGE('',*,*,#1132,.T.);
#219=ORIENTED_EDGE('',*,*,#1133,.T.);
#220=ORIENTED_EDGE('',*,*,#1134,.T.);
#221=ORIENTED_EDGE('',*,*,#1135,.T.);
#222=ORIENTED_EDGE('',*,*,#1136,.T.);
#223=ORIENTED_EDGE('',*,*,#1137,.T.);
#224=ORIENTED_EDGE('',*,*,#1138,.T.);
#225=ORIENTED_EDGE('',*,*,#1139,.T.);
#226=ORIENTED_EDGE('',*,*,#1140,.T.);
#227=ORIENTED_EDGE('',*,*,#1141,.T.);
#228=ORIENTED_EDGE('',*,*,#1142,.T.);
#229=ORIENTED_EDGE('',*,*,#1143,.T.);
#230=ORIENTED_EDGE('',*,*,#1144,.T.);
#231=ORIENTED_EDGE('',*,*,#1145,.T.);
#232=ORIENTED_EDGE('',*,*,#1146,.T.);
#233=ORIENTED_EDGE('',*,*,#1147,.T.);
#234=ORIENTED_EDGE('',*,*,#1148,.T.);
#235=ORIENTED_EDGE('',*,*,#1149,.T.);
#236=ORIENTED_EDGE('',*,*,#1150,.T.);
#237=ORIENTED_EDGE('',*,*,#1151,.T.);
#238=ORIENTED_EDGE('',*,*,#1152,.T.);
#239=ORIENTED_EDGE('',*,*,#1153,.T.);
#240=ORIENTED_EDGE('',*,*,#1154,.T.);
#241=ORIENTED_EDGE('',*,*,#1155,.T.);
#242=ORIENTED_EDGE('',*,*,#1156,.T.);
#243=ORIENTED_EDGE('',*,*,#1157,.T.);
#244=ORIENTED_EDGE('',*,*,#1158,.T.);
#245=ORIENTED_EDGE('',*,*,#1159,.T.);
#246=ORIENTED_EDGE('',*,*,#1160,.T.);
#247=ORIENTED_EDGE('',*,*,#1161,.T.);
#248=ORIENTED_EDGE('',*,*,#1162,.T.);
#249=ORIENTED_EDGE('',*,*,#1163,.T.);
#250=ORIENTED_EDGE('',*,*,#1164,.T.);
#251=ORIENTED_EDGE('',*,*,#1165,.T.);
#252=ORIENTED_EDGE('',*,*,#1166,.T.);
#253=ORIENTED_EDGE('',*,*,#1167,.T.);
#254=ORIENTED_EDGE('',*,*,#1168,.T.);
#255=ORIENTED_EDGE('',*,*,#1169,.T.);
#256=ORIENTED_EDGE('',*,*,#1170,.T.);
#257=ORIENTED_EDGE('',*,*,#1171,.T.);
#258=ORIENTED_EDGE('',*,*,#1172,.T.);
#259=ORIENTED_EDGE('',*,*,#1173,.T.);
#260=ORIENTED_EDGE('',*,*,#1174,.T.);
#261=ORIENTED_EDGE('',*,*,#1175,.T.);
#262=ORIENTED_EDGE('',*,*,#1176,.T.);
#263=ORIENTED_EDGE('',*,*,#1177,.T.);
#264=ORIENTED_EDGE('',*,*,#1178,.T.);
#265=ORIENTED_EDGE('',*,*,#1179,.T.);
#266=ORIENTED_EDGE('',*,*,#1180,.T.);
#267=ORIENTED_EDGE('',*,*,#1181,.T.);
#268=ORIENTED_EDGE('',*,*,#1182,.T.);
#269=ORIENTED_EDGE('',*,*,#1183,.T.);
#270=ORIENTED_EDGE('',*,*,#1184,.T.);
#271=ORIENTED_EDGE('',*,*,#1185,.T.);
#272=ORIENTED_EDGE('',*,*,#1186,.T.);
#273=ORIENTED_EDGE('',*,*,#1187,.T.);
#274=ORIENTED_EDGE('',*,*,#1188,.T.);
#275=ORIENTED_EDGE('',*,*,#1189,.T.);
#276=ORIENTED_EDGE('',*,*,#1190,.T.);
#277=ORIENTED_EDGE('',*,*,#1191,.T.);
#278=ORIENTED_EDGE('',*,*,#1192,.T.);
#279=ORIENTED_EDGE('',*,*,#1193,.T.);
#280=ORIENTED_EDGE('',*,*,#1194,.T.);
#281=ORIENTED_EDGE('',*,*,#1195,.T.);
#282=ORIENTED_EDGE('',*,*,#1196,.T.);
#283=ORIENTED_EDGE('',*,*,#1197,.T.);
#284=ORIENTED_EDGE('',*,*,#1198,.T.);
#285=ORIENTED_EDGE('',*,*,#1199,.T.);
#286=ORIENTED_EDGE('',*,*,#1200,.T.);
#287=ORIENTED_EDGE('',*,*,#1201,.T.);
#288=ORIENTED_EDGE('',*,*,#1202,.T.);
#289=ORIENTED_EDGE('',*,*,#1203,.T.);
#290=ORIENTED_EDGE('',*,*,#1204,.T.);
#291=ORIENTED_EDGE('',*,*,#1205,.T.);
#292=ORIENTED_EDGE('',*,*,#1206,.T.);
#293=ORIENTED_EDGE('',*,*,#1207,.T.);
#294=ORIENTED_EDGE('',*,*,#1208,.T.);
#295=ORIENTED_EDGE('',*,*,#1209,.T.);
#296=ORIENTED_EDGE('',*,*,#1210,.T.);
#297=ORIENTED_EDGE('',*,*,#1211,.T.);
#298=ORIENTED_EDGE('',*,*,#1212,.T.);
#299=ORIENTED_EDGE('',*,*,#1213,.T.);
#300=ORIENTED_EDGE('',*,*,#1214,.T.);
#301=ORIENTED_EDGE('',*,*,#1215,.T.);
#302=ORIENTED_EDGE('',*,*,#1216,.T.);
#303=ORIENTED_EDGE('',*,*,#1217,.T.);
#304=ORIENTED_EDGE('',*,*,#1218,.T.);
#305=ORIENTED_EDGE('',*,*,#1219,.T.);
#306=ORIENTED_EDGE('',*,*,#1220,.T.);
#307=ORIENTED_EDGE('',*,*,#1221,.T.);
#308=ORIENTED_EDGE('',*,*,#1222,.T.);
#309=ORIENTED_EDGE('',*,*,#1223,.T.);
#310=ORIENTED_EDGE('',*,*,#1224,.T.);
#311=ORIENTED_EDGE('',*,*,#1225,.T.);
#312=ORIENTED_EDGE('',*,*,#1226,.T.);
#313=ORIENTED_EDGE('',*,*,#1227,.T.);
#314=ORIENTED_EDGE('',*,*,#1228,.T.);
#315=ORIENTED_EDGE('',*,*,#1229,.T.);
#316=ORIENTED_EDGE('',*,*,#1230,.T.);
#317=ORIENTED_EDGE('',*,*,#1231,.T.);
#318=ORIENTED_EDGE('',*,*,#1232,.T.);
#319=ORIENTED_EDGE('',*,*,#1233,.T.);
#320=ORIENTED_EDGE('',*,*,#1234,.T.);
#321=ORIENTED_EDGE('',*,*,#1235,.T.);
#322=ORIENTED_EDGE('',*,*,#1236,.T.);
#323=ORIENTED_EDGE('',*,*,#1237,.T.);
#324=ORIENTED_EDGE('',*,*,#1238,.T.);
#325=ORIENTED_EDGE('',*,*,#1239,.T.);
#326=ORIENTED_EDGE('',*,*,#1086,.T.);
#327=ORIENTED_EDGE('',*,*,#1089,.F.);
#328=ORIENTED_EDGE('',*,*,#1240,.T.);
#329=ORIENTED_EDGE('',*,*,#1084,.F.);
#330=ORIENTED_EDGE('',*,*,#1088,.T.);
#331=ORIENTED_EDGE('',*,*,#1241,.F.);
#332=ORIENTED_EDGE('',*,*,#1242,.T.);
#333=ORIENTED_EDGE('',*,*,#1243,.T.);
#334=ORIENTED_EDGE('',*,*,#1244,.T.);
#335=ORIENTED_EDGE('',*,*,#1245,.T.);
#336=ORIENTED_EDGE('',*,*,#1246,.T.);
#337=ORIENTED_EDGE('',*,*,#1247,.T.);
#338=ORIENTED_EDGE('',*,*,#1248,.T.);
#339=ORIENTED_EDGE('',*,*,#1249,.T.);
#340=ORIENTED_EDGE('',*,*,#1250,.T.);
#341=ORIENTED_EDGE('',*,*,#1251,.T.);
#342=ORIENTED_EDGE('',*,*,#1252,.T.);
#343=ORIENTED_EDGE('',*,*,#1253,.T.);
#344=ORIENTED_EDGE('',*,*,#1254,.T.);
#345=ORIENTED_EDGE('',*,*,#1255,.T.);
#346=ORIENTED_EDGE('',*,*,#1256,.T.);
#347=ORIENTED_EDGE('',*,*,#1257,.T.);
#348=ORIENTED_EDGE('',*,*,#1258,.T.);
#349=ORIENTED_EDGE('',*,*,#1259,.T.);
#350=ORIENTED_EDGE('',*,*,#1260,.T.);
#351=ORIENTED_EDGE('',*,*,#1261,.T.);
#352=ORIENTED_EDGE('',*,*,#1262,.T.);
#353=ORIENTED_EDGE('',*,*,#1263,.T.);
#354=ORIENTED_EDGE('',*,*,#1264,.T.);
#355=ORIENTED_EDGE('',*,*,#1265,.T.);
#356=ORIENTED_EDGE('',*,*,#1266,.T.);
#357=ORIENTED_EDGE('',*,*,#1267,.T.);
#358=ORIENTED_EDGE('',*,*,#1268,.T.);
#359=ORIENTED_EDGE('',*,*,#1269,.T.);
#360=ORIENTED_EDGE('',*,*,#1270,.T.);
#361=ORIENTED_EDGE('',*,*,#1271,.T.);
#362=ORIENTED_EDGE('',*,*,#1272,.T.);
#363=ORIENTED_EDGE('',*,*,#1273,.T.);
#364=ORIENTED_EDGE('',*,*,#1274,.T.);
#365=ORIENTED_EDGE('',*,*,#1275,.T.);
#366=ORIENTED_EDGE('',*,*,#1276,.T.);
#367=ORIENTED_EDGE('',*,*,#1277,.T.);
#368=ORIENTED_EDGE('',*,*,#1278,.T.);
#369=ORIENTED_EDGE('',*,*,#1279,.T.);
#370=ORIENTED_EDGE('',*,*,#1280,.T.);
#371=ORIENTED_EDGE('',*,*,#1281,.T.);
#372=ORIENTED_EDGE('',*,*,#1282,.T.);
#373=ORIENTED_EDGE('',*,*,#1283,.T.);
#374=ORIENTED_EDGE('',*,*,#1284,.T.);
#375=ORIENTED_EDGE('',*,*,#1285,.T.);
#376=ORIENTED_EDGE('',*,*,#1286,.T.);
#377=ORIENTED_EDGE('',*,*,#1287,.T.);
#378=ORIENTED_EDGE('',*,*,#1288,.T.);
#379=ORIENTED_EDGE('',*,*,#1289,.T.);
#380=ORIENTED_EDGE('',*,*,#1290,.T.);
#381=ORIENTED_EDGE('',*,*,#1291,.T.);
#382=ORIENTED_EDGE('',*,*,#1292,.T.);
#383=ORIENTED_EDGE('',*,*,#1293,.T.);
#384=ORIENTED_EDGE('',*,*,#1294,.T.);
#385=ORIENTED_EDGE('',*,*,#1295,.T.);
#386=ORIENTED_EDGE('',*,*,#1296,.T.);
#387=ORIENTED_EDGE('',*,*,#1297,.T.);
#388=ORIENTED_EDGE('',*,*,#1298,.T.);
#389=ORIENTED_EDGE('',*,*,#1299,.T.);
#390=ORIENTED_EDGE('',*,*,#1300,.T.);
#391=ORIENTED_EDGE('',*,*,#1301,.T.);
#392=ORIENTED_EDGE('',*,*,#1302,.T.);
#393=ORIENTED_EDGE('',*,*,#1303,.T.);
#394=ORIENTED_EDGE('',*,*,#1304,.T.);
#395=ORIENTED_EDGE('',*,*,#1305,.T.);
#396=ORIENTED_EDGE('',*,*,#1306,.T.);
#397=ORIENTED_EDGE('',*,*,#1307,.T.);
#398=ORIENTED_EDGE('',*,*,#1308,.T.);
#399=ORIENTED_EDGE('',*,*,#1309,.T.);
#400=ORIENTED_EDGE('',*,*,#1310,.T.);
#401=ORIENTED_EDGE('',*,*,#1311,.T.);
#402=ORIENTED_EDGE('',*,*,#1312,.T.);
#403=ORIENTED_EDGE('',*,*,#1313,.T.);
#404=ORIENTED_EDGE('',*,*,#1314,.T.);
#405=ORIENTED_EDGE('',*,*,#1315,.T.);
#406=ORIENTED_EDGE('',*,*,#1316,.T.);
#407=ORIENTED_EDGE('',*,*,#1317,.T.);
#408=ORIENTED_EDGE('',*,*,#1318,.T.);
#409=ORIENTED_EDGE('',*,*,#1319,.T.);
#410=ORIENTED_EDGE('',*,*,#1320,.T.);
#411=ORIENTED_EDGE('',*,*,#1321,.T.);
#412=ORIENTED_EDGE('',*,*,#1322,.T.);
#413=ORIENTED_EDGE('',*,*,#1323,.T.);
#414=ORIENTED_EDGE('',*,*,#1324,.T.);
#415=ORIENTED_EDGE('',*,*,#1325,.T.);
#416=ORIENTED_EDGE('',*,*,#1326,.T.);
#417=ORIENTED_EDGE('',*,*,#1327,.T.);
#418=ORIENTED_EDGE('',*,*,#1328,.T.);
#419=ORIENTED_EDGE('',*,*,#1329,.T.);
#420=ORIENTED_EDGE('',*,*,#1330,.T.);
#421=ORIENTED_EDGE('',*,*,#1331,.T.);
#422=ORIENTED_EDGE('',*,*,#1332,.T.);
#423=ORIENTED_EDGE('',*,*,#1333,.T.);
#424=ORIENTED_EDGE('',*,*,#1334,.T.);
#425=ORIENTED_EDGE('',*,*,#1335,.T.);
#426=ORIENTED_EDGE('',*,*,#1336,.T.);
#427=ORIENTED_EDGE('',*,*,#1337,.T.);
#428=ORIENTED_EDGE('',*,*,#1338,.T.);
#429=ORIENTED_EDGE('',*,*,#1339,.T.);
#430=ORIENTED_EDGE('',*,*,#1340,.T.);
#431=ORIENTED_EDGE('',*,*,#1341,.T.);
#432=ORIENTED_EDGE('',*,*,#1342,.T.);
#433=ORIENTED_EDGE('',*,*,#1343,.T.);
#434=ORIENTED_EDGE('',*,*,#1344,.T.);
#435=ORIENTED_EDGE('',*,*,#1345,.T.);
#436=ORIENTED_EDGE('',*,*,#1346,.T.);
#437=ORIENTED_EDGE('',*,*,#1347,.T.);
#438=ORIENTED_EDGE('',*,*,#1348,.T.);
#439=ORIENTED_EDGE('',*,*,#1349,.T.);
#440=ORIENTED_EDGE('',*,*,#1350,.T.);
#441=ORIENTED_EDGE('',*,*,#1351,.T.);
#442=ORIENTED_EDGE('',*,*,#1352,.T.);
#443=ORIENTED_EDGE('',*,*,#1353,.T.);
#444=ORIENTED_EDGE('',*,*,#1354,.T.);
#445=ORIENTED_EDGE('',*,*,#1355,.T.);
#446=ORIENTED_EDGE('',*,*,#1356,.T.);
#447=ORIENTED_EDGE('',*,*,#1357,.T.);
#448=ORIENTED_EDGE('',*,*,#1358,.T.);
#449=ORIENTED_EDGE('',*,*,#1359,.T.);
#450=ORIENTED_EDGE('',*,*,#1360,.T.);
#451=ORIENTED_EDGE('',*,*,#1361,.T.);
#452=ORIENTED_EDGE('',*,*,#1362,.T.);
#453=ORIENTED_EDGE('',*,*,#1363,.T.);
#454=ORIENTED_EDGE('',*,*,#1364,.T.);
#455=ORIENTED_EDGE('',*,*,#1365,.T.);
#456=ORIENTED_EDGE('',*,*,#1366,.T.);
#457=ORIENTED_EDGE('',*,*,#1367,.T.);
#458=ORIENTED_EDGE('',*,*,#1368,.T.);
#459=ORIENTED_EDGE('',*,*,#1369,.T.);
#460=ORIENTED_EDGE('',*,*,#1370,.T.);
#461=ORIENTED_EDGE('',*,*,#1371,.T.);
#462=ORIENTED_EDGE('',*,*,#1372,.T.);
#463=ORIENTED_EDGE('',*,*,#1373,.T.);
#464=ORIENTED_EDGE('',*,*,#1374,.T.);
#465=ORIENTED_EDGE('',*,*,#1375,.T.);
#466=ORIENTED_EDGE('',*,*,#1376,.T.);
#467=ORIENTED_EDGE('',*,*,#1377,.T.);
#468=ORIENTED_EDGE('',*,*,#1378,.T.);
#469=ORIENTED_EDGE('',*,*,#1379,.T.);
#470=ORIENTED_EDGE('',*,*,#1380,.T.);
#471=ORIENTED_EDGE('',*,*,#1381,.T.);
#472=ORIENTED_EDGE('',*,*,#1382,.T.);
#473=ORIENTED_EDGE('',*,*,#1383,.T.);
#474=ORIENTED_EDGE('',*,*,#1384,.T.);
#475=ORIENTED_EDGE('',*,*,#1385,.T.);
#476=ORIENTED_EDGE('',*,*,#1386,.T.);
#477=ORIENTED_EDGE('',*,*,#1387,.T.);
#478=ORIENTED_EDGE('',*,*,#1388,.T.);
#479=ORIENTED_EDGE('',*,*,#1389,.T.);
#480=ORIENTED_EDGE('',*,*,#1390,.T.);
#481=ORIENTED_EDGE('',*,*,#1391,.T.);
#482=ORIENTED_EDGE('',*,*,#1392,.F.);
#483=ORIENTED_EDGE('',*,*,#1391,.F.);
#484=ORIENTED_EDGE('',*,*,#1393,.T.);
#485=ORIENTED_EDGE('',*,*,#1093,.F.);
#486=ORIENTED_EDGE('',*,*,#1394,.F.);
#487=ORIENTED_EDGE('',*,*,#1095,.F.);
#488=ORIENTED_EDGE('',*,*,#1395,.T.);
#489=ORIENTED_EDGE('',*,*,#1389,.F.);
#490=ORIENTED_EDGE('',*,*,#1094,.F.);
#491=ORIENTED_EDGE('',*,*,#1393,.F.);
#492=ORIENTED_EDGE('',*,*,#1390,.F.);
#493=ORIENTED_EDGE('',*,*,#1395,.F.);
#494=ORIENTED_EDGE('',*,*,#1388,.F.);
#495=ORIENTED_EDGE('',*,*,#1396,.T.);
#496=ORIENTED_EDGE('',*,*,#1096,.F.);
#497=ORIENTED_EDGE('',*,*,#1394,.T.);
#498=ORIENTED_EDGE('',*,*,#1397,.F.);
#499=ORIENTED_EDGE('',*,*,#1098,.F.);
#500=ORIENTED_EDGE('',*,*,#1398,.T.);
#501=ORIENTED_EDGE('',*,*,#1386,.F.);
#502=ORIENTED_EDGE('',*,*,#1097,.F.);
#503=ORIENTED_EDGE('',*,*,#1396,.F.);
#504=ORIENTED_EDGE('',*,*,#1387,.F.);
#505=ORIENTED_EDGE('',*,*,#1398,.F.);
#506=ORIENTED_EDGE('',*,*,#1385,.F.);
#507=ORIENTED_EDGE('',*,*,#1399,.T.);
#508=ORIENTED_EDGE('',*,*,#1099,.F.);
#509=ORIENTED_EDGE('',*,*,#1397,.T.);
#510=ORIENTED_EDGE('',*,*,#1400,.F.);
#511=ORIENTED_EDGE('',*,*,#1101,.F.);
#512=ORIENTED_EDGE('',*,*,#1401,.T.);
#513=ORIENTED_EDGE('',*,*,#1383,.F.);
#514=ORIENTED_EDGE('',*,*,#1100,.F.);
#515=ORIENTED_EDGE('',*,*,#1399,.F.);
#516=ORIENTED_EDGE('',*,*,#1384,.F.);
#517=ORIENTED_EDGE('',*,*,#1401,.F.);
#518=ORIENTED_EDGE('',*,*,#1382,.F.);
#519=ORIENTED_EDGE('',*,*,#1402,.T.);
#520=ORIENTED_EDGE('',*,*,#1102,.F.);
#521=ORIENTED_EDGE('',*,*,#1400,.T.);
#522=ORIENTED_EDGE('',*,*,#1403,.F.);
#523=ORIENTED_EDGE('',*,*,#1104,.F.);
#524=ORIENTED_EDGE('',*,*,#1404,.T.);
#525=ORIENTED_EDGE('',*,*,#1380,.F.);
#526=ORIENTED_EDGE('',*,*,#1103,.F.);
#527=ORIENTED_EDGE('',*,*,#1402,.F.);
#528=ORIENTED_EDGE('',*,*,#1381,.F.);
#529=ORIENTED_EDGE('',*,*,#1404,.F.);
#530=ORIENTED_EDGE('',*,*,#1379,.F.);
#531=ORIENTED_EDGE('',*,*,#1405,.T.);
#532=ORIENTED_EDGE('',*,*,#1105,.F.);
#533=ORIENTED_EDGE('',*,*,#1403,.T.);
#534=ORIENTED_EDGE('',*,*,#1406,.F.);
#535=ORIENTED_EDGE('',*,*,#1107,.F.);
#536=ORIENTED_EDGE('',*,*,#1407,.T.);
#537=ORIENTED_EDGE('',*,*,#1377,.F.);
#538=ORIENTED_EDGE('',*,*,#1106,.F.);
#539=ORIENTED_EDGE('',*,*,#1405,.F.);
#540=ORIENTED_EDGE('',*,*,#1378,.F.);
#541=ORIENTED_EDGE('',*,*,#1407,.F.);
#542=ORIENTED_EDGE('',*,*,#1376,.F.);
#543=ORIENTED_EDGE('',*,*,#1408,.T.);
#544=ORIENTED_EDGE('',*,*,#1108,.F.);
#545=ORIENTED_EDGE('',*,*,#1406,.T.);
#546=ORIENTED_EDGE('',*,*,#1409,.F.);
#547=ORIENTED_EDGE('',*,*,#1110,.F.);
#548=ORIENTED_EDGE('',*,*,#1410,.T.);
#549=ORIENTED_EDGE('',*,*,#1374,.F.);
#550=ORIENTED_EDGE('',*,*,#1109,.F.);
#551=ORIENTED_EDGE('',*,*,#1408,.F.);
#552=ORIENTED_EDGE('',*,*,#1375,.F.);
#553=ORIENTED_EDGE('',*,*,#1410,.F.);
#554=ORIENTED_EDGE('',*,*,#1373,.F.);
#555=ORIENTED_EDGE('',*,*,#1411,.T.);
#556=ORIENTED_EDGE('',*,*,#1111,.F.);
#557=ORIENTED_EDGE('',*,*,#1409,.T.);
#558=ORIENTED_EDGE('',*,*,#1412,.F.);
#559=ORIENTED_EDGE('',*,*,#1113,.F.);
#560=ORIENTED_EDGE('',*,*,#1413,.T.);
#561=ORIENTED_EDGE('',*,*,#1371,.F.);
#562=ORIENTED_EDGE('',*,*,#1112,.F.);
#563=ORIENTED_EDGE('',*,*,#1411,.F.);
#564=ORIENTED_EDGE('',*,*,#1372,.F.);
#565=ORIENTED_EDGE('',*,*,#1413,.F.);
#566=ORIENTED_EDGE('',*,*,#1370,.F.);
#567=ORIENTED_EDGE('',*,*,#1414,.T.);
#568=ORIENTED_EDGE('',*,*,#1114,.F.);
#569=ORIENTED_EDGE('',*,*,#1412,.T.);
#570=ORIENTED_EDGE('',*,*,#1415,.F.);
#571=ORIENTED_EDGE('',*,*,#1116,.F.);
#572=ORIENTED_EDGE('',*,*,#1416,.T.);
#573=ORIENTED_EDGE('',*,*,#1368,.F.);
#574=ORIENTED_EDGE('',*,*,#1115,.F.);
#575=ORIENTED_EDGE('',*,*,#1414,.F.);
#576=ORIENTED_EDGE('',*,*,#1369,.F.);
#577=ORIENTED_EDGE('',*,*,#1416,.F.);
#578=ORIENTED_EDGE('',*,*,#1367,.F.);
#579=ORIENTED_EDGE('',*,*,#1417,.T.);
#580=ORIENTED_EDGE('',*,*,#1117,.F.);
#581=ORIENTED_EDGE('',*,*,#1415,.T.);
#582=ORIENTED_EDGE('',*,*,#1418,.F.);
#583=ORIENTED_EDGE('',*,*,#1119,.F.);
#584=ORIENTED_EDGE('',*,*,#1419,.T.);
#585=ORIENTED_EDGE('',*,*,#1365,.F.);
#586=ORIENTED_EDGE('',*,*,#1118,.F.);
#587=ORIENTED_EDGE('',*,*,#1417,.F.);
#588=ORIENTED_EDGE('',*,*,#1366,.F.);
#589=ORIENTED_EDGE('',*,*,#1419,.F.);
#590=ORIENTED_EDGE('',*,*,#1364,.F.);
#591=ORIENTED_EDGE('',*,*,#1420,.T.);
#592=ORIENTED_EDGE('',*,*,#1120,.F.);
#593=ORIENTED_EDGE('',*,*,#1418,.T.);
#594=ORIENTED_EDGE('',*,*,#1421,.F.);
#595=ORIENTED_EDGE('',*,*,#1122,.F.);
#596=ORIENTED_EDGE('',*,*,#1422,.T.);
#597=ORIENTED_EDGE('',*,*,#1362,.F.);
#598=ORIENTED_EDGE('',*,*,#1121,.F.);
#599=ORIENTED_EDGE('',*,*,#1420,.F.);
#600=ORIENTED_EDGE('',*,*,#1363,.F.);
#601=ORIENTED_EDGE('',*,*,#1422,.F.);
#602=ORIENTED_EDGE('',*,*,#1361,.F.);
#603=ORIENTED_EDGE('',*,*,#1423,.T.);
#604=ORIENTED_EDGE('',*,*,#1123,.F.);
#605=ORIENTED_EDGE('',*,*,#1421,.T.);
#606=ORIENTED_EDGE('',*,*,#1424,.F.);
#607=ORIENTED_EDGE('',*,*,#1125,.F.);
#608=ORIENTED_EDGE('',*,*,#1425,.T.);
#609=ORIENTED_EDGE('',*,*,#1359,.F.);
#610=ORIENTED_EDGE('',*,*,#1124,.F.);
#611=ORIENTED_EDGE('',*,*,#1423,.F.);
#612=ORIENTED_EDGE('',*,*,#1360,.F.);
#613=ORIENTED_EDGE('',*,*,#1425,.F.);
#614=ORIENTED_EDGE('',*,*,#1358,.F.);
#615=ORIENTED_EDGE('',*,*,#1426,.T.);
#616=ORIENTED_EDGE('',*,*,#1126,.F.);
#617=ORIENTED_EDGE('',*,*,#1424,.T.);
#618=ORIENTED_EDGE('',*,*,#1427,.F.);
#619=ORIENTED_EDGE('',*,*,#1128,.F.);
#620=ORIENTED_EDGE('',*,*,#1428,.T.);
#621=ORIENTED_EDGE('',*,*,#1356,.F.);
#622=ORIENTED_EDGE('',*,*,#1127,.F.);
#623=ORIENTED_EDGE('',*,*,#1426,.F.);
#624=ORIENTED_EDGE('',*,*,#1357,.F.);
#625=ORIENTED_EDGE('',*,*,#1428,.F.);
#626=ORIENTED_EDGE('',*,*,#1355,.F.);
#627=ORIENTED_EDGE('',*,*,#1429,.T.);
#628=ORIENTED_EDGE('',*,*,#1129,.F.);
#629=ORIENTED_EDGE('',*,*,#1427,.T.);
#630=ORIENTED_EDGE('',*,*,#1430,.F.);
#631=ORIENTED_EDGE('',*,*,#1131,.F.);
#632=ORIENTED_EDGE('',*,*,#1431,.T.);
#633=ORIENTED_EDGE('',*,*,#1353,.F.);
#634=ORIENTED_EDGE('',*,*,#1130,.F.);
#635=ORIENTED_EDGE('',*,*,#1429,.F.);
#636=ORIENTED_EDGE('',*,*,#1354,.F.);
#637=ORIENTED_EDGE('',*,*,#1431,.F.);
#638=ORIENTED_EDGE('',*,*,#1352,.F.);
#639=ORIENTED_EDGE('',*,*,#1432,.T.);
#640=ORIENTED_EDGE('',*,*,#1132,.F.);
#641=ORIENTED_EDGE('',*,*,#1430,.T.);
#642=ORIENTED_EDGE('',*,*,#1433,.F.);
#643=ORIENTED_EDGE('',*,*,#1134,.F.);
#644=ORIENTED_EDGE('',*,*,#1434,.T.);
#645=ORIENTED_EDGE('',*,*,#1350,.F.);
#646=ORIENTED_EDGE('',*,*,#1133,.F.);
#647=ORIENTED_EDGE('',*,*,#1432,.F.);
#648=ORIENTED_EDGE('',*,*,#1351,.F.);
#649=ORIENTED_EDGE('',*,*,#1434,.F.);
#650=ORIENTED_EDGE('',*,*,#1349,.F.);
#651=ORIENTED_EDGE('',*,*,#1435,.T.);
#652=ORIENTED_EDGE('',*,*,#1135,.F.);
#653=ORIENTED_EDGE('',*,*,#1433,.T.);
#654=ORIENTED_EDGE('',*,*,#1436,.F.);
#655=ORIENTED_EDGE('',*,*,#1137,.F.);
#656=ORIENTED_EDGE('',*,*,#1437,.T.);
#657=ORIENTED_EDGE('',*,*,#1347,.F.);
#658=ORIENTED_EDGE('',*,*,#1136,.F.);
#659=ORIENTED_EDGE('',*,*,#1435,.F.);
#660=ORIENTED_EDGE('',*,*,#1348,.F.);
#661=ORIENTED_EDGE('',*,*,#1437,.F.);
#662=ORIENTED_EDGE('',*,*,#1346,.F.);
#663=ORIENTED_EDGE('',*,*,#1438,.T.);
#664=ORIENTED_EDGE('',*,*,#1138,.F.);
#665=ORIENTED_EDGE('',*,*,#1436,.T.);
#666=ORIENTED_EDGE('',*,*,#1439,.F.);
#667=ORIENTED_EDGE('',*,*,#1140,.F.);
#668=ORIENTED_EDGE('',*,*,#1440,.T.);
#669=ORIENTED_EDGE('',*,*,#1344,.F.);
#670=ORIENTED_EDGE('',*,*,#1139,.F.);
#671=ORIENTED_EDGE('',*,*,#1438,.F.);
#672=ORIENTED_EDGE('',*,*,#1345,.F.);
#673=ORIENTED_EDGE('',*,*,#1440,.F.);
#674=ORIENTED_EDGE('',*,*,#1343,.F.);
#675=ORIENTED_EDGE('',*,*,#1441,.T.);
#676=ORIENTED_EDGE('',*,*,#1141,.F.);
#677=ORIENTED_EDGE('',*,*,#1439,.T.);
#678=ORIENTED_EDGE('',*,*,#1442,.F.);
#679=ORIENTED_EDGE('',*,*,#1143,.F.);
#680=ORIENTED_EDGE('',*,*,#1443,.T.);
#681=ORIENTED_EDGE('',*,*,#1341,.F.);
#682=ORIENTED_EDGE('',*,*,#1142,.F.);
#683=ORIENTED_EDGE('',*,*,#1441,.F.);
#684=ORIENTED_EDGE('',*,*,#1342,.F.);
#685=ORIENTED_EDGE('',*,*,#1443,.F.);
#686=ORIENTED_EDGE('',*,*,#1340,.F.);
#687=ORIENTED_EDGE('',*,*,#1444,.T.);
#688=ORIENTED_EDGE('',*,*,#1144,.F.);
#689=ORIENTED_EDGE('',*,*,#1442,.T.);
#690=ORIENTED_EDGE('',*,*,#1445,.F.);
#691=ORIENTED_EDGE('',*,*,#1146,.F.);
#692=ORIENTED_EDGE('',*,*,#1446,.T.);
#693=ORIENTED_EDGE('',*,*,#1338,.F.);
#694=ORIENTED_EDGE('',*,*,#1145,.F.);
#695=ORIENTED_EDGE('',*,*,#1444,.F.);
#696=ORIENTED_EDGE('',*,*,#1339,.F.);
#697=ORIENTED_EDGE('',*,*,#1446,.F.);
#698=ORIENTED_EDGE('',*,*,#1337,.F.);
#699=ORIENTED_EDGE('',*,*,#1447,.T.);
#700=ORIENTED_EDGE('',*,*,#1147,.F.);
#701=ORIENTED_EDGE('',*,*,#1445,.T.);
#702=ORIENTED_EDGE('',*,*,#1448,.F.);
#703=ORIENTED_EDGE('',*,*,#1149,.F.);
#704=ORIENTED_EDGE('',*,*,#1449,.T.);
#705=ORIENTED_EDGE('',*,*,#1335,.F.);
#706=ORIENTED_EDGE('',*,*,#1148,.F.);
#707=ORIENTED_EDGE('',*,*,#1447,.F.);
#708=ORIENTED_EDGE('',*,*,#1336,.F.);
#709=ORIENTED_EDGE('',*,*,#1449,.F.);
#710=ORIENTED_EDGE('',*,*,#1334,.F.);
#711=ORIENTED_EDGE('',*,*,#1450,.T.);
#712=ORIENTED_EDGE('',*,*,#1150,.F.);
#713=ORIENTED_EDGE('',*,*,#1448,.T.);
#714=ORIENTED_EDGE('',*,*,#1451,.F.);
#715=ORIENTED_EDGE('',*,*,#1152,.F.);
#716=ORIENTED_EDGE('',*,*,#1452,.T.);
#717=ORIENTED_EDGE('',*,*,#1332,.F.);
#718=ORIENTED_EDGE('',*,*,#1151,.F.);
#719=ORIENTED_EDGE('',*,*,#1450,.F.);
#720=ORIENTED_EDGE('',*,*,#1333,.F.);
#721=ORIENTED_EDGE('',*,*,#1452,.F.);
#722=ORIENTED_EDGE('',*,*,#1331,.F.);
#723=ORIENTED_EDGE('',*,*,#1453,.T.);
#724=ORIENTED_EDGE('',*,*,#1153,.F.);
#725=ORIENTED_EDGE('',*,*,#1451,.T.);
#726=ORIENTED_EDGE('',*,*,#1454,.F.);
#727=ORIENTED_EDGE('',*,*,#1155,.F.);
#728=ORIENTED_EDGE('',*,*,#1455,.T.);
#729=ORIENTED_EDGE('',*,*,#1329,.F.);
#730=ORIENTED_EDGE('',*,*,#1154,.F.);
#731=ORIENTED_EDGE('',*,*,#1453,.F.);
#732=ORIENTED_EDGE('',*,*,#1330,.F.);
#733=ORIENTED_EDGE('',*,*,#1455,.F.);
#734=ORIENTED_EDGE('',*,*,#1328,.F.);
#735=ORIENTED_EDGE('',*,*,#1456,.T.);
#736=ORIENTED_EDGE('',*,*,#1156,.F.);
#737=ORIENTED_EDGE('',*,*,#1454,.T.);
#738=ORIENTED_EDGE('',*,*,#1457,.F.);
#739=ORIENTED_EDGE('',*,*,#1158,.F.);
#740=ORIENTED_EDGE('',*,*,#1458,.T.);
#741=ORIENTED_EDGE('',*,*,#1326,.F.);
#742=ORIENTED_EDGE('',*,*,#1157,.F.);
#743=ORIENTED_EDGE('',*,*,#1456,.F.);
#744=ORIENTED_EDGE('',*,*,#1327,.F.);
#745=ORIENTED_EDGE('',*,*,#1458,.F.);
#746=ORIENTED_EDGE('',*,*,#1325,.F.);
#747=ORIENTED_EDGE('',*,*,#1459,.T.);
#748=ORIENTED_EDGE('',*,*,#1159,.F.);
#749=ORIENTED_EDGE('',*,*,#1457,.T.);
#750=ORIENTED_EDGE('',*,*,#1460,.F.);
#751=ORIENTED_EDGE('',*,*,#1161,.F.);
#752=ORIENTED_EDGE('',*,*,#1461,.T.);
#753=ORIENTED_EDGE('',*,*,#1323,.F.);
#754=ORIENTED_EDGE('',*,*,#1160,.F.);
#755=ORIENTED_EDGE('',*,*,#1459,.F.);
#756=ORIENTED_EDGE('',*,*,#1324,.F.);
#757=ORIENTED_EDGE('',*,*,#1461,.F.);
#758=ORIENTED_EDGE('',*,*,#1322,.F.);
#759=ORIENTED_EDGE('',*,*,#1462,.T.);
#760=ORIENTED_EDGE('',*,*,#1162,.F.);
#761=ORIENTED_EDGE('',*,*,#1460,.T.);
#762=ORIENTED_EDGE('',*,*,#1463,.F.);
#763=ORIENTED_EDGE('',*,*,#1164,.F.);
#764=ORIENTED_EDGE('',*,*,#1464,.T.);
#765=ORIENTED_EDGE('',*,*,#1320,.F.);
#766=ORIENTED_EDGE('',*,*,#1163,.F.);
#767=ORIENTED_EDGE('',*,*,#1462,.F.);
#768=ORIENTED_EDGE('',*,*,#1321,.F.);
#769=ORIENTED_EDGE('',*,*,#1464,.F.);
#770=ORIENTED_EDGE('',*,*,#1319,.F.);
#771=ORIENTED_EDGE('',*,*,#1465,.T.);
#772=ORIENTED_EDGE('',*,*,#1165,.F.);
#773=ORIENTED_EDGE('',*,*,#1463,.T.);
#774=ORIENTED_EDGE('',*,*,#1466,.F.);
#775=ORIENTED_EDGE('',*,*,#1167,.F.);
#776=ORIENTED_EDGE('',*,*,#1467,.T.);
#777=ORIENTED_EDGE('',*,*,#1317,.F.);
#778=ORIENTED_EDGE('',*,*,#1166,.F.);
#779=ORIENTED_EDGE('',*,*,#1465,.F.);
#780=ORIENTED_EDGE('',*,*,#1318,.F.);
#781=ORIENTED_EDGE('',*,*,#1467,.F.);
#782=ORIENTED_EDGE('',*,*,#1316,.F.);
#783=ORIENTED_EDGE('',*,*,#1468,.T.);
#784=ORIENTED_EDGE('',*,*,#1168,.F.);
#785=ORIENTED_EDGE('',*,*,#1466,.T.);
#786=ORIENTED_EDGE('',*,*,#1469,.F.);
#787=ORIENTED_EDGE('',*,*,#1170,.F.);
#788=ORIENTED_EDGE('',*,*,#1470,.T.);
#789=ORIENTED_EDGE('',*,*,#1314,.F.);
#790=ORIENTED_EDGE('',*,*,#1169,.F.);
#791=ORIENTED_EDGE('',*,*,#1468,.F.);
#792=ORIENTED_EDGE('',*,*,#1315,.F.);
#793=ORIENTED_EDGE('',*,*,#1470,.F.);
#794=ORIENTED_EDGE('',*,*,#1313,.F.);
#795=ORIENTED_EDGE('',*,*,#1471,.T.);
#796=ORIENTED_EDGE('',*,*,#1171,.F.);
#797=ORIENTED_EDGE('',*,*,#1469,.T.);
#798=ORIENTED_EDGE('',*,*,#1472,.F.);
#799=ORIENTED_EDGE('',*,*,#1173,.F.);
#800=ORIENTED_EDGE('',*,*,#1473,.T.);
#801=ORIENTED_EDGE('',*,*,#1311,.F.);
#802=ORIENTED_EDGE('',*,*,#1172,.F.);
#803=ORIENTED_EDGE('',*,*,#1471,.F.);
#804=ORIENTED_EDGE('',*,*,#1312,.F.);
#805=ORIENTED_EDGE('',*,*,#1473,.F.);
#806=ORIENTED_EDGE('',*,*,#1310,.F.);
#807=ORIENTED_EDGE('',*,*,#1474,.T.);
#808=ORIENTED_EDGE('',*,*,#1174,.F.);
#809=ORIENTED_EDGE('',*,*,#1472,.T.);
#810=ORIENTED_EDGE('',*,*,#1475,.F.);
#811=ORIENTED_EDGE('',*,*,#1176,.F.);
#812=ORIENTED_EDGE('',*,*,#1476,.T.);
#813=ORIENTED_EDGE('',*,*,#1308,.F.);
#814=ORIENTED_EDGE('',*,*,#1175,.F.);
#815=ORIENTED_EDGE('',*,*,#1474,.F.);
#816=ORIENTED_EDGE('',*,*,#1309,.F.);
#817=ORIENTED_EDGE('',*,*,#1476,.F.);
#818=ORIENTED_EDGE('',*,*,#1307,.F.);
#819=ORIENTED_EDGE('',*,*,#1477,.T.);
#820=ORIENTED_EDGE('',*,*,#1177,.F.);
#821=ORIENTED_EDGE('',*,*,#1475,.T.);
#822=ORIENTED_EDGE('',*,*,#1478,.F.);
#823=ORIENTED_EDGE('',*,*,#1179,.F.);
#824=ORIENTED_EDGE('',*,*,#1479,.T.);
#825=ORIENTED_EDGE('',*,*,#1305,.F.);
#826=ORIENTED_EDGE('',*,*,#1178,.F.);
#827=ORIENTED_EDGE('',*,*,#1477,.F.);
#828=ORIENTED_EDGE('',*,*,#1306,.F.);
#829=ORIENTED_EDGE('',*,*,#1479,.F.);
#830=ORIENTED_EDGE('',*,*,#1304,.F.);
#831=ORIENTED_EDGE('',*,*,#1480,.T.);
#832=ORIENTED_EDGE('',*,*,#1180,.F.);
#833=ORIENTED_EDGE('',*,*,#1478,.T.);
#834=ORIENTED_EDGE('',*,*,#1481,.F.);
#835=ORIENTED_EDGE('',*,*,#1182,.F.);
#836=ORIENTED_EDGE('',*,*,#1482,.T.);
#837=ORIENTED_EDGE('',*,*,#1302,.F.);
#838=ORIENTED_EDGE('',*,*,#1181,.F.);
#839=ORIENTED_EDGE('',*,*,#1480,.F.);
#840=ORIENTED_EDGE('',*,*,#1303,.F.);
#841=ORIENTED_EDGE('',*,*,#1482,.F.);
#842=ORIENTED_EDGE('',*,*,#1301,.F.);
#843=ORIENTED_EDGE('',*,*,#1483,.T.);
#844=ORIENTED_EDGE('',*,*,#1183,.F.);
#845=ORIENTED_EDGE('',*,*,#1481,.T.);
#846=ORIENTED_EDGE('',*,*,#1484,.F.);
#847=ORIENTED_EDGE('',*,*,#1185,.F.);
#848=ORIENTED_EDGE('',*,*,#1485,.T.);
#849=ORIENTED_EDGE('',*,*,#1299,.F.);
#850=ORIENTED_EDGE('',*,*,#1184,.F.);
#851=ORIENTED_EDGE('',*,*,#1483,.F.);
#852=ORIENTED_EDGE('',*,*,#1300,.F.);
#853=ORIENTED_EDGE('',*,*,#1485,.F.);
#854=ORIENTED_EDGE('',*,*,#1298,.F.);
#855=ORIENTED_EDGE('',*,*,#1486,.T.);
#856=ORIENTED_EDGE('',*,*,#1186,.F.);
#857=ORIENTED_EDGE('',*,*,#1484,.T.);
#858=ORIENTED_EDGE('',*,*,#1487,.F.);
#859=ORIENTED_EDGE('',*,*,#1188,.F.);
#860=ORIENTED_EDGE('',*,*,#1488,.T.);
#861=ORIENTED_EDGE('',*,*,#1296,.F.);
#862=ORIENTED_EDGE('',*,*,#1187,.F.);
#863=ORIENTED_EDGE('',*,*,#1486,.F.);
#864=ORIENTED_EDGE('',*,*,#1297,.F.);
#865=ORIENTED_EDGE('',*,*,#1488,.F.);
#866=ORIENTED_EDGE('',*,*,#1295,.F.);
#867=ORIENTED_EDGE('',*,*,#1489,.T.);
#868=ORIENTED_EDGE('',*,*,#1189,.F.);
#869=ORIENTED_EDGE('',*,*,#1487,.T.);
#870=ORIENTED_EDGE('',*,*,#1490,.F.);
#871=ORIENTED_EDGE('',*,*,#1191,.F.);
#872=ORIENTED_EDGE('',*,*,#1491,.T.);
#873=ORIENTED_EDGE('',*,*,#1293,.F.);
#874=ORIENTED_EDGE('',*,*,#1190,.F.);
#875=ORIENTED_EDGE('',*,*,#1489,.F.);
#876=ORIENTED_EDGE('',*,*,#1294,.F.);
#877=ORIENTED_EDGE('',*,*,#1491,.F.);
#878=ORIENTED_EDGE('',*,*,#1292,.F.);
#879=ORIENTED_EDGE('',*,*,#1492,.T.);
#880=ORIENTED_EDGE('',*,*,#1192,.F.);
#881=ORIENTED_EDGE('',*,*,#1490,.T.);
#882=ORIENTED_EDGE('',*,*,#1493,.F.);
#883=ORIENTED_EDGE('',*,*,#1194,.F.);
#884=ORIENTED_EDGE('',*,*,#1494,.T.);
#885=ORIENTED_EDGE('',*,*,#1290,.F.);
#886=ORIENTED_EDGE('',*,*,#1193,.F.);
#887=ORIENTED_EDGE('',*,*,#1492,.F.);
#888=ORIENTED_EDGE('',*,*,#1291,.F.);
#889=ORIENTED_EDGE('',*,*,#1494,.F.);
#890=ORIENTED_EDGE('',*,*,#1289,.F.);
#891=ORIENTED_EDGE('',*,*,#1495,.T.);
#892=ORIENTED_EDGE('',*,*,#1195,.F.);
#893=ORIENTED_EDGE('',*,*,#1493,.T.);
#894=ORIENTED_EDGE('',*,*,#1496,.F.);
#895=ORIENTED_EDGE('',*,*,#1197,.F.);
#896=ORIENTED_EDGE('',*,*,#1497,.T.);
#897=ORIENTED_EDGE('',*,*,#1287,.F.);
#898=ORIENTED_EDGE('',*,*,#1196,.F.);
#899=ORIENTED_EDGE('',*,*,#1495,.F.);
#900=ORIENTED_EDGE('',*,*,#1288,.F.);
#901=ORIENTED_EDGE('',*,*,#1497,.F.);
#902=ORIENTED_EDGE('',*,*,#1286,.F.);
#903=ORIENTED_EDGE('',*,*,#1498,.T.);
#904=ORIENTED_EDGE('',*,*,#1198,.F.);
#905=ORIENTED_EDGE('',*,*,#1496,.T.);
#906=ORIENTED_EDGE('',*,*,#1499,.F.);
#907=ORIENTED_EDGE('',*,*,#1200,.F.);
#908=ORIENTED_EDGE('',*,*,#1500,.T.);
#909=ORIENTED_EDGE('',*,*,#1284,.F.);
#910=ORIENTED_EDGE('',*,*,#1199,.F.);
#911=ORIENTED_EDGE('',*,*,#1498,.F.);
#912=ORIENTED_EDGE('',*,*,#1285,.F.);
#913=ORIENTED_EDGE('',*,*,#1500,.F.);
#914=ORIENTED_EDGE('',*,*,#1283,.F.);
#915=ORIENTED_EDGE('',*,*,#1501,.T.);
#916=ORIENTED_EDGE('',*,*,#1201,.F.);
#917=ORIENTED_EDGE('',*,*,#1499,.T.);
#918=ORIENTED_EDGE('',*,*,#1502,.F.);
#919=ORIENTED_EDGE('',*,*,#1203,.F.);
#920=ORIENTED_EDGE('',*,*,#1503,.T.);
#921=ORIENTED_EDGE('',*,*,#1281,.F.);
#922=ORIENTED_EDGE('',*,*,#1202,.F.);
#923=ORIENTED_EDGE('',*,*,#1501,.F.);
#924=ORIENTED_EDGE('',*,*,#1282,.F.);
#925=ORIENTED_EDGE('',*,*,#1503,.F.);
#926=ORIENTED_EDGE('',*,*,#1280,.F.);
#927=ORIENTED_EDGE('',*,*,#1504,.T.);
#928=ORIENTED_EDGE('',*,*,#1204,.F.);
#929=ORIENTED_EDGE('',*,*,#1502,.T.);
#930=ORIENTED_EDGE('',*,*,#1505,.F.);
#931=ORIENTED_EDGE('',*,*,#1206,.F.);
#932=ORIENTED_EDGE('',*,*,#1506,.T.);
#933=ORIENTED_EDGE('',*,*,#1278,.F.);
#934=ORIENTED_EDGE('',*,*,#1205,.F.);
#935=ORIENTED_EDGE('',*,*,#1504,.F.);
#936=ORIENTED_EDGE('',*,*,#1279,.F.);
#937=ORIENTED_EDGE('',*,*,#1506,.F.);
#938=ORIENTED_EDGE('',*,*,#1277,.F.);
#939=ORIENTED_EDGE('',*,*,#1507,.T.);
#940=ORIENTED_EDGE('',*,*,#1207,.F.);
#941=ORIENTED_EDGE('',*,*,#1505,.T.);
#942=ORIENTED_EDGE('',*,*,#1508,.F.);
#943=ORIENTED_EDGE('',*,*,#1209,.F.);
#944=ORIENTED_EDGE('',*,*,#1509,.T.);
#945=ORIENTED_EDGE('',*,*,#1275,.F.);
#946=ORIENTED_EDGE('',*,*,#1208,.F.);
#947=ORIENTED_EDGE('',*,*,#1507,.F.);
#948=ORIENTED_EDGE('',*,*,#1276,.F.);
#949=ORIENTED_EDGE('',*,*,#1509,.F.);
#950=ORIENTED_EDGE('',*,*,#1274,.F.);
#951=ORIENTED_EDGE('',*,*,#1510,.T.);
#952=ORIENTED_EDGE('',*,*,#1210,.F.);
#953=ORIENTED_EDGE('',*,*,#1508,.T.);
#954=ORIENTED_EDGE('',*,*,#1511,.F.);
#955=ORIENTED_EDGE('',*,*,#1212,.F.);
#956=ORIENTED_EDGE('',*,*,#1512,.T.);
#957=ORIENTED_EDGE('',*,*,#1272,.F.);
#958=ORIENTED_EDGE('',*,*,#1211,.F.);
#959=ORIENTED_EDGE('',*,*,#1510,.F.);
#960=ORIENTED_EDGE('',*,*,#1273,.F.);
#961=ORIENTED_EDGE('',*,*,#1512,.F.);
#962=ORIENTED_EDGE('',*,*,#1271,.F.);
#963=ORIENTED_EDGE('',*,*,#1513,.T.);
#964=ORIENTED_EDGE('',*,*,#1213,.F.);
#965=ORIENTED_EDGE('',*,*,#1511,.T.);
#966=ORIENTED_EDGE('',*,*,#1514,.F.);
#967=ORIENTED_EDGE('',*,*,#1215,.F.);
#968=ORIENTED_EDGE('',*,*,#1515,.T.);
#969=ORIENTED_EDGE('',*,*,#1269,.F.);
#970=ORIENTED_EDGE('',*,*,#1214,.F.);
#971=ORIENTED_EDGE('',*,*,#1513,.F.);
#972=ORIENTED_EDGE('',*,*,#1270,.F.);
#973=ORIENTED_EDGE('',*,*,#1515,.F.);
#974=ORIENTED_EDGE('',*,*,#1268,.F.);
#975=ORIENTED_EDGE('',*,*,#1516,.T.);
#976=ORIENTED_EDGE('',*,*,#1216,.F.);
#977=ORIENTED_EDGE('',*,*,#1514,.T.);
#978=ORIENTED_EDGE('',*,*,#1517,.F.);
#979=ORIENTED_EDGE('',*,*,#1218,.F.);
#980=ORIENTED_EDGE('',*,*,#1518,.T.);
#981=ORIENTED_EDGE('',*,*,#1266,.F.);
#982=ORIENTED_EDGE('',*,*,#1217,.F.);
#983=ORIENTED_EDGE('',*,*,#1516,.F.);
#984=ORIENTED_EDGE('',*,*,#1267,.F.);
#985=ORIENTED_EDGE('',*,*,#1518,.F.);
#986=ORIENTED_EDGE('',*,*,#1265,.F.);
#987=ORIENTED_EDGE('',*,*,#1519,.T.);
#988=ORIENTED_EDGE('',*,*,#1219,.F.);
#989=ORIENTED_EDGE('',*,*,#1517,.T.);
#990=ORIENTED_EDGE('',*,*,#1520,.F.);
#991=ORIENTED_EDGE('',*,*,#1221,.F.);
#992=ORIENTED_EDGE('',*,*,#1521,.T.);
#993=ORIENTED_EDGE('',*,*,#1263,.F.);
#994=ORIENTED_EDGE('',*,*,#1220,.F.);
#995=ORIENTED_EDGE('',*,*,#1519,.F.);
#996=ORIENTED_EDGE('',*,*,#1264,.F.);
#997=ORIENTED_EDGE('',*,*,#1521,.F.);
#998=ORIENTED_EDGE('',*,*,#1262,.F.);
#999=ORIENTED_EDGE('',*,*,#1522,.T.);
#1000=ORIENTED_EDGE('',*,*,#1222,.F.);
#1001=ORIENTED_EDGE('',*,*,#1520,.T.);
#1002=ORIENTED_EDGE('',*,*,#1523,.F.);
#1003=ORIENTED_EDGE('',*,*,#1224,.F.);
#1004=ORIENTED_EDGE('',*,*,#1524,.T.);
#1005=ORIENTED_EDGE('',*,*,#1260,.F.);
#1006=ORIENTED_EDGE('',*,*,#1223,.F.);
#1007=ORIENTED_EDGE('',*,*,#1522,.F.);
#1008=ORIENTED_EDGE('',*,*,#1261,.F.);
#1009=ORIENTED_EDGE('',*,*,#1524,.F.);
#1010=ORIENTED_EDGE('',*,*,#1259,.F.);
#1011=ORIENTED_EDGE('',*,*,#1525,.T.);
#1012=ORIENTED_EDGE('',*,*,#1225,.F.);
#1013=ORIENTED_EDGE('',*,*,#1523,.T.);
#1014=ORIENTED_EDGE('',*,*,#1526,.F.);
#1015=ORIENTED_EDGE('',*,*,#1227,.F.);
#1016=ORIENTED_EDGE('',*,*,#1527,.T.);
#1017=ORIENTED_EDGE('',*,*,#1257,.F.);
#1018=ORIENTED_EDGE('',*,*,#1226,.F.);
#1019=ORIENTED_EDGE('',*,*,#1525,.F.);
#1020=ORIENTED_EDGE('',*,*,#1258,.F.);
#1021=ORIENTED_EDGE('',*,*,#1527,.F.);
#1022=ORIENTED_EDGE('',*,*,#1256,.F.);
#1023=ORIENTED_EDGE('',*,*,#1528,.T.);
#1024=ORIENTED_EDGE('',*,*,#1228,.F.);
#1025=ORIENTED_EDGE('',*,*,#1526,.T.);
#1026=ORIENTED_EDGE('',*,*,#1529,.F.);
#1027=ORIENTED_EDGE('',*,*,#1230,.F.);
#1028=ORIENTED_EDGE('',*,*,#1530,.T.);
#1029=ORIENTED_EDGE('',*,*,#1254,.F.);
#1030=ORIENTED_EDGE('',*,*,#1229,.F.);
#1031=ORIENTED_EDGE('',*,*,#1528,.F.);
#1032=ORIENTED_EDGE('',*,*,#1255,.F.);
#1033=ORIENTED_EDGE('',*,*,#1530,.F.);
#1034=ORIENTED_EDGE('',*,*,#1253,.F.);
#1035=ORIENTED_EDGE('',*,*,#1531,.T.);
#1036=ORIENTED_EDGE('',*,*,#1231,.F.);
#1037=ORIENTED_EDGE('',*,*,#1529,.T.);
#1038=ORIENTED_EDGE('',*,*,#1532,.F.);
#1039=ORIENTED_EDGE('',*,*,#1233,.F.);
#1040=ORIENTED_EDGE('',*,*,#1533,.T.);
#1041=ORIENTED_EDGE('',*,*,#1251,.F.);
#1042=ORIENTED_EDGE('',*,*,#1232,.F.);
#1043=ORIENTED_EDGE('',*,*,#1531,.F.);
#1044=ORIENTED_EDGE('',*,*,#1252,.F.);
#1045=ORIENTED_EDGE('',*,*,#1533,.F.);
#1046=ORIENTED_EDGE('',*,*,#1250,.F.);
#1047=ORIENTED_EDGE('',*,*,#1534,.T.);
#1048=ORIENTED_EDGE('',*,*,#1234,.F.);
#1049=ORIENTED_EDGE('',*,*,#1532,.T.);
#1050=ORIENTED_EDGE('',*,*,#1535,.F.);
#1051=ORIENTED_EDGE('',*,*,#1236,.F.);
#1052=ORIENTED_EDGE('',*,*,#1536,.T.);
#1053=ORIENTED_EDGE('',*,*,#1248,.F.);
#1054=ORIENTED_EDGE('',*,*,#1235,.F.);
#1055=ORIENTED_EDGE('',*,*,#1534,.F.);
#1056=ORIENTED_EDGE('',*,*,#1249,.F.);
#1057=ORIENTED_EDGE('',*,*,#1536,.F.);
#1058=ORIENTED_EDGE('',*,*,#1247,.F.);
#1059=ORIENTED_EDGE('',*,*,#1537,.T.);
#1060=ORIENTED_EDGE('',*,*,#1237,.F.);
#1061=ORIENTED_EDGE('',*,*,#1535,.T.);
#1062=ORIENTED_EDGE('',*,*,#1538,.F.);
#1063=ORIENTED_EDGE('',*,*,#1239,.F.);
#1064=ORIENTED_EDGE('',*,*,#1539,.T.);
#1065=ORIENTED_EDGE('',*,*,#1245,.F.);
#1066=ORIENTED_EDGE('',*,*,#1238,.F.);
#1067=ORIENTED_EDGE('',*,*,#1537,.F.);
#1068=ORIENTED_EDGE('',*,*,#1246,.F.);
#1069=ORIENTED_EDGE('',*,*,#1539,.F.);
#1070=ORIENTED_EDGE('',*,*,#1244,.F.);
#1071=ORIENTED_EDGE('',*,*,#1540,.T.);
#1072=ORIENTED_EDGE('',*,*,#1090,.F.);
#1073=ORIENTED_EDGE('',*,*,#1538,.T.);
#1074=ORIENTED_EDGE('',*,*,#1092,.F.);
#1075=ORIENTED_EDGE('',*,*,#1541,.T.);
#1076=ORIENTED_EDGE('',*,*,#1242,.F.);
#1077=ORIENTED_EDGE('',*,*,#1392,.T.);
#1078=ORIENTED_EDGE('',*,*,#1091,.F.);
#1079=ORIENTED_EDGE('',*,*,#1540,.F.);
#1080=ORIENTED_EDGE('',*,*,#1243,.F.);
#1081=ORIENTED_EDGE('',*,*,#1541,.F.);
#1082=ORIENTED_EDGE('',*,*,#1241,.T.);
#1083=ORIENTED_EDGE('',*,*,#1240,.F.);
#1084=EDGE_CURVE('',#1542,#1543,#1848,.T.);
#1085=EDGE_CURVE('',#1544,#1543,#1849,.T.);
#1086=EDGE_CURVE('',#1545,#1544,#1850,.T.);
#1087=EDGE_CURVE('',#1545,#1542,#1851,.T.);
#1088=EDGE_CURVE('',#1542,#1543,#13,.T.);
#1089=EDGE_CURVE('',#1545,#1544,#14,.T.);
#1090=EDGE_CURVE('',#1546,#1547,#1852,.T.);
#1091=EDGE_CURVE('',#1547,#1548,#15,.F.);
#1092=EDGE_CURVE('',#1548,#1549,#1853,.T.);
#1093=EDGE_CURVE('',#1549,#1550,#1854,.T.);
#1094=EDGE_CURVE('',#1550,#1551,#16,.F.);
#1095=EDGE_CURVE('',#1551,#1552,#1855,.T.);
#1096=EDGE_CURVE('',#1552,#1553,#1856,.T.);
#1097=EDGE_CURVE('',#1553,#1554,#17,.F.);
#1098=EDGE_CURVE('',#1554,#1555,#1857,.T.);
#1099=EDGE_CURVE('',#1555,#1556,#1858,.T.);
#1100=EDGE_CURVE('',#1556,#1557,#18,.F.);
#1101=EDGE_CURVE('',#1557,#1558,#1859,.T.);
#1102=EDGE_CURVE('',#1558,#1559,#1860,.T.);
#1103=EDGE_CURVE('',#1559,#1560,#19,.F.);
#1104=EDGE_CURVE('',#1560,#1561,#1861,.T.);
#1105=EDGE_CURVE('',#1561,#1562,#1862,.T.);
#1106=EDGE_CURVE('',#1562,#1563,#20,.F.);
#1107=EDGE_CURVE('',#1563,#1564,#1863,.T.);
#1108=EDGE_CURVE('',#1564,#1565,#1864,.T.);
#1109=EDGE_CURVE('',#1565,#1566,#21,.F.);
#1110=EDGE_CURVE('',#1566,#1567,#1865,.T.);
#1111=EDGE_CURVE('',#1567,#1568,#1866,.T.);
#1112=EDGE_CURVE('',#1568,#1569,#22,.F.);
#1113=EDGE_CURVE('',#1569,#1570,#1867,.T.);
#1114=EDGE_CURVE('',#1570,#1571,#1868,.T.);
#1115=EDGE_CURVE('',#1571,#1572,#23,.F.);
#1116=EDGE_CURVE('',#1572,#1573,#1869,.T.);
#1117=EDGE_CURVE('',#1573,#1574,#1870,.T.);
#1118=EDGE_CURVE('',#1574,#1575,#24,.F.);
#1119=EDGE_CURVE('',#1575,#1576,#1871,.T.);
#1120=EDGE_CURVE('',#1576,#1577,#1872,.T.);
#1121=EDGE_CURVE('',#1577,#1578,#25,.F.);
#1122=EDGE_CURVE('',#1578,#1579,#1873,.T.);
#1123=EDGE_CURVE('',#1579,#1580,#1874,.T.);
#1124=EDGE_CURVE('',#1580,#1581,#26,.F.);
#1125=EDGE_CURVE('',#1581,#1582,#1875,.T.);
#1126=EDGE_CURVE('',#1582,#1583,#1876,.T.);
#1127=EDGE_CURVE('',#1583,#1584,#27,.F.);
#1128=EDGE_CURVE('',#1584,#1585,#1877,.T.);
#1129=EDGE_CURVE('',#1585,#1586,#1878,.T.);
#1130=EDGE_CURVE('',#1586,#1587,#28,.F.);
#1131=EDGE_CURVE('',#1587,#1588,#1879,.T.);
#1132=EDGE_CURVE('',#1588,#1589,#1880,.T.);
#1133=EDGE_CURVE('',#1589,#1590,#29,.F.);
#1134=EDGE_CURVE('',#1590,#1591,#1881,.T.);
#1135=EDGE_CURVE('',#1591,#1592,#1882,.T.);
#1136=EDGE_CURVE('',#1592,#1593,#30,.F.);
#1137=EDGE_CURVE('',#1593,#1594,#1883,.T.);
#1138=EDGE_CURVE('',#1594,#1595,#1884,.T.);
#1139=EDGE_CURVE('',#1595,#1596,#31,.F.);
#1140=EDGE_CURVE('',#1596,#1597,#1885,.T.);
#1141=EDGE_CURVE('',#1597,#1598,#1886,.T.);
#1142=EDGE_CURVE('',#1598,#1599,#32,.F.);
#1143=EDGE_CURVE('',#1599,#1600,#1887,.T.);
#1144=EDGE_CURVE('',#1600,#1601,#1888,.T.);
#1145=EDGE_CURVE('',#1601,#1602,#33,.F.);
#1146=EDGE_CURVE('',#1602,#1603,#1889,.T.);
#1147=EDGE_CURVE('',#1603,#1604,#1890,.T.);
#1148=EDGE_CURVE('',#1604,#1605,#34,.F.);
#1149=EDGE_CURVE('',#1605,#1606,#1891,.T.);
#1150=EDGE_CURVE('',#1606,#1607,#1892,.T.);
#1151=EDGE_CURVE('',#1607,#1608,#35,.F.);
#1152=EDGE_CURVE('',#1608,#1609,#1893,.T.);
#1153=EDGE_CURVE('',#1609,#1610,#1894,.T.);
#1154=EDGE_CURVE('',#1610,#1611,#36,.F.);
#1155=EDGE_CURVE('',#1611,#1612,#1895,.T.);
#1156=EDGE_CURVE('',#1612,#1613,#1896,.T.);
#1157=EDGE_CURVE('',#1613,#1614,#37,.F.);
#1158=EDGE_CURVE('',#1614,#1615,#1897,.T.);
#1159=EDGE_CURVE('',#1615,#1616,#1898,.T.);
#1160=EDGE_CURVE('',#1616,#1617,#38,.F.);
#1161=EDGE_CURVE('',#1617,#1618,#1899,.T.);
#1162=EDGE_CURVE('',#1618,#1619,#1900,.T.);
#1163=EDGE_CURVE('',#1619,#1620,#39,.F.);
#1164=EDGE_CURVE('',#1620,#1621,#1901,.T.);
#1165=EDGE_CURVE('',#1621,#1622,#1902,.T.);
#1166=EDGE_CURVE('',#1622,#1623,#40,.F.);
#1167=EDGE_CURVE('',#1623,#1624,#1903,.T.);
#1168=EDGE_CURVE('',#1624,#1625,#1904,.T.);
#1169=EDGE_CURVE('',#1625,#1626,#41,.F.);
#1170=EDGE_CURVE('',#1626,#1627,#1905,.T.);
#1171=EDGE_CURVE('',#1627,#1628,#1906,.T.);
#1172=EDGE_CURVE('',#1628,#1629,#42,.F.);
#1173=EDGE_CURVE('',#1629,#1630,#1907,.T.);
#1174=EDGE_CURVE('',#1630,#1631,#1908,.T.);
#1175=EDGE_CURVE('',#1631,#1632,#43,.F.);
#1176=EDGE_CURVE('',#1632,#1633,#1909,.T.);
#1177=EDGE_CURVE('',#1633,#1634,#1910,.T.);
#1178=EDGE_CURVE('',#1634,#1635,#44,.F.);
#1179=EDGE_CURVE('',#1635,#1636,#1911,.T.);
#1180=EDGE_CURVE('',#1636,#1637,#1912,.T.);
#1181=EDGE_CURVE('',#1637,#1638,#45,.F.);
#1182=EDGE_CURVE('',#1638,#1639,#1913,.T.);
#1183=EDGE_CURVE('',#1639,#1640,#1914,.T.);
#1184=EDGE_CURVE('',#1640,#1641,#46,.F.);
#1185=EDGE_CURVE('',#1641,#1642,#1915,.T.);
#1186=EDGE_CURVE('',#1642,#1643,#1916,.T.);
#1187=EDGE_CURVE('',#1643,#1644,#47,.F.);
#1188=EDGE_CURVE('',#1644,#1645,#1917,.T.);
#1189=EDGE_CURVE('',#1645,#1646,#1918,.T.);
#1190=EDGE_CURVE('',#1646,#1647,#48,.F.);
#1191=EDGE_CURVE('',#1647,#1648,#1919,.T.);
#1192=EDGE_CURVE('',#1648,#1649,#1920,.T.);
#1193=EDGE_CURVE('',#1649,#1650,#49,.F.);
#1194=EDGE_CURVE('',#1650,#1651,#1921,.T.);
#1195=EDGE_CURVE('',#1651,#1652,#1922,.T.);
#1196=EDGE_CURVE('',#1652,#1653,#50,.F.);
#1197=EDGE_CURVE('',#1653,#1654,#1923,.T.);
#1198=EDGE_CURVE('',#1654,#1655,#1924,.T.);
#1199=EDGE_CURVE('',#1655,#1656,#51,.F.);
#1200=EDGE_CURVE('',#1656,#1657,#1925,.T.);
#1201=EDGE_CURVE('',#1657,#1658,#1926,.T.);
#1202=EDGE_CURVE('',#1658,#1659,#52,.F.);
#1203=EDGE_CURVE('',#1659,#1660,#1927,.T.);
#1204=EDGE_CURVE('',#1660,#1661,#1928,.T.);
#1205=EDGE_CURVE('',#1661,#1662,#53,.F.);
#1206=EDGE_CURVE('',#1662,#1663,#1929,.T.);
#1207=EDGE_CURVE('',#1663,#1664,#1930,.T.);
#1208=EDGE_CURVE('',#1664,#1665,#54,.F.);
#1209=EDGE_CURVE('',#1665,#1666,#1931,.T.);
#1210=EDGE_CURVE('',#1666,#1667,#1932,.T.);
#1211=EDGE_CURVE('',#1667,#1668,#55,.F.);
#1212=EDGE_CURVE('',#1668,#1669,#1933,.T.);
#1213=EDGE_CURVE('',#1669,#1670,#1934,.T.);
#1214=EDGE_CURVE('',#1670,#1671,#56,.F.);
#1215=EDGE_CURVE('',#1671,#1672,#1935,.T.);
#1216=EDGE_CURVE('',#1672,#1673,#1936,.T.);
#1217=EDGE_CURVE('',#1673,#1674,#57,.F.);
#1218=EDGE_CURVE('',#1674,#1675,#1937,.T.);
#1219=EDGE_CURVE('',#1675,#1676,#1938,.T.);
#1220=EDGE_CURVE('',#1676,#1677,#58,.F.);
#1221=EDGE_CURVE('',#1677,#1678,#1939,.T.);
#1222=EDGE_CURVE('',#1678,#1679,#1940,.T.);
#1223=EDGE_CURVE('',#1679,#1680,#59,.F.);
#1224=EDGE_CURVE('',#1680,#1681,#1941,.T.);
#1225=EDGE_CURVE('',#1681,#1682,#1942,.T.);
#1226=EDGE_CURVE('',#1682,#1683,#60,.F.);
#1227=EDGE_CURVE('',#1683,#1684,#1943,.T.);
#1228=EDGE_CURVE('',#1684,#1685,#1944,.T.);
#1229=EDGE_CURVE('',#1685,#1686,#61,.F.);
#1230=EDGE_CURVE('',#1686,#1687,#1945,.T.);
#1231=EDGE_CURVE('',#1687,#1688,#1946,.T.);
#1232=EDGE_CURVE('',#1688,#1689,#62,.F.);
#1233=EDGE_CURVE('',#1689,#1690,#1947,.T.);
#1234=EDGE_CURVE('',#1690,#1691,#1948,.T.);
#1235=EDGE_CURVE('',#1691,#1692,#63,.F.);
#1236=EDGE_CURVE('',#1692,#1693,#1949,.T.);
#1237=EDGE_CURVE('',#1693,#1694,#1950,.T.);
#1238=EDGE_CURVE('',#1694,#1695,#64,.F.);
#1239=EDGE_CURVE('',#1695,#1546,#1951,.T.);
#1240=EDGE_CURVE('',#1696,#1696,#65,.T.);
#1241=EDGE_CURVE('',#1697,#1697,#66,.T.);
#1242=EDGE_CURVE('',#1698,#1699,#1952,.T.);
#1243=EDGE_CURVE('',#1699,#1700,#67,.T.);
#1244=EDGE_CURVE('',#1700,#1701,#1953,.T.);
#1245=EDGE_CURVE('',#1701,#1702,#1954,.T.);
#1246=EDGE_CURVE('',#1702,#1703,#68,.T.);
#1247=EDGE_CURVE('',#1703,#1704,#1955,.T.);
#1248=EDGE_CURVE('',#1704,#1705,#1956,.T.);
#1249=EDGE_CURVE('',#1705,#1706,#69,.T.);
#1250=EDGE_CURVE('',#1706,#1707,#1957,.T.);
#1251=EDGE_CURVE('',#1707,#1708,#1958,.T.);
#1252=EDGE_CURVE('',#1708,#1709,#70,.T.);
#1253=EDGE_CURVE('',#1709,#1710,#1959,.T.);
#1254=EDGE_CURVE('',#1710,#1711,#1960,.T.);
#1255=EDGE_CURVE('',#1711,#1712,#71,.T.);
#1256=EDGE_CURVE('',#1712,#1713,#1961,.T.);
#1257=EDGE_CURVE('',#1713,#1714,#1962,.T.);
#1258=EDGE_CURVE('',#1714,#1715,#72,.T.);
#1259=EDGE_CURVE('',#1715,#1716,#1963,.T.);
#1260=EDGE_CURVE('',#1716,#1717,#1964,.T.);
#1261=EDGE_CURVE('',#1717,#1718,#73,.T.);
#1262=EDGE_CURVE('',#1718,#1719,#1965,.T.);
#1263=EDGE_CURVE('',#1719,#1720,#1966,.T.);
#1264=EDGE_CURVE('',#1720,#1721,#74,.T.);
#1265=EDGE_CURVE('',#1721,#1722,#1967,.T.);
#1266=EDGE_CURVE('',#1722,#1723,#1968,.T.);
#1267=EDGE_CURVE('',#1723,#1724,#75,.T.);
#1268=EDGE_CURVE('',#1724,#1725,#1969,.T.);
#1269=EDGE_CURVE('',#1725,#1726,#1970,.T.);
#1270=EDGE_CURVE('',#1726,#1727,#76,.T.);
#1271=EDGE_CURVE('',#1727,#1728,#1971,.T.);
#1272=EDGE_CURVE('',#1728,#1729,#1972,.T.);
#1273=EDGE_CURVE('',#1729,#1730,#77,.T.);
#1274=EDGE_CURVE('',#1730,#1731,#1973,.T.);
#1275=EDGE_CURVE('',#1731,#1732,#1974,.T.);
#1276=EDGE_CURVE('',#1732,#1733,#78,.T.);
#1277=EDGE_CURVE('',#1733,#1734,#1975,.T.);
#1278=EDGE_CURVE('',#1734,#1735,#1976,.T.);
#1279=EDGE_CURVE('',#1735,#1736,#79,.T.);
#1280=EDGE_CURVE('',#1736,#1737,#1977,.T.);
#1281=EDGE_CURVE('',#1737,#1738,#1978,.T.);
#1282=EDGE_CURVE('',#1738,#1739,#80,.T.);
#1283=EDGE_CURVE('',#1739,#1740,#1979,.T.);
#1284=EDGE_CURVE('',#1740,#1741,#1980,.T.);
#1285=EDGE_CURVE('',#1741,#1742,#81,.T.);
#1286=EDGE_CURVE('',#1742,#1743,#1981,.T.);
#1287=EDGE_CURVE('',#1743,#1744,#1982,.T.);
#1288=EDGE_CURVE('',#1744,#1745,#82,.T.);
#1289=EDGE_CURVE('',#1745,#1746,#1983,.T.);
#1290=EDGE_CURVE('',#1746,#1747,#1984,.T.);
#1291=EDGE_CURVE('',#1747,#1748,#83,.T.);
#1292=EDGE_CURVE('',#1748,#1749,#1985,.T.);
#1293=EDGE_CURVE('',#1749,#1750,#1986,.T.);
#1294=EDGE_CURVE('',#1750,#1751,#84,.T.);
#1295=EDGE_CURVE('',#1751,#1752,#1987,.T.);
#1296=EDGE_CURVE('',#1752,#1753,#1988,.T.);
#1297=EDGE_CURVE('',#1753,#1754,#85,.T.);
#1298=EDGE_CURVE('',#1754,#1755,#1989,.T.);
#1299=EDGE_CURVE('',#1755,#1756,#1990,.T.);
#1300=EDGE_CURVE('',#1756,#1757,#86,.T.);
#1301=EDGE_CURVE('',#1757,#1758,#1991,.T.);
#1302=EDGE_CURVE('',#1758,#1759,#1992,.T.);
#1303=EDGE_CURVE('',#1759,#1760,#87,.T.);
#1304=EDGE_CURVE('',#1760,#1761,#1993,.T.);
#1305=EDGE_CURVE('',#1761,#1762,#1994,.T.);
#1306=EDGE_CURVE('',#1762,#1763,#88,.T.);
#1307=EDGE_CURVE('',#1763,#1764,#1995,.T.);
#1308=EDGE_CURVE('',#1764,#1765,#1996,.T.);
#1309=EDGE_CURVE('',#1765,#1766,#89,.T.);
#1310=EDGE_CURVE('',#1766,#1767,#1997,.T.);
#1311=EDGE_CURVE('',#1767,#1768,#1998,.T.);
#1312=EDGE_CURVE('',#1768,#1769,#90,.T.);
#1313=EDGE_CURVE('',#1769,#1770,#1999,.T.);
#1314=EDGE_CURVE('',#1770,#1771,#2000,.T.);
#1315=EDGE_CURVE('',#1771,#1772,#91,.T.);
#1316=EDGE_CURVE('',#1772,#1773,#2001,.T.);
#1317=EDGE_CURVE('',#1773,#1774,#2002,.T.);
#1318=EDGE_CURVE('',#1774,#1775,#92,.T.);
#1319=EDGE_CURVE('',#1775,#1776,#2003,.T.);
#1320=EDGE_CURVE('',#1776,#1777,#2004,.T.);
#1321=EDGE_CURVE('',#1777,#1778,#93,.T.);
#1322=EDGE_CURVE('',#1778,#1779,#2005,.T.);
#1323=EDGE_CURVE('',#1779,#1780,#2006,.T.);
#1324=EDGE_CURVE('',#1780,#1781,#94,.T.);
#1325=EDGE_CURVE('',#1781,#1782,#2007,.T.);
#1326=EDGE_CURVE('',#1782,#1783,#2008,.T.);
#1327=EDGE_CURVE('',#1783,#1784,#95,.T.);
#1328=EDGE_CURVE('',#1784,#1785,#2009,.T.);
#1329=EDGE_CURVE('',#1785,#1786,#2010,.T.);
#1330=EDGE_CURVE('',#1786,#1787,#96,.T.);
#1331=EDGE_CURVE('',#1787,#1788,#2011,.T.);
#1332=EDGE_CURVE('',#1788,#1789,#2012,.T.);
#1333=EDGE_CURVE('',#1789,#1790,#97,.T.);
#1334=EDGE_CURVE('',#1790,#1791,#2013,.T.);
#1335=EDGE_CURVE('',#1791,#1792,#2014,.T.);
#1336=EDGE_CURVE('',#1792,#1793,#98,.T.);
#1337=EDGE_CURVE('',#1793,#1794,#2015,.T.);
#1338=EDGE_CURVE('',#1794,#1795,#2016,.T.);
#1339=EDGE_CURVE('',#1795,#1796,#99,.T.);
#1340=EDGE_CURVE('',#1796,#1797,#2017,.T.);
#1341=EDGE_CURVE('',#1797,#1798,#2018,.T.);
#1342=EDGE_CURVE('',#1798,#1799,#100,.T.);
#1343=EDGE_CURVE('',#1799,#1800,#2019,.T.);
#1344=EDGE_CURVE('',#1800,#1801,#2020,.T.);
#1345=EDGE_CURVE('',#1801,#1802,#101,.T.);
#1346=EDGE_CURVE('',#1802,#1803,#2021,.T.);
#1347=EDGE_CURVE('',#1803,#1804,#2022,.T.);
#1348=EDGE_CURVE('',#1804,#1805,#102,.T.);
#1349=EDGE_CURVE('',#1805,#1806,#2023,.T.);
#1350=EDGE_CURVE('',#1806,#1807,#2024,.T.);
#1351=EDGE_CURVE('',#1807,#1808,#103,.T.);
#1352=EDGE_CURVE('',#1808,#1809,#2025,.T.);
#1353=EDGE_CURVE('',#1809,#1810,#2026,.T.);
#1354=EDGE_CURVE('',#1810,#1811,#104,.T.);
#1355=EDGE_CURVE('',#1811,#1812,#2027,.T.);
#1356=EDGE_CURVE('',#1812,#1813,#2028,.T.);
#1357=EDGE_CURVE('',#1813,#1814,#105,.T.);
#1358=EDGE_CURVE('',#1814,#1815,#2029,.T.);
#1359=EDGE_CURVE('',#1815,#1816,#2030,.T.);
#1360=EDGE_CURVE('',#1816,#1817,#106,.T.);
#1361=EDGE_CURVE('',#1817,#1818,#2031,.T.);
#1362=EDGE_CURVE('',#1818,#1819,#2032,.T.);
#1363=EDGE_CURVE('',#1819,#1820,#107,.T.);
#1364=EDGE_CURVE('',#1820,#1821,#2033,.T.);
#1365=EDGE_CURVE('',#1821,#1822,#2034,.T.);
#1366=EDGE_CURVE('',#1822,#1823,#108,.T.);
#1367=EDGE_CURVE('',#1823,#1824,#2035,.T.);
#1368=EDGE_CURVE('',#1824,#1825,#2036,.T.);
#1369=EDGE_CURVE('',#1825,#1826,#109,.T.);
#1370=EDGE_CURVE('',#1826,#1827,#2037,.T.);
#1371=EDGE_CURVE('',#1827,#1828,#2038,.T.);
#1372=EDGE_CURVE('',#1828,#1829,#110,.T.);
#1373=EDGE_CURVE('',#1829,#1830,#2039,.T.);
#1374=EDGE_CURVE('',#1830,#1831,#2040,.T.);
#1375=EDGE_CURVE('',#1831,#1832,#111,.T.);
#1376=EDGE_CURVE('',#1832,#1833,#2041,.T.);
#1377=EDGE_CURVE('',#1833,#1834,#2042,.T.);
#1378=EDGE_CURVE('',#1834,#1835,#112,.T.);
#1379=EDGE_CURVE('',#1835,#1836,#2043,.T.);
#1380=EDGE_CURVE('',#1836,#1837,#2044,.T.);
#1381=EDGE_CURVE('',#1837,#1838,#113,.T.);
#1382=EDGE_CURVE('',#1838,#1839,#2045,.T.);
#1383=EDGE_CURVE('',#1839,#1840,#2046,.T.);
#1384=EDGE_CURVE('',#1840,#1841,#114,.T.);
#1385=EDGE_CURVE('',#1841,#1842,#2047,.T.);
#1386=EDGE_CURVE('',#1842,#1843,#2048,.T.);
#1387=EDGE_CURVE('',#1843,#1844,#115,.T.);
#1388=EDGE_CURVE('',#1844,#1845,#2049,.T.);
#1389=EDGE_CURVE('',#1845,#1846,#2050,.T.);
#1390=EDGE_CURVE('',#1846,#1847,#116,.T.);
#1391=EDGE_CURVE('',#1847,#1698,#2051,.T.);
#1392=EDGE_CURVE('',#1698,#1549,#2052,.T.);
#1393=EDGE_CURVE('',#1847,#1550,#2053,.F.);
#1394=EDGE_CURVE('',#1552,#1845,#2054,.T.);
#1395=EDGE_CURVE('',#1551,#1846,#2055,.T.);
#1396=EDGE_CURVE('',#1844,#1553,#2056,.F.);
#1397=EDGE_CURVE('',#1555,#1842,#2057,.T.);
#1398=EDGE_CURVE('',#1554,#1843,#2058,.T.);
#1399=EDGE_CURVE('',#1841,#1556,#2059,.F.);
#1400=EDGE_CURVE('',#1558,#1839,#2060,.T.);
#1401=EDGE_CURVE('',#1557,#1840,#2061,.T.);
#1402=EDGE_CURVE('',#1838,#1559,#2062,.F.);
#1403=EDGE_CURVE('',#1561,#1836,#2063,.T.);
#1404=EDGE_CURVE('',#1560,#1837,#2064,.T.);
#1405=EDGE_CURVE('',#1835,#1562,#2065,.F.);
#1406=EDGE_CURVE('',#1564,#1833,#2066,.T.);
#1407=EDGE_CURVE('',#1563,#1834,#2067,.T.);
#1408=EDGE_CURVE('',#1832,#1565,#2068,.F.);
#1409=EDGE_CURVE('',#1567,#1830,#2069,.T.);
#1410=EDGE_CURVE('',#1566,#1831,#2070,.T.);
#1411=EDGE_CURVE('',#1829,#1568,#2071,.F.);
#1412=EDGE_CURVE('',#1570,#1827,#2072,.T.);
#1413=EDGE_CURVE('',#1569,#1828,#2073,.T.);
#1414=EDGE_CURVE('',#1826,#1571,#2074,.F.);
#1415=EDGE_CURVE('',#1573,#1824,#2075,.T.);
#1416=EDGE_CURVE('',#1572,#1825,#2076,.T.);
#1417=EDGE_CURVE('',#1823,#1574,#2077,.F.);
#1418=EDGE_CURVE('',#1576,#1821,#2078,.T.);
#1419=EDGE_CURVE('',#1575,#1822,#2079,.T.);
#1420=EDGE_CURVE('',#1820,#1577,#2080,.F.);
#1421=EDGE_CURVE('',#1579,#1818,#2081,.T.);
#1422=EDGE_CURVE('',#1578,#1819,#2082,.T.);
#1423=EDGE_CURVE('',#1817,#1580,#2083,.F.);
#1424=EDGE_CURVE('',#1582,#1815,#2084,.T.);
#1425=EDGE_CURVE('',#1581,#1816,#2085,.T.);
#1426=EDGE_CURVE('',#1814,#1583,#2086,.F.);
#1427=EDGE_CURVE('',#1585,#1812,#2087,.T.);
#1428=EDGE_CURVE('',#1584,#1813,#2088,.T.);
#1429=EDGE_CURVE('',#1811,#1586,#2089,.F.);
#1430=EDGE_CURVE('',#1588,#1809,#2090,.T.);
#1431=EDGE_CURVE('',#1587,#1810,#2091,.T.);
#1432=EDGE_CURVE('',#1808,#1589,#2092,.F.);
#1433=EDGE_CURVE('',#1591,#1806,#2093,.T.);
#1434=EDGE_CURVE('',#1590,#1807,#2094,.T.);
#1435=EDGE_CURVE('',#1805,#1592,#2095,.F.);
#1436=EDGE_CURVE('',#1594,#1803,#2096,.T.);
#1437=EDGE_CURVE('',#1593,#1804,#2097,.T.);
#1438=EDGE_CURVE('',#1802,#1595,#2098,.F.);
#1439=EDGE_CURVE('',#1597,#1800,#2099,.T.);
#1440=EDGE_CURVE('',#1596,#1801,#2100,.T.);
#1441=EDGE_CURVE('',#1799,#1598,#2101,.F.);
#1442=EDGE_CURVE('',#1600,#1797,#2102,.T.);
#1443=EDGE_CURVE('',#1599,#1798,#2103,.T.);
#1444=EDGE_CURVE('',#1796,#1601,#2104,.F.);
#1445=EDGE_CURVE('',#1603,#1794,#2105,.T.);
#1446=EDGE_CURVE('',#1602,#1795,#2106,.T.);
#1447=EDGE_CURVE('',#1793,#1604,#2107,.F.);
#1448=EDGE_CURVE('',#1606,#1791,#2108,.T.);
#1449=EDGE_CURVE('',#1605,#1792,#2109,.T.);
#1450=EDGE_CURVE('',#1790,#1607,#2110,.F.);
#1451=EDGE_CURVE('',#1609,#1788,#2111,.T.);
#1452=EDGE_CURVE('',#1608,#1789,#2112,.T.);
#1453=EDGE_CURVE('',#1787,#1610,#2113,.F.);
#1454=EDGE_CURVE('',#1612,#1785,#2114,.T.);
#1455=EDGE_CURVE('',#1611,#1786,#2115,.T.);
#1456=EDGE_CURVE('',#1784,#1613,#2116,.F.);
#1457=EDGE_CURVE('',#1615,#1782,#2117,.T.);
#1458=EDGE_CURVE('',#1614,#1783,#2118,.T.);
#1459=EDGE_CURVE('',#1781,#1616,#2119,.F.);
#1460=EDGE_CURVE('',#1618,#1779,#2120,.T.);
#1461=EDGE_CURVE('',#1617,#1780,#2121,.T.);
#1462=EDGE_CURVE('',#1778,#1619,#2122,.F.);
#1463=EDGE_CURVE('',#1621,#1776,#2123,.T.);
#1464=EDGE_CURVE('',#1620,#1777,#2124,.T.);
#1465=EDGE_CURVE('',#1775,#1622,#2125,.F.);
#1466=EDGE_CURVE('',#1624,#1773,#2126,.T.);
#1467=EDGE_CURVE('',#1623,#1774,#2127,.T.);
#1468=EDGE_CURVE('',#1772,#1625,#2128,.F.);
#1469=EDGE_CURVE('',#1627,#1770,#2129,.T.);
#1470=EDGE_CURVE('',#1626,#1771,#2130,.T.);
#1471=EDGE_CURVE('',#1769,#1628,#2131,.F.);
#1472=EDGE_CURVE('',#1630,#1767,#2132,.T.);
#1473=EDGE_CURVE('',#1629,#1768,#2133,.T.);
#1474=EDGE_CURVE('',#1766,#1631,#2134,.F.);
#1475=EDGE_CURVE('',#1633,#1764,#2135,.T.);
#1476=EDGE_CURVE('',#1632,#1765,#2136,.T.);
#1477=EDGE_CURVE('',#1763,#1634,#2137,.F.);
#1478=EDGE_CURVE('',#1636,#1761,#2138,.T.);
#1479=EDGE_CURVE('',#1635,#1762,#2139,.T.);
#1480=EDGE_CURVE('',#1760,#1637,#2140,.F.);
#1481=EDGE_CURVE('',#1639,#1758,#2141,.T.);
#1482=EDGE_CURVE('',#1638,#1759,#2142,.T.);
#1483=EDGE_CURVE('',#1757,#1640,#2143,.F.);
#1484=EDGE_CURVE('',#1642,#1755,#2144,.T.);
#1485=EDGE_CURVE('',#1641,#1756,#2145,.T.);
#1486=EDGE_CURVE('',#1754,#1643,#2146,.F.);
#1487=EDGE_CURVE('',#1645,#1752,#2147,.T.);
#1488=EDGE_CURVE('',#1644,#1753,#2148,.T.);
#1489=EDGE_CURVE('',#1751,#1646,#2149,.F.);
#1490=EDGE_CURVE('',#1648,#1749,#2150,.T.);
#1491=EDGE_CURVE('',#1647,#1750,#2151,.T.);
#1492=EDGE_CURVE('',#1748,#1649,#2152,.F.);
#1493=EDGE_CURVE('',#1651,#1746,#2153,.T.);
#1494=EDGE_CURVE('',#1650,#1747,#2154,.T.);
#1495=EDGE_CURVE('',#1745,#1652,#2155,.F.);
#1496=EDGE_CURVE('',#1654,#1743,#2156,.T.);
#1497=EDGE_CURVE('',#1653,#1744,#2157,.T.);
#1498=EDGE_CURVE('',#1742,#1655,#2158,.F.);
#1499=EDGE_CURVE('',#1657,#1740,#2159,.T.);
#1500=EDGE_CURVE('',#1656,#1741,#2160,.T.);
#1501=EDGE_CURVE('',#1739,#1658,#2161,.F.);
#1502=EDGE_CURVE('',#1660,#1737,#2162,.T.);
#1503=EDGE_CURVE('',#1659,#1738,#2163,.T.);
#1504=EDGE_CURVE('',#1736,#1661,#2164,.F.);
#1505=EDGE_CURVE('',#1663,#1734,#2165,.T.);
#1506=EDGE_CURVE('',#1662,#1735,#2166,.T.);
#1507=EDGE_CURVE('',#1733,#1664,#2167,.F.);
#1508=EDGE_CURVE('',#1666,#1731,#2168,.T.);
#1509=EDGE_CURVE('',#1665,#1732,#2169,.T.);
#1510=EDGE_CURVE('',#1730,#1667,#2170,.F.);
#1511=EDGE_CURVE('',#1669,#1728,#2171,.T.);
#1512=EDGE_CURVE('',#1668,#1729,#2172,.T.);
#1513=EDGE_CURVE('',#1727,#1670,#2173,.F.);
#1514=EDGE_CURVE('',#1672,#1725,#2174,.T.);
#1515=EDGE_CURVE('',#1671,#1726,#2175,.T.);
#1516=EDGE_CURVE('',#1724,#1673,#2176,.F.);
#1517=EDGE_CURVE('',#1675,#1722,#2177,.T.);
#1518=EDGE_CURVE('',#1674,#1723,#2178,.T.);
#1519=EDGE_CURVE('',#1721,#1676,#2179,.F.);
#1520=EDGE_CURVE('',#1678,#1719,#2180,.T.);
#1521=EDGE_CURVE('',#1677,#1720,#2181,.T.);
#1522=EDGE_CURVE('',#1718,#1679,#2182,.F.);
#1523=EDGE_CURVE('',#1681,#1716,#2183,.T.);
#1524=EDGE_CURVE('',#1680,#1717,#2184,.T.);
#1525=EDGE_CURVE('',#1715,#1682,#2185,.F.);
#1526=EDGE_CURVE('',#1684,#1713,#2186,.T.);
#1527=EDGE_CURVE('',#1683,#1714,#2187,.T.);
#1528=EDGE_CURVE('',#1712,#1685,#2188,.F.);
#1529=EDGE_CURVE('',#1687,#1710,#2189,.T.);
#1530=EDGE_CURVE('',#1686,#1711,#2190,.T.);
#1531=EDGE_CURVE('',#1709,#1688,#2191,.F.);
#1532=EDGE_CURVE('',#1690,#1707,#2192,.T.);
#1533=EDGE_CURVE('',#1689,#1708,#2193,.T.);
#1534=EDGE_CURVE('',#1706,#1691,#2194,.F.);
#1535=EDGE_CURVE('',#1693,#1704,#2195,.T.);
#1536=EDGE_CURVE('',#1692,#1705,#2196,.T.);
#1537=EDGE_CURVE('',#1703,#1694,#2197,.F.);
#1538=EDGE_CURVE('',#1546,#1701,#2198,.T.);
#1539=EDGE_CURVE('',#1695,#1702,#2199,.T.);
#1540=EDGE_CURVE('',#1700,#1547,#2200,.F.);
#1541=EDGE_CURVE('',#1548,#1699,#2201,.T.);
#1542=VERTEX_POINT('',#4288);
#1543=VERTEX_POINT('',#4289);
#1544=VERTEX_POINT('',#4291);
#1545=VERTEX_POINT('',#4293);
#1546=VERTEX_POINT('',#4300);
#1547=VERTEX_POINT('',#4301);
#1548=VERTEX_POINT('',#4303);
#1549=VERTEX_POINT('',#4305);
#1550=VERTEX_POINT('',#4307);
#1551=VERTEX_POINT('',#4309);
#1552=VERTEX_POINT('',#4311);
#1553=VERTEX_POINT('',#4313);
#1554=VERTEX_POINT('',#4315);
#1555=VERTEX_POINT('',#4317);
#1556=VERTEX_POINT('',#4319);
#1557=VERTEX_POINT('',#4321);
#1558=VERTEX_POINT('',#4323);
#1559=VERTEX_POINT('',#4325);
#1560=VERTEX_POINT('',#4327);
#1561=VERTEX_POINT('',#4329);
#1562=VERTEX_POINT('',#4331);
#1563=VERTEX_POINT('',#4333);
#1564=VERTEX_POINT('',#4335);
#1565=VERTEX_POINT('',#4337);
#1566=VERTEX_POINT('',#4339);
#1567=VERTEX_POINT('',#4341);
#1568=VERTEX_POINT('',#4343);
#1569=VERTEX_POINT('',#4345);
#1570=VERTEX_POINT('',#4347);
#1571=VERTEX_POINT('',#4349);
#1572=VERTEX_POINT('',#4351);
#1573=VERTEX_POINT('',#4353);
#1574=VERTEX_POINT('',#4355);
#1575=VERTEX_POINT('',#4357);
#1576=VERTEX_POINT('',#4359);
#1577=VERTEX_POINT('',#4361);
#1578=VERTEX_POINT('',#4363);
#1579=VERTEX_POINT('',#4365);
#1580=VERTEX_POINT('',#4367);
#1581=VERTEX_POINT('',#4369);
#1582=VERTEX_POINT('',#4371);
#1583=VERTEX_POINT('',#4373);
#1584=VERTEX_POINT('',#4375);
#1585=VERTEX_POINT('',#4377);
#1586=VERTEX_POINT('',#4379);
#1587=VERTEX_POINT('',#4381);
#1588=VERTEX_POINT('',#4383);
#1589=VERTEX_POINT('',#4385);
#1590=VERTEX_POINT('',#4387);
#1591=VERTEX_POINT('',#4389);
#1592=VERTEX_POINT('',#4391);
#1593=VERTEX_POINT('',#4393);
#1594=VERTEX_POINT('',#4395);
#1595=VERTEX_POINT('',#4397);
#1596=VERTEX_POINT('',#4399);
#1597=VERTEX_POINT('',#4401);
#1598=VERTEX_POINT('',#4403);
#1599=VERTEX_POINT('',#4405);
#1600=VERTEX_POINT('',#4407);
#1601=VERTEX_POINT('',#4409);
#1602=VERTEX_POINT('',#4411);
#1603=VERTEX_POINT('',#4413);
#1604=VERTEX_POINT('',#4415);
#1605=VERTEX_POINT('',#4417);
#1606=VERTEX_POINT('',#4419);
#1607=VERTEX_POINT('',#4421);
#1608=VERTEX_POINT('',#4423);
#1609=VERTEX_POINT('',#4425);
#1610=VERTEX_POINT('',#4427);
#1611=VERTEX_POINT('',#4429);
#1612=VERTEX_POINT('',#4431);
#1613=VERTEX_POINT('',#4433);
#1614=VERTEX_POINT('',#4435);
#1615=VERTEX_POINT('',#4437);
#1616=VERTEX_POINT('',#4439);
#1617=VERTEX_POINT('',#4441);
#1618=VERTEX_POINT('',#4443);
#1619=VERTEX_POINT('',#4445);
#1620=VERTEX_POINT('',#4447);
#1621=VERTEX_POINT('',#4449);
#1622=VERTEX_POINT('',#4451);
#1623=VERTEX_POINT('',#4453);
#1624=VERTEX_POINT('',#4455);
#1625=VERTEX_POINT('',#4457);
#1626=VERTEX_POINT('',#4459);
#1627=VERTEX_POINT('',#4461);
#1628=VERTEX_POINT('',#4463);
#1629=VERTEX_POINT('',#4465);
#1630=VERTEX_POINT('',#4467);
#1631=VERTEX_POINT('',#4469);
#1632=VERTEX_POINT('',#4471);
#1633=VERTEX_POINT('',#4473);
#1634=VERTEX_POINT('',#4475);
#1635=VERTEX_POINT('',#4477);
#1636=VERTEX_POINT('',#4479);
#1637=VERTEX_POINT('',#4481);
#1638=VERTEX_POINT('',#4483);
#1639=VERTEX_POINT('',#4485);
#1640=VERTEX_POINT('',#4487);
#1641=VERTEX_POINT('',#4489);
#1642=VERTEX_POINT('',#4491);
#1643=VERTEX_POINT('',#4493);
#1644=VERTEX_POINT('',#4495);
#1645=VERTEX_POINT('',#4497);
#1646=VERTEX_POINT('',#4499);
#1647=VERTEX_POINT('',#4501);
#1648=VERTEX_POINT('',#4503);
#1649=VERTEX_POINT('',#4505);
#1650=VERTEX_POINT('',#4507);
#1651=VERTEX_POINT('',#4509);
#1652=VERTEX_POINT('',#4511);
#1653=VERTEX_POINT('',#4513);
#1654=VERTEX_POINT('',#4515);
#1655=VERTEX_POINT('',#4517);
#1656=VERTEX_POINT('',#4519);
#1657=VERTEX_POINT('',#4521);
#1658=VERTEX_POINT('',#4523);
#1659=VERTEX_POINT('',#4525);
#1660=VERTEX_POINT('',#4527);
#1661=VERTEX_POINT('',#4529);
#1662=VERTEX_POINT('',#4531);
#1663=VERTEX_POINT('',#4533);
#1664=VERTEX_POINT('',#4535);
#1665=VERTEX_POINT('',#4537);
#1666=VERTEX_POINT('',#4539);
#1667=VERTEX_POINT('',#4541);
#1668=VERTEX_POINT('',#4543);
#1669=VERTEX_POINT('',#4545);
#1670=VERTEX_POINT('',#4547);
#1671=VERTEX_POINT('',#4549);
#1672=VERTEX_POINT('',#4551);
#1673=VERTEX_POINT('',#4553);
#1674=VERTEX_POINT('',#4555);
#1675=VERTEX_POINT('',#4557);
#1676=VERTEX_POINT('',#4559);
#1677=VERTEX_POINT('',#4561);
#1678=VERTEX_POINT('',#4563);
#1679=VERTEX_POINT('',#4565);
#1680=VERTEX_POINT('',#4567);
#1681=VERTEX_POINT('',#4569);
#1682=VERTEX_POINT('',#4571);
#1683=VERTEX_POINT('',#4573);
#1684=VERTEX_POINT('',#4575);
#1685=VERTEX_POINT('',#4577);
#1686=VERTEX_POINT('',#4579);
#1687=VERTEX_POINT('',#4581);
#1688=VERTEX_POINT('',#4583);
#1689=VERTEX_POINT('',#4585);
#1690=VERTEX_POINT('',#4587);
#1691=VERTEX_POINT('',#4589);
#1692=VERTEX_POINT('',#4591);
#1693=VERTEX_POINT('',#4593);
#1694=VERTEX_POINT('',#4595);
#1695=VERTEX_POINT('',#4597);
#1696=VERTEX_POINT('',#4601);
#1697=VERTEX_POINT('',#4604);
#1698=VERTEX_POINT('',#4606);
#1699=VERTEX_POINT('',#4607);
#1700=VERTEX_POINT('',#4609);
#1701=VERTEX_POINT('',#4611);
#1702=VERTEX_POINT('',#4613);
#1703=VERTEX_POINT('',#4615);
#1704=VERTEX_POINT('',#4617);
#1705=VERTEX_POINT('',#4619);
#1706=VERTEX_POINT('',#4621);
#1707=VERTEX_POINT('',#4623);
#1708=VERTEX_POINT('',#4625);
#1709=VERTEX_POINT('',#4627);
#1710=VERTEX_POINT('',#4629);
#1711=VERTEX_POINT('',#4631);
#1712=VERTEX_POINT('',#4633);
#1713=VERTEX_POINT('',#4635);
#1714=VERTEX_POINT('',#4637);
#1715=VERTEX_POINT('',#4639);
#1716=VERTEX_POINT('',#4641);
#1717=VERTEX_POINT('',#4643);
#1718=VERTEX_POINT('',#4645);
#1719=VERTEX_POINT('',#4647);
#1720=VERTEX_POINT('',#4649);
#1721=VERTEX_POINT('',#4651);
#1722=VERTEX_POINT('',#4653);
#1723=VERTEX_POINT('',#4655);
#1724=VERTEX_POINT('',#4657);
#1725=VERTEX_POINT('',#4659);
#1726=VERTEX_POINT('',#4661);
#1727=VERTEX_POINT('',#4663);
#1728=VERTEX_POINT('',#4665);
#1729=VERTEX_POINT('',#4667);
#1730=VERTEX_POINT('',#4669);
#1731=VERTEX_POINT('',#4671);
#1732=VERTEX_POINT('',#4673);
#1733=VERTEX_POINT('',#4675);
#1734=VERTEX_POINT('',#4677);
#1735=VERTEX_POINT('',#4679);
#1736=VERTEX_POINT('',#4681);
#1737=VERTEX_POINT('',#4683);
#1738=VERTEX_POINT('',#4685);
#1739=VERTEX_POINT('',#4687);
#1740=VERTEX_POINT('',#4689);
#1741=VERTEX_POINT('',#4691);
#1742=VERTEX_POINT('',#4693);
#1743=VERTEX_POINT('',#4695);
#1744=VERTEX_POINT('',#4697);
#1745=VERTEX_POINT('',#4699);
#1746=VERTEX_POINT('',#4701);
#1747=VERTEX_POINT('',#4703);
#1748=VERTEX_POINT('',#4705);
#1749=VERTEX_POINT('',#4707);
#1750=VERTEX_POINT('',#4709);
#1751=VERTEX_POINT('',#4711);
#1752=VERTEX_POINT('',#4713);
#1753=VERTEX_POINT('',#4715);
#1754=VERTEX_POINT('',#4717);
#1755=VERTEX_POINT('',#4719);
#1756=VERTEX_POINT('',#4721);
#1757=VERTEX_POINT('',#4723);
#1758=VERTEX_POINT('',#4725);
#1759=VERTEX_POINT('',#4727);
#1760=VERTEX_POINT('',#4729);
#1761=VERTEX_POINT('',#4731);
#1762=VERTEX_POINT('',#4733);
#1763=VERTEX_POINT('',#4735);
#1764=VERTEX_POINT('',#4737);
#1765=VERTEX_POINT('',#4739);
#1766=VERTEX_POINT('',#4741);
#1767=VERTEX_POINT('',#4743);
#1768=VERTEX_POINT('',#4745);
#1769=VERTEX_POINT('',#4747);
#1770=VERTEX_POINT('',#4749);
#1771=VERTEX_POINT('',#4751);
#1772=VERTEX_POINT('',#4753);
#1773=VERTEX_POINT('',#4755);
#1774=VERTEX_POINT('',#4757);
#1775=VERTEX_POINT('',#4759);
#1776=VERTEX_POINT('',#4761);
#1777=VERTEX_POINT('',#4763);
#1778=VERTEX_POINT('',#4765);
#1779=VERTEX_POINT('',#4767);
#1780=VERTEX_POINT('',#4769);
#1781=VERTEX_POINT('',#4771);
#1782=VERTEX_POINT('',#4773);
#1783=VERTEX_POINT('',#4775);
#1784=VERTEX_POINT('',#4777);
#1785=VERTEX_POINT('',#4779);
#1786=VERTEX_POINT('',#4781);
#1787=VERTEX_POINT('',#4783);
#1788=VERTEX_POINT('',#4785);
#1789=VERTEX_POINT('',#4787);
#1790=VERTEX_POINT('',#4789);
#1791=VERTEX_POINT('',#4791);
#1792=VERTEX_POINT('',#4793);
#1793=VERTEX_POINT('',#4795);
#1794=VERTEX_POINT('',#4797);
#1795=VERTEX_POINT('',#4799);
#1796=VERTEX_POINT('',#4801);
#1797=VERTEX_POINT('',#4803);
#1798=VERTEX_POINT('',#4805);
#1799=VERTEX_POINT('',#4807);
#1800=VERTEX_POINT('',#4809);
#1801=VERTEX_POINT('',#4811);
#1802=VERTEX_POINT('',#4813);
#1803=VERTEX_POINT('',#4815);
#1804=VERTEX_POINT('',#4817);
#1805=VERTEX_POINT('',#4819);
#1806=VERTEX_POINT('',#4821);
#1807=VERTEX_POINT('',#4823);
#1808=VERTEX_POINT('',#4825);
#1809=VERTEX_POINT('',#4827);
#1810=VERTEX_POINT('',#4829);
#1811=VERTEX_POINT('',#4831);
#1812=VERTEX_POINT('',#4833);
#1813=VERTEX_POINT('',#4835);
#1814=VERTEX_POINT('',#4837);
#1815=VERTEX_POINT('',#4839);
#1816=VERTEX_POINT('',#4841);
#1817=VERTEX_POINT('',#4843);
#1818=VERTEX_POINT('',#4845);
#1819=VERTEX_POINT('',#4847);
#1820=VERTEX_POINT('',#4849);
#1821=VERTEX_POINT('',#4851);
#1822=VERTEX_POINT('',#4853);
#1823=VERTEX_POINT('',#4855);
#1824=VERTEX_POINT('',#4857);
#1825=VERTEX_POINT('',#4859);
#1826=VERTEX_POINT('',#4861);
#1827=VERTEX_POINT('',#4863);
#1828=VERTEX_POINT('',#4865);
#1829=VERTEX_POINT('',#4867);
#1830=VERTEX_POINT('',#4869);
#1831=VERTEX_POINT('',#4871);
#1832=VERTEX_POINT('',#4873);
#1833=VERTEX_POINT('',#4875);
#1834=VERTEX_POINT('',#4877);
#1835=VERTEX_POINT('',#4879);
#1836=VERTEX_POINT('',#4881);
#1837=VERTEX_POINT('',#4883);
#1838=VERTEX_POINT('',#4885);
#1839=VERTEX_POINT('',#4887);
#1840=VERTEX_POINT('',#4889);
#1841=VERTEX_POINT('',#4891);
#1842=VERTEX_POINT('',#4893);
#1843=VERTEX_POINT('',#4895);
#1844=VERTEX_POINT('',#4897);
#1845=VERTEX_POINT('',#4899);
#1846=VERTEX_POINT('',#4901);
#1847=VERTEX_POINT('',#4903);
#1848=LINE('',#4287,#2202);
#1849=LINE('',#4290,#2203);
#1850=LINE('',#4292,#2204);
#1851=LINE('',#4294,#2205);
#1852=LINE('',#4299,#2206);
#1853=LINE('',#4304,#2207);
#1854=LINE('',#4306,#2208);
#1855=LINE('',#4310,#2209);
#1856=LINE('',#4312,#2210);
#1857=LINE('',#4316,#2211);
#1858=LINE('',#4318,#2212);
#1859=LINE('',#4322,#2213);
#1860=LINE('',#4324,#2214);
#1861=LINE('',#4328,#2215);
#1862=LINE('',#4330,#2216);
#1863=LINE('',#4334,#2217);
#1864=LINE('',#4336,#2218);
#1865=LINE('',#4340,#2219);
#1866=LINE('',#4342,#2220);
#1867=LINE('',#4346,#2221);
#1868=LINE('',#4348,#2222);
#1869=LINE('',#4352,#2223);
#1870=LINE('',#4354,#2224);
#1871=LINE('',#4358,#2225);
#1872=LINE('',#4360,#2226);
#1873=LINE('',#4364,#2227);
#1874=LINE('',#4366,#2228);
#1875=LINE('',#4370,#2229);
#1876=LINE('',#4372,#2230);
#1877=LINE('',#4376,#2231);
#1878=LINE('',#4378,#2232);
#1879=LINE('',#4382,#2233);
#1880=LINE('',#4384,#2234);
#1881=LINE('',#4388,#2235);
#1882=LINE('',#4390,#2236);
#1883=LINE('',#4394,#2237);
#1884=LINE('',#4396,#2238);
#1885=LINE('',#4400,#2239);
#1886=LINE('',#4402,#2240);
#1887=LINE('',#4406,#2241);
#1888=LINE('',#4408,#2242);
#1889=LINE('',#4412,#2243);
#1890=LINE('',#4414,#2244);
#1891=LINE('',#4418,#2245);
#1892=LINE('',#4420,#2246);
#1893=LINE('',#4424,#2247);
#1894=LINE('',#4426,#2248);
#1895=LINE('',#4430,#2249);
#1896=LINE('',#4432,#2250);
#1897=LINE('',#4436,#2251);
#1898=LINE('',#4438,#2252);
#1899=LINE('',#4442,#2253);
#1900=LINE('',#4444,#2254);
#1901=LINE('',#4448,#2255);
#1902=LINE('',#4450,#2256);
#1903=LINE('',#4454,#2257);
#1904=LINE('',#4456,#2258);
#1905=LINE('',#4460,#2259);
#1906=LINE('',#4462,#2260);
#1907=LINE('',#4466,#2261);
#1908=LINE('',#4468,#2262);
#1909=LINE('',#4472,#2263);
#1910=LINE('',#4474,#2264);
#1911=LINE('',#4478,#2265);
#1912=LINE('',#4480,#2266);
#1913=LINE('',#4484,#2267);
#1914=LINE('',#4486,#2268);
#1915=LINE('',#4490,#2269);
#1916=LINE('',#4492,#2270);
#1917=LINE('',#4496,#2271);
#1918=LINE('',#4498,#2272);
#1919=LINE('',#4502,#2273);
#1920=LINE('',#4504,#2274);
#1921=LINE('',#4508,#2275);
#1922=LINE('',#4510,#2276);
#1923=LINE('',#4514,#2277);
#1924=LINE('',#4516,#2278);
#1925=LINE('',#4520,#2279);
#1926=LINE('',#4522,#2280);
#1927=LINE('',#4526,#2281);
#1928=LINE('',#4528,#2282);
#1929=LINE('',#4532,#2283);
#1930=LINE('',#4534,#2284);
#1931=LINE('',#4538,#2285);
#1932=LINE('',#4540,#2286);
#1933=LINE('',#4544,#2287);
#1934=LINE('',#4546,#2288);
#1935=LINE('',#4550,#2289);
#1936=LINE('',#4552,#2290);
#1937=LINE('',#4556,#2291);
#1938=LINE('',#4558,#2292);
#1939=LINE('',#4562,#2293);
#1940=LINE('',#4564,#2294);
#1941=LINE('',#4568,#2295);
#1942=LINE('',#4570,#2296);
#1943=LINE('',#4574,#2297);
#1944=LINE('',#4576,#2298);
#1945=LINE('',#4580,#2299);
#1946=LINE('',#4582,#2300);
#1947=LINE('',#4586,#2301);
#1948=LINE('',#4588,#2302);
#1949=LINE('',#4592,#2303);
#1950=LINE('',#4594,#2304);
#1951=LINE('',#4598,#2305);
#1952=LINE('',#4605,#2306);
#1953=LINE('',#4610,#2307);
#1954=LINE('',#4612,#2308);
#1955=LINE('',#4616,#2309);
#1956=LINE('',#4618,#2310);
#1957=LINE('',#4622,#2311);
#1958=LINE('',#4624,#2312);
#1959=LINE('',#4628,#2313);
#1960=LINE('',#4630,#2314);
#1961=LINE('',#4634,#2315);
#1962=LINE('',#4636,#2316);
#1963=LINE('',#4640,#2317);
#1964=LINE('',#4642,#2318);
#1965=LINE('',#4646,#2319);
#1966=LINE('',#4648,#2320);
#1967=LINE('',#4652,#2321);
#1968=LINE('',#4654,#2322);
#1969=LINE('',#4658,#2323);
#1970=LINE('',#4660,#2324);
#1971=LINE('',#4664,#2325);
#1972=LINE('',#4666,#2326);
#1973=LINE('',#4670,#2327);
#1974=LINE('',#4672,#2328);
#1975=LINE('',#4676,#2329);
#1976=LINE('',#4678,#2330);
#1977=LINE('',#4682,#2331);
#1978=LINE('',#4684,#2332);
#1979=LINE('',#4688,#2333);
#1980=LINE('',#4690,#2334);
#1981=LINE('',#4694,#2335);
#1982=LINE('',#4696,#2336);
#1983=LINE('',#4700,#2337);
#1984=LINE('',#4702,#2338);
#1985=LINE('',#4706,#2339);
#1986=LINE('',#4708,#2340);
#1987=LINE('',#4712,#2341);
#1988=LINE('',#4714,#2342);
#1989=LINE('',#4718,#2343);
#1990=LINE('',#4720,#2344);
#1991=LINE('',#4724,#2345);
#1992=LINE('',#4726,#2346);
#1993=LINE('',#4730,#2347);
#1994=LINE('',#4732,#2348);
#1995=LINE('',#4736,#2349);
#1996=LINE('',#4738,#2350);
#1997=LINE('',#4742,#2351);
#1998=LINE('',#4744,#2352);
#1999=LINE('',#4748,#2353);
#2000=LINE('',#4750,#2354);
#2001=LINE('',#4754,#2355);
#2002=LINE('',#4756,#2356);
#2003=LINE('',#4760,#2357);
#2004=LINE('',#4762,#2358);
#2005=LINE('',#4766,#2359);
#2006=LINE('',#4768,#2360);
#2007=LINE('',#4772,#2361);
#2008=LINE('',#4774,#2362);
#2009=LINE('',#4778,#2363);
#2010=LINE('',#4780,#2364);
#2011=LINE('',#4784,#2365);
#2012=LINE('',#4786,#2366);
#2013=LINE('',#4790,#2367);
#2014=LINE('',#4792,#2368);
#2015=LINE('',#4796,#2369);
#2016=LINE('',#4798,#2370);
#2017=LINE('',#4802,#2371);
#2018=LINE('',#4804,#2372);
#2019=LINE('',#4808,#2373);
#2020=LINE('',#4810,#2374);
#2021=LINE('',#4814,#2375);
#2022=LINE('',#4816,#2376);
#2023=LINE('',#4820,#2377);
#2024=LINE('',#4822,#2378);
#2025=LINE('',#4826,#2379);
#2026=LINE('',#4828,#2380);
#2027=LINE('',#4832,#2381);
#2028=LINE('',#4834,#2382);
#2029=LINE('',#4838,#2383);
#2030=LINE('',#4840,#2384);
#2031=LINE('',#4844,#2385);
#2032=LINE('',#4846,#2386);
#2033=LINE('',#4850,#2387);
#2034=LINE('',#4852,#2388);
#2035=LINE('',#4856,#2389);
#2036=LINE('',#4858,#2390);
#2037=LINE('',#4862,#2391);
#2038=LINE('',#4864,#2392);
#2039=LINE('',#4868,#2393);
#2040=LINE('',#4870,#2394);
#2041=LINE('',#4874,#2395);
#2042=LINE('',#4876,#2396);
#2043=LINE('',#4880,#2397);
#2044=LINE('',#4882,#2398);
#2045=LINE('',#4886,#2399);
#2046=LINE('',#4888,#2400);
#2047=LINE('',#4892,#2401);
#2048=LINE('',#4894,#2402);
#2049=LINE('',#4898,#2403);
#2050=LINE('',#4900,#2404);
#2051=LINE('',#4904,#2405);
#2052=LINE('',#4906,#2406);
#2053=LINE('',#4907,#2407);
#2054=LINE('',#4909,#2408);
#2055=LINE('',#4910,#2409);
#2056=LINE('',#4913,#2410);
#2057=LINE('',#4915,#2411);
#2058=LINE('',#4916,#2412);
#2059=LINE('',#4919,#2413);
#2060=LINE('',#4921,#2414);
#2061=LINE('',#4922,#2415);
#2062=LINE('',#4925,#2416);
#2063=LINE('',#4927,#2417);
#2064=LINE('',#4928,#2418);
#2065=LINE('',#4931,#2419);
#2066=LINE('',#4933,#2420);
#2067=LINE('',#4934,#2421);
#2068=LINE('',#4937,#2422);
#2069=LINE('',#4939,#2423);
#2070=LINE('',#4940,#2424);
#2071=LINE('',#4943,#2425);
#2072=LINE('',#4945,#2426);
#2073=LINE('',#4946,#2427);
#2074=LINE('',#4949,#2428);
#2075=LINE('',#4951,#2429);
#2076=LINE('',#4952,#2430);
#2077=LINE('',#4955,#2431);
#2078=LINE('',#4957,#2432);
#2079=LINE('',#4958,#2433);
#2080=LINE('',#4961,#2434);
#2081=LINE('',#4963,#2435);
#2082=LINE('',#4964,#2436);
#2083=LINE('',#4967,#2437);
#2084=LINE('',#4969,#2438);
#2085=LINE('',#4970,#2439);
#2086=LINE('',#4973,#2440);
#2087=LINE('',#4975,#2441);
#2088=LINE('',#4976,#2442);
#2089=LINE('',#4979,#2443);
#2090=LINE('',#4981,#2444);
#2091=LINE('',#4982,#2445);
#2092=LINE('',#4985,#2446);
#2093=LINE('',#4987,#2447);
#2094=LINE('',#4988,#2448);
#2095=LINE('',#4991,#2449);
#2096=LINE('',#4993,#2450);
#2097=LINE('',#4994,#2451);
#2098=LINE('',#4997,#2452);
#2099=LINE('',#4999,#2453);
#2100=LINE('',#5000,#2454);
#2101=LINE('',#5003,#2455);
#2102=LINE('',#5005,#2456);
#2103=LINE('',#5006,#2457);
#2104=LINE('',#5009,#2458);
#2105=LINE('',#5011,#2459);
#2106=LINE('',#5012,#2460);
#2107=LINE('',#5015,#2461);
#2108=LINE('',#5017,#2462);
#2109=LINE('',#5018,#2463);
#2110=LINE('',#5021,#2464);
#2111=LINE('',#5023,#2465);
#2112=LINE('',#5024,#2466);
#2113=LINE('',#5027,#2467);
#2114=LINE('',#5029,#2468);
#2115=LINE('',#5030,#2469);
#2116=LINE('',#5033,#2470);
#2117=LINE('',#5035,#2471);
#2118=LINE('',#5036,#2472);
#2119=LINE('',#5039,#2473);
#2120=LINE('',#5041,#2474);
#2121=LINE('',#5042,#2475);
#2122=LINE('',#5045,#2476);
#2123=LINE('',#5047,#2477);
#2124=LINE('',#5048,#2478);
#2125=LINE('',#5051,#2479);
#2126=LINE('',#5053,#2480);
#2127=LINE('',#5054,#2481);
#2128=LINE('',#5057,#2482);
#2129=LINE('',#5059,#2483);
#2130=LINE('',#5060,#2484);
#2131=LINE('',#5063,#2485);
#2132=LINE('',#5065,#2486);
#2133=LINE('',#5066,#2487);
#2134=LINE('',#5069,#2488);
#2135=LINE('',#5071,#2489);
#2136=LINE('',#5072,#2490);
#2137=LINE('',#5075,#2491);
#2138=LINE('',#5077,#2492);
#2139=LINE('',#5078,#2493);
#2140=LINE('',#5081,#2494);
#2141=LINE('',#5083,#2495);
#2142=LINE('',#5084,#2496);
#2143=LINE('',#5087,#2497);
#2144=LINE('',#5089,#2498);
#2145=LINE('',#5090,#2499);
#2146=LINE('',#5093,#2500);
#2147=LINE('',#5095,#2501);
#2148=LINE('',#5096,#2502);
#2149=LINE('',#5099,#2503);
#2150=LINE('',#5101,#2504);
#2151=LINE('',#5102,#2505);
#2152=LINE('',#5105,#2506);
#2153=LINE('',#5107,#2507);
#2154=LINE('',#5108,#2508);
#2155=LINE('',#5111,#2509);
#2156=LINE('',#5113,#2510);
#2157=LINE('',#5114,#2511);
#2158=LINE('',#5117,#2512);
#2159=LINE('',#5119,#2513);
#2160=LINE('',#5120,#2514);
#2161=LINE('',#5123,#2515);
#2162=LINE('',#5125,#2516);
#2163=LINE('',#5126,#2517);
#2164=LINE('',#5129,#2518);
#2165=LINE('',#5131,#2519);
#2166=LINE('',#5132,#2520);
#2167=LINE('',#5135,#2521);
#2168=LINE('',#5137,#2522);
#2169=LINE('',#5138,#2523);
#2170=LINE('',#5141,#2524);
#2171=LINE('',#5143,#2525);
#2172=LINE('',#5144,#2526);
#2173=LINE('',#5147,#2527);
#2174=LINE('',#5149,#2528);
#2175=LINE('',#5150,#2529);
#2176=LINE('',#5153,#2530);
#2177=LINE('',#5155,#2531);
#2178=LINE('',#5156,#2532);
#2179=LINE('',#5159,#2533);
#2180=LINE('',#5161,#2534);
#2181=LINE('',#5162,#2535);
#2182=LINE('',#5165,#2536);
#2183=LINE('',#5167,#2537);
#2184=LINE('',#5168,#2538);
#2185=LINE('',#5171,#2539);
#2186=LINE('',#5173,#2540);
#2187=LINE('',#5174,#2541);
#2188=LINE('',#5177,#2542);
#2189=LINE('',#5179,#2543);
#2190=LINE('',#5180,#2544);
#2191=LINE('',#5183,#2545);
#2192=LINE('',#5185,#2546);
#2193=LINE('',#5186,#2547);
#2194=LINE('',#5189,#2548);
#2195=LINE('',#5191,#2549);
#2196=LINE('',#5192,#2550);
#2197=LINE('',#5195,#2551);
#2198=LINE('',#5197,#2552);
#2199=LINE('',#5198,#2553);
#2200=LINE('',#5201,#2554);
#2201=LINE('',#5203,#2555);
#2202=VECTOR('',#3413,1.);
#2203=VECTOR('',#3414,1.);
#2204=VECTOR('',#3415,1.);
#2205=VECTOR('',#3416,1.);
#2206=VECTOR('',#3425,1.);
#2207=VECTOR('',#3428,1.);
#2208=VECTOR('',#3429,1.);
#2209=VECTOR('',#3432,1.);
#2210=VECTOR('',#3433,1.);
#2211=VECTOR('',#3436,1.);
#2212=VECTOR('',#3437,1.);
#2213=VECTOR('',#3440,1.);
#2214=VECTOR('',#3441,1.);
#2215=VECTOR('',#3444,1.);
#2216=VECTOR('',#3445,1.);
#2217=VECTOR('',#3448,1.);
#2218=VECTOR('',#3449,1.);
#2219=VECTOR('',#3452,1.);
#2220=VECTOR('',#3453,1.);
#2221=VECTOR('',#3456,1.);
#2222=VECTOR('',#3457,1.);
#2223=VECTOR('',#3460,1.);
#2224=VECTOR('',#3461,1.);
#2225=VECTOR('',#3464,1.);
#2226=VECTOR('',#3465,1.);
#2227=VECTOR('',#3468,1.);
#2228=VECTOR('',#3469,1.);
#2229=VECTOR('',#3472,1.);
#2230=VECTOR('',#3473,1.);
#2231=VECTOR('',#3476,1.);
#2232=VECTOR('',#3477,1.);
#2233=VECTOR('',#3480,1.);
#2234=VECTOR('',#3481,1.);
#2235=VECTOR('',#3484,1.);
#2236=VECTOR('',#3485,1.);
#2237=VECTOR('',#3488,1.);
#2238=VECTOR('',#3489,1.);
#2239=VECTOR('',#3492,1.);
#2240=VECTOR('',#3493,1.);
#2241=VECTOR('',#3496,1.);
#2242=VECTOR('',#3497,1.);
#2243=VECTOR('',#3500,1.);
#2244=VECTOR('',#3501,1.);
#2245=VECTOR('',#3504,1.);
#2246=VECTOR('',#3505,1.);
#2247=VECTOR('',#3508,1.);
#2248=VECTOR('',#3509,1.);
#2249=VECTOR('',#3512,1.);
#2250=VECTOR('',#3513,1.);
#2251=VECTOR('',#3516,1.);
#2252=VECTOR('',#3517,1.);
#2253=VECTOR('',#3520,1.);
#2254=VECTOR('',#3521,1.);
#2255=VECTOR('',#3524,1.);
#2256=VECTOR('',#3525,1.);
#2257=VECTOR('',#3528,1.);
#2258=VECTOR('',#3529,1.);
#2259=VECTOR('',#3532,1.);
#2260=VECTOR('',#3533,1.);
#2261=VECTOR('',#3536,1.);
#2262=VECTOR('',#3537,1.);
#2263=VECTOR('',#3540,1.);
#2264=VECTOR('',#3541,1.);
#2265=VECTOR('',#3544,1.);
#2266=VECTOR('',#3545,1.);
#2267=VECTOR('',#3548,1.);
#2268=VECTOR('',#3549,1.);
#2269=VECTOR('',#3552,1.);
#2270=VECTOR('',#3553,1.);
#2271=VECTOR('',#3556,1.);
#2272=VECTOR('',#3557,1.);
#2273=VECTOR('',#3560,1.);
#2274=VECTOR('',#3561,1.);
#2275=VECTOR('',#3564,1.);
#2276=VECTOR('',#3565,1.);
#2277=VECTOR('',#3568,1.);
#2278=VECTOR('',#3569,1.);
#2279=VECTOR('',#3572,1.);
#2280=VECTOR('',#3573,1.);
#2281=VECTOR('',#3576,1.);
#2282=VECTOR('',#3577,1.);
#2283=VECTOR('',#3580,1.);
#2284=VECTOR('',#3581,1.);
#2285=VECTOR('',#3584,1.);
#2286=VECTOR('',#3585,1.);
#2287=VECTOR('',#3588,1.);
#2288=VECTOR('',#3589,1.);
#2289=VECTOR('',#3592,1.);
#2290=VECTOR('',#3593,1.);
#2291=VECTOR('',#3596,1.);
#2292=VECTOR('',#3597,1.);
#2293=VECTOR('',#3600,1.);
#2294=VECTOR('',#3601,1.);
#2295=VECTOR('',#3604,1.);
#2296=VECTOR('',#3605,1.);
#2297=VECTOR('',#3608,1.);
#2298=VECTOR('',#3609,1.);
#2299=VECTOR('',#3612,1.);
#2300=VECTOR('',#3613,1.);
#2301=VECTOR('',#3616,1.);
#2302=VECTOR('',#3617,1.);
#2303=VECTOR('',#3620,1.);
#2304=VECTOR('',#3621,1.);
#2305=VECTOR('',#3624,1.);
#2306=VECTOR('',#3633,1.);
#2307=VECTOR('',#3636,1.);
#2308=VECTOR('',#3637,1.);
#2309=VECTOR('',#3640,1.);
#2310=VECTOR('',#3641,1.);
#2311=VECTOR('',#3644,1.);
#2312=VECTOR('',#3645,1.);
#2313=VECTOR('',#3648,1.);
#2314=VECTOR('',#3649,1.);
#2315=VECTOR('',#3652,1.);
#2316=VECTOR('',#3653,1.);
#2317=VECTOR('',#3656,1.);
#2318=VECTOR('',#3657,1.);
#2319=VECTOR('',#3660,1.);
#2320=VECTOR('',#3661,1.);
#2321=VECTOR('',#3664,1.);
#2322=VECTOR('',#3665,1.);
#2323=VECTOR('',#3668,1.);
#2324=VECTOR('',#3669,1.);
#2325=VECTOR('',#3672,1.);
#2326=VECTOR('',#3673,1.);
#2327=VECTOR('',#3676,1.);
#2328=VECTOR('',#3677,1.);
#2329=VECTOR('',#3680,1.);
#2330=VECTOR('',#3681,1.);
#2331=VECTOR('',#3684,1.);
#2332=VECTOR('',#3685,1.);
#2333=VECTOR('',#3688,1.);
#2334=VECTOR('',#3689,1.);
#2335=VECTOR('',#3692,1.);
#2336=VECTOR('',#3693,1.);
#2337=VECTOR('',#3696,1.);
#2338=VECTOR('',#3697,1.);
#2339=VECTOR('',#3700,1.);
#2340=VECTOR('',#3701,1.);
#2341=VECTOR('',#3704,1.);
#2342=VECTOR('',#3705,1.);
#2343=VECTOR('',#3708,1.);
#2344=VECTOR('',#3709,1.);
#2345=VECTOR('',#3712,1.);
#2346=VECTOR('',#3713,1.);
#2347=VECTOR('',#3716,1.);
#2348=VECTOR('',#3717,1.);
#2349=VECTOR('',#3720,1.);
#2350=VECTOR('',#3721,1.);
#2351=VECTOR('',#3724,1.);
#2352=VECTOR('',#3725,1.);
#2353=VECTOR('',#3728,1.);
#2354=VECTOR('',#3729,1.);
#2355=VECTOR('',#3732,1.);
#2356=VECTOR('',#3733,1.);
#2357=VECTOR('',#3736,1.);
#2358=VECTOR('',#3737,1.);
#2359=VECTOR('',#3740,1.);
#2360=VECTOR('',#3741,1.);
#2361=VECTOR('',#3744,1.);
#2362=VECTOR('',#3745,1.);
#2363=VECTOR('',#3748,1.);
#2364=VECTOR('',#3749,1.);
#2365=VECTOR('',#3752,1.);
#2366=VECTOR('',#3753,1.);
#2367=VECTOR('',#3756,1.);
#2368=VECTOR('',#3757,1.);
#2369=VECTOR('',#3760,1.);
#2370=VECTOR('',#3761,1.);
#2371=VECTOR('',#3764,1.);
#2372=VECTOR('',#3765,1.);
#2373=VECTOR('',#3768,1.);
#2374=VECTOR('',#3769,1.);
#2375=VECTOR('',#3772,1.);
#2376=VECTOR('',#3773,1.);
#2377=VECTOR('',#3776,1.);
#2378=VECTOR('',#3777,1.);
#2379=VECTOR('',#3780,1.);
#2380=VECTOR('',#3781,1.);
#2381=VECTOR('',#3784,1.);
#2382=VECTOR('',#3785,1.);
#2383=VECTOR('',#3788,1.);
#2384=VECTOR('',#3789,1.);
#2385=VECTOR('',#3792,1.);
#2386=VECTOR('',#3793,1.);
#2387=VECTOR('',#3796,1.);
#2388=VECTOR('',#3797,1.);
#2389=VECTOR('',#3800,1.);
#2390=VECTOR('',#3801,1.);
#2391=VECTOR('',#3804,1.);
#2392=VECTOR('',#3805,1.);
#2393=VECTOR('',#3808,1.);
#2394=VECTOR('',#3809,1.);
#2395=VECTOR('',#3812,1.);
#2396=VECTOR('',#3813,1.);
#2397=VECTOR('',#3816,1.);
#2398=VECTOR('',#3817,1.);
#2399=VECTOR('',#3820,1.);
#2400=VECTOR('',#3821,1.);
#2401=VECTOR('',#3824,1.);
#2402=VECTOR('',#3825,1.);
#2403=VECTOR('',#3828,1.);
#2404=VECTOR('',#3829,1.);
#2405=VECTOR('',#3832,1.);
#2406=VECTOR('',#3835,1.);
#2407=VECTOR('',#3836,1.);
#2408=VECTOR('',#3839,1.);
#2409=VECTOR('',#3840,1.);
#2410=VECTOR('',#3845,1.);
#2411=VECTOR('',#3848,1.);
#2412=VECTOR('',#3849,1.);
#2413=VECTOR('',#3854,1.);
#2414=VECTOR('',#3857,1.);
#2415=VECTOR('',#3858,1.);
#2416=VECTOR('',#3863,1.);
#2417=VECTOR('',#3866,1.);
#2418=VECTOR('',#3867,1.);
#2419=VECTOR('',#3872,1.);
#2420=VECTOR('',#3875,1.);
#2421=VECTOR('',#3876,1.);
#2422=VECTOR('',#3881,1.);
#2423=VECTOR('',#3884,1.);
#2424=VECTOR('',#3885,1.);
#2425=VECTOR('',#3890,1.);
#2426=VECTOR('',#3893,1.);
#2427=VECTOR('',#3894,1.);
#2428=VECTOR('',#3899,1.);
#2429=VECTOR('',#3902,1.);
#2430=VECTOR('',#3903,1.);
#2431=VECTOR('',#3908,1.);
#2432=VECTOR('',#3911,1.);
#2433=VECTOR('',#3912,1.);
#2434=VECTOR('',#3917,1.);
#2435=VECTOR('',#3920,1.);
#2436=VECTOR('',#3921,1.);
#2437=VECTOR('',#3926,1.);
#2438=VECTOR('',#3929,1.);
#2439=VECTOR('',#3930,1.);
#2440=VECTOR('',#3935,1.);
#2441=VECTOR('',#3938,1.);
#2442=VECTOR('',#3939,1.);
#2443=VECTOR('',#3944,1.);
#2444=VECTOR('',#3947,1.);
#2445=VECTOR('',#3948,1.);
#2446=VECTOR('',#3953,1.);
#2447=VECTOR('',#3956,1.);
#2448=VECTOR('',#3957,1.);
#2449=VECTOR('',#3962,1.);
#2450=VECTOR('',#3965,1.);
#2451=VECTOR('',#3966,1.);
#2452=VECTOR('',#3971,1.);
#2453=VECTOR('',#3974,1.);
#2454=VECTOR('',#3975,1.);
#2455=VECTOR('',#3980,1.);
#2456=VECTOR('',#3983,1.);
#2457=VECTOR('',#3984,1.);
#2458=VECTOR('',#3989,1.);
#2459=VECTOR('',#3992,1.);
#2460=VECTOR('',#3993,1.);
#2461=VECTOR('',#3998,1.);
#2462=VECTOR('',#4001,1.);
#2463=VECTOR('',#4002,1.);
#2464=VECTOR('',#4007,1.);
#2465=VECTOR('',#4010,1.);
#2466=VECTOR('',#4011,1.);
#2467=VECTOR('',#4016,1.);
#2468=VECTOR('',#4019,1.);
#2469=VECTOR('',#4020,1.);
#2470=VECTOR('',#4025,1.);
#2471=VECTOR('',#4028,1.);
#2472=VECTOR('',#4029,1.);
#2473=VECTOR('',#4034,1.);
#2474=VECTOR('',#4037,1.);
#2475=VECTOR('',#4038,1.);
#2476=VECTOR('',#4043,1.);
#2477=VECTOR('',#4046,1.);
#2478=VECTOR('',#4047,1.);
#2479=VECTOR('',#4052,1.);
#2480=VECTOR('',#4055,1.);
#2481=VECTOR('',#4056,1.);
#2482=VECTOR('',#4061,1.);
#2483=VECTOR('',#4064,1.);
#2484=VECTOR('',#4065,1.);
#2485=VECTOR('',#4070,1.);
#2486=VECTOR('',#4073,1.);
#2487=VECTOR('',#4074,1.);
#2488=VECTOR('',#4079,1.);
#2489=VECTOR('',#4082,1.);
#2490=VECTOR('',#4083,1.);
#2491=VECTOR('',#4088,1.);
#2492=VECTOR('',#4091,1.);
#2493=VECTOR('',#4092,1.);
#2494=VECTOR('',#4097,1.);
#2495=VECTOR('',#4100,1.);
#2496=VECTOR('',#4101,1.);
#2497=VECTOR('',#4106,1.);
#2498=VECTOR('',#4109,1.);
#2499=VECTOR('',#4110,1.);
#2500=VECTOR('',#4115,1.);
#2501=VECTOR('',#4118,1.);
#2502=VECTOR('',#4119,1.);
#2503=VECTOR('',#4124,1.);
#2504=VECTOR('',#4127,1.);
#2505=VECTOR('',#4128,1.);
#2506=VECTOR('',#4133,1.);
#2507=VECTOR('',#4136,1.);
#2508=VECTOR('',#4137,1.);
#2509=VECTOR('',#4142,1.);
#2510=VECTOR('',#4145,1.);
#2511=VECTOR('',#4146,1.);
#2512=VECTOR('',#4151,1.);
#2513=VECTOR('',#4154,1.);
#2514=VECTOR('',#4155,1.);
#2515=VECTOR('',#4160,1.);
#2516=VECTOR('',#4163,1.);
#2517=VECTOR('',#4164,1.);
#2518=VECTOR('',#4169,1.);
#2519=VECTOR('',#4172,1.);
#2520=VECTOR('',#4173,1.);
#2521=VECTOR('',#4178,1.);
#2522=VECTOR('',#4181,1.);
#2523=VECTOR('',#4182,1.);
#2524=VECTOR('',#4187,1.);
#2525=VECTOR('',#4190,1.);
#2526=VECTOR('',#4191,1.);
#2527=VECTOR('',#4196,1.);
#2528=VECTOR('',#4199,1.);
#2529=VECTOR('',#4200,1.);
#2530=VECTOR('',#4205,1.);
#2531=VECTOR('',#4208,1.);
#2532=VECTOR('',#4209,1.);
#2533=VECTOR('',#4214,1.);
#2534=VECTOR('',#4217,1.);
#2535=VECTOR('',#4218,1.);
#2536=VECTOR('',#4223,1.);
#2537=VECTOR('',#4226,1.);
#2538=VECTOR('',#4227,1.);
#2539=VECTOR('',#4232,1.);
#2540=VECTOR('',#4235,1.);
#2541=VECTOR('',#4236,1.);
#2542=VECTOR('',#4241,1.);
#2543=VECTOR('',#4244,1.);
#2544=VECTOR('',#4245,1.);
#2545=VECTOR('',#4250,1.);
#2546=VECTOR('',#4253,1.);
#2547=VECTOR('',#4254,1.);
#2548=VECTOR('',#4259,1.);
#2549=VECTOR('',#4262,1.);
#2550=VECTOR('',#4263,1.);
#2551=VECTOR('',#4268,1.);
#2552=VECTOR('',#4271,1.);
#2553=VECTOR('',#4272,1.);
#2554=VECTOR('',#4277,1.);
#2555=VECTOR('',#4280,1.);
#2556=EDGE_LOOP('',(#168,#169,#170,#171));
#2557=EDGE_LOOP('',(#172,#173,#174,#175));
#2558=EDGE_LOOP('',(#176,#177,#178,#179,#180,#181,#182,#183,#184,#185,#186,
#187,#188,#189,#190,#191,#192,#193,#194,#195,#196,#197,#198,#199,#200,#201,
#202,#203,#204,#205,#206,#207,#208,#209,#210,#211,#212,#213,#214,#215,#216,
#217,#218,#219,#220,#221,#222,#223,#224,#225,#226,#227,#228,#229,#230,#231,
#232,#233,#234,#235,#236,#237,#238,#239,#240,#241,#242,#243,#244,#245,#246,
#247,#248,#249,#250,#251,#252,#253,#254,#255,#256,#257,#258,#259,#260,#261,
#262,#263,#264,#265,#266,#267,#268,#269,#270,#271,#272,#273,#274,#275,#276,
#277,#278,#279,#280,#281,#282,#283,#284,#285,#286,#287,#288,#289,#290,#291,
#292,#293,#294,#295,#296,#297,#298,#299,#300,#301,#302,#303,#304,#305,#306,
#307,#308,#309,#310,#311,#312,#313,#314,#315,#316,#317,#318,#319,#320,#321,
#322,#323,#324,#325));
#2559=EDGE_LOOP('',(#326,#327));
#2560=EDGE_LOOP('',(#328));
#2561=EDGE_LOOP('',(#329,#330));
#2562=EDGE_LOOP('',(#331));
#2563=EDGE_LOOP('',(#332,#333,#334,#335,#336,#337,#338,#339,#340,#341,#342,
#343,#344,#345,#346,#347,#348,#349,#350,#351,#352,#353,#354,#355,#356,#357,
#358,#359,#360,#361,#362,#363,#364,#365,#366,#367,#368,#369,#370,#371,#372,
#373,#374,#375,#376,#377,#378,#379,#380,#381,#382,#383,#384,#385,#386,#387,
#388,#389,#390,#391,#392,#393,#394,#395,#396,#397,#398,#399,#400,#401,#402,
#403,#404,#405,#406,#407,#408,#409,#410,#411,#412,#413,#414,#415,#416,#417,
#418,#419,#420,#421,#422,#423,#424,#425,#426,#427,#428,#429,#430,#431,#432,
#433,#434,#435,#436,#437,#438,#439,#440,#441,#442,#443,#444,#445,#446,#447,
#448,#449,#450,#451,#452,#453,#454,#455,#456,#457,#458,#459,#460,#461,#462,
#463,#464,#465,#466,#467,#468,#469,#470,#471,#472,#473,#474,#475,#476,#477,
#478,#479,#480,#481));
#2564=EDGE_LOOP('',(#482,#483,#484,#485));
#2565=EDGE_LOOP('',(#486,#487,#488,#489));
#2566=EDGE_LOOP('',(#490,#491,#492,#493));
#2567=EDGE_LOOP('',(#494,#495,#496,#497));
#2568=EDGE_LOOP('',(#498,#499,#500,#501));
#2569=EDGE_LOOP('',(#502,#503,#504,#505));
#2570=EDGE_LOOP('',(#506,#507,#508,#509));
#2571=EDGE_LOOP('',(#510,#511,#512,#513));
#2572=EDGE_LOOP('',(#514,#515,#516,#517));
#2573=EDGE_LOOP('',(#518,#519,#520,#521));
#2574=EDGE_LOOP('',(#522,#523,#524,#525));
#2575=EDGE_LOOP('',(#526,#527,#528,#529));
#2576=EDGE_LOOP('',(#530,#531,#532,#533));
#2577=EDGE_LOOP('',(#534,#535,#536,#537));
#2578=EDGE_LOOP('',(#538,#539,#540,#541));
#2579=EDGE_LOOP('',(#542,#543,#544,#545));
#2580=EDGE_LOOP('',(#546,#547,#548,#549));
#2581=EDGE_LOOP('',(#550,#551,#552,#553));
#2582=EDGE_LOOP('',(#554,#555,#556,#557));
#2583=EDGE_LOOP('',(#558,#559,#560,#561));
#2584=EDGE_LOOP('',(#562,#563,#564,#565));
#2585=EDGE_LOOP('',(#566,#567,#568,#569));
#2586=EDGE_LOOP('',(#570,#571,#572,#573));
#2587=EDGE_LOOP('',(#574,#575,#576,#577));
#2588=EDGE_LOOP('',(#578,#579,#580,#581));
#2589=EDGE_LOOP('',(#582,#583,#584,#585));
#2590=EDGE_LOOP('',(#586,#587,#588,#589));
#2591=EDGE_LOOP('',(#590,#591,#592,#593));
#2592=EDGE_LOOP('',(#594,#595,#596,#597));
#2593=EDGE_LOOP('',(#598,#599,#600,#601));
#2594=EDGE_LOOP('',(#602,#603,#604,#605));
#2595=EDGE_LOOP('',(#606,#607,#608,#609));
#2596=EDGE_LOOP('',(#610,#611,#612,#613));
#2597=EDGE_LOOP('',(#614,#615,#616,#617));
#2598=EDGE_LOOP('',(#618,#619,#620,#621));
#2599=EDGE_LOOP('',(#622,#623,#624,#625));
#2600=EDGE_LOOP('',(#626,#627,#628,#629));
#2601=EDGE_LOOP('',(#630,#631,#632,#633));
#2602=EDGE_LOOP('',(#634,#635,#636,#637));
#2603=EDGE_LOOP('',(#638,#639,#640,#641));
#2604=EDGE_LOOP('',(#642,#643,#644,#645));
#2605=EDGE_LOOP('',(#646,#647,#648,#649));
#2606=EDGE_LOOP('',(#650,#651,#652,#653));
#2607=EDGE_LOOP('',(#654,#655,#656,#657));
#2608=EDGE_LOOP('',(#658,#659,#660,#661));
#2609=EDGE_LOOP('',(#662,#663,#664,#665));
#2610=EDGE_LOOP('',(#666,#667,#668,#669));
#2611=EDGE_LOOP('',(#670,#671,#672,#673));
#2612=EDGE_LOOP('',(#674,#675,#676,#677));
#2613=EDGE_LOOP('',(#678,#679,#680,#681));
#2614=EDGE_LOOP('',(#682,#683,#684,#685));
#2615=EDGE_LOOP('',(#686,#687,#688,#689));
#2616=EDGE_LOOP('',(#690,#691,#692,#693));
#2617=EDGE_LOOP('',(#694,#695,#696,#697));
#2618=EDGE_LOOP('',(#698,#699,#700,#701));
#2619=EDGE_LOOP('',(#702,#703,#704,#705));
#2620=EDGE_LOOP('',(#706,#707,#708,#709));
#2621=EDGE_LOOP('',(#710,#711,#712,#713));
#2622=EDGE_LOOP('',(#714,#715,#716,#717));
#2623=EDGE_LOOP('',(#718,#719,#720,#721));
#2624=EDGE_LOOP('',(#722,#723,#724,#725));
#2625=EDGE_LOOP('',(#726,#727,#728,#729));
#2626=EDGE_LOOP('',(#730,#731,#732,#733));
#2627=EDGE_LOOP('',(#734,#735,#736,#737));
#2628=EDGE_LOOP('',(#738,#739,#740,#741));
#2629=EDGE_LOOP('',(#742,#743,#744,#745));
#2630=EDGE_LOOP('',(#746,#747,#748,#749));
#2631=EDGE_LOOP('',(#750,#751,#752,#753));
#2632=EDGE_LOOP('',(#754,#755,#756,#757));
#2633=EDGE_LOOP('',(#758,#759,#760,#761));
#2634=EDGE_LOOP('',(#762,#763,#764,#765));
#2635=EDGE_LOOP('',(#766,#767,#768,#769));
#2636=EDGE_LOOP('',(#770,#771,#772,#773));
#2637=EDGE_LOOP('',(#774,#775,#776,#777));
#2638=EDGE_LOOP('',(#778,#779,#780,#781));
#2639=EDGE_LOOP('',(#782,#783,#784,#785));
#2640=EDGE_LOOP('',(#786,#787,#788,#789));
#2641=EDGE_LOOP('',(#790,#791,#792,#793));
#2642=EDGE_LOOP('',(#794,#795,#796,#797));
#2643=EDGE_LOOP('',(#798,#799,#800,#801));
#2644=EDGE_LOOP('',(#802,#803,#804,#805));
#2645=EDGE_LOOP('',(#806,#807,#808,#809));
#2646=EDGE_LOOP('',(#810,#811,#812,#813));
#2647=EDGE_LOOP('',(#814,#815,#816,#817));
#2648=EDGE_LOOP('',(#818,#819,#820,#821));
#2649=EDGE_LOOP('',(#822,#823,#824,#825));
#2650=EDGE_LOOP('',(#826,#827,#828,#829));
#2651=EDGE_LOOP('',(#830,#831,#832,#833));
#2652=EDGE_LOOP('',(#834,#835,#836,#837));
#2653=EDGE_LOOP('',(#838,#839,#840,#841));
#2654=EDGE_LOOP('',(#842,#843,#844,#845));
#2655=EDGE_LOOP('',(#846,#847,#848,#849));
#2656=EDGE_LOOP('',(#850,#851,#852,#853));
#2657=EDGE_LOOP('',(#854,#855,#856,#857));
#2658=EDGE_LOOP('',(#858,#859,#860,#861));
#2659=EDGE_LOOP('',(#862,#863,#864,#865));
#2660=EDGE_LOOP('',(#866,#867,#868,#869));
#2661=EDGE_LOOP('',(#870,#871,#872,#873));
#2662=EDGE_LOOP('',(#874,#875,#876,#877));
#2663=EDGE_LOOP('',(#878,#879,#880,#881));
#2664=EDGE_LOOP('',(#882,#883,#884,#885));
#2665=EDGE_LOOP('',(#886,#887,#888,#889));
#2666=EDGE_LOOP('',(#890,#891,#892,#893));
#2667=EDGE_LOOP('',(#894,#895,#896,#897));
#2668=EDGE_LOOP('',(#898,#899,#900,#901));
#2669=EDGE_LOOP('',(#902,#903,#904,#905));
#2670=EDGE_LOOP('',(#906,#907,#908,#909));
#2671=EDGE_LOOP('',(#910,#911,#912,#913));
#2672=EDGE_LOOP('',(#914,#915,#916,#917));
#2673=EDGE_LOOP('',(#918,#919,#920,#921));
#2674=EDGE_LOOP('',(#922,#923,#924,#925));
#2675=EDGE_LOOP('',(#926,#927,#928,#929));
#2676=EDGE_LOOP('',(#930,#931,#932,#933));
#2677=EDGE_LOOP('',(#934,#935,#936,#937));
#2678=EDGE_LOOP('',(#938,#939,#940,#941));
#2679=EDGE_LOOP('',(#942,#943,#944,#945));
#2680=EDGE_LOOP('',(#946,#947,#948,#949));
#2681=EDGE_LOOP('',(#950,#951,#952,#953));
#2682=EDGE_LOOP('',(#954,#955,#956,#957));
#2683=EDGE_LOOP('',(#958,#959,#960,#961));
#2684=EDGE_LOOP('',(#962,#963,#964,#965));
#2685=EDGE_LOOP('',(#966,#967,#968,#969));
#2686=EDGE_LOOP('',(#970,#971,#972,#973));
#2687=EDGE_LOOP('',(#974,#975,#976,#977));
#2688=EDGE_LOOP('',(#978,#979,#980,#981));
#2689=EDGE_LOOP('',(#982,#983,#984,#985));
#2690=EDGE_LOOP('',(#986,#987,#988,#989));
#2691=EDGE_LOOP('',(#990,#991,#992,#993));
#2692=EDGE_LOOP('',(#994,#995,#996,#997));
#2693=EDGE_LOOP('',(#998,#999,#1000,#1001));
#2694=EDGE_LOOP('',(#1002,#1003,#1004,#1005));
#2695=EDGE_LOOP('',(#1006,#1007,#1008,#1009));
#2696=EDGE_LOOP('',(#1010,#1011,#1012,#1013));
#2697=EDGE_LOOP('',(#1014,#1015,#1016,#1017));
#2698=EDGE_LOOP('',(#1018,#1019,#1020,#1021));
#2699=EDGE_LOOP('',(#1022,#1023,#1024,#1025));
#2700=EDGE_LOOP('',(#1026,#1027,#1028,#1029));
#2701=EDGE_LOOP('',(#1030,#1031,#1032,#1033));
#2702=EDGE_LOOP('',(#1034,#1035,#1036,#1037));
#2703=EDGE_LOOP('',(#1038,#1039,#1040,#1041));
#2704=EDGE_LOOP('',(#1042,#1043,#1044,#1045));
#2705=EDGE_LOOP('',(#1046,#1047,#1048,#1049));
#2706=EDGE_LOOP('',(#1050,#1051,#1052,#1053));
#2707=EDGE_LOOP('',(#1054,#1055,#1056,#1057));
#2708=EDGE_LOOP('',(#1058,#1059,#1060,#1061));
#2709=EDGE_LOOP('',(#1062,#1063,#1064,#1065));
#2710=EDGE_LOOP('',(#1066,#1067,#1068,#1069));
#2711=EDGE_LOOP('',(#1070,#1071,#1072,#1073));
#2712=EDGE_LOOP('',(#1074,#1075,#1076,#1077));
#2713=EDGE_LOOP('',(#1078,#1079,#1080,#1081));
#2714=EDGE_LOOP('',(#1082));
#2715=EDGE_LOOP('',(#1083));
#2716=FACE_BOUND('',#2556,.T.);
#2717=FACE_BOUND('',#2557,.T.);
#2718=FACE_BOUND('',#2558,.T.);
#2719=FACE_BOUND('',#2559,.T.);
#2720=FACE_BOUND('',#2560,.T.);
#2721=FACE_BOUND('',#2561,.T.);
#2722=FACE_BOUND('',#2562,.T.);
#2723=FACE_BOUND('',#2563,.T.);
#2724=FACE_BOUND('',#2564,.T.);
#2725=FACE_BOUND('',#2565,.T.);
#2726=FACE_BOUND('',#2566,.T.);
#2727=FACE_BOUND('',#2567,.T.);
#2728=FACE_BOUND('',#2568,.T.);
#2729=FACE_BOUND('',#2569,.T.);
#2730=FACE_BOUND('',#2570,.T.);
#2731=FACE_BOUND('',#2571,.T.);
#2732=FACE_BOUND('',#2572,.T.);
#2733=FACE_BOUND('',#2573,.T.);
#2734=FACE_BOUND('',#2574,.T.);
#2735=FACE_BOUND('',#2575,.T.);
#2736=FACE_BOUND('',#2576,.T.);
#2737=FACE_BOUND('',#2577,.T.);
#2738=FACE_BOUND('',#2578,.T.);
#2739=FACE_BOUND('',#2579,.T.);
#2740=FACE_BOUND('',#2580,.T.);
#2741=FACE_BOUND('',#2581,.T.);
#2742=FACE_BOUND('',#2582,.T.);
#2743=FACE_BOUND('',#2583,.T.);
#2744=FACE_BOUND('',#2584,.T.);
#2745=FACE_BOUND('',#2585,.T.);
#2746=FACE_BOUND('',#2586,.T.);
#2747=FACE_BOUND('',#2587,.T.);
#2748=FACE_BOUND('',#2588,.T.);
#2749=FACE_BOUND('',#2589,.T.);
#2750=FACE_BOUND('',#2590,.T.);
#2751=FACE_BOUND('',#2591,.T.);
#2752=FACE_BOUND('',#2592,.T.);
#2753=FACE_BOUND('',#2593,.T.);
#2754=FACE_BOUND('',#2594,.T.);
#2755=FACE_BOUND('',#2595,.T.);
#2756=FACE_BOUND('',#2596,.T.);
#2757=FACE_BOUND('',#2597,.T.);
#2758=FACE_BOUND('',#2598,.T.);
#2759=FACE_BOUND('',#2599,.T.);
#2760=FACE_BOUND('',#2600,.T.);
#2761=FACE_BOUND('',#2601,.T.);
#2762=FACE_BOUND('',#2602,.T.);
#2763=FACE_BOUND('',#2603,.T.);
#2764=FACE_BOUND('',#2604,.T.);
#2765=FACE_BOUND('',#2605,.T.);
#2766=FACE_BOUND('',#2606,.T.);
#2767=FACE_BOUND('',#2607,.T.);
#2768=FACE_BOUND('',#2608,.T.);
#2769=FACE_BOUND('',#2609,.T.);
#2770=FACE_BOUND('',#2610,.T.);
#2771=FACE_BOUND('',#2611,.T.);
#2772=FACE_BOUND('',#2612,.T.);
#2773=FACE_BOUND('',#2613,.T.);
#2774=FACE_BOUND('',#2614,.T.);
#2775=FACE_BOUND('',#2615,.T.);
#2776=FACE_BOUND('',#2616,.T.);
#2777=FACE_BOUND('',#2617,.T.);
#2778=FACE_BOUND('',#2618,.T.);
#2779=FACE_BOUND('',#2619,.T.);
#2780=FACE_BOUND('',#2620,.T.);
#2781=FACE_BOUND('',#2621,.T.);
#2782=FACE_BOUND('',#2622,.T.);
#2783=FACE_BOUND('',#2623,.T.);
#2784=FACE_BOUND('',#2624,.T.);
#2785=FACE_BOUND('',#2625,.T.);
#2786=FACE_BOUND('',#2626,.T.);
#2787=FACE_BOUND('',#2627,.T.);
#2788=FACE_BOUND('',#2628,.T.);
#2789=FACE_BOUND('',#2629,.T.);
#2790=FACE_BOUND('',#2630,.T.);
#2791=FACE_BOUND('',#2631,.T.);
#2792=FACE_BOUND('',#2632,.T.);
#2793=FACE_BOUND('',#2633,.T.);
#2794=FACE_BOUND('',#2634,.T.);
#2795=FACE_BOUND('',#2635,.T.);
#2796=FACE_BOUND('',#2636,.T.);
#2797=FACE_BOUND('',#2637,.T.);
#2798=FACE_BOUND('',#2638,.T.);
#2799=FACE_BOUND('',#2639,.T.);
#2800=FACE_BOUND('',#2640,.T.);
#2801=FACE_BOUND('',#2641,.T.);
#2802=FACE_BOUND('',#2642,.T.);
#2803=FACE_BOUND('',#2643,.T.);
#2804=FACE_BOUND('',#2644,.T.);
#2805=FACE_BOUND('',#2645,.T.);
#2806=FACE_BOUND('',#2646,.T.);
#2807=FACE_BOUND('',#2647,.T.);
#2808=FACE_BOUND('',#2648,.T.);
#2809=FACE_BOUND('',#2649,.T.);
#2810=FACE_BOUND('',#2650,.T.);
#2811=FACE_BOUND('',#2651,.T.);
#2812=FACE_BOUND('',#2652,.T.);
#2813=FACE_BOUND('',#2653,.T.);
#2814=FACE_BOUND('',#2654,.T.);
#2815=FACE_BOUND('',#2655,.T.);
#2816=FACE_BOUND('',#2656,.T.);
#2817=FACE_BOUND('',#2657,.T.);
#2818=FACE_BOUND('',#2658,.T.);
#2819=FACE_BOUND('',#2659,.T.);
#2820=FACE_BOUND('',#2660,.T.);
#2821=FACE_BOUND('',#2661,.T.);
#2822=FACE_BOUND('',#2662,.T.);
#2823=FACE_BOUND('',#2663,.T.);
#2824=FACE_BOUND('',#2664,.T.);
#2825=FACE_BOUND('',#2665,.T.);
#2826=FACE_BOUND('',#2666,.T.);
#2827=FACE_BOUND('',#2667,.T.);
#2828=FACE_BOUND('',#2668,.T.);
#2829=FACE_BOUND('',#2669,.T.);
#2830=FACE_BOUND('',#2670,.T.);
#2831=FACE_BOUND('',#2671,.T.);
#2832=FACE_BOUND('',#2672,.T.);
#2833=FACE_BOUND('',#2673,.T.);
#2834=FACE_BOUND('',#2674,.T.);
#2835=FACE_BOUND('',#2675,.T.);
#2836=FACE_BOUND('',#2676,.T.);
#2837=FACE_BOUND('',#2677,.T.);
#2838=FACE_BOUND('',#2678,.T.);
#2839=FACE_BOUND('',#2679,.T.);
#2840=FACE_BOUND('',#2680,.T.);
#2841=FACE_BOUND('',#2681,.T.);
#2842=FACE_BOUND('',#2682,.T.);
#2843=FACE_BOUND('',#2683,.T.);
#2844=FACE_BOUND('',#2684,.T.);
#2845=FACE_BOUND('',#2685,.T.);
#2846=FACE_BOUND('',#2686,.T.);
#2847=FACE_BOUND('',#2687,.T.);
#2848=FACE_BOUND('',#2688,.T.);
#2849=FACE_BOUND('',#2689,.T.);
#2850=FACE_BOUND('',#2690,.T.);
#2851=FACE_BOUND('',#2691,.T.);
#2852=FACE_BOUND('',#2692,.T.);
#2853=FACE_BOUND('',#2693,.T.);
#2854=FACE_BOUND('',#2694,.T.);
#2855=FACE_BOUND('',#2695,.T.);
#2856=FACE_BOUND('',#2696,.T.);
#2857=FACE_BOUND('',#2697,.T.);
#2858=FACE_BOUND('',#2698,.T.);
#2859=FACE_BOUND('',#2699,.T.);
#2860=FACE_BOUND('',#2700,.T.);
#2861=FACE_BOUND('',#2701,.T.);
#2862=FACE_BOUND('',#2702,.T.);
#2863=FACE_BOUND('',#2703,.T.);
#2864=FACE_BOUND('',#2704,.T.);
#2865=FACE_BOUND('',#2705,.T.);
#2866=FACE_BOUND('',#2706,.T.);
#2867=FACE_BOUND('',#2707,.T.);
#2868=FACE_BOUND('',#2708,.T.);
#2869=FACE_BOUND('',#2709,.T.);
#2870=FACE_BOUND('',#2710,.T.);
#2871=FACE_BOUND('',#2711,.T.);
#2872=FACE_BOUND('',#2712,.T.);
#2873=FACE_BOUND('',#2713,.T.);
#2874=FACE_BOUND('',#2714,.T.);
#2875=FACE_BOUND('',#2715,.T.);
#2876=PLANE('',#3149);
#2877=PLANE('',#3153);
#2878=PLANE('',#3204);
#2879=PLANE('',#3206);
#2880=PLANE('',#3258);
#2881=PLANE('',#3259);
#2882=PLANE('',#3261);
#2883=PLANE('',#3262);
#2884=PLANE('',#3264);
#2885=PLANE('',#3265);
#2886=PLANE('',#3267);
#2887=PLANE('',#3268);
#2888=PLANE('',#3270);
#2889=PLANE('',#3271);
#2890=PLANE('',#3273);
#2891=PLANE('',#3274);
#2892=PLANE('',#3276);
#2893=PLANE('',#3277);
#2894=PLANE('',#3279);
#2895=PLANE('',#3280);
#2896=PLANE('',#3282);
#2897=PLANE('',#3283);
#2898=PLANE('',#3285);
#2899=PLANE('',#3286);
#2900=PLANE('',#3288);
#2901=PLANE('',#3289);
#2902=PLANE('',#3291);
#2903=PLANE('',#3292);
#2904=PLANE('',#3294);
#2905=PLANE('',#3295);
#2906=PLANE('',#3297);
#2907=PLANE('',#3298);
#2908=PLANE('',#3300);
#2909=PLANE('',#3301);
#2910=PLANE('',#3303);
#2911=PLANE('',#3304);
#2912=PLANE('',#3306);
#2913=PLANE('',#3307);
#2914=PLANE('',#3309);
#2915=PLANE('',#3310);
#2916=PLANE('',#3312);
#2917=PLANE('',#3313);
#2918=PLANE('',#3315);
#2919=PLANE('',#3316);
#2920=PLANE('',#3318);
#2921=PLANE('',#3319);
#2922=PLANE('',#3321);
#2923=PLANE('',#3322);
#2924=PLANE('',#3324);
#2925=PLANE('',#3325);
#2926=PLANE('',#3327);
#2927=PLANE('',#3328);
#2928=PLANE('',#3330);
#2929=PLANE('',#3331);
#2930=PLANE('',#3333);
#2931=PLANE('',#3334);
#2932=PLANE('',#3336);
#2933=PLANE('',#3337);
#2934=PLANE('',#3339);
#2935=PLANE('',#3340);
#2936=PLANE('',#3342);
#2937=PLANE('',#3343);
#2938=PLANE('',#3345);
#2939=PLANE('',#3346);
#2940=PLANE('',#3348);
#2941=PLANE('',#3349);
#2942=PLANE('',#3351);
#2943=PLANE('',#3352);
#2944=PLANE('',#3354);
#2945=PLANE('',#3355);
#2946=PLANE('',#3357);
#2947=PLANE('',#3358);
#2948=PLANE('',#3360);
#2949=PLANE('',#3361);
#2950=PLANE('',#3363);
#2951=PLANE('',#3364);
#2952=PLANE('',#3366);
#2953=PLANE('',#3367);
#2954=PLANE('',#3369);
#2955=PLANE('',#3370);
#2956=PLANE('',#3372);
#2957=PLANE('',#3373);
#2958=PLANE('',#3375);
#2959=PLANE('',#3376);
#2960=PLANE('',#3378);
#2961=PLANE('',#3379);
#2962=PLANE('',#3381);
#2963=PLANE('',#3382);
#2964=PLANE('',#3384);
#2965=PLANE('',#3385);
#2966=PLANE('',#3387);
#2967=PLANE('',#3388);
#2968=PLANE('',#3390);
#2969=PLANE('',#3391);
#2970=PLANE('',#3393);
#2971=PLANE('',#3394);
#2972=PLANE('',#3396);
#2973=PLANE('',#3397);
#2974=PLANE('',#3399);
#2975=PLANE('',#3400);
#2976=PLANE('',#3402);
#2977=PLANE('',#3403);
#2978=PLANE('',#3405);
#2979=PLANE('',#3406);
#2980=ADVANCED_FACE('',(#2716),#2876,.F.);
#2981=ADVANCED_FACE('',(#2717),#117,.F.);
#2982=ADVANCED_FACE('',(#2718,#2719),#2877,.F.);
#2983=ADVANCED_FACE('',(#2720,#2721),#2878,.F.);
#2984=ADVANCED_FACE('',(#2722,#2723),#2879,.T.);
#2985=ADVANCED_FACE('',(#2724),#2880,.T.);
#2986=ADVANCED_FACE('',(#2725),#2881,.T.);
#2987=ADVANCED_FACE('',(#2726),#118,.T.);
#2988=ADVANCED_FACE('',(#2727),#2882,.T.);
#2989=ADVANCED_FACE('',(#2728),#2883,.T.);
#2990=ADVANCED_FACE('',(#2729),#119,.T.);
#2991=ADVANCED_FACE('',(#2730),#2884,.T.);
#2992=ADVANCED_FACE('',(#2731),#2885,.T.);
#2993=ADVANCED_FACE('',(#2732),#120,.T.);
#2994=ADVANCED_FACE('',(#2733),#2886,.T.);
#2995=ADVANCED_FACE('',(#2734),#2887,.T.);
#2996=ADVANCED_FACE('',(#2735),#121,.T.);
#2997=ADVANCED_FACE('',(#2736),#2888,.T.);
#2998=ADVANCED_FACE('',(#2737),#2889,.T.);
#2999=ADVANCED_FACE('',(#2738),#122,.T.);
#3000=ADVANCED_FACE('',(#2739),#2890,.T.);
#3001=ADVANCED_FACE('',(#2740),#2891,.T.);
#3002=ADVANCED_FACE('',(#2741),#123,.T.);
#3003=ADVANCED_FACE('',(#2742),#2892,.T.);
#3004=ADVANCED_FACE('',(#2743),#2893,.T.);
#3005=ADVANCED_FACE('',(#2744),#124,.T.);
#3006=ADVANCED_FACE('',(#2745),#2894,.T.);
#3007=ADVANCED_FACE('',(#2746),#2895,.T.);
#3008=ADVANCED_FACE('',(#2747),#125,.T.);
#3009=ADVANCED_FACE('',(#2748),#2896,.T.);
#3010=ADVANCED_FACE('',(#2749),#2897,.T.);
#3011=ADVANCED_FACE('',(#2750),#126,.T.);
#3012=ADVANCED_FACE('',(#2751),#2898,.T.);
#3013=ADVANCED_FACE('',(#2752),#2899,.T.);
#3014=ADVANCED_FACE('',(#2753),#127,.T.);
#3015=ADVANCED_FACE('',(#2754),#2900,.T.);
#3016=ADVANCED_FACE('',(#2755),#2901,.T.);
#3017=ADVANCED_FACE('',(#2756),#128,.T.);
#3018=ADVANCED_FACE('',(#2757),#2902,.T.);
#3019=ADVANCED_FACE('',(#2758),#2903,.T.);
#3020=ADVANCED_FACE('',(#2759),#129,.T.);
#3021=ADVANCED_FACE('',(#2760),#2904,.T.);
#3022=ADVANCED_FACE('',(#2761),#2905,.T.);
#3023=ADVANCED_FACE('',(#2762),#130,.T.);
#3024=ADVANCED_FACE('',(#2763),#2906,.T.);
#3025=ADVANCED_FACE('',(#2764),#2907,.T.);
#3026=ADVANCED_FACE('',(#2765),#131,.T.);
#3027=ADVANCED_FACE('',(#2766),#2908,.T.);
#3028=ADVANCED_FACE('',(#2767),#2909,.T.);
#3029=ADVANCED_FACE('',(#2768),#132,.T.);
#3030=ADVANCED_FACE('',(#2769),#2910,.T.);
#3031=ADVANCED_FACE('',(#2770),#2911,.T.);
#3032=ADVANCED_FACE('',(#2771),#133,.T.);
#3033=ADVANCED_FACE('',(#2772),#2912,.T.);
#3034=ADVANCED_FACE('',(#2773),#2913,.T.);
#3035=ADVANCED_FACE('',(#2774),#134,.T.);
#3036=ADVANCED_FACE('',(#2775),#2914,.T.);
#3037=ADVANCED_FACE('',(#2776),#2915,.T.);
#3038=ADVANCED_FACE('',(#2777),#135,.T.);
#3039=ADVANCED_FACE('',(#2778),#2916,.T.);
#3040=ADVANCED_FACE('',(#2779),#2917,.T.);
#3041=ADVANCED_FACE('',(#2780),#136,.T.);
#3042=ADVANCED_FACE('',(#2781),#2918,.T.);
#3043=ADVANCED_FACE('',(#2782),#2919,.T.);
#3044=ADVANCED_FACE('',(#2783),#137,.T.);
#3045=ADVANCED_FACE('',(#2784),#2920,.T.);
#3046=ADVANCED_FACE('',(#2785),#2921,.T.);
#3047=ADVANCED_FACE('',(#2786),#138,.T.);
#3048=ADVANCED_FACE('',(#2787),#2922,.T.);
#3049=ADVANCED_FACE('',(#2788),#2923,.T.);
#3050=ADVANCED_FACE('',(#2789),#139,.T.);
#3051=ADVANCED_FACE('',(#2790),#2924,.T.);
#3052=ADVANCED_FACE('',(#2791),#2925,.T.);
#3053=ADVANCED_FACE('',(#2792),#140,.T.);
#3054=ADVANCED_FACE('',(#2793),#2926,.T.);
#3055=ADVANCED_FACE('',(#2794),#2927,.T.);
#3056=ADVANCED_FACE('',(#2795),#141,.T.);
#3057=ADVANCED_FACE('',(#2796),#2928,.T.);
#3058=ADVANCED_FACE('',(#2797),#2929,.T.);
#3059=ADVANCED_FACE('',(#2798),#142,.T.);
#3060=ADVANCED_FACE('',(#2799),#2930,.T.);
#3061=ADVANCED_FACE('',(#2800),#2931,.T.);
#3062=ADVANCED_FACE('',(#2801),#143,.T.);
#3063=ADVANCED_FACE('',(#2802),#2932,.T.);
#3064=ADVANCED_FACE('',(#2803),#2933,.T.);
#3065=ADVANCED_FACE('',(#2804),#144,.T.);
#3066=ADVANCED_FACE('',(#2805),#2934,.T.);
#3067=ADVANCED_FACE('',(#2806),#2935,.T.);
#3068=ADVANCED_FACE('',(#2807),#145,.T.);
#3069=ADVANCED_FACE('',(#2808),#2936,.T.);
#3070=ADVANCED_FACE('',(#2809),#2937,.T.);
#3071=ADVANCED_FACE('',(#2810),#146,.T.);
#3072=ADVANCED_FACE('',(#2811),#2938,.T.);
#3073=ADVANCED_FACE('',(#2812),#2939,.T.);
#3074=ADVANCED_FACE('',(#2813),#147,.T.);
#3075=ADVANCED_FACE('',(#2814),#2940,.T.);
#3076=ADVANCED_FACE('',(#2815),#2941,.T.);
#3077=ADVANCED_FACE('',(#2816),#148,.T.);
#3078=ADVANCED_FACE('',(#2817),#2942,.T.);
#3079=ADVANCED_FACE('',(#2818),#2943,.T.);
#3080=ADVANCED_FACE('',(#2819),#149,.T.);
#3081=ADVANCED_FACE('',(#2820),#2944,.T.);
#3082=ADVANCED_FACE('',(#2821),#2945,.T.);
#3083=ADVANCED_FACE('',(#2822),#150,.T.);
#3084=ADVANCED_FACE('',(#2823),#2946,.T.);
#3085=ADVANCED_FACE('',(#2824),#2947,.T.);
#3086=ADVANCED_FACE('',(#2825),#151,.T.);
#3087=ADVANCED_FACE('',(#2826),#2948,.T.);
#3088=ADVANCED_FACE('',(#2827),#2949,.T.);
#3089=ADVANCED_FACE('',(#2828),#152,.T.);
#3090=ADVANCED_FACE('',(#2829),#2950,.T.);
#3091=ADVANCED_FACE('',(#2830),#2951,.T.);
#3092=ADVANCED_FACE('',(#2831),#153,.T.);
#3093=ADVANCED_FACE('',(#2832),#2952,.T.);
#3094=ADVANCED_FACE('',(#2833),#2953,.T.);
#3095=ADVANCED_FACE('',(#2834),#154,.T.);
#3096=ADVANCED_FACE('',(#2835),#2954,.T.);
#3097=ADVANCED_FACE('',(#2836),#2955,.T.);
#3098=ADVANCED_FACE('',(#2837),#155,.T.);
#3099=ADVANCED_FACE('',(#2838),#2956,.T.);
#3100=ADVANCED_FACE('',(#2839),#2957,.T.);
#3101=ADVANCED_FACE('',(#2840),#156,.T.);
#3102=ADVANCED_FACE('',(#2841),#2958,.T.);
#3103=ADVANCED_FACE('',(#2842),#2959,.T.);
#3104=ADVANCED_FACE('',(#2843),#157,.T.);
#3105=ADVANCED_FACE('',(#2844),#2960,.T.);
#3106=ADVANCED_FACE('',(#2845),#2961,.T.);
#3107=ADVANCED_FACE('',(#2846),#158,.T.);
#3108=ADVANCED_FACE('',(#2847),#2962,.T.);
#3109=ADVANCED_FACE('',(#2848),#2963,.T.);
#3110=ADVANCED_FACE('',(#2849),#159,.T.);
#3111=ADVANCED_FACE('',(#2850),#2964,.T.);
#3112=ADVANCED_FACE('',(#2851),#2965,.T.);
#3113=ADVANCED_FACE('',(#2852),#160,.T.);
#3114=ADVANCED_FACE('',(#2853),#2966,.T.);
#3115=ADVANCED_FACE('',(#2854),#2967,.T.);
#3116=ADVANCED_FACE('',(#2855),#161,.T.);
#3117=ADVANCED_FACE('',(#2856),#2968,.T.);
#3118=ADVANCED_FACE('',(#2857),#2969,.T.);
#3119=ADVANCED_FACE('',(#2858),#162,.T.);
#3120=ADVANCED_FACE('',(#2859),#2970,.T.);
#3121=ADVANCED_FACE('',(#2860),#2971,.T.);
#3122=ADVANCED_FACE('',(#2861),#163,.T.);
#3123=ADVANCED_FACE('',(#2862),#2972,.T.);
#3124=ADVANCED_FACE('',(#2863),#2973,.T.);
#3125=ADVANCED_FACE('',(#2864),#164,.T.);
#3126=ADVANCED_FACE('',(#2865),#2974,.T.);
#3127=ADVANCED_FACE('',(#2866),#2975,.T.);
#3128=ADVANCED_FACE('',(#2867),#165,.T.);
#3129=ADVANCED_FACE('',(#2868),#2976,.T.);
#3130=ADVANCED_FACE('',(#2869),#2977,.T.);
#3131=ADVANCED_FACE('',(#2870),#166,.T.);
#3132=ADVANCED_FACE('',(#2871),#2978,.T.);
#3133=ADVANCED_FACE('',(#2872),#2979,.T.);
#3134=ADVANCED_FACE('',(#2873),#167,.T.);
#3135=ADVANCED_FACE('',(#2874,#2875),#12,.F.);
#3136=CLOSED_SHELL('',(#2980,#2981,#2982,#2983,#2984,#2985,#2986,#2987,
#2988,#2989,#2990,#2991,#2992,#2993,#2994,#2995,#2996,#2997,#2998,#2999,
#3000,#3001,#3002,#3003,#3004,#3005,#3006,#3007,#3008,#3009,#3010,#3011,
#3012,#3013,#3014,#3015,#3016,#3017,#3018,#3019,#3020,#3021,#3022,#3023,
#3024,#3025,#3026,#3027,#3028,#3029,#3030,#3031,#3032,#3033,#3034,#3035,
#3036,#3037,#3038,#3039,#3040,#3041,#3042,#3043,#3044,#3045,#3046,#3047,
#3048,#3049,#3050,#3051,#3052,#3053,#3054,#3055,#3056,#3057,#3058,#3059,
#3060,#3061,#3062,#3063,#3064,#3065,#3066,#3067,#3068,#3069,#3070,#3071,
#3072,#3073,#3074,#3075,#3076,#3077,#3078,#3079,#3080,#3081,#3082,#3083,
#3084,#3085,#3086,#3087,#3088,#3089,#3090,#3091,#3092,#3093,#3094,#3095,
#3096,#3097,#3098,#3099,#3100,#3101,#3102,#3103,#3104,#3105,#3106,#3107,
#3108,#3109,#3110,#3111,#3112,#3113,#3114,#3115,#3116,#3117,#3118,#3119,
#3120,#3121,#3122,#3123,#3124,#3125,#3126,#3127,#3128,#3129,#3130,#3131,
#3132,#3133,#3134,#3135));
#3137=STYLED_ITEM('',(#3138),#3145);
#3138=PRESENTATION_STYLE_ASSIGNMENT((#3139));
#3139=SURFACE_STYLE_USAGE(.BOTH.,#3140);
#3140=SURFACE_SIDE_STYLE('',(#3141));
#3141=SURFACE_STYLE_FILL_AREA(#3142);
#3142=FILL_AREA_STYLE('',(#3143));
#3143=FILL_AREA_STYLE_COLOUR('',#3144);
#3144=COLOUR_RGB('',0.231372549019608,0.380392156862745,0.705882352941177);
#3145=MANIFOLD_SOLID_BREP('Dial',#3136);
#3146=SHAPE_DEFINITION_REPRESENTATION(#5212,#3147);
#3147=SHAPE_REPRESENTATION('Dial',(#3148),#5207);
#3148=AXIS2_PLACEMENT_3D('',#4285,#3409,#3410);
#3149=AXIS2_PLACEMENT_3D('',#4286,#3411,#3412);
#3150=AXIS2_PLACEMENT_3D('',#4295,#3417,#3418);
#3151=AXIS2_PLACEMENT_3D('',#4296,#3419,#3420);
#3152=AXIS2_PLACEMENT_3D('',#4297,#3421,#3422);
#3153=AXIS2_PLACEMENT_3D('',#4298,#3423,#3424);
#3154=AXIS2_PLACEMENT_3D('',#4302,#3426,#3427);
#3155=AXIS2_PLACEMENT_3D('',#4308,#3430,#3431);
#3156=AXIS2_PLACEMENT_3D('',#4314,#3434,#3435);
#3157=AXIS2_PLACEMENT_3D('',#4320,#3438,#3439);
#3158=AXIS2_PLACEMENT_3D('',#4326,#3442,#3443);
#3159=AXIS2_PLACEMENT_3D('',#4332,#3446,#3447);
#3160=AXIS2_PLACEMENT_3D('',#4338,#3450,#3451);
#3161=AXIS2_PLACEMENT_3D('',#4344,#3454,#3455);
#3162=AXIS2_PLACEMENT_3D('',#4350,#3458,#3459);
#3163=AXIS2_PLACEMENT_3D('',#4356,#3462,#3463);
#3164=AXIS2_PLACEMENT_3D('',#4362,#3466,#3467);
#3165=AXIS2_PLACEMENT_3D('',#4368,#3470,#3471);
#3166=AXIS2_PLACEMENT_3D('',#4374,#3474,#3475);
#3167=AXIS2_PLACEMENT_3D('',#4380,#3478,#3479);
#3168=AXIS2_PLACEMENT_3D('',#4386,#3482,#3483);
#3169=AXIS2_PLACEMENT_3D('',#4392,#3486,#3487);
#3170=AXIS2_PLACEMENT_3D('',#4398,#3490,#3491);
#3171=AXIS2_PLACEMENT_3D('',#4404,#3494,#3495);
#3172=AXIS2_PLACEMENT_3D('',#4410,#3498,#3499);
#3173=AXIS2_PLACEMENT_3D('',#4416,#3502,#3503);
#3174=AXIS2_PLACEMENT_3D('',#4422,#3506,#3507);
#3175=AXIS2_PLACEMENT_3D('',#4428,#3510,#3511);
#3176=AXIS2_PLACEMENT_3D('',#4434,#3514,#3515);
#3177=AXIS2_PLACEMENT_3D('',#4440,#3518,#3519);
#3178=AXIS2_PLACEMENT_3D('',#4446,#3522,#3523);
#3179=AXIS2_PLACEMENT_3D('',#4452,#3526,#3527);
#3180=AXIS2_PLACEMENT_3D('',#4458,#3530,#3531);
#3181=AXIS2_PLACEMENT_3D('',#4464,#3534,#3535);
#3182=AXIS2_PLACEMENT_3D('',#4470,#3538,#3539);
#3183=AXIS2_PLACEMENT_3D('',#4476,#3542,#3543);
#3184=AXIS2_PLACEMENT_3D('',#4482,#3546,#3547);
#3185=AXIS2_PLACEMENT_3D('',#4488,#3550,#3551);
#3186=AXIS2_PLACEMENT_3D('',#4494,#3554,#3555);
#3187=AXIS2_PLACEMENT_3D('',#4500,#3558,#3559);
#3188=AXIS2_PLACEMENT_3D('',#4506,#3562,#3563);
#3189=AXIS2_PLACEMENT_3D('',#4512,#3566,#3567);
#3190=AXIS2_PLACEMENT_3D('',#4518,#3570,#3571);
#3191=AXIS2_PLACEMENT_3D('',#4524,#3574,#3575);
#3192=AXIS2_PLACEMENT_3D('',#4530,#3578,#3579);
#3193=AXIS2_PLACEMENT_3D('',#4536,#3582,#3583);
#3194=AXIS2_PLACEMENT_3D('',#4542,#3586,#3587);
#3195=AXIS2_PLACEMENT_3D('',#4548,#3590,#3591);
#3196=AXIS2_PLACEMENT_3D('',#4554,#3594,#3595);
#3197=AXIS2_PLACEMENT_3D('',#4560,#3598,#3599);
#3198=AXIS2_PLACEMENT_3D('',#4566,#3602,#3603);
#3199=AXIS2_PLACEMENT_3D('',#4572,#3606,#3607);
#3200=AXIS2_PLACEMENT_3D('',#4578,#3610,#3611);
#3201=AXIS2_PLACEMENT_3D('',#4584,#3614,#3615);
#3202=AXIS2_PLACEMENT_3D('',#4590,#3618,#3619);
#3203=AXIS2_PLACEMENT_3D('',#4596,#3622,#3623);
#3204=AXIS2_PLACEMENT_3D('',#4599,#3625,#3626);
#3205=AXIS2_PLACEMENT_3D('',#4600,#3627,#3628);
#3206=AXIS2_PLACEMENT_3D('',#4602,#3629,#3630);
#3207=AXIS2_PLACEMENT_3D('',#4603,#3631,#3632);
#3208=AXIS2_PLACEMENT_3D('',#4608,#3634,#3635);
#3209=AXIS2_PLACEMENT_3D('',#4614,#3638,#3639);
#3210=AXIS2_PLACEMENT_3D('',#4620,#3642,#3643);
#3211=AXIS2_PLACEMENT_3D('',#4626,#3646,#3647);
#3212=AXIS2_PLACEMENT_3D('',#4632,#3650,#3651);
#3213=AXIS2_PLACEMENT_3D('',#4638,#3654,#3655);
#3214=AXIS2_PLACEMENT_3D('',#4644,#3658,#3659);
#3215=AXIS2_PLACEMENT_3D('',#4650,#3662,#3663);
#3216=AXIS2_PLACEMENT_3D('',#4656,#3666,#3667);
#3217=AXIS2_PLACEMENT_3D('',#4662,#3670,#3671);
#3218=AXIS2_PLACEMENT_3D('',#4668,#3674,#3675);
#3219=AXIS2_PLACEMENT_3D('',#4674,#3678,#3679);
#3220=AXIS2_PLACEMENT_3D('',#4680,#3682,#3683);
#3221=AXIS2_PLACEMENT_3D('',#4686,#3686,#3687);
#3222=AXIS2_PLACEMENT_3D('',#4692,#3690,#3691);
#3223=AXIS2_PLACEMENT_3D('',#4698,#3694,#3695);
#3224=AXIS2_PLACEMENT_3D('',#4704,#3698,#3699);
#3225=AXIS2_PLACEMENT_3D('',#4710,#3702,#3703);
#3226=AXIS2_PLACEMENT_3D('',#4716,#3706,#3707);
#3227=AXIS2_PLACEMENT_3D('',#4722,#3710,#3711);
#3228=AXIS2_PLACEMENT_3D('',#4728,#3714,#3715);
#3229=AXIS2_PLACEMENT_3D('',#4734,#3718,#3719);
#3230=AXIS2_PLACEMENT_3D('',#4740,#3722,#3723);
#3231=AXIS2_PLACEMENT_3D('',#4746,#3726,#3727);
#3232=AXIS2_PLACEMENT_3D('',#4752,#3730,#3731);
#3233=AXIS2_PLACEMENT_3D('',#4758,#3734,#3735);
#3234=AXIS2_PLACEMENT_3D('',#4764,#3738,#3739);
#3235=AXIS2_PLACEMENT_3D('',#4770,#3742,#3743);
#3236=AXIS2_PLACEMENT_3D('',#4776,#3746,#3747);
#3237=AXIS2_PLACEMENT_3D('',#4782,#3750,#3751);
#3238=AXIS2_PLACEMENT_3D('',#4788,#3754,#3755);
#3239=AXIS2_PLACEMENT_3D('',#4794,#3758,#3759);
#3240=AXIS2_PLACEMENT_3D('',#4800,#3762,#3763);
#3241=AXIS2_PLACEMENT_3D('',#4806,#3766,#3767);
#3242=AXIS2_PLACEMENT_3D('',#4812,#3770,#3771);
#3243=AXIS2_PLACEMENT_3D('',#4818,#3774,#3775);
#3244=AXIS2_PLACEMENT_3D('',#4824,#3778,#3779);
#3245=AXIS2_PLACEMENT_3D('',#4830,#3782,#3783);
#3246=AXIS2_PLACEMENT_3D('',#4836,#3786,#3787);
#3247=AXIS2_PLACEMENT_3D('',#4842,#3790,#3791);
#3248=AXIS2_PLACEMENT_3D('',#4848,#3794,#3795);
#3249=AXIS2_PLACEMENT_3D('',#4854,#3798,#3799);
#3250=AXIS2_PLACEMENT_3D('',#4860,#3802,#3803);
#3251=AXIS2_PLACEMENT_3D('',#4866,#3806,#3807);
#3252=AXIS2_PLACEMENT_3D('',#4872,#3810,#3811);
#3253=AXIS2_PLACEMENT_3D('',#4878,#3814,#3815);
#3254=AXIS2_PLACEMENT_3D('',#4884,#3818,#3819);
#3255=AXIS2_PLACEMENT_3D('',#4890,#3822,#3823);
#3256=AXIS2_PLACEMENT_3D('',#4896,#3826,#3827);
#3257=AXIS2_PLACEMENT_3D('',#4902,#3830,#3831);
#3258=AXIS2_PLACEMENT_3D('',#4905,#3833,#3834);
#3259=AXIS2_PLACEMENT_3D('',#4908,#3837,#3838);
#3260=AXIS2_PLACEMENT_3D('',#4911,#3841,#3842);
#3261=AXIS2_PLACEMENT_3D('',#4912,#3843,#3844);
#3262=AXIS2_PLACEMENT_3D('',#4914,#3846,#3847);
#3263=AXIS2_PLACEMENT_3D('',#4917,#3850,#3851);
#3264=AXIS2_PLACEMENT_3D('',#4918,#3852,#3853);
#3265=AXIS2_PLACEMENT_3D('',#4920,#3855,#3856);
#3266=AXIS2_PLACEMENT_3D('',#4923,#3859,#3860);
#3267=AXIS2_PLACEMENT_3D('',#4924,#3861,#3862);
#3268=AXIS2_PLACEMENT_3D('',#4926,#3864,#3865);
#3269=AXIS2_PLACEMENT_3D('',#4929,#3868,#3869);
#3270=AXIS2_PLACEMENT_3D('',#4930,#3870,#3871);
#3271=AXIS2_PLACEMENT_3D('',#4932,#3873,#3874);
#3272=AXIS2_PLACEMENT_3D('',#4935,#3877,#3878);
#3273=AXIS2_PLACEMENT_3D('',#4936,#3879,#3880);
#3274=AXIS2_PLACEMENT_3D('',#4938,#3882,#3883);
#3275=AXIS2_PLACEMENT_3D('',#4941,#3886,#3887);
#3276=AXIS2_PLACEMENT_3D('',#4942,#3888,#3889);
#3277=AXIS2_PLACEMENT_3D('',#4944,#3891,#3892);
#3278=AXIS2_PLACEMENT_3D('',#4947,#3895,#3896);
#3279=AXIS2_PLACEMENT_3D('',#4948,#3897,#3898);
#3280=AXIS2_PLACEMENT_3D('',#4950,#3900,#3901);
#3281=AXIS2_PLACEMENT_3D('',#4953,#3904,#3905);
#3282=AXIS2_PLACEMENT_3D('',#4954,#3906,#3907);
#3283=AXIS2_PLACEMENT_3D('',#4956,#3909,#3910);
#3284=AXIS2_PLACEMENT_3D('',#4959,#3913,#3914);
#3285=AXIS2_PLACEMENT_3D('',#4960,#3915,#3916);
#3286=AXIS2_PLACEMENT_3D('',#4962,#3918,#3919);
#3287=AXIS2_PLACEMENT_3D('',#4965,#3922,#3923);
#3288=AXIS2_PLACEMENT_3D('',#4966,#3924,#3925);
#3289=AXIS2_PLACEMENT_3D('',#4968,#3927,#3928);
#3290=AXIS2_PLACEMENT_3D('',#4971,#3931,#3932);
#3291=AXIS2_PLACEMENT_3D('',#4972,#3933,#3934);
#3292=AXIS2_PLACEMENT_3D('',#4974,#3936,#3937);
#3293=AXIS2_PLACEMENT_3D('',#4977,#3940,#3941);
#3294=AXIS2_PLACEMENT_3D('',#4978,#3942,#3943);
#3295=AXIS2_PLACEMENT_3D('',#4980,#3945,#3946);
#3296=AXIS2_PLACEMENT_3D('',#4983,#3949,#3950);
#3297=AXIS2_PLACEMENT_3D('',#4984,#3951,#3952);
#3298=AXIS2_PLACEMENT_3D('',#4986,#3954,#3955);
#3299=AXIS2_PLACEMENT_3D('',#4989,#3958,#3959);
#3300=AXIS2_PLACEMENT_3D('',#4990,#3960,#3961);
#3301=AXIS2_PLACEMENT_3D('',#4992,#3963,#3964);
#3302=AXIS2_PLACEMENT_3D('',#4995,#3967,#3968);
#3303=AXIS2_PLACEMENT_3D('',#4996,#3969,#3970);
#3304=AXIS2_PLACEMENT_3D('',#4998,#3972,#3973);
#3305=AXIS2_PLACEMENT_3D('',#5001,#3976,#3977);
#3306=AXIS2_PLACEMENT_3D('',#5002,#3978,#3979);
#3307=AXIS2_PLACEMENT_3D('',#5004,#3981,#3982);
#3308=AXIS2_PLACEMENT_3D('',#5007,#3985,#3986);
#3309=AXIS2_PLACEMENT_3D('',#5008,#3987,#3988);
#3310=AXIS2_PLACEMENT_3D('',#5010,#3990,#3991);
#3311=AXIS2_PLACEMENT_3D('',#5013,#3994,#3995);
#3312=AXIS2_PLACEMENT_3D('',#5014,#3996,#3997);
#3313=AXIS2_PLACEMENT_3D('',#5016,#3999,#4000);
#3314=AXIS2_PLACEMENT_3D('',#5019,#4003,#4004);
#3315=AXIS2_PLACEMENT_3D('',#5020,#4005,#4006);
#3316=AXIS2_PLACEMENT_3D('',#5022,#4008,#4009);
#3317=AXIS2_PLACEMENT_3D('',#5025,#4012,#4013);
#3318=AXIS2_PLACEMENT_3D('',#5026,#4014,#4015);
#3319=AXIS2_PLACEMENT_3D('',#5028,#4017,#4018);
#3320=AXIS2_PLACEMENT_3D('',#5031,#4021,#4022);
#3321=AXIS2_PLACEMENT_3D('',#5032,#4023,#4024);
#3322=AXIS2_PLACEMENT_3D('',#5034,#4026,#4027);
#3323=AXIS2_PLACEMENT_3D('',#5037,#4030,#4031);
#3324=AXIS2_PLACEMENT_3D('',#5038,#4032,#4033);
#3325=AXIS2_PLACEMENT_3D('',#5040,#4035,#4036);
#3326=AXIS2_PLACEMENT_3D('',#5043,#4039,#4040);
#3327=AXIS2_PLACEMENT_3D('',#5044,#4041,#4042);
#3328=AXIS2_PLACEMENT_3D('',#5046,#4044,#4045);
#3329=AXIS2_PLACEMENT_3D('',#5049,#4048,#4049);
#3330=AXIS2_PLACEMENT_3D('',#5050,#4050,#4051);
#3331=AXIS2_PLACEMENT_3D('',#5052,#4053,#4054);
#3332=AXIS2_PLACEMENT_3D('',#5055,#4057,#4058);
#3333=AXIS2_PLACEMENT_3D('',#5056,#4059,#4060);
#3334=AXIS2_PLACEMENT_3D('',#5058,#4062,#4063);
#3335=AXIS2_PLACEMENT_3D('',#5061,#4066,#4067);
#3336=AXIS2_PLACEMENT_3D('',#5062,#4068,#4069);
#3337=AXIS2_PLACEMENT_3D('',#5064,#4071,#4072);
#3338=AXIS2_PLACEMENT_3D('',#5067,#4075,#4076);
#3339=AXIS2_PLACEMENT_3D('',#5068,#4077,#4078);
#3340=AXIS2_PLACEMENT_3D('',#5070,#4080,#4081);
#3341=AXIS2_PLACEMENT_3D('',#5073,#4084,#4085);
#3342=AXIS2_PLACEMENT_3D('',#5074,#4086,#4087);
#3343=AXIS2_PLACEMENT_3D('',#5076,#4089,#4090);
#3344=AXIS2_PLACEMENT_3D('',#5079,#4093,#4094);
#3345=AXIS2_PLACEMENT_3D('',#5080,#4095,#4096);
#3346=AXIS2_PLACEMENT_3D('',#5082,#4098,#4099);
#3347=AXIS2_PLACEMENT_3D('',#5085,#4102,#4103);
#3348=AXIS2_PLACEMENT_3D('',#5086,#4104,#4105);
#3349=AXIS2_PLACEMENT_3D('',#5088,#4107,#4108);
#3350=AXIS2_PLACEMENT_3D('',#5091,#4111,#4112);
#3351=AXIS2_PLACEMENT_3D('',#5092,#4113,#4114);
#3352=AXIS2_PLACEMENT_3D('',#5094,#4116,#4117);
#3353=AXIS2_PLACEMENT_3D('',#5097,#4120,#4121);
#3354=AXIS2_PLACEMENT_3D('',#5098,#4122,#4123);
#3355=AXIS2_PLACEMENT_3D('',#5100,#4125,#4126);
#3356=AXIS2_PLACEMENT_3D('',#5103,#4129,#4130);
#3357=AXIS2_PLACEMENT_3D('',#5104,#4131,#4132);
#3358=AXIS2_PLACEMENT_3D('',#5106,#4134,#4135);
#3359=AXIS2_PLACEMENT_3D('',#5109,#4138,#4139);
#3360=AXIS2_PLACEMENT_3D('',#5110,#4140,#4141);
#3361=AXIS2_PLACEMENT_3D('',#5112,#4143,#4144);
#3362=AXIS2_PLACEMENT_3D('',#5115,#4147,#4148);
#3363=AXIS2_PLACEMENT_3D('',#5116,#4149,#4150);
#3364=AXIS2_PLACEMENT_3D('',#5118,#4152,#4153);
#3365=AXIS2_PLACEMENT_3D('',#5121,#4156,#4157);
#3366=AXIS2_PLACEMENT_3D('',#5122,#4158,#4159);
#3367=AXIS2_PLACEMENT_3D('',#5124,#4161,#4162);
#3368=AXIS2_PLACEMENT_3D('',#5127,#4165,#4166);
#3369=AXIS2_PLACEMENT_3D('',#5128,#4167,#4168);
#3370=AXIS2_PLACEMENT_3D('',#5130,#4170,#4171);
#3371=AXIS2_PLACEMENT_3D('',#5133,#4174,#4175);
#3372=AXIS2_PLACEMENT_3D('',#5134,#4176,#4177);
#3373=AXIS2_PLACEMENT_3D('',#5136,#4179,#4180);
#3374=AXIS2_PLACEMENT_3D('',#5139,#4183,#4184);
#3375=AXIS2_PLACEMENT_3D('',#5140,#4185,#4186);
#3376=AXIS2_PLACEMENT_3D('',#5142,#4188,#4189);
#3377=AXIS2_PLACEMENT_3D('',#5145,#4192,#4193);
#3378=AXIS2_PLACEMENT_3D('',#5146,#4194,#4195);
#3379=AXIS2_PLACEMENT_3D('',#5148,#4197,#4198);
#3380=AXIS2_PLACEMENT_3D('',#5151,#4201,#4202);
#3381=AXIS2_PLACEMENT_3D('',#5152,#4203,#4204);
#3382=AXIS2_PLACEMENT_3D('',#5154,#4206,#4207);
#3383=AXIS2_PLACEMENT_3D('',#5157,#4210,#4211);
#3384=AXIS2_PLACEMENT_3D('',#5158,#4212,#4213);
#3385=AXIS2_PLACEMENT_3D('',#5160,#4215,#4216);
#3386=AXIS2_PLACEMENT_3D('',#5163,#4219,#4220);
#3387=AXIS2_PLACEMENT_3D('',#5164,#4221,#4222);
#3388=AXIS2_PLACEMENT_3D('',#5166,#4224,#4225);
#3389=AXIS2_PLACEMENT_3D('',#5169,#4228,#4229);
#3390=AXIS2_PLACEMENT_3D('',#5170,#4230,#4231);
#3391=AXIS2_PLACEMENT_3D('',#5172,#4233,#4234);
#3392=AXIS2_PLACEMENT_3D('',#5175,#4237,#4238);
#3393=AXIS2_PLACEMENT_3D('',#5176,#4239,#4240);
#3394=AXIS2_PLACEMENT_3D('',#5178,#4242,#4243);
#3395=AXIS2_PLACEMENT_3D('',#5181,#4246,#4247);
#3396=AXIS2_PLACEMENT_3D('',#5182,#4248,#4249);
#3397=AXIS2_PLACEMENT_3D('',#5184,#4251,#4252);
#3398=AXIS2_PLACEMENT_3D('',#5187,#4255,#4256);
#3399=AXIS2_PLACEMENT_3D('',#5188,#4257,#4258);
#3400=AXIS2_PLACEMENT_3D('',#5190,#4260,#4261);
#3401=AXIS2_PLACEMENT_3D('',#5193,#4264,#4265);
#3402=AXIS2_PLACEMENT_3D('',#5194,#4266,#4267);
#3403=AXIS2_PLACEMENT_3D('',#5196,#4269,#4270);
#3404=AXIS2_PLACEMENT_3D('',#5199,#4273,#4274);
#3405=AXIS2_PLACEMENT_3D('',#5200,#4275,#4276);
#3406=AXIS2_PLACEMENT_3D('',#5202,#4278,#4279);
#3407=AXIS2_PLACEMENT_3D('',#5204,#4281,#4282);
#3408=AXIS2_PLACEMENT_3D('',#5205,#4283,#4284);
#3409=DIRECTION('',(0.,0.,1.));
#3410=DIRECTION('',(1.,0.,0.));
#3411=DIRECTION('',(0.,1.,-3.08148791101958E-32));
#3412=DIRECTION('',(0.,3.08148791101958E-32,1.));
#3413=DIRECTION('',(1.,1.11187011939836E-47,3.60822483003176E-16));
#3414=DIRECTION('',(3.60822483003176E-16,-3.08148791101958E-32,-1.));
#3415=DIRECTION('',(1.,1.11187011939836E-47,3.60822483003176E-16));
#3416=DIRECTION('',(3.60822483003176E-16,-3.08148791101958E-32,-1.));
#3417=DIRECTION('',(3.60822483003176E-16,-3.08148791101958E-32,-1.));
#3418=DIRECTION('',(-1.,0.,-3.60822483003176E-16));
#3419=DIRECTION('',(-3.60822483003176E-16,3.08148791101958E-32,1.));
#3420=DIRECTION('',(-1.,0.,-3.60822483003176E-16));
#3421=DIRECTION('',(-3.60822483003176E-16,3.08148791101958E-32,1.));
#3422=DIRECTION('',(-1.,0.,-3.60822483003176E-16));
#3423=DIRECTION('',(3.60822483003176E-16,-3.08148791101958E-32,-1.));
#3424=DIRECTION('',(1.,1.11187011939836E-47,3.60822483003176E-16));
#3425=DIRECTION('',(0.921863151588501,0.387515586452103,3.32628951345296E-16));
#3426=DIRECTION('',(3.60822483003176E-16,-3.08148791101958E-32,-1.));
#3427=DIRECTION('',(-1.,0.,-3.60822483003176E-16));
#3428=DIRECTION('',(-0.796529918024197,0.604599114862375,-2.87405902807806E-16));
#3429=DIRECTION('',(0.866025403784439,0.5,3.12481436537329E-16));
#3430=DIRECTION('',(3.60822483003176E-16,-3.08148791101958E-32,-1.));
#3431=DIRECTION('',(-1.,0.,-3.60822483003176E-16));
#3432=DIRECTION('',(-0.866025403784439,0.5,-3.12481436537329E-16));
#3433=DIRECTION('',(0.796529918024197,0.604599114862375,2.87405902807806E-16));
#3434=DIRECTION('',(3.60822483003176E-16,-3.08148791101958E-32,-1.));
#3435=DIRECTION('',(-1.,0.,-3.60822483003176E-16));
#3436=DIRECTION('',(-0.921863151588501,0.387515586452103,-3.32628951345296E-16));
#3437=DIRECTION('',(0.714472679632804,0.699663340513365,2.57797806303041E-16));
#3438=DIRECTION('',(3.60822483003176E-16,-3.08148791101958E-32,-1.));
#3439=DIRECTION('',(-1.,0.,-3.60822483003176E-16));
#3440=DIRECTION('',(-0.963162566797658,0.268919820615266,-3.47530708887643E-16));
#3441=DIRECTION('',(0.621147780278311,0.78369345732584,2.24124084391931E-16));
#3442=DIRECTION('',(3.60822483003176E-16,-3.08148791101958E-32,-1.));
#3443=DIRECTION('',(-1.,0.,-3.60822483003176E-16));
#3444=DIRECTION('',(-0.989272332962988,0.146083028562412,-3.5695169954605E-16));
#3445=DIRECTION('',(0.51802700937313,0.855364260160507,1.86915791784722E-16));
#3446=DIRECTION('',(3.60822483003176E-16,-3.08148791101958E-32,-1.));
#3447=DIRECTION('',(-1.,0.,-3.60822483003176E-16));
#3448=DIRECTION('',(-0.999780683474846,0.0209424198833571,-3.60743348670006E-16));
#3449=DIRECTION('',(0.4067366430758,0.913545457642601,1.46759725482987E-16));
#3450=DIRECTION('',(3.60822483003176E-16,-3.08148791101958E-32,-1.));
#3451=DIRECTION('',(-1.,0.,-3.60822483003176E-16));
#3452=DIRECTION('',(-0.994521895368274,-0.104528463267653,-3.58845859687805E-16));
#3453=DIRECTION('',(0.289031796944472,0.957319497532067,1.04289170640374E-16));
#3454=DIRECTION('',(3.60822483003176E-16,-3.08148791101958E-32,-1.));
#3455=DIRECTION('',(-1.,0.,-3.60822483003176E-16));
#3456=DIRECTION('',(-0.97357890287316,-0.228350870110656,-3.51289157134202E-16));
#3457=DIRECTION('',(0.166768746716103,0.985996037070505,6.01739132774318E-17));
#3458=DIRECTION('',(3.60822483003176E-16,-3.08148791101958E-32,-1.));
#3459=DIRECTION('',(-1.,0.,-3.60822483003176E-16));
#3460=DIRECTION('',(-0.937281989491892,-0.348572047321815,-3.38192414722621E-16));
#3461=DIRECTION('',(0.0418756537291999,0.999122830098858,1.5109677355951E-17));
#3462=DIRECTION('',(3.60822483003176E-16,-3.08148791101958E-32,-1.));
#3463=DIRECTION('',(-1.,0.,-3.60822483003176E-16));
#3464=DIRECTION('',(-0.886203579231215,-0.463296035119862,-3.19762175904509E-16));
#3465=DIRECTION('',(-0.0836778433323153,0.996492859249504,-3.01928472035167E-17));
#3466=DIRECTION('',(3.60822483003176E-16,-3.08148791101958E-32,-1.));
#3467=DIRECTION('',(-1.,0.,-3.60822483003176E-16));
#3468=DIRECTION('',(-0.821149209133704,-0.570713567684432,-2.96289096555718E-16));
#3469=DIRECTION('',(-0.207911690817759,0.978147600733806,-7.50192125262525E-17));
#3470=DIRECTION('',(3.60822483003176E-16,-3.08148791101958E-32,-1.));
#3471=DIRECTION('',(-1.,0.,-3.60822483003176E-16));
#3472=DIRECTION('',(-0.743144825477394,-0.669130606358858,-2.68143361159715E-16));
#3473=DIRECTION('',(-0.328866646738583,0.944376370237481,-1.18662480053144E-16));
#3474=DIRECTION('',(3.60822483003176E-16,-3.08148791101958E-32,-1.));
#3475=DIRECTION('',(-1.,0.,-3.60822483003176E-16));
#3476=DIRECTION('',(-0.653420603990106,-0.756995055651756,-2.35768844777145E-16));
#3477=DIRECTION('',(-0.444635179184928,0.895711760239413,-1.60434369384067E-16));
#3478=DIRECTION('',(3.60822483003176E-16,-3.08148791101958E-32,-1.));
#3479=DIRECTION('',(-1.,0.,-3.60822483003176E-16));
#3480=DIRECTION('',(-0.553391549243344,-0.8329212407101,-1.99676112870957E-16));
#3481=DIRECTION('',(-0.553391549243344,0.8329212407101,-1.99676112870957E-16));
#3482=DIRECTION('',(3.60822483003176E-16,-3.08148791101958E-32,-1.));
#3483=DIRECTION('',(-1.,0.,-3.60822483003176E-16));
#3484=DIRECTION('',(-0.444635179184928,-0.895711760239413,-1.60434369384067E-16));
#3485=DIRECTION('',(-0.653420603990106,0.756995055651757,-2.35768844777145E-16));
#3486=DIRECTION('',(3.60822483003176E-16,-3.08148791101958E-32,-1.));
#3487=DIRECTION('',(-1.,0.,-3.60822483003176E-16));
#3488=DIRECTION('',(-0.328866646738583,-0.944376370237481,-1.18662480053144E-16));
#3489=DIRECTION('',(-0.743144825477394,0.669130606358858,-2.68143361159715E-16));
#3490=DIRECTION('',(3.60822483003176E-16,-3.08148791101958E-32,-1.));
#3491=DIRECTION('',(-1.,0.,-3.60822483003176E-16));
#3492=DIRECTION('',(-0.207911690817759,-0.978147600733806,-7.50192125262525E-17));
#3493=DIRECTION('',(-0.821149209133704,0.570713567684432,-2.96289096555717E-16));
#3494=DIRECTION('',(3.60822483003176E-16,-3.08148791101958E-32,-1.));
#3495=DIRECTION('',(-1.,0.,-3.60822483003176E-16));
#3496=DIRECTION('',(-0.0836778433323155,-0.996492859249504,-3.01928472035168E-17));
#3497=DIRECTION('',(-0.886203579231215,0.463296035119862,-3.19762175904509E-16));
#3498=DIRECTION('',(3.60822483003176E-16,-3.08148791101958E-32,-1.));
#3499=DIRECTION('',(-1.,0.,-3.60822483003176E-16));
#3500=DIRECTION('',(0.0418756537291997,-0.999122830098858,1.51096773559511E-17));
#3501=DIRECTION('',(-0.937281989491892,0.348572047321816,-3.38192414722621E-16));
#3502=DIRECTION('',(3.60822483003176E-16,-3.08148791101958E-32,-1.));
#3503=DIRECTION('',(-1.,0.,-3.60822483003176E-16));
#3504=DIRECTION('',(0.166768746716102,-0.985996037070505,6.01739132774317E-17));
#3505=DIRECTION('',(-0.97357890287316,0.228350870110656,-3.51289157134202E-16));
#3506=DIRECTION('',(3.60822483003176E-16,-3.08148791101958E-32,-1.));
#3507=DIRECTION('',(-1.,0.,-3.60822483003176E-16));
#3508=DIRECTION('',(0.289031796944472,-0.957319497532067,1.04289170640374E-16));
#3509=DIRECTION('',(-0.994521895368273,0.104528463267654,-3.58845859687805E-16));
#3510=DIRECTION('',(3.60822483003176E-16,-3.08148791101958E-32,-1.));
#3511=DIRECTION('',(-1.,0.,-3.60822483003176E-16));
#3512=DIRECTION('',(0.4067366430758,-0.913545457642601,1.46759725482987E-16));
#3513=DIRECTION('',(-0.999780683474846,-0.0209424198833567,-3.60743348670006E-16));
#3514=DIRECTION('',(3.60822483003176E-16,-3.08148791101958E-32,-1.));
#3515=DIRECTION('',(-1.,0.,-3.60822483003176E-16));
#3516=DIRECTION('',(0.51802700937313,-0.855364260160507,1.86915791784722E-16));
#3517=DIRECTION('',(-0.989272332962988,-0.146083028562412,-3.5695169954605E-16));
#3518=DIRECTION('',(3.60822483003176E-16,-3.08148791101958E-32,-1.));
#3519=DIRECTION('',(-1.,0.,-3.60822483003176E-16));
#3520=DIRECTION('',(0.621147780278311,-0.78369345732584,2.24124084391931E-16));
#3521=DIRECTION('',(-0.963162566797658,-0.268919820615265,-3.47530708887643E-16));
#3522=DIRECTION('',(3.60822483003176E-16,-3.08148791101958E-32,-1.));
#3523=DIRECTION('',(-1.,0.,-3.60822483003176E-16));
#3524=DIRECTION('',(0.714472679632803,-0.699663340513366,2.57797806303041E-16));
#3525=DIRECTION('',(-0.921863151588501,-0.387515586452103,-3.32628951345296E-16));
#3526=DIRECTION('',(3.60822483003176E-16,-3.08148791101958E-32,-1.));
#3527=DIRECTION('',(-1.,0.,-3.60822483003176E-16));
#3528=DIRECTION('',(0.796529918024197,-0.604599114862375,2.87405902807806E-16));
#3529=DIRECTION('',(-0.866025403784439,-0.5,-3.12481436537329E-16));
#3530=DIRECTION('',(3.60822483003176E-16,-3.08148791101958E-32,-1.));
#3531=DIRECTION('',(-1.,0.,-3.60822483003176E-16));
#3532=DIRECTION('',(0.866025403784439,-0.5,3.12481436537329E-16));
#3533=DIRECTION('',(-0.796529918024197,-0.604599114862375,-2.87405902807806E-16));
#3534=DIRECTION('',(3.60822483003176E-16,-3.08148791101958E-32,-1.));
#3535=DIRECTION('',(-1.,0.,-3.60822483003176E-16));
#3536=DIRECTION('',(0.921863151588501,-0.387515586452103,3.32628951345296E-16));
#3537=DIRECTION('',(-0.714472679632804,-0.699663340513365,-2.57797806303041E-16));
#3538=DIRECTION('',(3.60822483003176E-16,-3.08148791101958E-32,-1.));
#3539=DIRECTION('',(-1.,0.,-3.60822483003176E-16));
#3540=DIRECTION('',(0.963162566797658,-0.268919820615265,3.47530708887643E-16));
#3541=DIRECTION('',(-0.62114778027831,-0.78369345732584,-2.24124084391931E-16));
#3542=DIRECTION('',(3.60822483003176E-16,-3.08148791101958E-32,-1.));
#3543=DIRECTION('',(-1.,0.,-3.60822483003176E-16));
#3544=DIRECTION('',(0.989272332962988,-0.146083028562411,3.5695169954605E-16));
#3545=DIRECTION('',(-0.51802700937313,-0.855364260160507,-1.86915791784722E-16));
#3546=DIRECTION('',(3.60822483003176E-16,-3.08148791101958E-32,-1.));
#3547=DIRECTION('',(-1.,0.,-3.60822483003176E-16));
#3548=DIRECTION('',(0.999780683474846,-0.020942419883357,3.60743348670006E-16));
#3549=DIRECTION('',(-0.4067366430758,-0.913545457642601,-1.46759725482987E-16));
#3550=DIRECTION('',(3.60822483003176E-16,-3.08148791101958E-32,-1.));
#3551=DIRECTION('',(-1.,0.,-3.60822483003176E-16));
#3552=DIRECTION('',(0.994521895368273,0.104528463267654,3.58845859687805E-16));
#3553=DIRECTION('',(-0.289031796944472,-0.957319497532067,-1.04289170640374E-16));
#3554=DIRECTION('',(3.60822483003176E-16,-3.08148791101958E-32,-1.));
#3555=DIRECTION('',(-1.,0.,-3.60822483003176E-16));
#3556=DIRECTION('',(0.97357890287316,0.228350870110656,3.51289157134202E-16));
#3557=DIRECTION('',(-0.166768746716103,-0.985996037070505,-6.01739132774317E-17));
#3558=DIRECTION('',(3.60822483003176E-16,-3.08148791101958E-32,-1.));
#3559=DIRECTION('',(-1.,0.,-3.60822483003176E-16));
#3560=DIRECTION('',(0.937281989491892,0.348572047321816,3.38192414722621E-16));
#3561=DIRECTION('',(-0.0418756537291996,-0.999122830098858,-1.5109677355951E-17));
#3562=DIRECTION('',(3.60822483003176E-16,-3.08148791101958E-32,-1.));
#3563=DIRECTION('',(-1.,0.,-3.60822483003176E-16));
#3564=DIRECTION('',(0.886203579231215,0.463296035119862,3.19762175904509E-16));
#3565=DIRECTION('',(0.0836778433323158,-0.996492859249504,3.01928472035169E-17));
#3566=DIRECTION('',(3.60822483003176E-16,-3.08148791101958E-32,-1.));
#3567=DIRECTION('',(-1.,0.,-3.60822483003176E-16));
#3568=DIRECTION('',(0.821149209133704,0.570713567684432,2.96289096555717E-16));
#3569=DIRECTION('',(0.207911690817759,-0.978147600733806,7.50192125262524E-17));
#3570=DIRECTION('',(3.60822483003176E-16,-3.08148791101958E-32,-1.));
#3571=DIRECTION('',(-1.,0.,-3.60822483003176E-16));
#3572=DIRECTION('',(0.743144825477395,0.669130606358858,2.68143361159716E-16));
#3573=DIRECTION('',(0.328866646738583,-0.944376370237481,1.18662480053144E-16));
#3574=DIRECTION('',(3.60822483003176E-16,-3.08148791101958E-32,-1.));
#3575=DIRECTION('',(-1.,0.,-3.60822483003176E-16));
#3576=DIRECTION('',(0.653420603990106,0.756995055651756,2.35768844777145E-16));
#3577=DIRECTION('',(0.444635179184928,-0.895711760239413,1.60434369384067E-16));
#3578=DIRECTION('',(3.60822483003176E-16,-3.08148791101958E-32,-1.));
#3579=DIRECTION('',(-1.,0.,-3.60822483003176E-16));
#3580=DIRECTION('',(0.553391549243344,0.8329212407101,1.99676112870957E-16));
#3581=DIRECTION('',(0.553391549243344,-0.8329212407101,1.99676112870957E-16));
#3582=DIRECTION('',(3.60822483003176E-16,-3.08148791101958E-32,-1.));
#3583=DIRECTION('',(-1.,0.,-3.60822483003176E-16));
#3584=DIRECTION('',(0.444635179184928,0.895711760239413,1.60434369384067E-16));
#3585=DIRECTION('',(0.653420603990106,-0.756995055651756,2.35768844777145E-16));
#3586=DIRECTION('',(3.60822483003176E-16,-3.08148791101958E-32,-1.));
#3587=DIRECTION('',(-1.,0.,-3.60822483003176E-16));
#3588=DIRECTION('',(0.328866646738583,0.944376370237481,1.18662480053144E-16));
#3589=DIRECTION('',(0.743144825477394,-0.669130606358859,2.68143361159715E-16));
#3590=DIRECTION('',(3.60822483003176E-16,-3.08148791101958E-32,-1.));
#3591=DIRECTION('',(-1.,0.,-3.60822483003176E-16));
#3592=DIRECTION('',(0.207911690817759,0.978147600733806,7.50192125262526E-17));
#3593=DIRECTION('',(0.821149209133704,-0.570713567684432,2.96289096555717E-16));
#3594=DIRECTION('',(3.60822483003176E-16,-3.08148791101958E-32,-1.));
#3595=DIRECTION('',(-1.,0.,-3.60822483003176E-16));
#3596=DIRECTION('',(0.0836778433323157,0.996492859249504,3.01928472035168E-17));
#3597=DIRECTION('',(0.886203579231215,-0.463296035119862,3.19762175904509E-16));
#3598=DIRECTION('',(3.60822483003176E-16,-3.08148791101958E-32,-1.));
#3599=DIRECTION('',(-1.,0.,-3.60822483003176E-16));
#3600=DIRECTION('',(-0.0418756537291997,0.999122830098858,-1.5109677355951E-17));
#3601=DIRECTION('',(0.937281989491892,-0.348572047321815,3.38192414722621E-16));
#3602=DIRECTION('',(3.60822483003176E-16,-3.08148791101958E-32,-1.));
#3603=DIRECTION('',(-1.,0.,-3.60822483003176E-16));
#3604=DIRECTION('',(-0.166768746716103,0.985996037070505,-6.01739132774318E-17));
#3605=DIRECTION('',(0.97357890287316,-0.228350870110656,3.51289157134202E-16));
#3606=DIRECTION('',(3.60822483003176E-16,-3.08148791101958E-32,-1.));
#3607=DIRECTION('',(-1.,0.,-3.60822483003176E-16));
#3608=DIRECTION('',(-0.289031796944472,0.957319497532067,-1.04289170640374E-16));
#3609=DIRECTION('',(0.994521895368274,-0.104528463267653,3.58845859687805E-16));
#3610=DIRECTION('',(3.60822483003176E-16,-3.08148791101958E-32,-1.));
#3611=DIRECTION('',(-1.,0.,-3.60822483003176E-16));
#3612=DIRECTION('',(-0.4067366430758,0.913545457642601,-1.46759725482987E-16));
#3613=DIRECTION('',(0.999780683474846,0.0209424198833566,3.60743348670006E-16));
#3614=DIRECTION('',(3.60822483003176E-16,-3.08148791101958E-32,-1.));
#3615=DIRECTION('',(-1.,0.,-3.60822483003176E-16));
#3616=DIRECTION('',(-0.51802700937313,0.855364260160507,-1.86915791784722E-16));
#3617=DIRECTION('',(0.989272332962988,0.146083028562411,3.5695169954605E-16));
#3618=DIRECTION('',(3.60822483003176E-16,-3.08148791101958E-32,-1.));
#3619=DIRECTION('',(-1.,0.,-3.60822483003176E-16));
#3620=DIRECTION('',(-0.62114778027831,0.78369345732584,-2.24124084391931E-16));
#3621=DIRECTION('',(0.963162566797658,0.268919820615266,3.47530708887643E-16));
#3622=DIRECTION('',(3.60822483003176E-16,-3.08148791101958E-32,-1.));
#3623=DIRECTION('',(-1.,0.,-3.60822483003176E-16));
#3624=DIRECTION('',(-0.714472679632804,0.699663340513365,-2.57797806303041E-16));
#3625=DIRECTION('',(3.60822483003176E-16,-3.08148791101958E-32,-1.));
#3626=DIRECTION('',(1.,1.11187011939836E-47,3.60822483003176E-16));
#3627=DIRECTION('',(3.60822483003176E-16,-3.08148791101958E-32,-1.));
#3628=DIRECTION('',(-1.,0.,-3.60822483003176E-16));
#3629=DIRECTION('',(3.60822483003176E-16,-3.08148791101958E-32,-1.));
#3630=DIRECTION('',(1.,1.11187011939836E-47,3.60822483003176E-16));
#3631=DIRECTION('',(3.60822483003176E-16,-3.08148791101958E-32,-1.));
#3632=DIRECTION('',(-1.,0.,-3.60822483003176E-16));
#3633=DIRECTION('',(0.796529918024197,-0.604599114862375,2.87405902807806E-16));
#3634=DIRECTION('',(3.60822483003176E-16,-3.08148791101958E-32,-1.));
#3635=DIRECTION('',(-1.,0.,-3.60822483003176E-16));
#3636=DIRECTION('',(-0.921863151588501,-0.387515586452103,-3.32628951345296E-16));
#3637=DIRECTION('',(0.714472679632804,-0.699663340513365,2.57797806303041E-16));
#3638=DIRECTION('',(3.60822483003176E-16,-3.08148791101958E-32,-1.));
#3639=DIRECTION('',(-1.,0.,-3.60822483003176E-16));
#3640=DIRECTION('',(-0.963162566797658,-0.268919820615266,-3.47530708887643E-16));
#3641=DIRECTION('',(0.62114778027831,-0.78369345732584,2.24124084391931E-16));
#3642=DIRECTION('',(3.60822483003176E-16,-3.08148791101958E-32,-1.));
#3643=DIRECTION('',(-1.,0.,-3.60822483003176E-16));
#3644=DIRECTION('',(-0.989272332962988,-0.146083028562411,-3.5695169954605E-16));
#3645=DIRECTION('',(0.51802700937313,-0.855364260160507,1.86915791784722E-16));
#3646=DIRECTION('',(3.60822483003176E-16,-3.08148791101958E-32,-1.));
#3647=DIRECTION('',(-1.,0.,-3.60822483003176E-16));
#3648=DIRECTION('',(-0.999780683474846,-0.0209424198833566,-3.60743348670006E-16));
#3649=DIRECTION('',(0.4067366430758,-0.913545457642601,1.46759725482987E-16));
#3650=DIRECTION('',(3.60822483003176E-16,-3.08148791101958E-32,-1.));
#3651=DIRECTION('',(-1.,0.,-3.60822483003176E-16));
#3652=DIRECTION('',(-0.994521895368274,0.104528463267653,-3.58845859687805E-16));
#3653=DIRECTION('',(0.289031796944472,-0.957319497532067,1.04289170640374E-16));
#3654=DIRECTION('',(3.60822483003176E-16,-3.08148791101958E-32,-1.));
#3655=DIRECTION('',(-1.,0.,-3.60822483003176E-16));
#3656=DIRECTION('',(-0.97357890287316,0.228350870110656,-3.51289157134202E-16));
#3657=DIRECTION('',(0.166768746716103,-0.985996037070505,6.01739132774318E-17));
#3658=DIRECTION('',(3.60822483003176E-16,-3.08148791101958E-32,-1.));
#3659=DIRECTION('',(-1.,0.,-3.60822483003176E-16));
#3660=DIRECTION('',(-0.937281989491892,0.348572047321815,-3.38192414722621E-16));
#3661=DIRECTION('',(0.0418756537291997,-0.999122830098858,1.5109677355951E-17));
#3662=DIRECTION('',(3.60822483003176E-16,-3.08148791101958E-32,-1.));
#3663=DIRECTION('',(-1.,0.,-3.60822483003176E-16));
#3664=DIRECTION('',(-0.886203579231215,0.463296035119862,-3.19762175904509E-16));
#3665=DIRECTION('',(-0.0836778433323157,-0.996492859249504,-3.01928472035168E-17));
#3666=DIRECTION('',(3.60822483003176E-16,-3.08148791101958E-32,-1.));
#3667=DIRECTION('',(-1.,0.,-3.60822483003176E-16));
#3668=DIRECTION('',(-0.821149209133704,0.570713567684432,-2.96289096555717E-16));
#3669=DIRECTION('',(-0.207911690817759,-0.978147600733806,-7.50192125262526E-17));
#3670=DIRECTION('',(3.60822483003176E-16,-3.08148791101958E-32,-1.));
#3671=DIRECTION('',(-1.,0.,-3.60822483003176E-16));
#3672=DIRECTION('',(-0.743144825477394,0.669130606358859,-2.68143361159715E-16));
#3673=DIRECTION('',(-0.328866646738583,-0.944376370237481,-1.18662480053144E-16));
#3674=DIRECTION('',(3.60822483003176E-16,-3.08148791101958E-32,-1.));
#3675=DIRECTION('',(-1.,0.,-3.60822483003176E-16));
#3676=DIRECTION('',(-0.653420603990106,0.756995055651756,-2.35768844777145E-16));
#3677=DIRECTION('',(-0.444635179184928,-0.895711760239413,-1.60434369384067E-16));
#3678=DIRECTION('',(3.60822483003176E-16,-3.08148791101958E-32,-1.));
#3679=DIRECTION('',(-1.,0.,-3.60822483003176E-16));
#3680=DIRECTION('',(-0.553391549243344,0.8329212407101,-1.99676112870958E-16));
#3681=DIRECTION('',(-0.553391549243344,-0.8329212407101,-1.99676112870957E-16));
#3682=DIRECTION('',(3.60822483003176E-16,-3.08148791101958E-32,-1.));
#3683=DIRECTION('',(-1.,0.,-3.60822483003176E-16));
#3684=DIRECTION('',(-0.444635179184928,0.895711760239413,-1.60434369384067E-16));
#3685=DIRECTION('',(-0.653420603990106,-0.756995055651756,-2.35768844777145E-16));
#3686=DIRECTION('',(3.60822483003176E-16,-3.08148791101958E-32,-1.));
#3687=DIRECTION('',(-1.,0.,-3.60822483003176E-16));
#3688=DIRECTION('',(-0.328866646738583,0.944376370237481,-1.18662480053144E-16));
#3689=DIRECTION('',(-0.743144825477395,-0.669130606358858,-2.68143361159716E-16));
#3690=DIRECTION('',(3.60822483003176E-16,-3.08148791101958E-32,-1.));
#3691=DIRECTION('',(-1.,0.,-3.60822483003176E-16));
#3692=DIRECTION('',(-0.207911690817759,0.978147600733806,-7.50192125262523E-17));
#3693=DIRECTION('',(-0.821149209133704,-0.570713567684432,-2.96289096555717E-16));
#3694=DIRECTION('',(3.60822483003176E-16,-3.08148791101958E-32,-1.));
#3695=DIRECTION('',(-1.,0.,-3.60822483003176E-16));
#3696=DIRECTION('',(-0.0836778433323158,0.996492859249504,-3.01928472035169E-17));
#3697=DIRECTION('',(-0.886203579231215,-0.463296035119862,-3.19762175904509E-16));
#3698=DIRECTION('',(3.60822483003176E-16,-3.08148791101958E-32,-1.));
#3699=DIRECTION('',(-1.,0.,-3.60822483003176E-16));
#3700=DIRECTION('',(0.0418756537291996,0.999122830098858,1.51096773559509E-17));
#3701=DIRECTION('',(-0.937281989491892,-0.348572047321816,-3.38192414722621E-16));
#3702=DIRECTION('',(3.60822483003176E-16,-3.08148791101958E-32,-1.));
#3703=DIRECTION('',(-1.,0.,-3.60822483003176E-16));
#3704=DIRECTION('',(0.166768746716103,0.985996037070505,6.01739132774318E-17));
#3705=DIRECTION('',(-0.97357890287316,-0.228350870110656,-3.51289157134202E-16));
#3706=DIRECTION('',(3.60822483003176E-16,-3.08148791101958E-32,-1.));
#3707=DIRECTION('',(-1.,0.,-3.60822483003176E-16));
#3708=DIRECTION('',(0.289031796944472,0.957319497532067,1.04289170640374E-16));
#3709=DIRECTION('',(-0.994521895368273,-0.104528463267654,-3.58845859687805E-16));
#3710=DIRECTION('',(3.60822483003176E-16,-3.08148791101958E-32,-1.));
#3711=DIRECTION('',(-1.,0.,-3.60822483003176E-16));
#3712=DIRECTION('',(0.4067366430758,0.913545457642601,1.46759725482987E-16));
#3713=DIRECTION('',(-0.999780683474845,0.020942419883357,-3.60743348670006E-16));
#3714=DIRECTION('',(3.60822483003176E-16,-3.08148791101958E-32,-1.));
#3715=DIRECTION('',(-1.,0.,-3.60822483003176E-16));
#3716=DIRECTION('',(0.51802700937313,0.855364260160507,1.86915791784722E-16));
#3717=DIRECTION('',(-0.989272332962988,0.146083028562411,-3.5695169954605E-16));
#3718=DIRECTION('',(3.60822483003176E-16,-3.08148791101958E-32,-1.));
#3719=DIRECTION('',(-1.,0.,-3.60822483003176E-16));
#3720=DIRECTION('',(0.62114778027831,0.78369345732584,2.24124084391931E-16));
#3721=DIRECTION('',(-0.963162566797658,0.268919820615265,-3.47530708887644E-16));
#3722=DIRECTION('',(3.60822483003176E-16,-3.08148791101958E-32,-1.));
#3723=DIRECTION('',(-1.,0.,-3.60822483003176E-16));
#3724=DIRECTION('',(0.714472679632804,0.699663340513365,2.57797806303041E-16));
#3725=DIRECTION('',(-0.921863151588501,0.387515586452103,-3.32628951345296E-16));
#3726=DIRECTION('',(3.60822483003176E-16,-3.08148791101958E-32,-1.));
#3727=DIRECTION('',(-1.,0.,-3.60822483003176E-16));
#3728=DIRECTION('',(0.796529918024197,0.604599114862375,2.87405902807806E-16));
#3729=DIRECTION('',(-0.866025403784439,0.5,-3.12481436537329E-16));
#3730=DIRECTION('',(3.60822483003176E-16,-3.08148791101958E-32,-1.));
#3731=DIRECTION('',(-1.,0.,-3.60822483003176E-16));
#3732=DIRECTION('',(0.866025403784439,0.5,3.12481436537329E-16));
#3733=DIRECTION('',(-0.796529918024196,0.604599114862375,-2.87405902807806E-16));
#3734=DIRECTION('',(3.60822483003176E-16,-3.08148791101958E-32,-1.));
#3735=DIRECTION('',(-1.,0.,-3.60822483003176E-16));
#3736=DIRECTION('',(0.921863151588501,0.387515586452103,3.32628951345296E-16));
#3737=DIRECTION('',(-0.714472679632803,0.699663340513366,-2.57797806303041E-16));
#3738=DIRECTION('',(3.60822483003176E-16,-3.08148791101958E-32,-1.));
#3739=DIRECTION('',(-1.,0.,-3.60822483003176E-16));
#3740=DIRECTION('',(0.963162566797658,0.268919820615265,3.47530708887643E-16));
#3741=DIRECTION('',(-0.621147780278311,0.78369345732584,-2.24124084391931E-16));
#3742=DIRECTION('',(3.60822483003176E-16,-3.08148791101958E-32,-1.));
#3743=DIRECTION('',(-1.,0.,-3.60822483003176E-16));
#3744=DIRECTION('',(0.989272332962988,0.146083028562412,3.5695169954605E-16));
#3745=DIRECTION('',(-0.51802700937313,0.855364260160507,-1.86915791784722E-16));
#3746=DIRECTION('',(3.60822483003176E-16,-3.08148791101958E-32,-1.));
#3747=DIRECTION('',(-1.,0.,-3.60822483003176E-16));
#3748=DIRECTION('',(0.999780683474846,0.0209424198833567,3.60743348670006E-16));
#3749=DIRECTION('',(-0.4067366430758,0.913545457642601,-1.46759725482987E-16));
#3750=DIRECTION('',(3.60822483003176E-16,-3.08148791101958E-32,-1.));
#3751=DIRECTION('',(-1.,0.,-3.60822483003176E-16));
#3752=DIRECTION('',(0.994521895368273,-0.104528463267654,3.58845859687805E-16));
#3753=DIRECTION('',(-0.289031796944472,0.957319497532067,-1.04289170640374E-16));
#3754=DIRECTION('',(3.60822483003176E-16,-3.08148791101958E-32,-1.));
#3755=DIRECTION('',(-1.,0.,-3.60822483003176E-16));
#3756=DIRECTION('',(0.97357890287316,-0.228350870110656,3.51289157134202E-16));
#3757=DIRECTION('',(-0.166768746716102,0.985996037070505,-6.01739132774319E-17));
#3758=DIRECTION('',(3.60822483003176E-16,-3.08148791101958E-32,-1.));
#3759=DIRECTION('',(-1.,0.,-3.60822483003176E-16));
#3760=DIRECTION('',(0.937281989491892,-0.348572047321816,3.38192414722621E-16));
#3761=DIRECTION('',(-0.0418756537291997,0.999122830098858,-1.51096773559511E-17));
#3762=DIRECTION('',(3.60822483003176E-16,-3.08148791101958E-32,-1.));
#3763=DIRECTION('',(-1.,0.,-3.60822483003176E-16));
#3764=DIRECTION('',(0.886203579231215,-0.463296035119862,3.19762175904509E-16));
#3765=DIRECTION('',(0.0836778433323155,0.996492859249504,3.01928472035168E-17));
#3766=DIRECTION('',(3.60822483003176E-16,-3.08148791101958E-32,-1.));
#3767=DIRECTION('',(-1.,0.,-3.60822483003176E-16));
#3768=DIRECTION('',(0.821149209133704,-0.570713567684432,2.96289096555717E-16));
#3769=DIRECTION('',(0.207911690817759,0.978147600733806,7.50192125262524E-17));
#3770=DIRECTION('',(3.60822483003176E-16,-3.08148791101958E-32,-1.));
#3771=DIRECTION('',(-1.,0.,-3.60822483003176E-16));
#3772=DIRECTION('',(0.743144825477394,-0.669130606358858,2.68143361159715E-16));
#3773=DIRECTION('',(0.328866646738583,0.944376370237481,1.18662480053144E-16));
#3774=DIRECTION('',(3.60822483003176E-16,-3.08148791101958E-32,-1.));
#3775=DIRECTION('',(-1.,0.,-3.60822483003176E-16));
#3776=DIRECTION('',(0.653420603990105,-0.756995055651756,2.35768844777145E-16));
#3777=DIRECTION('',(0.444635179184928,0.895711760239413,1.60434369384067E-16));
#3778=DIRECTION('',(3.60822483003176E-16,-3.08148791101958E-32,-1.));
#3779=DIRECTION('',(-1.,0.,-3.60822483003176E-16));
#3780=DIRECTION('',(0.553391549243344,-0.8329212407101,1.99676112870957E-16));
#3781=DIRECTION('',(0.553391549243344,0.8329212407101,1.99676112870957E-16));
#3782=DIRECTION('',(3.60822483003176E-16,-3.08148791101958E-32,-1.));
#3783=DIRECTION('',(-1.,0.,-3.60822483003176E-16));
#3784=DIRECTION('',(0.444635179184928,-0.895711760239413,1.60434369384067E-16));
#3785=DIRECTION('',(0.653420603990106,0.756995055651756,2.35768844777145E-16));
#3786=DIRECTION('',(3.60822483003176E-16,-3.08148791101958E-32,-1.));
#3787=DIRECTION('',(-1.,0.,-3.60822483003176E-16));
#3788=DIRECTION('',(0.328866646738583,-0.944376370237481,1.18662480053144E-16));
#3789=DIRECTION('',(0.743144825477394,0.669130606358858,2.68143361159715E-16));
#3790=DIRECTION('',(3.60822483003176E-16,-3.08148791101958E-32,-1.));
#3791=DIRECTION('',(-1.,0.,-3.60822483003176E-16));
#3792=DIRECTION('',(0.207911690817759,-0.978147600733806,7.50192125262525E-17));
#3793=DIRECTION('',(0.821149209133704,0.570713567684432,2.96289096555717E-16));
#3794=DIRECTION('',(3.60822483003176E-16,-3.08148791101958E-32,-1.));
#3795=DIRECTION('',(-1.,0.,-3.60822483003176E-16));
#3796=DIRECTION('',(0.0836778433323153,-0.996492859249504,3.01928472035167E-17));
#3797=DIRECTION('',(0.886203579231215,0.463296035119862,3.19762175904509E-16));
#3798=DIRECTION('',(3.60822483003176E-16,-3.08148791101958E-32,-1.));
#3799=DIRECTION('',(-1.,0.,-3.60822483003176E-16));
#3800=DIRECTION('',(-0.0418756537291999,-0.999122830098858,-1.5109677355951E-17));
#3801=DIRECTION('',(0.937281989491892,0.348572047321815,3.38192414722621E-16));
#3802=DIRECTION('',(3.60822483003176E-16,-3.08148791101958E-32,-1.));
#3803=DIRECTION('',(-1.,0.,-3.60822483003176E-16));
#3804=DIRECTION('',(-0.166768746716103,-0.985996037070505,-6.01739132774318E-17));
#3805=DIRECTION('',(0.97357890287316,0.228350870110656,3.51289157134202E-16));
#3806=DIRECTION('',(3.60822483003176E-16,-3.08148791101958E-32,-1.));
#3807=DIRECTION('',(-1.,0.,-3.60822483003176E-16));
#3808=DIRECTION('',(-0.289031796944472,-0.957319497532067,-1.04289170640374E-16));
#3809=DIRECTION('',(0.994521895368273,0.104528463267653,3.58845859687805E-16));
#3810=DIRECTION('',(3.60822483003176E-16,-3.08148791101958E-32,-1.));
#3811=DIRECTION('',(-1.,0.,-3.60822483003176E-16));
#3812=DIRECTION('',(-0.4067366430758,-0.913545457642601,-1.46759725482987E-16));
#3813=DIRECTION('',(0.999780683474845,-0.0209424198833571,3.60743348670006E-16));
#3814=DIRECTION('',(3.60822483003176E-16,-3.08148791101958E-32,-1.));
#3815=DIRECTION('',(-1.,0.,-3.60822483003176E-16));
#3816=DIRECTION('',(-0.51802700937313,-0.855364260160507,-1.86915791784722E-16));
#3817=DIRECTION('',(0.989272332962988,-0.146083028562412,3.5695169954605E-16));
#3818=DIRECTION('',(3.60822483003176E-16,-3.08148791101958E-32,-1.));
#3819=DIRECTION('',(-1.,0.,-3.60822483003176E-16));
#3820=DIRECTION('',(-0.621147780278311,-0.78369345732584,-2.24124084391931E-16));
#3821=DIRECTION('',(0.963162566797658,-0.268919820615266,3.47530708887643E-16));
#3822=DIRECTION('',(3.60822483003176E-16,-3.08148791101958E-32,-1.));
#3823=DIRECTION('',(-1.,0.,-3.60822483003176E-16));
#3824=DIRECTION('',(-0.714472679632804,-0.699663340513365,-2.57797806303041E-16));
#3825=DIRECTION('',(0.921863151588501,-0.387515586452103,3.32628951345296E-16));
#3826=DIRECTION('',(3.60822483003176E-16,-3.08148791101958E-32,-1.));
#3827=DIRECTION('',(-1.,0.,-3.60822483003176E-16));
#3828=DIRECTION('',(-0.796529918024197,-0.604599114862375,-2.87405902807806E-16));
#3829=DIRECTION('',(0.866025403784439,-0.5,3.12481436537329E-16));
#3830=DIRECTION('',(3.60822483003176E-16,-3.08148791101958E-32,-1.));
#3831=DIRECTION('',(-1.,0.,-3.60822483003176E-16));
#3832=DIRECTION('',(-0.866025403784439,-0.5,-3.12481436537329E-16));
#3833=DIRECTION('',(0.5,-0.866025403784439,1.80411241501588E-16));
#3834=DIRECTION('',(0.866025403784439,0.5,0.));
#3835=DIRECTION('',(-3.60822483003176E-16,5.34827826574431E-32,1.));
#3836=DIRECTION('',(3.60822483003176E-16,-2.79546320771325E-32,-1.));
#3837=DIRECTION('',(0.5,0.866025403784439,1.80411241501588E-16));
#3838=DIRECTION('',(-0.866025403784439,0.5,0.));
#3839=DIRECTION('',(3.60822483003176E-16,-4.61833035913468E-32,-1.));
#3840=DIRECTION('',(3.60822483003176E-16,-4.60010777873374E-32,-1.));
#3841=DIRECTION('',(3.60822483003176E-16,-4.26983489983615E-32,-1.));
#3842=DIRECTION('',(-1.,0.,-3.60822483003176E-16));
#3843=DIRECTION('',(0.604599114862375,-0.796529918024196,2.18152953846165E-16));
#3844=DIRECTION('',(0.796529918024197,0.604599114862375,0.));
#3845=DIRECTION('',(3.60822483003176E-16,-5.94768658864421E-32,-1.));
#3846=DIRECTION('',(0.387515586452103,0.921863151588501,1.3982433610608E-16));
#3847=DIRECTION('',(-0.921863151588501,0.387515586452103,0.));
#3848=DIRECTION('',(3.60822483003176E-16,-1.52707956179609E-32,-1.));
#3849=DIRECTION('',(3.60822483003176E-16,-2.46519032881566E-32,-1.));
#3850=DIRECTION('',(3.60822483003176E-16,-9.35957247916661E-33,-1.));
#3851=DIRECTION('',(-1.,0.,-3.60822483003176E-16));
#3852=DIRECTION('',(0.699663340513365,-0.714472679632804,2.52454263790329E-16));
#3853=DIRECTION('',(0.714472679632804,0.699663340513365,0.));
#3854=DIRECTION('',(3.60822483003176E-16,-5.91479692973648E-32,-1.));
#3855=DIRECTION('',(0.268919820615266,0.963162566797658,9.70323174031688E-17));
#3856=DIRECTION('',(-0.963162566797658,0.268919820615266,0.));
#3857=DIRECTION('',(3.60822483003176E-16,-1.33706956643608E-32,-1.));
#3858=DIRECTION('',(3.60822483003176E-16,-5.06906821727309E-32,-1.));
#3859=DIRECTION('',(3.60822483003176E-16,-3.60689635882856E-32,-1.));
#3860=DIRECTION('',(-1.,0.,-3.60822483003176E-16));
#3861=DIRECTION('',(0.78369345732584,-0.621147780278311,2.82774219185653E-16));
#3862=DIRECTION('',(0.621147780278311,0.78369345732584,0.));
#3863=DIRECTION('',(3.60822483003176E-16,-1.66377826671893E-32,-1.));
#3864=DIRECTION('',(0.146083028562412,0.989272332962988,5.27100410905132E-17));
#3865=DIRECTION('',(-0.989272332962988,0.146083028562412,0.));
#3866=DIRECTION('',(3.60822483003176E-16,-2.00560434965411E-32,-1.));
#3867=DIRECTION('',(3.60822483003176E-16,-2.46519032881566E-32,-1.));
#3868=DIRECTION('',(3.60822483003176E-16,-4.96717715471425E-32,-1.));
#3869=DIRECTION('',(-1.,0.,-3.60822483003176E-16));
#3870=DIRECTION('',(0.855364260160507,-0.51802700937313,3.08634656223289E-16));
#3871=DIRECTION('',(0.51802700937313,0.855364260160507,0.));
#3872=DIRECTION('',(3.60822483003176E-16,1.77760036656441E-33,-1.));
#3873=DIRECTION('',(0.0209424198833571,0.999780683474845,7.55649594240794E-18));
#3874=DIRECTION('',(-0.999780683474846,0.0209424198833571,0.));
#3875=DIRECTION('',(3.60822483003176E-16,-4.51521248930724E-32,-1.));
#3876=DIRECTION('',(3.60822483003176E-16,-2.36193622689876E-32,-1.));
#3877=DIRECTION('',(3.60822483003176E-16,-5.17305874857019E-32,-1.));
#3878=DIRECTION('',(-1.,0.,-3.60822483003176E-16));
#3879=DIRECTION('',(0.913545457642601,-0.4067366430758,3.29627740362876E-16));
#3880=DIRECTION('',(0.4067366430758,0.913545457642601,0.));
#3881=DIRECTION('',(3.60822483003176E-16,-2.46519032881566E-32,-1.));
#3882=DIRECTION('',(-0.104528463267653,0.994521895368273,-3.77162196607409E-17));
#3883=DIRECTION('',(-0.994521895368274,-0.104528463267653,0.));
#3884=DIRECTION('',(3.60822483003176E-16,-3.33901161259778E-32,-1.));
#3885=DIRECTION('',(3.60822483003176E-16,-1.84889274661175E-32,-1.));
#3886=DIRECTION('',(3.60822483003176E-16,-2.13491744991807E-32,-1.));
#3887=DIRECTION('',(-1.,0.,-3.60822483003176E-16));
#3888=DIRECTION('',(0.957319497532067,-0.289031796944472,3.45422398126873E-16));
#3889=DIRECTION('',(0.289031796944472,0.957319497532067,0.));
#3890=DIRECTION('',(3.60822483003176E-16,2.46519032881566E-32,-1.));
#3891=DIRECTION('',(-0.228350870110656,0.97357890287316,-8.23941279492624E-17));
#3892=DIRECTION('',(-0.97357890287316,-0.228350870110656,0.));
#3893=DIRECTION('',(3.60822483003176E-16,-2.19366838502307E-32,-1.));
#3894=DIRECTION('',(3.60822483003176E-16,1.23259516440783E-32,-1.));
#3895=DIRECTION('',(3.60822483003176E-16,1.42327829994538E-32,-1.));
#3896=DIRECTION('',(-1.,0.,-3.60822483003176E-16));
#3897=DIRECTION('',(0.985996037070505,-0.166768746716103,3.55769538327071E-16));
#3898=DIRECTION('',(0.166768746716103,0.985996037070505,0.));
#3899=DIRECTION('',(3.60822483003176E-16,-2.44792911182622E-32,-1.));
#3900=DIRECTION('',(-0.348572047321815,0.937281989491892,-1.25772631620158E-16));
#3901=DIRECTION('',(-0.937281989491892,-0.348572047321815,0.));
#3902=DIRECTION('',(3.60822483003176E-16,0.,-1.));
#3903=DIRECTION('',(3.60822483003176E-16,-1.54611832947148E-33,-1.));
#3904=DIRECTION('',(3.60822483003176E-16,-1.51254348331732E-32,-1.));
#3905=DIRECTION('',(-1.,0.,-3.60822483003176E-16));
#3906=DIRECTION('',(0.999122830098858,-0.0418756537291999,3.6050598038143E-16));
#3907=DIRECTION('',(0.0418756537291999,0.999122830098858,0.));
#3908=DIRECTION('',(3.60822483003176E-16,-1.01415579085216E-33,-1.));
#3909=DIRECTION('',(-0.463296035119862,0.886203579231215,-1.67167625757475E-16));
#3910=DIRECTION('',(-0.886203579231215,-0.463296035119862,0.));
#3911=DIRECTION('',(3.60822483003176E-16,0.,-1.));
#3912=DIRECTION('',(3.60822483003176E-16,0.,-1.));
#3913=DIRECTION('',(3.60822483003176E-16,-3.23927952583332E-33,-1.));
#3914=DIRECTION('',(-1.,0.,-3.60822483003176E-16));
#3915=DIRECTION('',(0.996492859249504,0.0836778433323153,3.5955702776934E-16));
#3916=DIRECTION('',(-0.0836778433323153,0.996492859249504,0.));
#3917=DIRECTION('',(3.60822483003176E-16,2.46735177118064E-32,-1.));
#3918=DIRECTION('',(-0.570713567684432,0.821149209133704,-2.05926286575497E-16));
#3919=DIRECTION('',(-0.821149209133704,-0.570713567684432,0.));
#3920=DIRECTION('',(3.60822483003176E-16,-4.87000636694361E-32,-1.));
#3921=DIRECTION('',(3.60822483003176E-16,-5.71992670391937E-32,-1.));
#3922=DIRECTION('',(3.60822483003176E-16,1.86106026635017E-32,-1.));
#3923=DIRECTION('',(-1.,0.,-3.60822483003176E-16));
#3924=DIRECTION('',(0.978147600733806,0.207911690817759,3.52937646040371E-16));
#3925=DIRECTION('',(-0.207911690817759,0.978147600733806,0.));
#3926=DIRECTION('',(3.60822483003176E-16,-1.80576223838307E-33,-1.));
#3927=DIRECTION('',(-0.669130606358858,0.743144825477394,-2.41437366839824E-16));
#3928=DIRECTION('',(-0.743144825477394,-0.669130606358858,0.));
#3929=DIRECTION('',(3.60822483003176E-16,5.3482782657443E-32,-1.));
#3930=DIRECTION('',(3.60822483003176E-16,1.63131205861049E-32,-1.));
#3931=DIRECTION('',(3.60822483003176E-16,1.18366479138348E-32,-1.));
#3932=DIRECTION('',(-1.,0.,-3.60822483003176E-16));
#3933=DIRECTION('',(0.944376370237481,0.328866646738583,3.40752226798615E-16));
#3934=DIRECTION('',(-0.328866646738583,0.944376370237481,0.));
#3935=DIRECTION('',(3.60822483003176E-16,-4.22375091697983E-32,-1.));
#3936=DIRECTION('',(-0.756995055651756,0.653420603990106,-2.73140835601394E-16));
#3937=DIRECTION('',(-0.653420603990106,-0.756995055651756,0.));
#3938=DIRECTION('',(3.60822483003176E-16,-2.97024560072424E-32,-1.));
#3939=DIRECTION('',(3.60822483003176E-16,-1.70876835042073E-32,-1.));
#3940=DIRECTION('',(3.60822483003176E-16,-5.69311319978154E-32,-1.));
#3941=DIRECTION('',(-1.,0.,-3.60822483003176E-16));
#3942=DIRECTION('',(0.895711760239413,0.444635179184928,3.23192941384731E-16));
#3943=DIRECTION('',(-0.444635179184928,0.895711760239413,0.));
#3944=DIRECTION('',(3.60822483003176E-16,-2.57090360067008E-33,-1.));
#3945=DIRECTION('',(-0.8329212407101,0.553391549243344,-3.00536710219104E-16));
#3946=DIRECTION('',(-0.553391549243344,-0.8329212407101,0.));
#3947=DIRECTION('',(3.60822483003176E-16,-7.73686453622386E-32,-1.));
#3948=DIRECTION('',(3.60822483003176E-16,-2.20194966714531E-32,-1.));
#3949=DIRECTION('',(3.60822483003176E-16,-2.5425924661367E-32,-1.));
#3950=DIRECTION('',(-1.,0.,-3.60822483003176E-16));
#3951=DIRECTION('',(0.8329212407101,0.553391549243344,3.00536710219104E-16));
#3952=DIRECTION('',(-0.553391549243344,0.8329212407101,0.));
#3953=DIRECTION('',(3.60822483003176E-16,-7.39557098644698E-32,-1.));
#3954=DIRECTION('',(-0.895711760239413,0.444635179184928,-3.23192941384731E-16));
#3955=DIRECTION('',(-0.444635179184928,-0.895711760239413,0.));
#3956=DIRECTION('',(3.60822483003176E-16,-1.85360305103451E-32,-1.));
#3957=DIRECTION('',(3.60822483003176E-16,-5.18747101769833E-32,-1.));
#3958=DIRECTION('',(3.60822483003176E-16,-6.31227552572144E-32,-1.));
#3959=DIRECTION('',(-1.,0.,-3.60822483003176E-16));
#3960=DIRECTION('',(0.756995055651756,0.653420603990105,2.73140835601394E-16));
#3961=DIRECTION('',(-0.653420603990106,0.756995055651757,0.));
#3962=DIRECTION('',(3.60822483003176E-16,-6.19746410912363E-32,-1.));
#3963=DIRECTION('',(-0.944376370237481,0.328866646738583,-3.40752226798615E-16));
#3964=DIRECTION('',(-0.328866646738583,-0.944376370237481,0.));
#3965=DIRECTION('',(3.60822483003176E-16,-1.75887033908018E-32,-1.));
#3966=DIRECTION('',(3.60822483003176E-16,-4.79325782348714E-32,-1.));
#3967=DIRECTION('',(3.60822483003176E-16,-3.71999746558529E-32,-1.));
#3968=DIRECTION('',(-1.,0.,-3.60822483003176E-16));
#3969=DIRECTION('',(0.669130606358858,0.743144825477394,2.41437366839824E-16));
#3970=DIRECTION('',(-0.743144825477394,0.669130606358858,0.));
#3971=DIRECTION('',(3.60822483003176E-16,-4.93038065763132E-32,-1.));
#3972=DIRECTION('',(-0.978147600733806,0.207911690817759,-3.52937646040371E-16));
#3973=DIRECTION('',(-0.207911690817759,-0.978147600733806,0.));
#3974=DIRECTION('',(3.60822483003176E-16,-1.11748284302893E-31,-1.));
#3975=DIRECTION('',(3.60822483003176E-16,-9.44573854425359E-32,-1.));
#3976=DIRECTION('',(3.60822483003176E-16,-8.99218179880237E-32,-1.));
#3977=DIRECTION('',(-1.,0.,-3.60822483003176E-16));
#3978=DIRECTION('',(0.570713567684432,0.821149209133704,2.05926286575497E-16));
#3979=DIRECTION('',(-0.821149209133704,0.570713567684432,0.));
#3980=DIRECTION('',(3.60822483003176E-16,-4.04857817774207E-32,-1.));
#3981=DIRECTION('',(-0.996492859249504,0.0836778433323155,-3.5955702776934E-16));
#3982=DIRECTION('',(-0.0836778433323155,-0.996492859249504,0.));
#3983=DIRECTION('',(3.60822483003176E-16,2.67413913287215E-32,-1.));
#3984=DIRECTION('',(3.60822483003176E-16,-3.0793264686546E-32,-1.));
#3985=DIRECTION('',(3.60822483003176E-16,-2.84655659989077E-32,-1.));
#3986=DIRECTION('',(-1.,0.,-3.60822483003176E-16));
#3987=DIRECTION('',(0.463296035119862,0.886203579231215,1.67167625757475E-16));
#3988=DIRECTION('',(-0.886203579231215,0.463296035119862,0.));
#3989=DIRECTION('',(3.60822483003176E-16,-2.80529835933047E-33,-1.));
#3990=DIRECTION('',(-0.999122830098858,-0.0418756537291997,-3.60505980381431E-16));
#3991=DIRECTION('',(0.0418756537291997,-0.999122830098858,0.));
#3992=DIRECTION('',(3.60822483003176E-16,-2.84185581910777E-32,-1.));
#3993=DIRECTION('',(3.60822483003176E-16,-2.06733212016742E-33,-1.));
#3994=DIRECTION('',(3.60822483003176E-16,-3.23927952583332E-33,-1.));
#3995=DIRECTION('',(-1.,0.,-3.60822483003176E-16));
#3996=DIRECTION('',(0.348572047321816,0.937281989491892,1.25772631620158E-16));
#3997=DIRECTION('',(-0.937281989491892,0.348572047321816,0.));
#3998=DIRECTION('',(3.60822483003176E-16,-6.64897353753775E-32,-1.));
#3999=DIRECTION('',(-0.985996037070505,-0.166768746716102,-3.55769538327071E-16));
#4000=DIRECTION('',(0.166768746716102,-0.985996037070505,0.));
#4001=DIRECTION('',(3.60822483003176E-16,-5.3482782657443E-32,-1.));
#4002=DIRECTION('',(3.60822483003176E-16,-5.75261406073781E-32,-1.));
#4003=DIRECTION('',(3.60822483003176E-16,-5.69311319978154E-32,-1.));
#4004=DIRECTION('',(-1.,0.,-3.60822483003176E-16));
#4005=DIRECTION('',(0.228350870110656,0.97357890287316,8.23941279492625E-17));
#4006=DIRECTION('',(-0.97357890287316,0.228350870110656,0.));
#4007=DIRECTION('',(3.60822483003176E-16,-4.93038065763132E-32,-1.));
#4008=DIRECTION('',(-0.957319497532067,-0.289031796944472,-3.45422398126873E-16));
#4009=DIRECTION('',(0.289031796944472,-0.957319497532067,0.));
#4010=DIRECTION('',(3.60822483003176E-16,-3.34267391609019E-32,-1.));
#4011=DIRECTION('',(3.60822483003176E-16,-4.87777287667485E-32,-1.));
#4012=DIRECTION('',(3.60822483003176E-16,-4.60486106083606E-32,-1.));
#4013=DIRECTION('',(-1.,0.,-3.60822483003176E-16));
#4014=DIRECTION('',(0.104528463267654,0.994521895368273,3.77162196607411E-17));
#4015=DIRECTION('',(-0.994521895368273,0.104528463267654,0.));
#4016=DIRECTION('',(3.60822483003176E-16,-2.46519032881566E-32,-1.));
#4017=DIRECTION('',(-0.913545457642601,-0.4067366430758,-3.29627740362876E-16));
#4018=DIRECTION('',(0.4067366430758,-0.913545457642601,0.));
#4019=DIRECTION('',(3.60822483003176E-16,-2.25938411330455E-32,-1.));
#4020=DIRECTION('',(3.60822483003176E-16,0.,-1.));
#4021=DIRECTION('',(3.60822483003176E-16,-2.84655659989077E-32,-1.));
#4022=DIRECTION('',(-1.,0.,-3.60822483003176E-16));
#4023=DIRECTION('',(-0.0209424198833567,0.999780683474845,-7.55649594240789E-18));
#4024=DIRECTION('',(-0.999780683474846,-0.0209424198833567,0.));
#4025=DIRECTION('',(3.60822483003176E-16,-2.2602956396306E-32,-1.));
#4026=DIRECTION('',(-0.855364260160507,-0.51802700937313,-3.08634656223289E-16));
#4027=DIRECTION('',(0.51802700937313,-0.855364260160507,0.));
#4028=DIRECTION('',(3.60822483003176E-16,-2.66696731431513E-32,-1.));
#4029=DIRECTION('',(3.60822483003176E-16,-2.9106249741973E-32,-1.));
#4030=DIRECTION('',(3.60822483003176E-16,-2.31282723741125E-32,-1.));
#4031=DIRECTION('',(-1.,0.,-3.60822483003176E-16));
#4032=DIRECTION('',(-0.146083028562412,0.989272332962988,-5.27100410905132E-17));
#4033=DIRECTION('',(-0.989272332962988,-0.146083028562412,0.));
#4034=DIRECTION('',(3.60822483003176E-16,-2.46519032881566E-32,-1.));
#4035=DIRECTION('',(-0.78369345732584,-0.62114778027831,-2.82774219185653E-16));
#4036=DIRECTION('',(0.621147780278311,-0.78369345732584,0.));
#4037=DIRECTION('',(3.60822483003176E-16,-3.37132538391828E-32,-1.));
#4038=DIRECTION('',(3.60822483003176E-16,0.,-1.));
#4039=DIRECTION('',(3.60822483003176E-16,-2.15115746622911E-32,-1.));
#4040=DIRECTION('',(-1.,0.,-3.60822483003176E-16));
#4041=DIRECTION('',(-0.268919820615265,0.963162566797658,-9.70323174031687E-17));
#4042=DIRECTION('',(-0.963162566797658,-0.268919820615265,0.));
#4043=DIRECTION('',(3.60822483003176E-16,-3.6977854932235E-32,-1.));
#4044=DIRECTION('',(-0.699663340513366,-0.714472679632803,-2.52454263790329E-16));
#4045=DIRECTION('',(0.714472679632803,-0.699663340513366,0.));
#4046=DIRECTION('',(3.60822483003176E-16,-3.99226989061175E-32,-1.));
#4047=DIRECTION('',(3.60822483003176E-16,-4.93038065763132E-32,-1.));
#4048=DIRECTION('',(3.60822483003176E-16,-3.60689635882856E-32,-1.));
#4049=DIRECTION('',(-1.,0.,-3.60822483003176E-16));
#4050=DIRECTION('',(-0.387515586452103,0.9218631515885,-1.3982433610608E-16));
#4051=DIRECTION('',(-0.921863151588501,-0.387515586452103,0.));
#4052=DIRECTION('',(3.60822483003176E-16,-4.93038065763132E-32,-1.));
#4053=DIRECTION('',(-0.604599114862375,-0.796529918024196,-2.18152953846165E-16));
#4054=DIRECTION('',(0.796529918024197,-0.604599114862375,0.));
#4055=DIRECTION('',(3.60822483003176E-16,-2.67413913287215E-32,-1.));
#4056=DIRECTION('',(3.60822483003176E-16,-4.93038065763132E-32,-1.));
#4057=DIRECTION('',(3.60822483003176E-16,-4.26983489983615E-32,-1.));
#4058=DIRECTION('',(-1.,0.,-3.60822483003176E-16));
#4059=DIRECTION('',(-0.5,0.866025403784439,-1.80411241501588E-16));
#4060=DIRECTION('',(-0.866025403784439,-0.5,0.));
#4061=DIRECTION('',(3.60822483003176E-16,-2.79546320771325E-32,-1.));
#4062=DIRECTION('',(-0.5,-0.866025403784439,-1.80411241501588E-16));
#4063=DIRECTION('',(0.866025403784439,-0.5,0.));
#4064=DIRECTION('',(3.60822483003176E-16,-6.14124052360018E-32,-1.));
#4065=DIRECTION('',(3.60822483003176E-16,2.13491744991807E-32,-1.));
#4066=DIRECTION('',(3.60822483003176E-16,-1.42327829994538E-32,-1.));
#4067=DIRECTION('',(-1.,0.,-3.60822483003176E-16));
#4068=DIRECTION('',(-0.604599114862375,0.796529918024196,-2.18152953846165E-16));
#4069=DIRECTION('',(-0.796529918024197,-0.604599114862375,0.));
#4070=DIRECTION('',(3.60822483003176E-16,1.4620053722355E-32,-1.));
#4071=DIRECTION('',(-0.387515586452103,-0.921863151588501,-1.3982433610608E-16));
#4072=DIRECTION('',(0.921863151588501,-0.387515586452103,0.));
#4073=DIRECTION('',(3.60822483003176E-16,0.,-1.));
#4074=DIRECTION('',(3.60822483003176E-16,-4.37578968078977E-32,-1.));
#4075=DIRECTION('',(3.60822483003176E-16,-5.7918910472854E-33,-1.));
#4076=DIRECTION('',(-1.,0.,-3.60822483003176E-16));
#4077=DIRECTION('',(-0.699663340513365,0.714472679632803,-2.52454263790329E-16));
#4078=DIRECTION('',(-0.714472679632804,-0.699663340513365,0.));
#4079=DIRECTION('',(3.60822483003176E-16,-2.46519032881566E-32,-1.));
#4080=DIRECTION('',(-0.268919820615265,-0.963162566797658,-9.70323174031687E-17));
#4081=DIRECTION('',(0.963162566797658,-0.268919820615265,0.));
#4082=DIRECTION('',(3.60822483003176E-16,-6.04546451679043E-32,-1.));
#4083=DIRECTION('',(3.60822483003176E-16,-3.97516061250702E-32,-1.));
#4084=DIRECTION('',(3.60822483003176E-16,-2.84655659989077E-32,-1.));
#4085=DIRECTION('',(-1.,0.,-3.60822483003176E-16));
#4086=DIRECTION('',(-0.78369345732584,0.62114778027831,-2.82774219185653E-16));
#4087=DIRECTION('',(-0.62114778027831,-0.78369345732584,0.));
#4088=DIRECTION('',(3.60822483003176E-16,-3.86390706351154E-32,-1.));
#4089=DIRECTION('',(-0.146083028562411,-0.989272332962988,-5.27100410905131E-17));
#4090=DIRECTION('',(0.989272332962988,-0.146083028562411,0.));
#4091=DIRECTION('',(3.60822483003176E-16,-4.10762216173491E-32,-1.));
#4092=DIRECTION('',(3.60822483003176E-16,-1.95945153809774E-32,-1.));
#4093=DIRECTION('',(3.60822483003176E-16,-2.83892237203936E-32,-1.));
#4094=DIRECTION('',(-1.,0.,-3.60822483003176E-16));
#4095=DIRECTION('',(-0.855364260160507,0.51802700937313,-3.08634656223289E-16));
#4096=DIRECTION('',(-0.51802700937313,-0.855364260160507,0.));
#4097=DIRECTION('',(3.60822483003176E-16,-2.37631031048744E-32,-1.));
#4098=DIRECTION('',(-0.020942419883357,-0.999780683474845,-7.5564959424079E-18));
#4099=DIRECTION('',(0.999780683474846,-0.020942419883357,0.));
#4100=DIRECTION('',(3.60822483003176E-16,-2.50700543706764E-32,-1.));
#4101=DIRECTION('',(3.60822483003176E-16,-2.20782804028674E-32,-1.));
#4102=DIRECTION('',(3.60822483003176E-16,-2.22387234366467E-32,-1.));
#4103=DIRECTION('',(-1.,0.,-3.60822483003176E-16));
#4104=DIRECTION('',(-0.913545457642601,0.4067366430758,-3.29627740362876E-16));
#4105=DIRECTION('',(-0.4067366430758,-0.913545457642601,0.));
#4106=DIRECTION('',(3.60822483003176E-16,-5.17707760697452E-32,-1.));
#4107=DIRECTION('',(0.104528463267654,-0.994521895368273,3.7716219660741E-17));
#4108=DIRECTION('',(0.994521895368273,0.104528463267654,0.));
#4109=DIRECTION('',(3.60822483003176E-16,-2.01292895663895E-32,-1.));
#4110=DIRECTION('',(3.60822483003176E-16,-1.94982521534889E-32,-1.));
#4111=DIRECTION('',(3.60822483003176E-16,-1.42717673366897E-32,-1.));
#4112=DIRECTION('',(-1.,0.,-3.60822483003176E-16));
#4113=DIRECTION('',(-0.957319497532067,0.289031796944472,-3.45422398126873E-16));
#4114=DIRECTION('',(-0.289031796944472,-0.957319497532067,0.));
#4115=DIRECTION('',(3.60822483003176E-16,-2.41258254785919E-32,-1.));
#4116=DIRECTION('',(0.228350870110656,-0.97357890287316,8.23941279492625E-17));
#4117=DIRECTION('',(0.97357890287316,0.228350870110656,0.));
#4118=DIRECTION('',(3.60822483003176E-16,-7.54194665076738E-32,-1.));
#4119=DIRECTION('',(3.60822483003176E-16,-4.93038065763132E-32,-1.));
#4120=DIRECTION('',(3.60822483003176E-16,-2.88416117409215E-32,-1.));
#4121=DIRECTION('',(-1.,0.,-3.60822483003176E-16));
#4122=DIRECTION('',(-0.985996037070505,0.166768746716103,-3.55769538327071E-16));
#4123=DIRECTION('',(-0.166768746716103,-0.985996037070505,0.));
#4124=DIRECTION('',(3.60822483003176E-16,-6.55607636635106E-32,-1.));
#4125=DIRECTION('',(0.348572047321816,-0.937281989491891,1.25772631620158E-16));
#4126=DIRECTION('',(0.937281989491892,0.348572047321816,0.));
#4127=DIRECTION('',(3.60822483003176E-16,-8.24638004732017E-32,-1.));
#4128=DIRECTION('',(3.60822483003176E-16,-4.33839504166924E-32,-1.));
#4129=DIRECTION('',(3.60822483003176E-16,-5.87164356652541E-32,-1.));
#4130=DIRECTION('',(-1.,0.,-3.60822483003176E-16));
#4131=DIRECTION('',(-0.999122830098858,0.0418756537291996,-3.6050598038143E-16));
#4132=DIRECTION('',(-0.0418756537291996,-0.999122830098858,0.));
#4133=DIRECTION('',(3.60822483003176E-16,-5.95624261002242E-32,-1.));
#4134=DIRECTION('',(0.463296035119862,-0.886203579231215,1.67167625757475E-16));
#4135=DIRECTION('',(0.886203579231215,0.463296035119862,0.));
#4136=DIRECTION('',(3.60822483003176E-16,-4.90074587492572E-32,-1.));
#4137=DIRECTION('',(3.60822483003176E-16,-7.29600566901735E-32,-1.));
#4138=DIRECTION('',(3.60822483003176E-16,-6.01704115236487E-32,-1.));
#4139=DIRECTION('',(-1.,0.,-3.60822483003176E-16));
#4140=DIRECTION('',(-0.996492859249504,-0.0836778433323158,-3.5955702776934E-16));
#4141=DIRECTION('',(0.0836778433323158,-0.996492859249504,0.));
#4142=DIRECTION('',(3.60822483003176E-16,-8.42659363125383E-32,-1.));
#4143=DIRECTION('',(0.570713567684432,-0.821149209133704,2.05926286575498E-16));
#4144=DIRECTION('',(0.821149209133704,0.570713567684432,0.));
#4145=DIRECTION('',(3.60822483003176E-16,-2.19586723407145E-32,-1.));
#4146=DIRECTION('',(3.60822483003176E-16,-8.72257046263117E-32,-1.));
#4147=DIRECTION('',(3.60822483003176E-16,-8.53966979967231E-32,-1.));
#4148=DIRECTION('',(-1.,0.,-3.60822483003176E-16));
#4149=DIRECTION('',(-0.978147600733806,-0.207911690817759,-3.52937646040371E-16));
#4150=DIRECTION('',(0.207911690817759,-0.978147600733806,0.));
#4151=DIRECTION('',(3.60822483003176E-16,-2.64576655265397E-32,-1.));
#4152=DIRECTION('',(0.669130606358858,-0.743144825477395,2.41437366839824E-16));
#4153=DIRECTION('',(0.743144825477395,0.669130606358858,0.));
#4154=DIRECTION('',(3.60822483003176E-16,-5.3482782657443E-32,-1.));
#4155=DIRECTION('',(3.60822483003176E-16,-2.46519032881566E-32,-1.));
#4156=DIRECTION('',(3.60822483003176E-16,-2.11540380763735E-32,-1.));
#4157=DIRECTION('',(-1.,0.,-3.60822483003176E-16));
#4158=DIRECTION('',(-0.944376370237481,-0.328866646738583,-3.40752226798615E-16));
#4159=DIRECTION('',(0.328866646738583,-0.944376370237481,0.));
#4160=DIRECTION('',(3.60822483003176E-16,-1.4791141972894E-31,-1.));
#4161=DIRECTION('',(0.756995055651756,-0.653420603990106,2.73140835601394E-16));
#4162=DIRECTION('',(0.653420603990106,0.756995055651756,0.));
#4163=DIRECTION('',(3.60822483003176E-16,5.24429613985565E-33,-1.));
#4164=DIRECTION('',(3.60822483003176E-16,-9.86076131526265E-32,-1.));
#4165=DIRECTION('',(3.60822483003176E-16,-1.51062238651484E-31,-1.));
#4166=DIRECTION('',(-1.,0.,-3.60822483003176E-16));
#4167=DIRECTION('',(-0.895711760239413,-0.444635179184928,-3.23192941384731E-16));
#4168=DIRECTION('',(0.444635179184928,-0.895711760239413,0.));
#4169=DIRECTION('',(3.60822483003176E-16,-2.57090360067008E-33,-1.));
#4170=DIRECTION('',(0.8329212407101,-0.553391549243344,3.00536710219104E-16));
#4171=DIRECTION('',(0.553391549243344,0.8329212407101,0.));
#4172=DIRECTION('',(3.60822483003176E-16,-1.36562485267533E-31,-1.));
#4173=DIRECTION('',(3.60822483003176E-16,-2.87707127036764E-32,-1.));
#4174=DIRECTION('',(3.60822483003176E-16,-2.5425924661367E-32,-1.));
#4175=DIRECTION('',(-1.,0.,-3.60822483003176E-16));
#4176=DIRECTION('',(-0.8329212407101,-0.553391549243344,-3.00536710219104E-16));
#4177=DIRECTION('',(0.553391549243344,-0.8329212407101,0.));
#4178=DIRECTION('',(3.60822483003176E-16,-4.93038065763132E-32,-1.));
#4179=DIRECTION('',(0.895711760239413,-0.444635179184928,3.23192941384731E-16));
#4180=DIRECTION('',(0.444635179184928,0.895711760239413,0.));
#4181=DIRECTION('',(3.60822483003176E-16,-3.4946752147098E-32,-1.));
#4182=DIRECTION('',(3.60822483003176E-16,-7.65266134651399E-32,-1.));
#4183=DIRECTION('',(3.60822483003176E-16,-6.31227552572144E-32,-1.));
#4184=DIRECTION('',(-1.,0.,-3.60822483003176E-16));
#4185=DIRECTION('',(-0.756995055651756,-0.653420603990106,-2.73140835601394E-16));
#4186=DIRECTION('',(0.653420603990106,-0.756995055651756,0.));
#4187=DIRECTION('',(3.60822483003176E-16,-7.39557098644699E-32,-1.));
#4188=DIRECTION('',(0.944376370237481,-0.328866646738583,3.40752226798615E-16));
#4189=DIRECTION('',(0.328866646738583,0.944376370237481,0.));
#4190=DIRECTION('',(3.60822483003176E-16,-5.73341565748126E-32,-1.));
#4191=DIRECTION('',(3.60822483003176E-16,-9.01700874046697E-32,-1.));
#4192=DIRECTION('',(3.60822483003176E-16,-7.46454756061593E-32,-1.));
#4193=DIRECTION('',(-1.,0.,-3.60822483003176E-16));
#4194=DIRECTION('',(-0.669130606358859,-0.743144825477394,-2.41437366839824E-16));
#4195=DIRECTION('',(0.743144825477394,-0.669130606358859,0.));
#4196=DIRECTION('',(3.60822483003176E-16,1.26639378427877E-32,-1.));
#4197=DIRECTION('',(0.978147600733805,-0.207911690817759,3.52937646040371E-16));
#4198=DIRECTION('',(0.207911690817759,0.978147600733806,0.));
#4199=DIRECTION('',(3.60822483003176E-16,-3.78610871006693E-32,-1.));
#4200=DIRECTION('',(3.60822483003176E-16,-1.05201894056953E-32,-1.));
#4201=DIRECTION('',(3.60822483003176E-16,0.,-1.));
#4202=DIRECTION('',(-1.,0.,-3.60822483003176E-16));
#4203=DIRECTION('',(-0.570713567684432,-0.821149209133704,-2.05926286575498E-16));
#4204=DIRECTION('',(0.821149209133704,-0.570713567684432,0.));
#4205=DIRECTION('',(3.60822483003176E-16,1.58338784892641E-32,-1.));
#4206=DIRECTION('',(0.996492859249504,-0.0836778433323157,3.5955702776934E-16));
#4207=DIRECTION('',(0.0836778433323157,0.996492859249504,0.));
#4208=DIRECTION('',(3.60822483003176E-16,2.36983167091356E-32,-1.));
#4209=DIRECTION('',(3.60822483003176E-16,4.14725062602933E-33,-1.));
#4210=DIRECTION('',(3.60822483003176E-16,3.27214647316809E-34,-1.));
#4211=DIRECTION('',(-1.,0.,-3.60822483003176E-16));
#4212=DIRECTION('',(-0.463296035119862,-0.886203579231215,-1.67167625757475E-16));
#4213=DIRECTION('',(0.886203579231215,-0.463296035119862,0.));
#4214=DIRECTION('',(3.60822483003176E-16,-2.08509517545298E-32,-1.));
#4215=DIRECTION('',(0.999122830098858,0.0418756537291997,3.6050598038143E-16));
#4216=DIRECTION('',(-0.0418756537291997,0.999122830098858,0.));
#4217=DIRECTION('',(3.60822483003176E-16,2.67413913287215E-32,-1.));
#4218=DIRECTION('',(3.60822483003176E-16,4.09564370187174E-33,-1.));
#4219=DIRECTION('',(3.60822483003176E-16,3.23927952583332E-33,-1.));
#4220=DIRECTION('',(-1.,0.,-3.60822483003176E-16));
#4221=DIRECTION('',(-0.348572047321815,-0.937281989491892,-1.25772631620158E-16));
#4222=DIRECTION('',(0.937281989491892,-0.348572047321815,0.));
#4223=DIRECTION('',(3.60822483003176E-16,-2.46519032881566E-32,-1.));
#4224=DIRECTION('',(0.985996037070505,0.166768746716103,3.55769538327071E-16));
#4225=DIRECTION('',(-0.166768746716103,0.985996037070505,0.));
#4226=DIRECTION('',(3.60822483003176E-16,0.,-1.));
#4227=DIRECTION('',(3.60822483003176E-16,-1.23259516440783E-32,-1.));
#4228=DIRECTION('',(3.60822483003176E-16,-1.71859287990643E-32,-1.));
#4229=DIRECTION('',(-1.,0.,-3.60822483003176E-16));
#4230=DIRECTION('',(-0.228350870110656,-0.97357890287316,-8.23941279492624E-17));
#4231=DIRECTION('',(0.97357890287316,-0.228350870110656,0.));
#4232=DIRECTION('',(3.60822483003176E-16,-4.16054181471884E-34,-1.));
#4233=DIRECTION('',(0.957319497532067,0.289031796944472,3.45422398126873E-16));
#4234=DIRECTION('',(-0.289031796944472,0.957319497532067,0.));
#4235=DIRECTION('',(3.60822483003176E-16,-3.34267391609019E-32,-1.));
#4236=DIRECTION('',(3.60822483003176E-16,-2.45049397644089E-33,-1.));
#4237=DIRECTION('',(3.60822483003176E-16,3.76045742013801E-34,-1.));
#4238=DIRECTION('',(-1.,0.,-3.60822483003176E-16));
#4239=DIRECTION('',(-0.104528463267653,-0.994521895368274,-3.77162196607408E-17));
#4240=DIRECTION('',(0.994521895368274,-0.104528463267653,0.));
#4241=DIRECTION('',(3.60822483003176E-16,-4.20977446405066E-32,-1.));
#4242=DIRECTION('',(0.913545457642601,0.4067366430758,3.29627740362876E-16));
#4243=DIRECTION('',(-0.4067366430758,0.913545457642601,0.));
#4244=DIRECTION('',(3.60822483003176E-16,-2.42340193398399E-32,-1.));
#4245=DIRECTION('',(3.60822483003176E-16,-2.21849337947247E-32,-1.));
#4246=DIRECTION('',(3.60822483003176E-16,-3.55819574986346E-32,-1.));
#4247=DIRECTION('',(-1.,0.,-3.60822483003176E-16));
#4248=DIRECTION('',(0.0209424198833566,-0.999780683474846,7.55649594240785E-18));
#4249=DIRECTION('',(0.999780683474846,0.0209424198833566,0.));
#4250=DIRECTION('',(3.60822483003176E-16,-2.41437003518158E-32,-1.));
#4251=DIRECTION('',(0.855364260160507,0.51802700937313,3.08634656223289E-16));
#4252=DIRECTION('',(-0.51802700937313,0.855364260160507,0.));
#4253=DIRECTION('',(3.60822483003176E-16,-2.00560434965411E-32,-1.));
#4254=DIRECTION('',(3.60822483003176E-16,-4.57382603057791E-32,-1.));
#4255=DIRECTION('',(3.60822483003176E-16,-2.40180164043603E-32,-1.));
#4256=DIRECTION('',(-1.,0.,-3.60822483003176E-16));
#4257=DIRECTION('',(0.146083028562411,-0.989272332962988,5.27100410905132E-17));
#4258=DIRECTION('',(0.989272332962988,0.146083028562411,0.));
#4259=DIRECTION('',(3.60822483003176E-16,-1.84889274661175E-32,-1.));
#4260=DIRECTION('',(0.78369345732584,0.62114778027831,2.82774219185653E-16));
#4261=DIRECTION('',(-0.62114778027831,0.78369345732584,0.));
#4262=DIRECTION('',(3.60822483003176E-16,-3.91270027762728E-32,-1.));
#4263=DIRECTION('',(3.60822483003176E-16,-1.66377826671893E-32,-1.));
#4264=DIRECTION('',(3.60822483003176E-16,-2.13491744991807E-32,-1.));
#4265=DIRECTION('',(-1.,0.,-3.60822483003176E-16));
#4266=DIRECTION('',(0.268919820615266,-0.963162566797658,9.70323174031688E-17));
#4267=DIRECTION('',(0.963162566797658,0.268919820615266,0.));
#4268=DIRECTION('',(3.60822483003176E-16,9.32819176073606E-34,-1.));
#4269=DIRECTION('',(0.699663340513365,0.714472679632803,2.52454263790329E-16));
#4270=DIRECTION('',(-0.714472679632804,0.699663340513365,0.));
#4271=DIRECTION('',(3.60822483003176E-16,-1.35600837513255E-32,-1.));
#4272=DIRECTION('',(3.60822483003176E-16,3.44960660092081E-32,-1.));
#4273=DIRECTION('',(3.60822483003176E-16,5.24299193025807E-34,-1.));
#4274=DIRECTION('',(-1.,0.,-3.60822483003176E-16));
#4275=DIRECTION('',(0.387515586452103,-0.921863151588501,1.3982433610608E-16));
#4276=DIRECTION('',(0.921863151588501,0.387515586452103,0.));
#4277=DIRECTION('',(3.60822483003176E-16,-2.46519032881566E-32,-1.));
#4278=DIRECTION('',(0.604599114862375,0.796529918024196,2.18152953846165E-16));
#4279=DIRECTION('',(-0.796529918024197,0.604599114862375,0.));
#4280=DIRECTION('',(3.60822483003176E-16,1.5330193837357E-32,-1.));
#4281=DIRECTION('',(3.60822483003176E-16,-2.84655659989077E-32,-1.));
#4282=DIRECTION('',(-1.,0.,-3.60822483003176E-16));
#4283=DIRECTION('',(3.60822483003176E-16,-3.08148791101958E-32,-1.));
#4284=DIRECTION('',(-1.,0.,-3.60822483003176E-16));
#4285=CARTESIAN_POINT('',(0.,0.,0.));
#4286=CARTESIAN_POINT('',(0.04595,0.00655,0.01098));
#4287=CARTESIAN_POINT('',(0.04595,0.00655,0.00998));
#4288=CARTESIAN_POINT('',(0.044567068331406,0.00655,0.00998));
#4289=CARTESIAN_POINT('',(0.0473329316685939,0.00655,0.00998));
#4290=CARTESIAN_POINT('',(0.0473329316685939,0.00655,0.01098));
#4291=CARTESIAN_POINT('',(0.0473329316685939,0.00655,0.01098));
#4292=CARTESIAN_POINT('',(0.04595,0.00655,0.01098));
#4293=CARTESIAN_POINT('',(0.044567068331406,0.00655,0.01098));
#4294=CARTESIAN_POINT('',(0.044567068331406,0.00655,0.01098));
#4295=CARTESIAN_POINT('',(0.04595,0.00465,0.01098));
#4296=CARTESIAN_POINT('',(0.04595,0.00465,0.00998));
#4297=CARTESIAN_POINT('',(0.04595,0.00465,0.01098));
#4298=CARTESIAN_POINT('',(0.04595,0.00465,0.01098));
#4299=CARTESIAN_POINT('',(0.0570370104366195,0.00280199181601171,0.01098));
#4300=CARTESIAN_POINT('',(0.0566001870374252,0.00261836816707521,0.01098));
#4301=CARTESIAN_POINT('',(0.0573763622709207,0.00294464219189039,0.01098));
#4302=CARTESIAN_POINT('',(0.0572601075949851,0.00322120113736694,0.01098));
#4303=CARTESIAN_POINT('',(0.0574414873294438,0.0034601601127742,0.01098));
#4304=CARTESIAN_POINT('',(0.0571482725629229,0.0036827222341605,0.01098));
#4305=CARTESIAN_POINT('',(0.0567708381186111,0.00396921057036198,0.01098));
#4306=CARTESIAN_POINT('',(0.0571812028891498,0.00420613478109845,0.01098));
#4307=CARTESIAN_POINT('',(0.0575,0.00439019237886467,0.01098));
#4308=CARTESIAN_POINT('',(0.05735,0.00465,0.01098));
#4309=CARTESIAN_POINT('',(0.0575,0.00490980762113534,0.01098));
#4310=CARTESIAN_POINT('',(0.0571812028891498,0.00509386521890155,0.01098));
#4311=CARTESIAN_POINT('',(0.0567708381186111,0.00533078942963803,0.01098));
#4312=CARTESIAN_POINT('',(0.0571482725629229,0.00561727776583951,0.01098));
#4313=CARTESIAN_POINT('',(0.0574414873294438,0.00583983988722581,0.01098));
#4314=CARTESIAN_POINT('',(0.0572601075949851,0.00607879886263307,0.01098));
#4315=CARTESIAN_POINT('',(0.0573763622709207,0.00635535780810962,0.01098));
#4316=CARTESIAN_POINT('',(0.0570370104366195,0.0064980081839883,0.01098));
#4317=CARTESIAN_POINT('',(0.0566001870374252,0.0066816318329248,0.01098));
#4318=CARTESIAN_POINT('',(0.0569387387888548,0.00701316620238956,0.01098));
#4319=CARTESIAN_POINT('',(0.0572017470390204,0.00727072290978951,0.01098));
#4320=CARTESIAN_POINT('',(0.0569918480368664,0.00748506471367935,0.01098));
#4321=CARTESIAN_POINT('',(0.057072523983051,0.00777401348371865,0.01098));
#4322=CARTESIAN_POINT('',(0.0567179692064447,0.00787300695606698,0.01098));
#4323=CARTESIAN_POINT('',(0.0562615761445458,0.00800043418856832,0.01098));
#4324=CARTESIAN_POINT('',(0.0565559060397321,0.00837178609624085,0.01098));
#4325=CARTESIAN_POINT('',(0.0567845599763238,0.00866027556652184,0.01098));
#4326=CARTESIAN_POINT('',(0.0565494519391261,0.00884661990060533,0.01098));
#4327=CARTESIAN_POINT('',(0.0565932768476948,0.00914340160049423,0.01098));
#4328=CARTESIAN_POINT('',(0.0562291106694113,0.00919717698311745,0.01098));
#4329=CARTESIAN_POINT('',(0.0557603455360299,0.00926639819560574,0.01098));
#4330=CARTESIAN_POINT('',(0.0560058118167017,0.00967171120006718,0.01098));
#4331=CARTESIAN_POINT('',(0.0561965054305482,0.00998658378194762,0.01098));
#4332=CARTESIAN_POINT('',(0.0559398961525,0.0101419918847596,0.01098));
#4333=CARTESIAN_POINT('',(0.0559461788784651,0.010441926089802,0.01098));
#4334=CARTESIAN_POINT('',(0.0555781444166782,0.0104496353127923,0.01098));
#4335=CARTESIAN_POINT('',(0.0551043999179945,0.0104595588453958,0.01098));
#4336=CARTESIAN_POINT('',(0.0552971314342711,0.0108924409184436,0.01098));
#4337=CARTESIAN_POINT('',(0.0554468573731672,0.0112287308832114,0.01098));
#4338=CARTESIAN_POINT('',(0.0551727937358744,0.0113507518761342,0.01098));
#4339=CARTESIAN_POINT('',(0.0551414351968941,0.0116491084447447,0.01098));
#4340=CARTESIAN_POINT('',(0.0547753365749193,0.0116106299290502,0.01098));
#4341=CARTESIAN_POINT('',(0.0543040839446788,0.0115610992817318,0.01098));
#4342=CARTESIAN_POINT('',(0.0544410412054164,0.0120147236144827,0.01098));
#4343=CARTESIAN_POINT('',(0.0545474382018637,0.0123671274685037,0.01098));
#4344=CARTESIAN_POINT('',(0.0542602423526041,0.012453837007587,0.01098));
#4345=CARTESIAN_POINT('',(0.0541917370915709,0.012745910678449,0.01098));
#4346=CARTESIAN_POINT('',(0.0538333479033735,0.0126618512532482,0.01098));
#4347=CARTESIAN_POINT('',(0.0533720190770677,0.0125536475539043,0.01098));
#4348=CARTESIAN_POINT('',(0.0534510421844501,0.0130208602196488,0.01098));
#4349=CARTESIAN_POINT('',(0.0535124322942562,0.0133838203436292,0.01098));
#4350=CARTESIAN_POINT('',(0.0532166334831351,0.013433850967644,0.01098));
#4351=CARTESIAN_POINT('',(0.0531120618689385,0.0137150355644916,0.01098));
#4352=CARTESIAN_POINT('',(0.0527670341261077,0.0135867208971346,0.01098));
#4353=CARTESIAN_POINT('',(0.0523229045349119,0.0134215505827415,0.01098));
#4354=CARTESIAN_POINT('',(0.0523427472473297,0.0138949833586414,0.01098));
#4355=CARTESIAN_POINT('',(0.0523581623117902,0.0142627756546042,0.01098));
#4356=CARTESIAN_POINT('',(0.0520584254627606,0.014275338350723,0.01098));
#4357=CARTESIAN_POINT('',(0.0519194366522246,0.0145411994244923,0.01098));
#4358=CARTESIAN_POINT('',(0.0515932116483744,0.0143706531139348,0.01098));
#4359=CARTESIAN_POINT('',(0.051173285481252,0.0141511210190185,0.01098));
#4360=CARTESIAN_POINT('',(0.0511336348672767,0.014623307587383,0.01098));
#4361=CARTESIAN_POINT('',(0.0511028317816167,0.0149901317511123,0.01098));
#4362=CARTESIAN_POINT('',(0.0508038839238418,0.0149650283981126,0.01098));
#4363=CARTESIAN_POINT('',(0.0506326698535365,0.0152113731608527,0.01098));
#4364=CARTESIAN_POINT('',(0.0503303923518549,0.0150012848242916,0.01098));
#4365=CARTESIAN_POINT('',(0.0499412920953132,0.0147308531011311,0.01098));
#4366=CARTESIAN_POINT('',(0.0498427734688134,0.0151943467977063,0.01098));
#4367=CARTESIAN_POINT('',(0.0497662380160946,0.0155544177930101,0.01098));
#4368=CARTESIAN_POINT('',(0.0494727937358744,0.0154920442857648,0.01098));
#4369=CARTESIAN_POINT('',(0.0492720545539668,0.015714987733408,0.01098));
#4370=CARTESIAN_POINT('',(0.0489984916512272,0.0154686705894115,0.01098));
#4371=CARTESIAN_POINT('',(0.048646353648749,0.0151516041078291,0.01098));
#4372=CARTESIAN_POINT('',(0.0484905207073168,0.0155990953601425,0.01098));
#4373=CARTESIAN_POINT('',(0.0483694598973485,0.0159467346523286,0.01098));
#4374=CARTESIAN_POINT('',(0.0480861469862773,0.015848074658307,0.01098));
#4375=CARTESIAN_POINT('',(0.0478590484695817,0.0160441008395041,0.01098));
#4376=CARTESIAN_POINT('',(0.047618514416179,0.0157654394565758,0.01098));
#4377=CARTESIAN_POINT('',(0.0473088920944204,0.0154067385443923,0.01098));
#4378=CARTESIAN_POINT('',(0.0470982024166323,0.0158311701480765,0.01098));
#4379=CARTESIAN_POINT('',(0.046934525450706,0.0161608952578378,0.01098));
#4380=CARTESIAN_POINT('',(0.0466658119226342,0.0160275047040823,0.01098));
#4381=CARTESIAN_POINT('',(0.0464159355504211,0.0161935221688553,0.01098));
#4382=CARTESIAN_POINT('',(0.0462122237120654,0.0158869112034681,0.01098));
#4383=CARTESIAN_POINT('',(0.04595,0.0154922327883464,0.01098));
#4384=CARTESIAN_POINT('',(0.0456877762879346,0.0158869112034682,0.01098));
#4385=CARTESIAN_POINT('',(0.0454840644495789,0.0161935221688553,0.01098));
#4386=CARTESIAN_POINT('',(0.0452341880773658,0.0160275047040823,0.01098));
#4387=CARTESIAN_POINT('',(0.044965474549294,0.0161608952578378,0.01098));
#4388=CARTESIAN_POINT('',(0.0448017975833677,0.0158311701480765,0.01098));
#4389=CARTESIAN_POINT('',(0.0445911079055797,0.0154067385443923,0.01098));
#4390=CARTESIAN_POINT('',(0.044281485583821,0.0157654394565758,0.01098));
#4391=CARTESIAN_POINT('',(0.0440409515304183,0.0160441008395041,0.01098));
#4392=CARTESIAN_POINT('',(0.0438138530137228,0.015848074658307,0.01098));
#4393=CARTESIAN_POINT('',(0.0435305401026515,0.0159467346523286,0.01098));
#4394=CARTESIAN_POINT('',(0.0434094792926832,0.0155990953601425,0.01098));
#4395=CARTESIAN_POINT('',(0.043253646351251,0.0151516041078291,0.01098));
#4396=CARTESIAN_POINT('',(0.0429015083487728,0.0154686705894115,0.01098));
#4397=CARTESIAN_POINT('',(0.0426279454460332,0.015714987733408,0.01098));
#4398=CARTESIAN_POINT('',(0.0424272062641256,0.0154920442857648,0.01098));
#4399=CARTESIAN_POINT('',(0.0421337619839054,0.0155544177930101,0.01098));
#4400=CARTESIAN_POINT('',(0.0420572265311866,0.0151943467977063,0.01098));
#4401=CARTESIAN_POINT('',(0.0419587079046869,0.0147308531011311,0.01098));
#4402=CARTESIAN_POINT('',(0.0415696076481451,0.0150012848242916,0.01098));
#4403=CARTESIAN_POINT('',(0.0412673301464635,0.0152113731608527,0.01098));
#4404=CARTESIAN_POINT('',(0.0410961160761582,0.0149650283981126,0.01098));
#4405=CARTESIAN_POINT('',(0.0407971682183833,0.0149901317511123,0.01098));
#4406=CARTESIAN_POINT('',(0.0407663651327233,0.014623307587383,0.01098));
#4407=CARTESIAN_POINT('',(0.040726714518748,0.0141511210190185,0.01098));
#4408=CARTESIAN_POINT('',(0.0403067883516256,0.0143706531139348,0.01098));
#4409=CARTESIAN_POINT('',(0.0399805633477754,0.0145411994244923,0.01098));
#4410=CARTESIAN_POINT('',(0.0398415745372394,0.014275338350723,0.01098));
#4411=CARTESIAN_POINT('',(0.0395418376882098,0.0142627756546042,0.01098));
#4412=CARTESIAN_POINT('',(0.0395572527526703,0.0138949833586414,0.01098));
#4413=CARTESIAN_POINT('',(0.0395770954650881,0.0134215505827415,0.01098));
#4414=CARTESIAN_POINT('',(0.0391329658738924,0.0135867208971345,0.01098));
#4415=CARTESIAN_POINT('',(0.0387879381310615,0.0137150355644916,0.01098));
#4416=CARTESIAN_POINT('',(0.0386833665168649,0.013433850967644,0.01098));
#4417=CARTESIAN_POINT('',(0.0383875677057438,0.0133838203436292,0.01098));
#4418=CARTESIAN_POINT('',(0.0384489578155499,0.0130208602196487,0.01098));
#4419=CARTESIAN_POINT('',(0.0385279809229324,0.0125536475539043,0.01098));
#4420=CARTESIAN_POINT('',(0.0380666520966265,0.0126618512532482,0.01098));
#4421=CARTESIAN_POINT('',(0.0377082629084292,0.012745910678449,0.01098));
#4422=CARTESIAN_POINT('',(0.0376397576473959,0.012453837007587,0.01098));
#4423=CARTESIAN_POINT('',(0.0373525617981363,0.0123671274685037,0.01098));
#4424=CARTESIAN_POINT('',(0.0374589587945836,0.0120147236144827,0.01098));
#4425=CARTESIAN_POINT('',(0.0375959160553212,0.0115610992817318,0.01098));
#4426=CARTESIAN_POINT('',(0.0371246634250807,0.0116106299290502,0.01098));
#4427=CARTESIAN_POINT('',(0.0367585648031059,0.0116491084447447,0.01098));
#4428=CARTESIAN_POINT('',(0.0367272062641256,0.0113507518761342,0.01098));
#4429=CARTESIAN_POINT('',(0.0364531426268329,0.0112287308832114,0.01098));
#4430=CARTESIAN_POINT('',(0.0366028685657289,0.0108924409184436,0.01098));
#4431=CARTESIAN_POINT('',(0.0367956000820055,0.0104595588453958,0.01098));
#4432=CARTESIAN_POINT('',(0.0363218555833218,0.0104496353127923,0.01098));
#4433=CARTESIAN_POINT('',(0.0359538211215349,0.010441926089802,0.01098));
#4434=CARTESIAN_POINT('',(0.0359601038474999,0.0101419918847595,0.01098));
#4435=CARTESIAN_POINT('',(0.0357034945694518,0.00998658378194761,0.01098));
#4436=CARTESIAN_POINT('',(0.0358941881832983,0.00967171120006717,0.01098));
#4437=CARTESIAN_POINT('',(0.0361396544639701,0.00926639819560573,0.01098));
#4438=CARTESIAN_POINT('',(0.0356708893305887,0.00919717698311744,0.01098));
#4439=CARTESIAN_POINT('',(0.0353067231523052,0.00914340160049422,0.01098));
#4440=CARTESIAN_POINT('',(0.035350548060874,0.00884661990060532,0.01098));
#4441=CARTESIAN_POINT('',(0.0351154400236762,0.00866027556652183,0.01098));
#4442=CARTESIAN_POINT('',(0.0353440939602679,0.00837178609624084,0.01098));
#4443=CARTESIAN_POINT('',(0.0356384238554542,0.00800043418856831,0.01098));
#4444=CARTESIAN_POINT('',(0.0351820307935553,0.00787300695606698,0.01098));
#4445=CARTESIAN_POINT('',(0.0348274760169491,0.00777401348371864,0.01098));
#4446=CARTESIAN_POINT('',(0.0349081519631336,0.00748506471367935,0.01098));
#4447=CARTESIAN_POINT('',(0.0346982529609796,0.00727072290978951,0.01098));
#4448=CARTESIAN_POINT('',(0.0349612612111452,0.00701316620238955,0.01098));
#4449=CARTESIAN_POINT('',(0.0352998129625748,0.0066816318329248,0.01098));
#4450=CARTESIAN_POINT('',(0.0348629895633804,0.0064980081839883,0.01098));
#4451=CARTESIAN_POINT('',(0.0345236377290793,0.00635535780810962,0.01098));
#4452=CARTESIAN_POINT('',(0.0346398924050149,0.00607879886263307,0.01098));
#4453=CARTESIAN_POINT('',(0.0344585126705562,0.00583983988722581,0.01098));
#4454=CARTESIAN_POINT('',(0.0347517274370771,0.00561727776583951,0.01098));
#4455=CARTESIAN_POINT('',(0.0351291618813889,0.00533078942963803,0.01098));
#4456=CARTESIAN_POINT('',(0.0347187971108501,0.00509386521890155,0.01098));
#4457=CARTESIAN_POINT('',(0.0344,0.00490980762113533,0.01098));
#4458=CARTESIAN_POINT('',(0.03455,0.00465,0.01098));
#4459=CARTESIAN_POINT('',(0.0344,0.00439019237886467,0.01098));
#4460=CARTESIAN_POINT('',(0.0347187971108501,0.00420613478109845,0.01098));
#4461=CARTESIAN_POINT('',(0.0351291618813889,0.00396921057036198,0.01098));
#4462=CARTESIAN_POINT('',(0.0347517274370771,0.00368272223416049,0.01098));
#4463=CARTESIAN_POINT('',(0.0344585126705562,0.00346016011277419,0.01098));
#4464=CARTESIAN_POINT('',(0.0346398924050149,0.00322120113736693,0.01098));
#4465=CARTESIAN_POINT('',(0.0345236377290793,0.00294464219189038,0.01098));
#4466=CARTESIAN_POINT('',(0.0348629895633804,0.0028019918160117,0.01098));
#4467=CARTESIAN_POINT('',(0.0352998129625748,0.0026183681670752,0.01098));
#4468=CARTESIAN_POINT('',(0.0349612612111452,0.00228683379761045,0.01098));
#4469=CARTESIAN_POINT('',(0.0346982529609796,0.00202927709021049,0.01098));
#4470=CARTESIAN_POINT('',(0.0349081519631336,0.00181493528632066,0.01098));
#4471=CARTESIAN_POINT('',(0.0348274760169491,0.00152598651628135,0.01098));
#4472=CARTESIAN_POINT('',(0.0351820307935553,0.00142699304393302,0.01098));
#4473=CARTESIAN_POINT('',(0.0356384238554542,0.00129956581143169,0.01098));
#4474=CARTESIAN_POINT('',(0.0353440939602679,0.000928213903759148,0.01098));
#4475=CARTESIAN_POINT('',(0.0351154400236762,0.000639724433478164,0.01098));
#4476=CARTESIAN_POINT('',(0.035350548060874,0.000453380099394669,0.01098));
#4477=CARTESIAN_POINT('',(0.0353067231523052,0.000156598399505772,0.01098));
#4478=CARTESIAN_POINT('',(0.0356708893305887,0.000102823016882549,0.01098));
#4479=CARTESIAN_POINT('',(0.0361396544639701,3.36018043942623E-5,0.01098));
#4480=CARTESIAN_POINT('',(0.0358941881832983,-0.000371711200067171,0.01098));
#4481=CARTESIAN_POINT('',(0.0357034945694518,-0.000686583781947612,0.01098));
#4482=CARTESIAN_POINT('',(0.0359601038474999,-0.00084199188475955,0.01098));
#4483=CARTESIAN_POINT('',(0.0359538211215349,-0.001141926089802,0.01098));
#4484=CARTESIAN_POINT('',(0.0363218555833218,-0.00114963531279229,0.01098));
#4485=CARTESIAN_POINT('',(0.0367956000820055,-0.00115955884539584,0.01098));
#4486=CARTESIAN_POINT('',(0.0366028685657289,-0.00159244091844357,0.01098));
#4487=CARTESIAN_POINT('',(0.0364531426268329,-0.00192873088321145,0.01098));
#4488=CARTESIAN_POINT('',(0.0367272062641256,-0.00205075187613419,0.01098));
#4489=CARTESIAN_POINT('',(0.0367585648031059,-0.00234910844474467,0.01098));
#4490=CARTESIAN_POINT('',(0.0371246634250807,-0.0023106299290502,0.01098));
#4491=CARTESIAN_POINT('',(0.0375959160553212,-0.00226109928173182,0.01098));
#4492=CARTESIAN_POINT('',(0.0374589587945836,-0.00271472361448268,0.01098));
#4493=CARTESIAN_POINT('',(0.0373525617981363,-0.00306712746850371,0.01098));
#4494=CARTESIAN_POINT('',(0.0376397576473959,-0.00315383700758705,0.01098));
#4495=CARTESIAN_POINT('',(0.0377082629084291,-0.003445910678449,0.01098));
#4496=CARTESIAN_POINT('',(0.0380666520966265,-0.00336185125324822,0.01098));
#4497=CARTESIAN_POINT('',(0.0385279809229324,-0.0032536475539043,0.01098));
#4498=CARTESIAN_POINT('',(0.0384489578155499,-0.00372086021964875,0.01098));
#4499=CARTESIAN_POINT('',(0.0383875677057438,-0.00408382034362917,0.01098));
#4500=CARTESIAN_POINT('',(0.0386833665168649,-0.004133850967644,0.01098));
#4501=CARTESIAN_POINT('',(0.0387879381310615,-0.00441503556449156,0.01098));
#4502=CARTESIAN_POINT('',(0.0391329658738924,-0.00428672089713455,0.01098));
#4503=CARTESIAN_POINT('',(0.0395770954650881,-0.00412155058274152,0.01098));
#4504=CARTESIAN_POINT('',(0.0395572527526703,-0.00459498335864145,0.01098));
#4505=CARTESIAN_POINT('',(0.0395418376882098,-0.00496277565460421,0.01098));
#4506=CARTESIAN_POINT('',(0.0398415745372394,-0.00497533835072297,0.01098));
#4507=CARTESIAN_POINT('',(0.0399805633477754,-0.00524119942449234,0.01098));
#4508=CARTESIAN_POINT('',(0.0403067883516256,-0.00507065311393479,0.01098));
#4509=CARTESIAN_POINT('',(0.040726714518748,-0.00485112101901856,0.01098));
#4510=CARTESIAN_POINT('',(0.0407663651327234,-0.005323307587383,0.01098));
#4511=CARTESIAN_POINT('',(0.0407971682183833,-0.0056901317511123,0.01098));
#4512=CARTESIAN_POINT('',(0.0410961160761582,-0.00566502839811261,0.01098));
#4513=CARTESIAN_POINT('',(0.0412673301464635,-0.00591137316085272,0.01098));
#4514=CARTESIAN_POINT('',(0.0415696076481451,-0.00570128482429155,0.01098));
#4515=CARTESIAN_POINT('',(0.0419587079046869,-0.00543085310113109,0.01098));
#4516=CARTESIAN_POINT('',(0.0420572265311866,-0.00589434679770636,0.01098));
#4517=CARTESIAN_POINT('',(0.0421337619839054,-0.00625441779301007,0.01098));
#4518=CARTESIAN_POINT('',(0.0424272062641256,-0.00619204428576474,0.01098));
#4519=CARTESIAN_POINT('',(0.0426279454460332,-0.00641498773340796,0.01098));
#4520=CARTESIAN_POINT('',(0.0429015083487728,-0.00616867058941143,0.01098));
#4521=CARTESIAN_POINT('',(0.043253646351251,-0.00585160410782905,0.01098));
#4522=CARTESIAN_POINT('',(0.0434094792926832,-0.00629909536014243,0.01098));
#4523=CARTESIAN_POINT('',(0.0435305401026515,-0.00664673465232861,0.01098));
#4524=CARTESIAN_POINT('',(0.0438138530137228,-0.00654807465830703,0.01098));
#4525=CARTESIAN_POINT('',(0.0440409515304183,-0.00674410083950407,0.01098));
#4526=CARTESIAN_POINT('',(0.044281485583821,-0.00646543945657574,0.01098));
#4527=CARTESIAN_POINT('',(0.0445911079055797,-0.00610673854439232,0.01098));
#4528=CARTESIAN_POINT('',(0.0448017975833677,-0.00653117014807653,0.01098));
#4529=CARTESIAN_POINT('',(0.044965474549294,-0.00686089525783776,0.01098));
#4530=CARTESIAN_POINT('',(0.0452341880773658,-0.00672750470408228,0.01098));
#4531=CARTESIAN_POINT('',(0.0454840644495789,-0.00689352216885528,0.01098));
#4532=CARTESIAN_POINT('',(0.0456877762879346,-0.00658691120346817,0.01098));
#4533=CARTESIAN_POINT('',(0.04595,-0.00619223278834639,0.01098));
#4534=CARTESIAN_POINT('',(0.0462122237120654,-0.00658691120346817,0.01098));
#4535=CARTESIAN_POINT('',(0.0464159355504212,-0.00689352216885529,0.01098));
#4536=CARTESIAN_POINT('',(0.0466658119226342,-0.00672750470408228,0.01098));
#4537=CARTESIAN_POINT('',(0.046934525450706,-0.00686089525783776,0.01098));
#4538=CARTESIAN_POINT('',(0.0470982024166323,-0.00653117014807653,0.01098));
#4539=CARTESIAN_POINT('',(0.0473088920944204,-0.00610673854439233,0.01098));
#4540=CARTESIAN_POINT('',(0.047618514416179,-0.00646543945657575,0.01098));
#4541=CARTESIAN_POINT('',(0.0478590484695817,-0.00674410083950407,0.01098));
#4542=CARTESIAN_POINT('',(0.0480861469862773,-0.00654807465830704,0.01098));
#4543=CARTESIAN_POINT('',(0.0483694598973485,-0.00664673465232862,0.01098));
#4544=CARTESIAN_POINT('',(0.0484905207073168,-0.00629909536014243,0.01098));
#4545=CARTESIAN_POINT('',(0.048646353648749,-0.00585160410782905,0.01098));
#4546=CARTESIAN_POINT('',(0.0489984916512272,-0.00616867058941143,0.01098));
#4547=CARTESIAN_POINT('',(0.0492720545539667,-0.00641498773340796,0.01098));
#4548=CARTESIAN_POINT('',(0.0494727937358744,-0.00619204428576474,0.01098));
#4549=CARTESIAN_POINT('',(0.0497662380160946,-0.00625441779301007,0.01098));
#4550=CARTESIAN_POINT('',(0.0498427734688134,-0.00589434679770636,0.01098));
#4551=CARTESIAN_POINT('',(0.0499412920953132,-0.00543085310113108,0.01098));
#4552=CARTESIAN_POINT('',(0.050330392351855,-0.00570128482429155,0.01098));
#4553=CARTESIAN_POINT('',(0.0506326698535365,-0.00591137316085272,0.01098));
#4554=CARTESIAN_POINT('',(0.0508038839238418,-0.00566502839811261,0.01098));
#4555=CARTESIAN_POINT('',(0.0511028317816167,-0.0056901317511123,0.01098));
#4556=CARTESIAN_POINT('',(0.0511336348672767,-0.005323307587383,0.01098));
#4557=CARTESIAN_POINT('',(0.051173285481252,-0.00485112101901855,0.01098));
#4558=CARTESIAN_POINT('',(0.0515932116483744,-0.00507065311393478,0.01098));
#4559=CARTESIAN_POINT('',(0.0519194366522246,-0.00524119942449233,0.01098));
#4560=CARTESIAN_POINT('',(0.0520584254627606,-0.00497533835072296,0.01098));
#4561=CARTESIAN_POINT('',(0.0523581623117902,-0.0049627756546042,0.01098));
#4562=CARTESIAN_POINT('',(0.0523427472473297,-0.00459498335864144,0.01098));
#4563=CARTESIAN_POINT('',(0.0523229045349119,-0.00412155058274151,0.01098));
#4564=CARTESIAN_POINT('',(0.0527670341261077,-0.00428672089713455,0.01098));
#4565=CARTESIAN_POINT('',(0.0531120618689385,-0.00441503556449155,0.01098));
#4566=CARTESIAN_POINT('',(0.0532166334831351,-0.00413385096764399,0.01098));
#4567=CARTESIAN_POINT('',(0.0535124322942562,-0.00408382034362916,0.01098));
#4568=CARTESIAN_POINT('',(0.0534510421844501,-0.00372086021964875,0.01098));
#4569=CARTESIAN_POINT('',(0.0533720190770677,-0.00325364755390429,0.01098));
#4570=CARTESIAN_POINT('',(0.0538333479033735,-0.0033618512532482,0.01098));
#4571=CARTESIAN_POINT('',(0.0541917370915709,-0.00344591067844898,0.01098));
#4572=CARTESIAN_POINT('',(0.0542602423526041,-0.00315383700758704,0.01098));
#4573=CARTESIAN_POINT('',(0.0545474382018637,-0.0030671274685037,0.01098));
#4574=CARTESIAN_POINT('',(0.0544410412054164,-0.00271472361448267,0.01098));
#4575=CARTESIAN_POINT('',(0.0543040839446788,-0.00226109928173182,0.01098));
#4576=CARTESIAN_POINT('',(0.0547753365749193,-0.0023106299290502,0.01098));
#4577=CARTESIAN_POINT('',(0.0551414351968941,-0.00234910844474467,0.01098));
#4578=CARTESIAN_POINT('',(0.0551727937358744,-0.00205075187613419,0.01098));
#4579=CARTESIAN_POINT('',(0.0554468573731672,-0.00192873088321145,0.01098));
#4580=CARTESIAN_POINT('',(0.0552971314342711,-0.00159244091844358,0.01098));
#4581=CARTESIAN_POINT('',(0.0551043999179945,-0.00115955884539583,0.01098));
#4582=CARTESIAN_POINT('',(0.0555781444166782,-0.00114963531279228,0.01098));
#4583=CARTESIAN_POINT('',(0.0559461788784651,-0.001141926089802,0.01098));
#4584=CARTESIAN_POINT('',(0.0559398961525001,-0.000841991884759543,0.01098));
#4585=CARTESIAN_POINT('',(0.0561965054305482,-0.000686583781947605,0.01098));
#4586=CARTESIAN_POINT('',(0.0560058118167017,-0.000371711200067164,0.01098));
#4587=CARTESIAN_POINT('',(0.0557603455360299,3.36018043942745E-5,0.01098));
#4588=CARTESIAN_POINT('',(0.0562291106694113,0.000102823016882563,0.01098));
#4589=CARTESIAN_POINT('',(0.0565932768476948,0.000156598399505786,0.01098));
#4590=CARTESIAN_POINT('',(0.0565494519391261,0.000453380099394682,0.01098));
#4591=CARTESIAN_POINT('',(0.0567845599763238,0.000639724433478174,0.01098));
#4592=CARTESIAN_POINT('',(0.0565559060397321,0.000928213903759165,0.01098));
#4593=CARTESIAN_POINT('',(0.0562615761445458,0.00129956581143169,0.01098));
#4594=CARTESIAN_POINT('',(0.0567179692064447,0.00142699304393303,0.01098));
#4595=CARTESIAN_POINT('',(0.057072523983051,0.00152598651628136,0.01098));
#4596=CARTESIAN_POINT('',(0.0569918480368664,0.00181493528632066,0.01098));
#4597=CARTESIAN_POINT('',(0.0572017470390204,0.0020292770902105,0.01098));
#4598=CARTESIAN_POINT('',(0.0569387387888548,0.00228683379761045,0.01098));
#4599=CARTESIAN_POINT('',(0.04595,0.00465,0.00998));
#4600=CARTESIAN_POINT('',(0.04595,0.00465,0.00998));
#4601=CARTESIAN_POINT('',(0.04545,0.00465,0.00998));
#4602=CARTESIAN_POINT('',(0.04595,0.00465,0.00898));
#4603=CARTESIAN_POINT('',(0.04595,0.00465,0.00898));
#4604=CARTESIAN_POINT('',(0.04445,0.00465,0.00898));
#4605=CARTESIAN_POINT('',(0.0571482725629229,0.0036827222341605,0.00898));
#4606=CARTESIAN_POINT('',(0.0567708381186111,0.00396921057036198,0.00898));
#4607=CARTESIAN_POINT('',(0.0574414873294438,0.0034601601127742,0.00898));
#4608=CARTESIAN_POINT('',(0.0572601075949851,0.00322120113736694,0.00898));
#4609=CARTESIAN_POINT('',(0.0573763622709207,0.00294464219189039,0.00898));
#4610=CARTESIAN_POINT('',(0.0570370104366195,0.00280199181601171,0.00898));
#4611=CARTESIAN_POINT('',(0.0566001870374252,0.00261836816707521,0.00898));
#4612=CARTESIAN_POINT('',(0.0569387387888548,0.00228683379761045,0.00898));
#4613=CARTESIAN_POINT('',(0.0572017470390204,0.0020292770902105,0.00898));
#4614=CARTESIAN_POINT('',(0.0569918480368664,0.00181493528632066,0.00898));
#4615=CARTESIAN_POINT('',(0.057072523983051,0.00152598651628136,0.00898));
#4616=CARTESIAN_POINT('',(0.0567179692064447,0.00142699304393303,0.00898));
#4617=CARTESIAN_POINT('',(0.0562615761445458,0.00129956581143169,0.00898));
#4618=CARTESIAN_POINT('',(0.0565559060397321,0.000928213903759165,0.00898));
#4619=CARTESIAN_POINT('',(0.0567845599763238,0.000639724433478174,0.00898));
#4620=CARTESIAN_POINT('',(0.0565494519391261,0.000453380099394682,0.00898));
#4621=CARTESIAN_POINT('',(0.0565932768476948,0.000156598399505786,0.00898));
#4622=CARTESIAN_POINT('',(0.0562291106694113,0.000102823016882563,0.00898));
#4623=CARTESIAN_POINT('',(0.0557603455360299,3.36018043942751E-5,0.00898));
#4624=CARTESIAN_POINT('',(0.0560058118167017,-0.000371711200067164,0.00898));
#4625=CARTESIAN_POINT('',(0.0561965054305482,-0.000686583781947605,0.00898));
#4626=CARTESIAN_POINT('',(0.0559398961525001,-0.000841991884759543,0.00898));
#4627=CARTESIAN_POINT('',(0.0559461788784651,-0.001141926089802,0.00898));
#4628=CARTESIAN_POINT('',(0.0555781444166782,-0.00114963531279228,0.00898));
#4629=CARTESIAN_POINT('',(0.0551043999179945,-0.00115955884539583,0.00898));
#4630=CARTESIAN_POINT('',(0.0552971314342711,-0.00159244091844358,0.00898));
#4631=CARTESIAN_POINT('',(0.0554468573731672,-0.00192873088321145,0.00898));
#4632=CARTESIAN_POINT('',(0.0551727937358744,-0.00205075187613419,0.00898));
#4633=CARTESIAN_POINT('',(0.0551414351968941,-0.00234910844474467,0.00898));
#4634=CARTESIAN_POINT('',(0.0547753365749193,-0.0023106299290502,0.00898));
#4635=CARTESIAN_POINT('',(0.0543040839446788,-0.00226109928173182,0.00898));
#4636=CARTESIAN_POINT('',(0.0544410412054164,-0.00271472361448267,0.00898));
#4637=CARTESIAN_POINT('',(0.0545474382018637,-0.0030671274685037,0.00898));
#4638=CARTESIAN_POINT('',(0.0542602423526041,-0.00315383700758704,0.00898));
#4639=CARTESIAN_POINT('',(0.0541917370915709,-0.00344591067844898,0.00898));
#4640=CARTESIAN_POINT('',(0.0538333479033735,-0.0033618512532482,0.00898));
#4641=CARTESIAN_POINT('',(0.0533720190770677,-0.00325364755390429,0.00898));
#4642=CARTESIAN_POINT('',(0.0534510421844501,-0.00372086021964875,0.00898));
#4643=CARTESIAN_POINT('',(0.0535124322942562,-0.00408382034362916,0.00898));
#4644=CARTESIAN_POINT('',(0.0532166334831351,-0.00413385096764399,0.00898));
#4645=CARTESIAN_POINT('',(0.0531120618689385,-0.00441503556449155,0.00898));
#4646=CARTESIAN_POINT('',(0.0527670341261077,-0.00428672089713455,0.00898));
#4647=CARTESIAN_POINT('',(0.0523229045349119,-0.00412155058274151,0.00898));
#4648=CARTESIAN_POINT('',(0.0523427472473297,-0.00459498335864144,0.00898));
#4649=CARTESIAN_POINT('',(0.0523581623117902,-0.0049627756546042,0.00898));
#4650=CARTESIAN_POINT('',(0.0520584254627606,-0.00497533835072296,0.00898));
#4651=CARTESIAN_POINT('',(0.0519194366522246,-0.00524119942449233,0.00898));
#4652=CARTESIAN_POINT('',(0.0515932116483744,-0.00507065311393478,0.00898));
#4653=CARTESIAN_POINT('',(0.051173285481252,-0.00485112101901855,0.00898));
#4654=CARTESIAN_POINT('',(0.0511336348672767,-0.005323307587383,0.00898));
#4655=CARTESIAN_POINT('',(0.0511028317816167,-0.0056901317511123,0.00898));
#4656=CARTESIAN_POINT('',(0.0508038839238418,-0.00566502839811261,0.00898));
#4657=CARTESIAN_POINT('',(0.0506326698535365,-0.00591137316085272,0.00898));
#4658=CARTESIAN_POINT('',(0.050330392351855,-0.00570128482429155,0.00898));
#4659=CARTESIAN_POINT('',(0.0499412920953132,-0.00543085310113108,0.00898));
#4660=CARTESIAN_POINT('',(0.0498427734688134,-0.00589434679770636,0.00898));
#4661=CARTESIAN_POINT('',(0.0497662380160946,-0.00625441779301007,0.00898));
#4662=CARTESIAN_POINT('',(0.0494727937358744,-0.00619204428576474,0.00898));
#4663=CARTESIAN_POINT('',(0.0492720545539667,-0.00641498773340796,0.00898));
#4664=CARTESIAN_POINT('',(0.0489984916512272,-0.00616867058941143,0.00898));
#4665=CARTESIAN_POINT('',(0.048646353648749,-0.00585160410782905,0.00898));
#4666=CARTESIAN_POINT('',(0.0484905207073168,-0.00629909536014243,0.00898));
#4667=CARTESIAN_POINT('',(0.0483694598973485,-0.00664673465232862,0.00898));
#4668=CARTESIAN_POINT('',(0.0480861469862773,-0.00654807465830704,0.00898));
#4669=CARTESIAN_POINT('',(0.0478590484695817,-0.00674410083950407,0.00898));
#4670=CARTESIAN_POINT('',(0.047618514416179,-0.00646543945657575,0.00898));
#4671=CARTESIAN_POINT('',(0.0473088920944204,-0.00610673854439233,0.00898));
#4672=CARTESIAN_POINT('',(0.0470982024166323,-0.00653117014807653,0.00898));
#4673=CARTESIAN_POINT('',(0.046934525450706,-0.00686089525783776,0.00898));
#4674=CARTESIAN_POINT('',(0.0466658119226342,-0.00672750470408228,0.00898));
#4675=CARTESIAN_POINT('',(0.0464159355504212,-0.00689352216885529,0.00898));
#4676=CARTESIAN_POINT('',(0.0462122237120654,-0.00658691120346817,0.00898));
#4677=CARTESIAN_POINT('',(0.04595,-0.00619223278834638,0.00898));
#4678=CARTESIAN_POINT('',(0.0456877762879346,-0.00658691120346817,0.00898));
#4679=CARTESIAN_POINT('',(0.0454840644495789,-0.00689352216885528,0.00898));
#4680=CARTESIAN_POINT('',(0.0452341880773658,-0.00672750470408228,0.00898));
#4681=CARTESIAN_POINT('',(0.044965474549294,-0.00686089525783776,0.00898));
#4682=CARTESIAN_POINT('',(0.0448017975833677,-0.00653117014807653,0.00898));
#4683=CARTESIAN_POINT('',(0.0445911079055797,-0.00610673854439232,0.00898));
#4684=CARTESIAN_POINT('',(0.044281485583821,-0.00646543945657574,0.00898));
#4685=CARTESIAN_POINT('',(0.0440409515304183,-0.00674410083950407,0.00898));
#4686=CARTESIAN_POINT('',(0.0438138530137228,-0.00654807465830703,0.00898));
#4687=CARTESIAN_POINT('',(0.0435305401026515,-0.00664673465232861,0.00898));
#4688=CARTESIAN_POINT('',(0.0434094792926832,-0.00629909536014243,0.00898));
#4689=CARTESIAN_POINT('',(0.043253646351251,-0.00585160410782905,0.00898));
#4690=CARTESIAN_POINT('',(0.0429015083487728,-0.00616867058941143,0.00898));
#4691=CARTESIAN_POINT('',(0.0426279454460332,-0.00641498773340796,0.00898));
#4692=CARTESIAN_POINT('',(0.0424272062641256,-0.00619204428576474,0.00898));
#4693=CARTESIAN_POINT('',(0.0421337619839054,-0.00625441779301007,0.00898));
#4694=CARTESIAN_POINT('',(0.0420572265311866,-0.00589434679770636,0.00898));
#4695=CARTESIAN_POINT('',(0.0419587079046869,-0.00543085310113109,0.00898));
#4696=CARTESIAN_POINT('',(0.0415696076481451,-0.00570128482429155,0.00898));
#4697=CARTESIAN_POINT('',(0.0412673301464635,-0.00591137316085272,0.00898));
#4698=CARTESIAN_POINT('',(0.0410961160761582,-0.00566502839811261,0.00898));
#4699=CARTESIAN_POINT('',(0.0407971682183833,-0.0056901317511123,0.00898));
#4700=CARTESIAN_POINT('',(0.0407663651327234,-0.005323307587383,0.00898));
#4701=CARTESIAN_POINT('',(0.040726714518748,-0.00485112101901856,0.00898));
#4702=CARTESIAN_POINT('',(0.0403067883516256,-0.00507065311393479,0.00898));
#4703=CARTESIAN_POINT('',(0.0399805633477754,-0.00524119942449234,0.00898));
#4704=CARTESIAN_POINT('',(0.0398415745372394,-0.00497533835072297,0.00898));
#4705=CARTESIAN_POINT('',(0.0395418376882098,-0.00496277565460421,0.00898));
#4706=CARTESIAN_POINT('',(0.0395572527526703,-0.00459498335864145,0.00898));
#4707=CARTESIAN_POINT('',(0.0395770954650881,-0.00412155058274152,0.00898));
#4708=CARTESIAN_POINT('',(0.0391329658738924,-0.00428672089713455,0.00898));
#4709=CARTESIAN_POINT('',(0.0387879381310615,-0.00441503556449156,0.00898));
#4710=CARTESIAN_POINT('',(0.0386833665168649,-0.004133850967644,0.00898));
#4711=CARTESIAN_POINT('',(0.0383875677057438,-0.00408382034362917,0.00898));
#4712=CARTESIAN_POINT('',(0.0384489578155499,-0.00372086021964875,0.00898));
#4713=CARTESIAN_POINT('',(0.0385279809229324,-0.0032536475539043,0.00898));
#4714=CARTESIAN_POINT('',(0.0380666520966265,-0.00336185125324822,0.00898));
#4715=CARTESIAN_POINT('',(0.0377082629084291,-0.003445910678449,0.00898));
#4716=CARTESIAN_POINT('',(0.0376397576473959,-0.00315383700758705,0.00898));
#4717=CARTESIAN_POINT('',(0.0373525617981363,-0.00306712746850371,0.00898));
#4718=CARTESIAN_POINT('',(0.0374589587945836,-0.00271472361448268,0.00898));
#4719=CARTESIAN_POINT('',(0.0375959160553212,-0.00226109928173182,0.00898));
#4720=CARTESIAN_POINT('',(0.0371246634250807,-0.0023106299290502,0.00898));
#4721=CARTESIAN_POINT('',(0.0367585648031059,-0.00234910844474467,0.00898));
#4722=CARTESIAN_POINT('',(0.0367272062641256,-0.00205075187613419,0.00898));
#4723=CARTESIAN_POINT('',(0.0364531426268329,-0.00192873088321145,0.00898));
#4724=CARTESIAN_POINT('',(0.0366028685657289,-0.00159244091844357,0.00898));
#4725=CARTESIAN_POINT('',(0.0367956000820055,-0.00115955884539584,0.00898));
#4726=CARTESIAN_POINT('',(0.0363218555833218,-0.00114963531279229,0.00898));
#4727=CARTESIAN_POINT('',(0.0359538211215349,-0.001141926089802,0.00898));
#4728=CARTESIAN_POINT('',(0.0359601038474999,-0.00084199188475955,0.00898));
#4729=CARTESIAN_POINT('',(0.0357034945694518,-0.000686583781947612,0.00898));
#4730=CARTESIAN_POINT('',(0.0358941881832983,-0.000371711200067171,0.00898));
#4731=CARTESIAN_POINT('',(0.0361396544639701,3.36018043942624E-5,0.00898));
#4732=CARTESIAN_POINT('',(0.0356708893305887,0.000102823016882549,0.00898));
#4733=CARTESIAN_POINT('',(0.0353067231523052,0.000156598399505772,0.00898));
#4734=CARTESIAN_POINT('',(0.035350548060874,0.000453380099394669,0.00898));
#4735=CARTESIAN_POINT('',(0.0351154400236762,0.000639724433478164,0.00898));
#4736=CARTESIAN_POINT('',(0.0353440939602679,0.000928213903759148,0.00898));
#4737=CARTESIAN_POINT('',(0.0356384238554542,0.00129956581143169,0.00898));
#4738=CARTESIAN_POINT('',(0.0351820307935553,0.00142699304393302,0.00898));
#4739=CARTESIAN_POINT('',(0.0348274760169491,0.00152598651628135,0.00898));
#4740=CARTESIAN_POINT('',(0.0349081519631336,0.00181493528632066,0.00898));
#4741=CARTESIAN_POINT('',(0.0346982529609796,0.00202927709021049,0.00898));
#4742=CARTESIAN_POINT('',(0.0349612612111452,0.00228683379761045,0.00898));
#4743=CARTESIAN_POINT('',(0.0352998129625748,0.0026183681670752,0.00898));
#4744=CARTESIAN_POINT('',(0.0348629895633804,0.0028019918160117,0.00898));
#4745=CARTESIAN_POINT('',(0.0345236377290793,0.00294464219189038,0.00898));
#4746=CARTESIAN_POINT('',(0.0346398924050149,0.00322120113736693,0.00898));
#4747=CARTESIAN_POINT('',(0.0344585126705562,0.00346016011277419,0.00898));
#4748=CARTESIAN_POINT('',(0.0347517274370771,0.00368272223416049,0.00898));
#4749=CARTESIAN_POINT('',(0.0351291618813889,0.00396921057036198,0.00898));
#4750=CARTESIAN_POINT('',(0.0347187971108501,0.00420613478109845,0.00898));
#4751=CARTESIAN_POINT('',(0.0344,0.00439019237886467,0.00898));
#4752=CARTESIAN_POINT('',(0.03455,0.00465,0.00898));
#4753=CARTESIAN_POINT('',(0.0344,0.00490980762113533,0.00898));
#4754=CARTESIAN_POINT('',(0.0347187971108501,0.00509386521890155,0.00898));
#4755=CARTESIAN_POINT('',(0.0351291618813889,0.00533078942963802,0.00898));
#4756=CARTESIAN_POINT('',(0.0347517274370771,0.00561727776583951,0.00898));
#4757=CARTESIAN_POINT('',(0.0344585126705562,0.00583983988722581,0.00898));
#4758=CARTESIAN_POINT('',(0.0346398924050149,0.00607879886263307,0.00898));
#4759=CARTESIAN_POINT('',(0.0345236377290793,0.00635535780810962,0.00898));
#4760=CARTESIAN_POINT('',(0.0348629895633804,0.0064980081839883,0.00898));
#4761=CARTESIAN_POINT('',(0.0352998129625748,0.0066816318329248,0.00898));
#4762=CARTESIAN_POINT('',(0.0349612612111452,0.00701316620238955,0.00898));
#4763=CARTESIAN_POINT('',(0.0346982529609796,0.00727072290978951,0.00898));
#4764=CARTESIAN_POINT('',(0.0349081519631336,0.00748506471367935,0.00898));
#4765=CARTESIAN_POINT('',(0.0348274760169491,0.00777401348371864,0.00898));
#4766=CARTESIAN_POINT('',(0.0351820307935553,0.00787300695606698,0.00898));
#4767=CARTESIAN_POINT('',(0.0356384238554542,0.00800043418856831,0.00898));
#4768=CARTESIAN_POINT('',(0.0353440939602679,0.00837178609624084,0.00898));
#4769=CARTESIAN_POINT('',(0.0351154400236762,0.00866027556652183,0.00898));
#4770=CARTESIAN_POINT('',(0.035350548060874,0.00884661990060532,0.00898));
#4771=CARTESIAN_POINT('',(0.0353067231523052,0.00914340160049422,0.00898));
#4772=CARTESIAN_POINT('',(0.0356708893305887,0.00919717698311744,0.00898));
#4773=CARTESIAN_POINT('',(0.0361396544639701,0.00926639819560573,0.00898));
#4774=CARTESIAN_POINT('',(0.0358941881832983,0.00967171120006717,0.00898));
#4775=CARTESIAN_POINT('',(0.0357034945694518,0.00998658378194761,0.00898));
#4776=CARTESIAN_POINT('',(0.0359601038474999,0.0101419918847595,0.00898));
#4777=CARTESIAN_POINT('',(0.0359538211215349,0.010441926089802,0.00898));
#4778=CARTESIAN_POINT('',(0.0363218555833218,0.0104496353127923,0.00898));
#4779=CARTESIAN_POINT('',(0.0367956000820055,0.0104595588453958,0.00898));
#4780=CARTESIAN_POINT('',(0.0366028685657289,0.0108924409184436,0.00898));
#4781=CARTESIAN_POINT('',(0.0364531426268329,0.0112287308832114,0.00898));
#4782=CARTESIAN_POINT('',(0.0367272062641256,0.0113507518761342,0.00898));
#4783=CARTESIAN_POINT('',(0.0367585648031059,0.0116491084447447,0.00898));
#4784=CARTESIAN_POINT('',(0.0371246634250807,0.0116106299290502,0.00898));
#4785=CARTESIAN_POINT('',(0.0375959160553212,0.0115610992817318,0.00898));
#4786=CARTESIAN_POINT('',(0.0374589587945836,0.0120147236144827,0.00898));
#4787=CARTESIAN_POINT('',(0.0373525617981363,0.0123671274685037,0.00898));
#4788=CARTESIAN_POINT('',(0.0376397576473959,0.012453837007587,0.00898));
#4789=CARTESIAN_POINT('',(0.0377082629084292,0.012745910678449,0.00898));
#4790=CARTESIAN_POINT('',(0.0380666520966265,0.0126618512532482,0.00898));
#4791=CARTESIAN_POINT('',(0.0385279809229324,0.0125536475539043,0.00898));
#4792=CARTESIAN_POINT('',(0.0384489578155499,0.0130208602196487,0.00898));
#4793=CARTESIAN_POINT('',(0.0383875677057438,0.0133838203436292,0.00898));
#4794=CARTESIAN_POINT('',(0.0386833665168649,0.013433850967644,0.00898));
#4795=CARTESIAN_POINT('',(0.0387879381310615,0.0137150355644916,0.00898));
#4796=CARTESIAN_POINT('',(0.0391329658738924,0.0135867208971345,0.00898));
#4797=CARTESIAN_POINT('',(0.0395770954650881,0.0134215505827415,0.00898));
#4798=CARTESIAN_POINT('',(0.0395572527526703,0.0138949833586414,0.00898));
#4799=CARTESIAN_POINT('',(0.0395418376882098,0.0142627756546042,0.00898));
#4800=CARTESIAN_POINT('',(0.0398415745372394,0.014275338350723,0.00898));
#4801=CARTESIAN_POINT('',(0.0399805633477754,0.0145411994244923,0.00898));
#4802=CARTESIAN_POINT('',(0.0403067883516256,0.0143706531139348,0.00898));
#4803=CARTESIAN_POINT('',(0.040726714518748,0.0141511210190185,0.00898));
#4804=CARTESIAN_POINT('',(0.0407663651327233,0.014623307587383,0.00898));
#4805=CARTESIAN_POINT('',(0.0407971682183833,0.0149901317511123,0.00898));
#4806=CARTESIAN_POINT('',(0.0410961160761582,0.0149650283981126,0.00898));
#4807=CARTESIAN_POINT('',(0.0412673301464635,0.0152113731608527,0.00898));
#4808=CARTESIAN_POINT('',(0.0415696076481451,0.0150012848242916,0.00898));
#4809=CARTESIAN_POINT('',(0.0419587079046869,0.0147308531011311,0.00898));
#4810=CARTESIAN_POINT('',(0.0420572265311866,0.0151943467977063,0.00898));
#4811=CARTESIAN_POINT('',(0.0421337619839054,0.0155544177930101,0.00898));
#4812=CARTESIAN_POINT('',(0.0424272062641256,0.0154920442857648,0.00898));
#4813=CARTESIAN_POINT('',(0.0426279454460332,0.015714987733408,0.00898));
#4814=CARTESIAN_POINT('',(0.0429015083487728,0.0154686705894115,0.00898));
#4815=CARTESIAN_POINT('',(0.043253646351251,0.0151516041078291,0.00898));
#4816=CARTESIAN_POINT('',(0.0434094792926832,0.0155990953601425,0.00898));
#4817=CARTESIAN_POINT('',(0.0435305401026515,0.0159467346523286,0.00898));
#4818=CARTESIAN_POINT('',(0.0438138530137228,0.015848074658307,0.00898));
#4819=CARTESIAN_POINT('',(0.0440409515304183,0.0160441008395041,0.00898));
#4820=CARTESIAN_POINT('',(0.044281485583821,0.0157654394565758,0.00898));
#4821=CARTESIAN_POINT('',(0.0445911079055797,0.0154067385443923,0.00898));
#4822=CARTESIAN_POINT('',(0.0448017975833677,0.0158311701480765,0.00898));
#4823=CARTESIAN_POINT('',(0.044965474549294,0.0161608952578378,0.00898));
#4824=CARTESIAN_POINT('',(0.0452341880773658,0.0160275047040823,0.00898));
#4825=CARTESIAN_POINT('',(0.0454840644495789,0.0161935221688553,0.00898));
#4826=CARTESIAN_POINT('',(0.0456877762879346,0.0158869112034682,0.00898));
#4827=CARTESIAN_POINT('',(0.04595,0.0154922327883464,0.00898));
#4828=CARTESIAN_POINT('',(0.0462122237120654,0.0158869112034681,0.00898));
#4829=CARTESIAN_POINT('',(0.0464159355504211,0.0161935221688553,0.00898));
#4830=CARTESIAN_POINT('',(0.0466658119226342,0.0160275047040823,0.00898));
#4831=CARTESIAN_POINT('',(0.046934525450706,0.0161608952578378,0.00898));
#4832=CARTESIAN_POINT('',(0.0470982024166323,0.0158311701480765,0.00898));
#4833=CARTESIAN_POINT('',(0.0473088920944204,0.0154067385443923,0.00898));
#4834=CARTESIAN_POINT('',(0.047618514416179,0.0157654394565758,0.00898));
#4835=CARTESIAN_POINT('',(0.0478590484695817,0.0160441008395041,0.00898));
#4836=CARTESIAN_POINT('',(0.0480861469862773,0.015848074658307,0.00898));
#4837=CARTESIAN_POINT('',(0.0483694598973485,0.0159467346523286,0.00898));
#4838=CARTESIAN_POINT('',(0.0484905207073168,0.0155990953601425,0.00898));
#4839=CARTESIAN_POINT('',(0.048646353648749,0.0151516041078291,0.00898));
#4840=CARTESIAN_POINT('',(0.0489984916512272,0.0154686705894115,0.00898));
#4841=CARTESIAN_POINT('',(0.0492720545539668,0.015714987733408,0.00898));
#4842=CARTESIAN_POINT('',(0.0494727937358744,0.0154920442857648,0.00898));
#4843=CARTESIAN_POINT('',(0.0497662380160946,0.0155544177930101,0.00898));
#4844=CARTESIAN_POINT('',(0.0498427734688134,0.0151943467977063,0.00898));
#4845=CARTESIAN_POINT('',(0.0499412920953132,0.0147308531011311,0.00898));
#4846=CARTESIAN_POINT('',(0.0503303923518549,0.0150012848242916,0.00898));
#4847=CARTESIAN_POINT('',(0.0506326698535365,0.0152113731608527,0.00898));
#4848=CARTESIAN_POINT('',(0.0508038839238418,0.0149650283981126,0.00898));
#4849=CARTESIAN_POINT('',(0.0511028317816167,0.0149901317511123,0.00898));
#4850=CARTESIAN_POINT('',(0.0511336348672767,0.014623307587383,0.00898));
#4851=CARTESIAN_POINT('',(0.051173285481252,0.0141511210190185,0.00898));
#4852=CARTESIAN_POINT('',(0.0515932116483744,0.0143706531139348,0.00898));
#4853=CARTESIAN_POINT('',(0.0519194366522246,0.0145411994244923,0.00898));
#4854=CARTESIAN_POINT('',(0.0520584254627606,0.014275338350723,0.00898));
#4855=CARTESIAN_POINT('',(0.0523581623117902,0.0142627756546042,0.00898));
#4856=CARTESIAN_POINT('',(0.0523427472473297,0.0138949833586414,0.00898));
#4857=CARTESIAN_POINT('',(0.0523229045349119,0.0134215505827415,0.00898));
#4858=CARTESIAN_POINT('',(0.0527670341261077,0.0135867208971346,0.00898));
#4859=CARTESIAN_POINT('',(0.0531120618689385,0.0137150355644916,0.00898));
#4860=CARTESIAN_POINT('',(0.0532166334831351,0.013433850967644,0.00898));
#4861=CARTESIAN_POINT('',(0.0535124322942562,0.0133838203436292,0.00898));
#4862=CARTESIAN_POINT('',(0.0534510421844501,0.0130208602196488,0.00898));
#4863=CARTESIAN_POINT('',(0.0533720190770677,0.0125536475539043,0.00898));
#4864=CARTESIAN_POINT('',(0.0538333479033735,0.0126618512532482,0.00898));
#4865=CARTESIAN_POINT('',(0.0541917370915709,0.012745910678449,0.00898));
#4866=CARTESIAN_POINT('',(0.0542602423526041,0.012453837007587,0.00898));
#4867=CARTESIAN_POINT('',(0.0545474382018637,0.0123671274685037,0.00898));
#4868=CARTESIAN_POINT('',(0.0544410412054164,0.0120147236144827,0.00898));
#4869=CARTESIAN_POINT('',(0.0543040839446788,0.0115610992817318,0.00898));
#4870=CARTESIAN_POINT('',(0.0547753365749193,0.0116106299290502,0.00898));
#4871=CARTESIAN_POINT('',(0.0551414351968941,0.0116491084447447,0.00898));
#4872=CARTESIAN_POINT('',(0.0551727937358744,0.0113507518761342,0.00898));
#4873=CARTESIAN_POINT('',(0.0554468573731672,0.0112287308832114,0.00898));
#4874=CARTESIAN_POINT('',(0.0552971314342711,0.0108924409184436,0.00898));
#4875=CARTESIAN_POINT('',(0.0551043999179945,0.0104595588453958,0.00898));
#4876=CARTESIAN_POINT('',(0.0555781444166782,0.0104496353127923,0.00898));
#4877=CARTESIAN_POINT('',(0.0559461788784651,0.010441926089802,0.00898));
#4878=CARTESIAN_POINT('',(0.0559398961525,0.0101419918847596,0.00898));
#4879=CARTESIAN_POINT('',(0.0561965054305482,0.00998658378194762,0.00898));
#4880=CARTESIAN_POINT('',(0.0560058118167017,0.00967171120006718,0.00898));
#4881=CARTESIAN_POINT('',(0.0557603455360299,0.00926639819560574,0.00898));
#4882=CARTESIAN_POINT('',(0.0562291106694113,0.00919717698311745,0.00898));
#4883=CARTESIAN_POINT('',(0.0565932768476948,0.00914340160049423,0.00898));
#4884=CARTESIAN_POINT('',(0.0565494519391261,0.00884661990060533,0.00898));
#4885=CARTESIAN_POINT('',(0.0567845599763238,0.00866027556652184,0.00898));
#4886=CARTESIAN_POINT('',(0.0565559060397321,0.00837178609624085,0.00898));
#4887=CARTESIAN_POINT('',(0.0562615761445458,0.00800043418856832,0.00898));
#4888=CARTESIAN_POINT('',(0.0567179692064447,0.00787300695606698,0.00898));
#4889=CARTESIAN_POINT('',(0.057072523983051,0.00777401348371865,0.00898));
#4890=CARTESIAN_POINT('',(0.0569918480368664,0.00748506471367935,0.00898));
#4891=CARTESIAN_POINT('',(0.0572017470390204,0.00727072290978951,0.00898));
#4892=CARTESIAN_POINT('',(0.0569387387888548,0.00701316620238956,0.00898));
#4893=CARTESIAN_POINT('',(0.0566001870374252,0.0066816318329248,0.00898));
#4894=CARTESIAN_POINT('',(0.0570370104366195,0.0064980081839883,0.00898));
#4895=CARTESIAN_POINT('',(0.0573763622709207,0.00635535780810962,0.00898));
#4896=CARTESIAN_POINT('',(0.0572601075949851,0.00607879886263307,0.00898));
#4897=CARTESIAN_POINT('',(0.0574414873294438,0.00583983988722581,0.00898));
#4898=CARTESIAN_POINT('',(0.0571482725629229,0.00561727776583951,0.00898));
#4899=CARTESIAN_POINT('',(0.0567708381186111,0.00533078942963803,0.00898));
#4900=CARTESIAN_POINT('',(0.0571812028891498,0.00509386521890155,0.00898));
#4901=CARTESIAN_POINT('',(0.0575,0.00490980762113534,0.00898));
#4902=CARTESIAN_POINT('',(0.05735,0.00465,0.00898));
#4903=CARTESIAN_POINT('',(0.0575,0.00439019237886467,0.00898));
#4904=CARTESIAN_POINT('',(0.0571812028891498,0.00420613478109845,0.00898));
#4905=CARTESIAN_POINT('',(0.0571812028891498,0.00420613478109845,0.010982));
#4906=CARTESIAN_POINT('',(0.0567708381186111,0.00396921057036198,0.010982));
#4907=CARTESIAN_POINT('',(0.0575,0.00439019237886467,0.010982));
#4908=CARTESIAN_POINT('',(0.0571812028891498,0.00509386521890155,0.010982));
#4909=CARTESIAN_POINT('',(0.0567708381186111,0.00533078942963803,0.010982));
#4910=CARTESIAN_POINT('',(0.0575,0.00490980762113534,0.010982));
#4911=CARTESIAN_POINT('',(0.05735,0.00465,0.010982));
#4912=CARTESIAN_POINT('',(0.0571482725629229,0.00561727776583951,0.010982));
#4913=CARTESIAN_POINT('',(0.0574414873294438,0.00583983988722581,0.010982));
#4914=CARTESIAN_POINT('',(0.0570370104366195,0.0064980081839883,0.010982));
#4915=CARTESIAN_POINT('',(0.0566001870374252,0.0066816318329248,0.010982));
#4916=CARTESIAN_POINT('',(0.0573763622709207,0.00635535780810962,0.010982));
#4917=CARTESIAN_POINT('',(0.0572601075949851,0.00607879886263307,0.010982));
#4918=CARTESIAN_POINT('',(0.0569387387888548,0.00701316620238956,0.010982));
#4919=CARTESIAN_POINT('',(0.0572017470390204,0.00727072290978951,0.010982));
#4920=CARTESIAN_POINT('',(0.0567179692064447,0.00787300695606698,0.010982));
#4921=CARTESIAN_POINT('',(0.0562615761445458,0.00800043418856832,0.010982));
#4922=CARTESIAN_POINT('',(0.057072523983051,0.00777401348371865,0.010982));
#4923=CARTESIAN_POINT('',(0.0569918480368664,0.00748506471367935,0.010982));
#4924=CARTESIAN_POINT('',(0.0565559060397321,0.00837178609624085,0.010982));
#4925=CARTESIAN_POINT('',(0.0567845599763238,0.00866027556652184,0.010982));
#4926=CARTESIAN_POINT('',(0.0562291106694113,0.00919717698311745,0.010982));
#4927=CARTESIAN_POINT('',(0.0557603455360299,0.00926639819560574,0.010982));
#4928=CARTESIAN_POINT('',(0.0565932768476948,0.00914340160049423,0.010982));
#4929=CARTESIAN_POINT('',(0.0565494519391261,0.00884661990060533,0.010982));
#4930=CARTESIAN_POINT('',(0.0560058118167017,0.00967171120006718,0.010982));
#4931=CARTESIAN_POINT('',(0.0561965054305482,0.00998658378194762,0.010982));
#4932=CARTESIAN_POINT('',(0.0555781444166782,0.0104496353127923,0.010982));
#4933=CARTESIAN_POINT('',(0.0551043999179945,0.0104595588453958,0.010982));
#4934=CARTESIAN_POINT('',(0.0559461788784651,0.010441926089802,0.010982));
#4935=CARTESIAN_POINT('',(0.0559398961525,0.0101419918847596,0.010982));
#4936=CARTESIAN_POINT('',(0.0552971314342711,0.0108924409184436,0.010982));
#4937=CARTESIAN_POINT('',(0.0554468573731672,0.0112287308832114,0.010982));
#4938=CARTESIAN_POINT('',(0.0547753365749193,0.0116106299290502,0.010982));
#4939=CARTESIAN_POINT('',(0.0543040839446788,0.0115610992817318,0.010982));
#4940=CARTESIAN_POINT('',(0.0551414351968941,0.0116491084447447,0.010982));
#4941=CARTESIAN_POINT('',(0.0551727937358744,0.0113507518761342,0.010982));
#4942=CARTESIAN_POINT('',(0.0544410412054164,0.0120147236144827,0.010982));
#4943=CARTESIAN_POINT('',(0.0545474382018637,0.0123671274685037,0.010982));
#4944=CARTESIAN_POINT('',(0.0538333479033735,0.0126618512532482,0.010982));
#4945=CARTESIAN_POINT('',(0.0533720190770677,0.0125536475539043,0.010982));
#4946=CARTESIAN_POINT('',(0.0541917370915709,0.012745910678449,0.010982));
#4947=CARTESIAN_POINT('',(0.0542602423526041,0.012453837007587,0.010982));
#4948=CARTESIAN_POINT('',(0.0534510421844501,0.0130208602196488,0.010982));
#4949=CARTESIAN_POINT('',(0.0535124322942562,0.0133838203436292,0.010982));
#4950=CARTESIAN_POINT('',(0.0527670341261077,0.0135867208971346,0.010982));
#4951=CARTESIAN_POINT('',(0.0523229045349119,0.0134215505827415,0.010982));
#4952=CARTESIAN_POINT('',(0.0531120618689385,0.0137150355644916,0.010982));
#4953=CARTESIAN_POINT('',(0.0532166334831351,0.013433850967644,0.010982));
#4954=CARTESIAN_POINT('',(0.0523427472473297,0.0138949833586414,0.010982));
#4955=CARTESIAN_POINT('',(0.0523581623117902,0.0142627756546042,0.010982));
#4956=CARTESIAN_POINT('',(0.0515932116483744,0.0143706531139348,0.010982));
#4957=CARTESIAN_POINT('',(0.051173285481252,0.0141511210190186,0.010982));
#4958=CARTESIAN_POINT('',(0.0519194366522246,0.0145411994244923,0.010982));
#4959=CARTESIAN_POINT('',(0.0520584254627606,0.014275338350723,0.010982));
#4960=CARTESIAN_POINT('',(0.0511336348672767,0.014623307587383,0.010982));
#4961=CARTESIAN_POINT('',(0.0511028317816167,0.0149901317511123,0.010982));
#4962=CARTESIAN_POINT('',(0.0503303923518549,0.0150012848242916,0.010982));
#4963=CARTESIAN_POINT('',(0.0499412920953132,0.0147308531011311,0.010982));
#4964=CARTESIAN_POINT('',(0.0506326698535365,0.0152113731608527,0.010982));
#4965=CARTESIAN_POINT('',(0.0508038839238418,0.0149650283981126,0.010982));
#4966=CARTESIAN_POINT('',(0.0498427734688134,0.0151943467977063,0.010982));
#4967=CARTESIAN_POINT('',(0.0497662380160946,0.0155544177930101,0.010982));
#4968=CARTESIAN_POINT('',(0.0489984916512272,0.0154686705894115,0.010982));
#4969=CARTESIAN_POINT('',(0.048646353648749,0.0151516041078291,0.010982));
#4970=CARTESIAN_POINT('',(0.0492720545539668,0.015714987733408,0.010982));
#4971=CARTESIAN_POINT('',(0.0494727937358744,0.0154920442857648,0.010982));
#4972=CARTESIAN_POINT('',(0.0484905207073168,0.0155990953601425,0.010982));
#4973=CARTESIAN_POINT('',(0.0483694598973485,0.0159467346523286,0.010982));
#4974=CARTESIAN_POINT('',(0.047618514416179,0.0157654394565758,0.010982));
#4975=CARTESIAN_POINT('',(0.0473088920944204,0.0154067385443923,0.010982));
#4976=CARTESIAN_POINT('',(0.0478590484695817,0.0160441008395041,0.010982));
#4977=CARTESIAN_POINT('',(0.0480861469862773,0.015848074658307,0.010982));
#4978=CARTESIAN_POINT('',(0.0470982024166323,0.0158311701480765,0.010982));
#4979=CARTESIAN_POINT('',(0.046934525450706,0.0161608952578378,0.010982));
#4980=CARTESIAN_POINT('',(0.0462122237120654,0.0158869112034681,0.010982));
#4981=CARTESIAN_POINT('',(0.04595,0.0154922327883464,0.010982));
#4982=CARTESIAN_POINT('',(0.0464159355504211,0.0161935221688553,0.010982));
#4983=CARTESIAN_POINT('',(0.0466658119226342,0.0160275047040823,0.010982));
#4984=CARTESIAN_POINT('',(0.0456877762879346,0.0158869112034682,0.010982));
#4985=CARTESIAN_POINT('',(0.0454840644495789,0.0161935221688553,0.010982));
#4986=CARTESIAN_POINT('',(0.0448017975833677,0.0158311701480765,0.010982));
#4987=CARTESIAN_POINT('',(0.0445911079055797,0.0154067385443923,0.010982));
#4988=CARTESIAN_POINT('',(0.044965474549294,0.0161608952578378,0.010982));
#4989=CARTESIAN_POINT('',(0.0452341880773658,0.0160275047040823,0.010982));
#4990=CARTESIAN_POINT('',(0.044281485583821,0.0157654394565758,0.010982));
#4991=CARTESIAN_POINT('',(0.0440409515304183,0.0160441008395041,0.010982));
#4992=CARTESIAN_POINT('',(0.0434094792926832,0.0155990953601425,0.010982));
#4993=CARTESIAN_POINT('',(0.043253646351251,0.0151516041078291,0.010982));
#4994=CARTESIAN_POINT('',(0.0435305401026515,0.0159467346523286,0.010982));
#4995=CARTESIAN_POINT('',(0.0438138530137228,0.015848074658307,0.010982));
#4996=CARTESIAN_POINT('',(0.0429015083487728,0.0154686705894115,0.010982));
#4997=CARTESIAN_POINT('',(0.0426279454460332,0.015714987733408,0.010982));
#4998=CARTESIAN_POINT('',(0.0420572265311866,0.0151943467977063,0.010982));
#4999=CARTESIAN_POINT('',(0.0419587079046869,0.0147308531011311,0.010982));
#5000=CARTESIAN_POINT('',(0.0421337619839054,0.0155544177930101,0.010982));
#5001=CARTESIAN_POINT('',(0.0424272062641256,0.0154920442857648,0.010982));
#5002=CARTESIAN_POINT('',(0.0415696076481451,0.0150012848242916,0.010982));
#5003=CARTESIAN_POINT('',(0.0412673301464635,0.0152113731608527,0.010982));
#5004=CARTESIAN_POINT('',(0.0407663651327233,0.014623307587383,0.010982));
#5005=CARTESIAN_POINT('',(0.040726714518748,0.0141511210190185,0.010982));
#5006=CARTESIAN_POINT('',(0.0407971682183833,0.0149901317511123,0.010982));
#5007=CARTESIAN_POINT('',(0.0410961160761582,0.0149650283981126,0.010982));
#5008=CARTESIAN_POINT('',(0.0403067883516256,0.0143706531139348,0.010982));
#5009=CARTESIAN_POINT('',(0.0399805633477754,0.0145411994244923,0.010982));
#5010=CARTESIAN_POINT('',(0.0395572527526703,0.0138949833586414,0.010982));
#5011=CARTESIAN_POINT('',(0.0395770954650881,0.0134215505827415,0.010982));
#5012=CARTESIAN_POINT('',(0.0395418376882098,0.0142627756546042,0.010982));
#5013=CARTESIAN_POINT('',(0.0398415745372394,0.014275338350723,0.010982));
#5014=CARTESIAN_POINT('',(0.0391329658738924,0.0135867208971345,0.010982));
#5015=CARTESIAN_POINT('',(0.0387879381310615,0.0137150355644916,0.010982));
#5016=CARTESIAN_POINT('',(0.0384489578155499,0.0130208602196487,0.010982));
#5017=CARTESIAN_POINT('',(0.0385279809229324,0.0125536475539043,0.010982));
#5018=CARTESIAN_POINT('',(0.0383875677057438,0.0133838203436292,0.010982));
#5019=CARTESIAN_POINT('',(0.0386833665168649,0.013433850967644,0.010982));
#5020=CARTESIAN_POINT('',(0.0380666520966265,0.0126618512532482,0.010982));
#5021=CARTESIAN_POINT('',(0.0377082629084292,0.012745910678449,0.010982));
#5022=CARTESIAN_POINT('',(0.0374589587945836,0.0120147236144827,0.010982));
#5023=CARTESIAN_POINT('',(0.0375959160553212,0.0115610992817318,0.010982));
#5024=CARTESIAN_POINT('',(0.0373525617981363,0.0123671274685037,0.010982));
#5025=CARTESIAN_POINT('',(0.0376397576473959,0.012453837007587,0.010982));
#5026=CARTESIAN_POINT('',(0.0371246634250807,0.0116106299290502,0.010982));
#5027=CARTESIAN_POINT('',(0.0367585648031059,0.0116491084447447,0.010982));
#5028=CARTESIAN_POINT('',(0.0366028685657289,0.0108924409184436,0.010982));
#5029=CARTESIAN_POINT('',(0.0367956000820055,0.0104595588453958,0.010982));
#5030=CARTESIAN_POINT('',(0.0364531426268329,0.0112287308832114,0.010982));
#5031=CARTESIAN_POINT('',(0.0367272062641256,0.0113507518761342,0.010982));
#5032=CARTESIAN_POINT('',(0.0363218555833218,0.0104496353127923,0.010982));
#5033=CARTESIAN_POINT('',(0.0359538211215349,0.010441926089802,0.010982));
#5034=CARTESIAN_POINT('',(0.0358941881832983,0.00967171120006717,0.010982));
#5035=CARTESIAN_POINT('',(0.0361396544639701,0.00926639819560573,0.010982));
#5036=CARTESIAN_POINT('',(0.0357034945694518,0.00998658378194761,0.010982));
#5037=CARTESIAN_POINT('',(0.0359601038474999,0.0101419918847595,0.010982));
#5038=CARTESIAN_POINT('',(0.0356708893305887,0.00919717698311744,0.010982));
#5039=CARTESIAN_POINT('',(0.0353067231523052,0.00914340160049422,0.010982));
#5040=CARTESIAN_POINT('',(0.0353440939602679,0.00837178609624084,0.010982));
#5041=CARTESIAN_POINT('',(0.0356384238554542,0.00800043418856831,0.010982));
#5042=CARTESIAN_POINT('',(0.0351154400236762,0.00866027556652183,0.010982));
#5043=CARTESIAN_POINT('',(0.035350548060874,0.00884661990060532,0.010982));
#5044=CARTESIAN_POINT('',(0.0351820307935553,0.00787300695606698,0.010982));
#5045=CARTESIAN_POINT('',(0.0348274760169491,0.00777401348371864,0.010982));
#5046=CARTESIAN_POINT('',(0.0349612612111452,0.00701316620238955,0.010982));
#5047=CARTESIAN_POINT('',(0.0352998129625748,0.0066816318329248,0.010982));
#5048=CARTESIAN_POINT('',(0.0346982529609796,0.00727072290978951,0.010982));
#5049=CARTESIAN_POINT('',(0.0349081519631336,0.00748506471367935,0.010982));
#5050=CARTESIAN_POINT('',(0.0348629895633804,0.0064980081839883,0.010982));
#5051=CARTESIAN_POINT('',(0.0345236377290793,0.00635535780810962,0.010982));
#5052=CARTESIAN_POINT('',(0.0347517274370771,0.00561727776583951,0.010982));
#5053=CARTESIAN_POINT('',(0.0351291618813889,0.00533078942963802,0.010982));
#5054=CARTESIAN_POINT('',(0.0344585126705562,0.00583983988722581,0.010982));
#5055=CARTESIAN_POINT('',(0.0346398924050149,0.00607879886263307,0.010982));
#5056=CARTESIAN_POINT('',(0.0347187971108501,0.00509386521890155,0.010982));
#5057=CARTESIAN_POINT('',(0.0344,0.00490980762113533,0.010982));
#5058=CARTESIAN_POINT('',(0.0347187971108501,0.00420613478109845,0.010982));
#5059=CARTESIAN_POINT('',(0.0351291618813889,0.00396921057036198,0.010982));
#5060=CARTESIAN_POINT('',(0.0344,0.00439019237886467,0.010982));
#5061=CARTESIAN_POINT('',(0.03455,0.00465,0.010982));
#5062=CARTESIAN_POINT('',(0.0347517274370771,0.00368272223416049,0.010982));
#5063=CARTESIAN_POINT('',(0.0344585126705562,0.00346016011277419,0.010982));
#5064=CARTESIAN_POINT('',(0.0348629895633804,0.0028019918160117,0.010982));
#5065=CARTESIAN_POINT('',(0.0352998129625748,0.0026183681670752,0.010982));
#5066=CARTESIAN_POINT('',(0.0345236377290793,0.00294464219189038,0.010982));
#5067=CARTESIAN_POINT('',(0.0346398924050149,0.00322120113736693,0.010982));
#5068=CARTESIAN_POINT('',(0.0349612612111452,0.00228683379761045,0.010982));
#5069=CARTESIAN_POINT('',(0.0346982529609796,0.00202927709021049,0.010982));
#5070=CARTESIAN_POINT('',(0.0351820307935553,0.00142699304393302,0.010982));
#5071=CARTESIAN_POINT('',(0.0356384238554542,0.00129956581143169,0.010982));
#5072=CARTESIAN_POINT('',(0.0348274760169491,0.00152598651628135,0.010982));
#5073=CARTESIAN_POINT('',(0.0349081519631336,0.00181493528632066,0.010982));
#5074=CARTESIAN_POINT('',(0.0353440939602679,0.000928213903759148,0.010982));
#5075=CARTESIAN_POINT('',(0.0351154400236762,0.000639724433478163,0.010982));
#5076=CARTESIAN_POINT('',(0.0356708893305887,0.000102823016882549,0.010982));
#5077=CARTESIAN_POINT('',(0.0361396544639701,3.36018043942624E-5,0.010982));
#5078=CARTESIAN_POINT('',(0.0353067231523052,0.000156598399505772,0.010982));
#5079=CARTESIAN_POINT('',(0.035350548060874,0.000453380099394669,0.010982));
#5080=CARTESIAN_POINT('',(0.0358941881832983,-0.000371711200067171,0.010982));
#5081=CARTESIAN_POINT('',(0.0357034945694518,-0.000686583781947612,0.010982));
#5082=CARTESIAN_POINT('',(0.0363218555833218,-0.00114963531279229,0.010982));
#5083=CARTESIAN_POINT('',(0.0367956000820055,-0.00115955884539584,0.010982));
#5084=CARTESIAN_POINT('',(0.0359538211215349,-0.001141926089802,0.010982));
#5085=CARTESIAN_POINT('',(0.0359601038474999,-0.00084199188475955,0.010982));
#5086=CARTESIAN_POINT('',(0.0366028685657289,-0.00159244091844357,0.010982));
#5087=CARTESIAN_POINT('',(0.0364531426268329,-0.00192873088321145,0.010982));
#5088=CARTESIAN_POINT('',(0.0371246634250807,-0.0023106299290502,0.010982));
#5089=CARTESIAN_POINT('',(0.0375959160553212,-0.00226109928173183,0.010982));
#5090=CARTESIAN_POINT('',(0.0367585648031059,-0.00234910844474467,0.010982));
#5091=CARTESIAN_POINT('',(0.0367272062641256,-0.00205075187613419,0.010982));
#5092=CARTESIAN_POINT('',(0.0374589587945836,-0.00271472361448268,0.010982));
#5093=CARTESIAN_POINT('',(0.0373525617981363,-0.00306712746850371,0.010982));
#5094=CARTESIAN_POINT('',(0.0380666520966265,-0.00336185125324822,0.010982));
#5095=CARTESIAN_POINT('',(0.0385279809229324,-0.0032536475539043,0.010982));
#5096=CARTESIAN_POINT('',(0.0377082629084291,-0.003445910678449,0.010982));
#5097=CARTESIAN_POINT('',(0.0376397576473959,-0.00315383700758705,0.010982));
#5098=CARTESIAN_POINT('',(0.0384489578155499,-0.00372086021964875,0.010982));
#5099=CARTESIAN_POINT('',(0.0383875677057438,-0.00408382034362917,0.010982));
#5100=CARTESIAN_POINT('',(0.0391329658738924,-0.00428672089713455,0.010982));
#5101=CARTESIAN_POINT('',(0.0395770954650881,-0.00412155058274152,0.010982));
#5102=CARTESIAN_POINT('',(0.0387879381310615,-0.00441503556449156,0.010982));
#5103=CARTESIAN_POINT('',(0.0386833665168649,-0.004133850967644,0.010982));
#5104=CARTESIAN_POINT('',(0.0395572527526703,-0.00459498335864145,0.010982));
#5105=CARTESIAN_POINT('',(0.0395418376882098,-0.00496277565460421,0.010982));
#5106=CARTESIAN_POINT('',(0.0403067883516256,-0.00507065311393479,0.010982));
#5107=CARTESIAN_POINT('',(0.040726714518748,-0.00485112101901856,0.010982));
#5108=CARTESIAN_POINT('',(0.0399805633477754,-0.00524119942449234,0.010982));
#5109=CARTESIAN_POINT('',(0.0398415745372394,-0.00497533835072297,0.010982));
#5110=CARTESIAN_POINT('',(0.0407663651327234,-0.005323307587383,0.010982));
#5111=CARTESIAN_POINT('',(0.0407971682183833,-0.0056901317511123,0.010982));
#5112=CARTESIAN_POINT('',(0.0415696076481451,-0.00570128482429155,0.010982));
#5113=CARTESIAN_POINT('',(0.0419587079046869,-0.00543085310113109,0.010982));
#5114=CARTESIAN_POINT('',(0.0412673301464635,-0.00591137316085272,0.010982));
#5115=CARTESIAN_POINT('',(0.0410961160761582,-0.00566502839811261,0.010982));
#5116=CARTESIAN_POINT('',(0.0420572265311866,-0.00589434679770636,0.010982));
#5117=CARTESIAN_POINT('',(0.0421337619839054,-0.00625441779301007,0.010982));
#5118=CARTESIAN_POINT('',(0.0429015083487728,-0.00616867058941143,0.010982));
#5119=CARTESIAN_POINT('',(0.043253646351251,-0.00585160410782904,0.010982));
#5120=CARTESIAN_POINT('',(0.0426279454460332,-0.00641498773340796,0.010982));
#5121=CARTESIAN_POINT('',(0.0424272062641256,-0.00619204428576474,0.010982));
#5122=CARTESIAN_POINT('',(0.0434094792926832,-0.00629909536014243,0.010982));
#5123=CARTESIAN_POINT('',(0.0435305401026515,-0.00664673465232861,0.010982));
#5124=CARTESIAN_POINT('',(0.044281485583821,-0.00646543945657574,0.010982));
#5125=CARTESIAN_POINT('',(0.0445911079055797,-0.00610673854439232,0.010982));
#5126=CARTESIAN_POINT('',(0.0440409515304183,-0.00674410083950407,0.010982));
#5127=CARTESIAN_POINT('',(0.0438138530137228,-0.00654807465830703,0.010982));
#5128=CARTESIAN_POINT('',(0.0448017975833677,-0.00653117014807653,0.010982));
#5129=CARTESIAN_POINT('',(0.044965474549294,-0.00686089525783776,0.010982));
#5130=CARTESIAN_POINT('',(0.0456877762879346,-0.00658691120346817,0.010982));
#5131=CARTESIAN_POINT('',(0.04595,-0.00619223278834638,0.010982));
#5132=CARTESIAN_POINT('',(0.0454840644495789,-0.00689352216885528,0.010982));
#5133=CARTESIAN_POINT('',(0.0452341880773658,-0.00672750470408228,0.010982));
#5134=CARTESIAN_POINT('',(0.0462122237120654,-0.00658691120346817,0.010982));
#5135=CARTESIAN_POINT('',(0.0464159355504212,-0.00689352216885529,0.010982));
#5136=CARTESIAN_POINT('',(0.0470982024166323,-0.00653117014807653,0.010982));
#5137=CARTESIAN_POINT('',(0.0473088920944204,-0.00610673854439233,0.010982));
#5138=CARTESIAN_POINT('',(0.046934525450706,-0.00686089525783776,0.010982));
#5139=CARTESIAN_POINT('',(0.0466658119226342,-0.00672750470408228,0.010982));
#5140=CARTESIAN_POINT('',(0.047618514416179,-0.00646543945657575,0.010982));
#5141=CARTESIAN_POINT('',(0.0478590484695817,-0.00674410083950407,0.010982));
#5142=CARTESIAN_POINT('',(0.0484905207073168,-0.00629909536014243,0.010982));
#5143=CARTESIAN_POINT('',(0.048646353648749,-0.00585160410782905,0.010982));
#5144=CARTESIAN_POINT('',(0.0483694598973485,-0.00664673465232862,0.010982));
#5145=CARTESIAN_POINT('',(0.0480861469862773,-0.00654807465830704,0.010982));
#5146=CARTESIAN_POINT('',(0.0489984916512272,-0.00616867058941143,0.010982));
#5147=CARTESIAN_POINT('',(0.0492720545539667,-0.00641498773340796,0.010982));
#5148=CARTESIAN_POINT('',(0.0498427734688134,-0.00589434679770636,0.010982));
#5149=CARTESIAN_POINT('',(0.0499412920953132,-0.00543085310113108,0.010982));
#5150=CARTESIAN_POINT('',(0.0497662380160946,-0.00625441779301007,0.010982));
#5151=CARTESIAN_POINT('',(0.0494727937358744,-0.00619204428576474,0.010982));
#5152=CARTESIAN_POINT('',(0.050330392351855,-0.00570128482429155,0.010982));
#5153=CARTESIAN_POINT('',(0.0506326698535365,-0.00591137316085272,0.010982));
#5154=CARTESIAN_POINT('',(0.0511336348672767,-0.005323307587383,0.010982));
#5155=CARTESIAN_POINT('',(0.051173285481252,-0.00485112101901855,0.010982));
#5156=CARTESIAN_POINT('',(0.0511028317816167,-0.0056901317511123,0.010982));
#5157=CARTESIAN_POINT('',(0.0508038839238418,-0.00566502839811261,0.010982));
#5158=CARTESIAN_POINT('',(0.0515932116483744,-0.00507065311393478,0.010982));
#5159=CARTESIAN_POINT('',(0.0519194366522246,-0.00524119942449233,0.010982));
#5160=CARTESIAN_POINT('',(0.0523427472473297,-0.00459498335864144,0.010982));
#5161=CARTESIAN_POINT('',(0.0523229045349119,-0.00412155058274151,0.010982));
#5162=CARTESIAN_POINT('',(0.0523581623117902,-0.0049627756546042,0.010982));
#5163=CARTESIAN_POINT('',(0.0520584254627606,-0.00497533835072296,0.010982));
#5164=CARTESIAN_POINT('',(0.0527670341261077,-0.00428672089713455,0.010982));
#5165=CARTESIAN_POINT('',(0.0531120618689385,-0.00441503556449155,0.010982));
#5166=CARTESIAN_POINT('',(0.0534510421844501,-0.00372086021964875,0.010982));
#5167=CARTESIAN_POINT('',(0.0533720190770677,-0.00325364755390429,0.010982));
#5168=CARTESIAN_POINT('',(0.0535124322942562,-0.00408382034362916,0.010982));
#5169=CARTESIAN_POINT('',(0.0532166334831351,-0.00413385096764399,0.010982));
#5170=CARTESIAN_POINT('',(0.0538333479033735,-0.0033618512532482,0.010982));
#5171=CARTESIAN_POINT('',(0.0541917370915709,-0.00344591067844898,0.010982));
#5172=CARTESIAN_POINT('',(0.0544410412054164,-0.00271472361448267,0.010982));
#5173=CARTESIAN_POINT('',(0.0543040839446788,-0.00226109928173182,0.010982));
#5174=CARTESIAN_POINT('',(0.0545474382018637,-0.0030671274685037,0.010982));
#5175=CARTESIAN_POINT('',(0.0542602423526041,-0.00315383700758704,0.010982));
#5176=CARTESIAN_POINT('',(0.0547753365749193,-0.0023106299290502,0.010982));
#5177=CARTESIAN_POINT('',(0.0551414351968941,-0.00234910844474467,0.010982));
#5178=CARTESIAN_POINT('',(0.0552971314342711,-0.00159244091844358,0.010982));
#5179=CARTESIAN_POINT('',(0.0551043999179945,-0.00115955884539583,0.010982));
#5180=CARTESIAN_POINT('',(0.0554468573731672,-0.00192873088321145,0.010982));
#5181=CARTESIAN_POINT('',(0.0551727937358744,-0.00205075187613419,0.010982));
#5182=CARTESIAN_POINT('',(0.0555781444166782,-0.00114963531279228,0.010982));
#5183=CARTESIAN_POINT('',(0.0559461788784651,-0.001141926089802,0.010982));
#5184=CARTESIAN_POINT('',(0.0560058118167017,-0.000371711200067164,0.010982));
#5185=CARTESIAN_POINT('',(0.0557603455360299,3.36018043942757E-5,0.010982));
#5186=CARTESIAN_POINT('',(0.0561965054305482,-0.000686583781947605,0.010982));
#5187=CARTESIAN_POINT('',(0.0559398961525001,-0.000841991884759543,0.010982));
#5188=CARTESIAN_POINT('',(0.0562291106694113,0.000102823016882563,0.010982));
#5189=CARTESIAN_POINT('',(0.0565932768476948,0.000156598399505786,0.010982));
#5190=CARTESIAN_POINT('',(0.0565559060397321,0.000928213903759165,0.010982));
#5191=CARTESIAN_POINT('',(0.0562615761445458,0.00129956581143169,0.010982));
#5192=CARTESIAN_POINT('',(0.0567845599763238,0.000639724433478174,0.010982));
#5193=CARTESIAN_POINT('',(0.0565494519391261,0.000453380099394682,0.010982));
#5194=CARTESIAN_POINT('',(0.0567179692064447,0.00142699304393303,0.010982));
#5195=CARTESIAN_POINT('',(0.057072523983051,0.00152598651628136,0.010982));
#5196=CARTESIAN_POINT('',(0.0569387387888548,0.00228683379761045,0.010982));
#5197=CARTESIAN_POINT('',(0.0566001870374252,0.00261836816707522,0.010982));
#5198=CARTESIAN_POINT('',(0.0572017470390204,0.0020292770902105,0.010982));
#5199=CARTESIAN_POINT('',(0.0569918480368664,0.00181493528632066,0.010982));
#5200=CARTESIAN_POINT('',(0.0570370104366195,0.00280199181601171,0.010982));
#5201=CARTESIAN_POINT('',(0.0573763622709207,0.00294464219189039,0.010982));
#5202=CARTESIAN_POINT('',(0.0571482725629229,0.0036827222341605,0.010982));
#5203=CARTESIAN_POINT('',(0.0574414873294438,0.0034601601127742,0.010982));
#5204=CARTESIAN_POINT('',(0.0572601075949851,0.00322120113736694,0.010982));
#5205=CARTESIAN_POINT('',(0.04595,0.00465,0.00998));
#5206=MECHANICAL_DESIGN_GEOMETRIC_PRESENTATION_REPRESENTATION('',(#3137),
#5207);
#5207=(
GEOMETRIC_REPRESENTATION_CONTEXT(3)
GLOBAL_UNCERTAINTY_ASSIGNED_CONTEXT((#5208))
GLOBAL_UNIT_ASSIGNED_CONTEXT((#5211,#5210,#5209))
REPRESENTATION_CONTEXT('Dial','TOP_LEVEL_ASSEMBLY_PART')
);
#5208=UNCERTAINTY_MEASURE_WITH_UNIT(LENGTH_MEASURE(1.E-8),#5211,
'DISTANCE_ACCURACY_VALUE','Maximum Tolerance applied to model');
#5209=(
NAMED_UNIT(*)
SI_UNIT($,.STERADIAN.)
SOLID_ANGLE_UNIT()
);
#5210=(
NAMED_UNIT(*)
PLANE_ANGLE_UNIT()
SI_UNIT($,.RADIAN.)
);
#5211=(
LENGTH_UNIT()
NAMED_UNIT(*)
SI_UNIT($,.METRE.)
);
#5212=PRODUCT_DEFINITION_SHAPE('','',#5213);
#5213=PRODUCT_DEFINITION('','',#5215,#5214);
#5214=PRODUCT_DEFINITION_CONTEXT('',#5221,'design');
#5215=PRODUCT_DEFINITION_FORMATION_WITH_SPECIFIED_SOURCE('','',#5217,
 .NOT_KNOWN.);
#5216=PRODUCT_RELATED_PRODUCT_CATEGORY('','',(#5217));
#5217=PRODUCT('Dial','Dial','Dial',(#5219));
#5218=PRODUCT_CATEGORY('','');
#5219=PRODUCT_CONTEXT('',#5221,'mechanical');
#5220=APPLICATION_PROTOCOL_DEFINITION('international standard',
'ap242_managed_model_based_3d_engineering',2011,#5221);
#5221=APPLICATION_CONTEXT('managed model based 3d engineering');
ENDSEC;
END-ISO-10303-21;
