ISO-10303-21;
HEADER;
/* Generated by software containing ST-Developer
 * from STEP Tools, Inc. (www.steptools.com) 
 */
/* OPTION: using custom renumber hook */

FILE_DESCRIPTION(
/* description */ ('STEP AP242',
'CAx-IF Rec.Pracs.---Representation and Presentation of Product Manufa
cturing Information (PMI)---4.0---2014-10-13',
'CAx-IF Rec.Pracs.---3D Tessellated Geometry---0.4---2014-09-14','2;1'),

/* implementation_level */ '2;1');

FILE_NAME(
/* name */ 'Case - JoyKey lid',
/* time_stamp */ '2025-07-11T19:00:23Z',
/* author */ (''),
/* organization */ (''),
/* preprocessor_version */ 'ST-DEVELOPER v20',
/* originating_system */ 'ONSHAPE BY PTC INC, 1.200',
/* authorisation */ '  ');

FILE_SCHEMA (('AP242_MANAGED_MODEL_BASED_3D_ENGINEERING_MIM_LF { 1 0 10303 442 1 1 4 }'));
ENDSEC;

DATA;
#10=SHAPE_REPRESENTATION_RELATIONSHIP('','',#2828,#11);
#11=ADVANCED_BREP_SHAPE_REPRESENTATION('',(#2826),#5084);
#12=B_SPLINE_SURFACE_WITH_KNOTS('',3,1,((#4040,#4041),(#4042,#4043),(#4044,
#4045),(#4046,#4047)),.SURF_OF_LINEAR_EXTRUSION.,.F.,.F.,.F.,(4,4),(2,2),
(0.,1.),(0.,1.),.PIECEWISE_BEZIER_KNOTS.);
#13=B_SPLINE_SURFACE_WITH_KNOTS('',3,1,((#4060,#4061),(#4062,#4063),(#4064,
#4065),(#4066,#4067)),.SURF_OF_LINEAR_EXTRUSION.,.F.,.F.,.F.,(4,4),(2,2),
(0.,1.),(0.,1.),.PIECEWISE_BEZIER_KNOTS.);
#14=B_SPLINE_SURFACE_WITH_KNOTS('',3,1,((#4077,#4078),(#4079,#4080),(#4081,
#4082),(#4083,#4084)),.SURF_OF_LINEAR_EXTRUSION.,.F.,.F.,.F.,(4,4),(2,2),
(0.,1.),(0.,1.),.PIECEWISE_BEZIER_KNOTS.);
#15=B_SPLINE_SURFACE_WITH_KNOTS('',3,1,((#4094,#4095),(#4096,#4097),(#4098,
#4099),(#4100,#4101)),.SURF_OF_LINEAR_EXTRUSION.,.F.,.F.,.F.,(4,4),(2,2),
(0.,1.),(0.,1.),.PIECEWISE_BEZIER_KNOTS.);
#16=B_SPLINE_SURFACE_WITH_KNOTS('',3,1,((#4111,#4112),(#4113,#4114),(#4115,
#4116),(#4117,#4118)),.SURF_OF_LINEAR_EXTRUSION.,.F.,.F.,.F.,(4,4),(2,2),
(0.,1.),(0.,1.),.PIECEWISE_BEZIER_KNOTS.);
#17=B_SPLINE_SURFACE_WITH_KNOTS('',3,1,((#4128,#4129),(#4130,#4131),(#4132,
#4133),(#4134,#4135)),.SURF_OF_LINEAR_EXTRUSION.,.F.,.F.,.F.,(4,4),(2,2),
(0.,1.),(0.,1.),.PIECEWISE_BEZIER_KNOTS.);
#18=B_SPLINE_SURFACE_WITH_KNOTS('',3,1,((#4145,#4146),(#4147,#4148),(#4149,
#4150),(#4151,#4152)),.SURF_OF_LINEAR_EXTRUSION.,.F.,.F.,.F.,(4,4),(2,2),
(0.,1.),(0.,1.),.PIECEWISE_BEZIER_KNOTS.);
#19=B_SPLINE_SURFACE_WITH_KNOTS('',3,1,((#4162,#4163),(#4164,#4165),(#4166,
#4167),(#4168,#4169)),.SURF_OF_LINEAR_EXTRUSION.,.F.,.F.,.F.,(4,4),(2,2),
(0.,1.),(0.,1.),.PIECEWISE_BEZIER_KNOTS.);
#20=B_SPLINE_SURFACE_WITH_KNOTS('',3,1,((#4181,#4182),(#4183,#4184),(#4185,
#4186),(#4187,#4188)),.SURF_OF_LINEAR_EXTRUSION.,.F.,.F.,.F.,(4,4),(2,2),
(0.,1.),(0.,1.),.PIECEWISE_BEZIER_KNOTS.);
#21=B_SPLINE_SURFACE_WITH_KNOTS('',3,1,((#4194,#4195),(#4196,#4197),(#4198,
#4199),(#4200,#4201)),.SURF_OF_LINEAR_EXTRUSION.,.F.,.F.,.F.,(4,4),(2,2),
(0.,1.),(0.,1.),.PIECEWISE_BEZIER_KNOTS.);
#22=B_SPLINE_SURFACE_WITH_KNOTS('',3,1,((#4207,#4208),(#4209,#4210),(#4211,
#4212),(#4213,#4214)),.SURF_OF_LINEAR_EXTRUSION.,.F.,.F.,.F.,(4,4),(2,2),
(0.,1.),(0.,1.),.PIECEWISE_BEZIER_KNOTS.);
#23=B_SPLINE_SURFACE_WITH_KNOTS('',3,1,((#4220,#4221),(#4222,#4223),(#4224,
#4225),(#4226,#4227)),.SURF_OF_LINEAR_EXTRUSION.,.F.,.F.,.F.,(4,4),(2,2),
(0.,1.),(0.,1.),.PIECEWISE_BEZIER_KNOTS.);
#24=B_SPLINE_SURFACE_WITH_KNOTS('',3,1,((#4237,#4238),(#4239,#4240),(#4241,
#4242),(#4243,#4244)),.SURF_OF_LINEAR_EXTRUSION.,.F.,.F.,.F.,(4,4),(2,2),
(0.,1.),(0.,1.),.PIECEWISE_BEZIER_KNOTS.);
#25=B_SPLINE_SURFACE_WITH_KNOTS('',3,1,((#4250,#4251),(#4252,#4253),(#4254,
#4255),(#4256,#4257)),.SURF_OF_LINEAR_EXTRUSION.,.F.,.F.,.F.,(4,4),(2,2),
(0.,1.),(0.,1.),.PIECEWISE_BEZIER_KNOTS.);
#26=B_SPLINE_SURFACE_WITH_KNOTS('',3,1,((#4263,#4264),(#4265,#4266),(#4267,
#4268),(#4269,#4270)),.SURF_OF_LINEAR_EXTRUSION.,.F.,.F.,.F.,(4,4),(2,2),
(0.,1.),(0.,1.),.PIECEWISE_BEZIER_KNOTS.);
#27=B_SPLINE_SURFACE_WITH_KNOTS('',3,1,((#4278,#4279),(#4280,#4281),(#4282,
#4283),(#4284,#4285)),.SURF_OF_LINEAR_EXTRUSION.,.F.,.F.,.F.,(4,4),(2,2),
(0.,1.),(0.,1.),.PIECEWISE_BEZIER_KNOTS.);
#28=B_SPLINE_SURFACE_WITH_KNOTS('',3,1,((#4315,#4316),(#4317,#4318),(#4319,
#4320),(#4321,#4322)),.SURF_OF_LINEAR_EXTRUSION.,.F.,.F.,.F.,(4,4),(2,2),
(0.,1.),(0.,1.),.PIECEWISE_BEZIER_KNOTS.);
#29=B_SPLINE_SURFACE_WITH_KNOTS('',3,1,((#4328,#4329),(#4330,#4331),(#4332,
#4333),(#4334,#4335)),.SURF_OF_LINEAR_EXTRUSION.,.F.,.F.,.F.,(4,4),(2,2),
(0.,1.),(0.,1.),.PIECEWISE_BEZIER_KNOTS.);
#30=B_SPLINE_SURFACE_WITH_KNOTS('',3,1,((#4353,#4354),(#4355,#4356),(#4357,
#4358),(#4359,#4360)),.SURF_OF_LINEAR_EXTRUSION.,.F.,.F.,.F.,(4,4),(2,2),
(0.,1.),(0.,1.),.PIECEWISE_BEZIER_KNOTS.);
#31=B_SPLINE_SURFACE_WITH_KNOTS('',3,1,((#4452,#4453),(#4454,#4455),(#4456,
#4457),(#4458,#4459)),.SURF_OF_LINEAR_EXTRUSION.,.F.,.F.,.F.,(4,4),(2,2),
(0.,1.),(0.,1.),.PIECEWISE_BEZIER_KNOTS.);
#32=B_SPLINE_SURFACE_WITH_KNOTS('',3,1,((#4465,#4466),(#4467,#4468),(#4469,
#4470),(#4471,#4472)),.SURF_OF_LINEAR_EXTRUSION.,.F.,.F.,.F.,(4,4),(2,2),
(0.,1.),(0.,1.),.PIECEWISE_BEZIER_KNOTS.);
#33=B_SPLINE_SURFACE_WITH_KNOTS('',3,1,((#4490,#4491),(#4492,#4493),(#4494,
#4495),(#4496,#4497)),.SURF_OF_LINEAR_EXTRUSION.,.F.,.F.,.F.,(4,4),(2,2),
(0.,1.),(0.,1.),.PIECEWISE_BEZIER_KNOTS.);
#34=B_SPLINE_SURFACE_WITH_KNOTS('',3,1,((#4514,#4515),(#4516,#4517),(#4518,
#4519),(#4520,#4521)),.SURF_OF_LINEAR_EXTRUSION.,.F.,.F.,.F.,(4,4),(2,2),
(0.,1.),(0.,1.),.PIECEWISE_BEZIER_KNOTS.);
#35=B_SPLINE_SURFACE_WITH_KNOTS('',3,1,((#4534,#4535),(#4536,#4537),(#4538,
#4539),(#4540,#4541)),.SURF_OF_LINEAR_EXTRUSION.,.F.,.F.,.F.,(4,4),(2,2),
(0.,1.),(0.,1.),.PIECEWISE_BEZIER_KNOTS.);
#36=B_SPLINE_SURFACE_WITH_KNOTS('',3,1,((#4551,#4552),(#4553,#4554),(#4555,
#4556),(#4557,#4558)),.SURF_OF_LINEAR_EXTRUSION.,.F.,.F.,.F.,(4,4),(2,2),
(0.,1.),(0.,1.),.PIECEWISE_BEZIER_KNOTS.);
#37=B_SPLINE_SURFACE_WITH_KNOTS('',3,1,((#4580,#4581),(#4582,#4583),(#4584,
#4585),(#4586,#4587)),.SURF_OF_LINEAR_EXTRUSION.,.F.,.F.,.F.,(4,4),(2,2),
(0.,1.),(0.,1.),.PIECEWISE_BEZIER_KNOTS.);
#38=B_SPLINE_SURFACE_WITH_KNOTS('',3,1,((#4599,#4600),(#4601,#4602),(#4603,
#4604),(#4605,#4606)),.SURF_OF_LINEAR_EXTRUSION.,.F.,.F.,.F.,(4,4),(2,2),
(0.,1.),(0.,1.),.PIECEWISE_BEZIER_KNOTS.);
#39=B_SPLINE_SURFACE_WITH_KNOTS('',3,1,((#4616,#4617),(#4618,#4619),(#4620,
#4621),(#4622,#4623)),.SURF_OF_LINEAR_EXTRUSION.,.F.,.F.,.F.,(4,4),(2,2),
(0.,1.),(0.,1.),.PIECEWISE_BEZIER_KNOTS.);
#40=B_SPLINE_SURFACE_WITH_KNOTS('',3,1,((#4629,#4630),(#4631,#4632),(#4633,
#4634),(#4635,#4636)),.SURF_OF_LINEAR_EXTRUSION.,.F.,.F.,.F.,(4,4),(2,2),
(0.,1.),(0.,1.),.PIECEWISE_BEZIER_KNOTS.);
#41=B_SPLINE_SURFACE_WITH_KNOTS('',3,1,((#4642,#4643),(#4644,#4645),(#4646,
#4647),(#4648,#4649)),.SURF_OF_LINEAR_EXTRUSION.,.F.,.F.,.F.,(4,4),(2,2),
(0.,1.),(0.,1.),.PIECEWISE_BEZIER_KNOTS.);
#42=B_SPLINE_SURFACE_WITH_KNOTS('',3,1,((#4663,#4664),(#4665,#4666),(#4667,
#4668),(#4669,#4670)),.SURF_OF_LINEAR_EXTRUSION.,.F.,.F.,.F.,(4,4),(2,2),
(0.,1.),(0.,1.),.PIECEWISE_BEZIER_KNOTS.);
#43=B_SPLINE_SURFACE_WITH_KNOTS('',3,1,((#4676,#4677),(#4678,#4679),(#4680,
#4681),(#4682,#4683)),.SURF_OF_LINEAR_EXTRUSION.,.F.,.F.,.F.,(4,4),(2,2),
(0.,1.),(0.,1.),.PIECEWISE_BEZIER_KNOTS.);
#44=B_SPLINE_SURFACE_WITH_KNOTS('',3,1,((#4689,#4690),(#4691,#4692),(#4693,
#4694),(#4695,#4696)),.SURF_OF_LINEAR_EXTRUSION.,.F.,.F.,.F.,(4,4),(2,2),
(0.,1.),(0.,1.),.PIECEWISE_BEZIER_KNOTS.);
#45=B_SPLINE_SURFACE_WITH_KNOTS('',3,1,((#4702,#4703),(#4704,#4705),(#4706,
#4707),(#4708,#4709)),.SURF_OF_LINEAR_EXTRUSION.,.F.,.F.,.F.,(4,4),(2,2),
(0.,1.),(0.,1.),.PIECEWISE_BEZIER_KNOTS.);
#46=B_SPLINE_SURFACE_WITH_KNOTS('',3,1,((#4715,#4716),(#4717,#4718),(#4719,
#4720),(#4721,#4722)),.SURF_OF_LINEAR_EXTRUSION.,.F.,.F.,.F.,(4,4),(2,2),
(0.,1.),(0.,1.),.PIECEWISE_BEZIER_KNOTS.);
#47=B_SPLINE_SURFACE_WITH_KNOTS('',3,1,((#4732,#4733),(#4734,#4735),(#4736,
#4737),(#4738,#4739)),.SURF_OF_LINEAR_EXTRUSION.,.F.,.F.,.F.,(4,4),(2,2),
(0.,1.),(0.,1.),.PIECEWISE_BEZIER_KNOTS.);
#48=B_SPLINE_SURFACE_WITH_KNOTS('',3,1,((#4743,#4744),(#4745,#4746),(#4747,
#4748),(#4749,#4750)),.SURF_OF_LINEAR_EXTRUSION.,.F.,.F.,.F.,(4,4),(2,2),
(0.,1.),(0.,1.),.PIECEWISE_BEZIER_KNOTS.);
#49=B_SPLINE_SURFACE_WITH_KNOTS('',3,1,((#4768,#4769),(#4770,#4771),(#4772,
#4773),(#4774,#4775)),.SURF_OF_LINEAR_EXTRUSION.,.F.,.F.,.F.,(4,4),(2,2),
(0.,1.),(0.,1.),.PIECEWISE_BEZIER_KNOTS.);
#50=B_SPLINE_SURFACE_WITH_KNOTS('',3,1,((#4781,#4782),(#4783,#4784),(#4785,
#4786),(#4787,#4788)),.SURF_OF_LINEAR_EXTRUSION.,.F.,.F.,.F.,(4,4),(2,2),
(0.,1.),(0.,1.),.PIECEWISE_BEZIER_KNOTS.);
#51=B_SPLINE_SURFACE_WITH_KNOTS('',3,1,((#4794,#4795),(#4796,#4797),(#4798,
#4799),(#4800,#4801)),.SURF_OF_LINEAR_EXTRUSION.,.F.,.F.,.F.,(4,4),(2,2),
(0.,1.),(0.,1.),.PIECEWISE_BEZIER_KNOTS.);
#52=B_SPLINE_SURFACE_WITH_KNOTS('',3,1,((#4807,#4808),(#4809,#4810),(#4811,
#4812),(#4813,#4814)),.SURF_OF_LINEAR_EXTRUSION.,.F.,.F.,.F.,(4,4),(2,2),
(0.,1.),(0.,1.),.PIECEWISE_BEZIER_KNOTS.);
#53=B_SPLINE_SURFACE_WITH_KNOTS('',3,1,((#4824,#4825),(#4826,#4827),(#4828,
#4829),(#4830,#4831)),.SURF_OF_LINEAR_EXTRUSION.,.F.,.F.,.F.,(4,4),(2,2),
(0.,1.),(0.,1.),.PIECEWISE_BEZIER_KNOTS.);
#54=B_SPLINE_SURFACE_WITH_KNOTS('',3,1,((#4837,#4838),(#4839,#4840),(#4841,
#4842),(#4843,#4844)),.SURF_OF_LINEAR_EXTRUSION.,.F.,.F.,.F.,(4,4),(2,2),
(0.,1.),(0.,1.),.PIECEWISE_BEZIER_KNOTS.);
#55=B_SPLINE_SURFACE_WITH_KNOTS('',3,1,((#4850,#4851),(#4852,#4853),(#4854,
#4855),(#4856,#4857)),.SURF_OF_LINEAR_EXTRUSION.,.F.,.F.,.F.,(4,4),(2,2),
(0.,1.),(0.,1.),.PIECEWISE_BEZIER_KNOTS.);
#56=B_SPLINE_SURFACE_WITH_KNOTS('',3,1,((#4867,#4868),(#4869,#4870),(#4871,
#4872),(#4873,#4874)),.SURF_OF_LINEAR_EXTRUSION.,.F.,.F.,.F.,(4,4),(2,2),
(0.,1.),(0.,1.),.PIECEWISE_BEZIER_KNOTS.);
#57=B_SPLINE_SURFACE_WITH_KNOTS('',3,3,((#4898,#4899,#4900,#4901),(#4902,
#4903,#4904,#4905),(#4906,#4907,#4908,#4909),(#4910,#4911,#4912,#4913),
(#4914,#4915,#4916,#4917),(#4918,#4919,#4920,#4921),(#4922,#4923,#4924,
#4925),(#4926,#4927,#4928,#4929),(#4930,#4931,#4932,#4933),(#4934,#4935,
#4936,#4937),(#4938,#4939,#4940,#4941),(#4942,#4943,#4944,#4945),(#4946,
#4947,#4948,#4949)),.UNSPECIFIED.,.F.,.F.,.F.,(4,1,1,1,1,1,1,1,1,1,4),(4,
4),(1.76030638104277,2.39041081234887,2.70546302800192,3.12553264887265,
3.65061967496107,4.28072410626717,4.91082853757327,5.43591556366168,5.85598518453242,
6.17103740018547,6.80114183149157),(0.150375939849624,1.),.UNSPECIFIED.);
#58=B_SPLINE_SURFACE_WITH_KNOTS('',3,3,((#4950,#4951,#4952,#4953),(#4954,
#4955,#4956,#4957),(#4958,#4959,#4960,#4961),(#4962,#4963,#4964,#4965),
(#4966,#4967,#4968,#4969),(#4970,#4971,#4972,#4973),(#4974,#4975,#4976,
#4977),(#4978,#4979,#4980,#4981),(#4982,#4983,#4984,#4985),(#4986,#4987,
#4988,#4989),(#4990,#4991,#4992,#4993),(#4994,#4995,#4996,#4997),(#4998,
#4999,#5000,#5001),(#5002,#5003,#5004,#5005),(#5006,#5007,#5008,#5009),
(#5010,#5011,#5012,#5013),(#5014,#5015,#5016,#5017),(#5018,#5019,#5020,
#5021),(#5022,#5023,#5024,#5025)),.UNSPECIFIED.,.T.,.F.,.F.,(1,1,1,1,1,
1,1,1,1,1,1,1,1,1,1,1,1,1,1,1,1,1,1),(4,4),(-1.17809724509617,-0.785398163397448,
-0.392699081698724,0.,0.392699081698724,0.785398163397449,1.17809724509617,
1.5707963267949,1.96349540849362,2.35619449019235,2.74889357189107,3.1415926535898,
3.53429173528852,3.92699081698724,4.31968989868597,4.71238898038469,5.10508806208342,
5.49778714378214,5.89048622548087,6.28318530717959,6.67588438887832,7.06858347057704,
7.46128255227576),(0.150375939849624,1.),.UNSPECIFIED.);
#59=CYLINDRICAL_SURFACE('',#2858,0.015);
#60=CYLINDRICAL_SURFACE('',#2866,0.017);
#61=CYLINDRICAL_SURFACE('',#2868,0.0222);
#62=CYLINDRICAL_SURFACE('',#2871,0.0222);
#63=CYLINDRICAL_SURFACE('',#2874,0.012);
#64=CYLINDRICAL_SURFACE('',#2884,0.012);
#65=CYLINDRICAL_SURFACE('',#2902,0.00164565888912358);
#66=CYLINDRICAL_SURFACE('',#2912,0.00163350687672353);
#67=CYLINDRICAL_SURFACE('',#2939,0.00163350687672355);
#68=CYLINDRICAL_SURFACE('',#2947,0.00209666665516217);
#69=CYLINDRICAL_SURFACE('',#2957,0.0015126617334664);
#70=CYLINDRICAL_SURFACE('',#2963,0.0031);
#71=CYLINDRICAL_SURFACE('',#2965,0.0031);
#72=CYLINDRICAL_SURFACE('',#2967,0.0016);
#73=CYLINDRICAL_SURFACE('',#2971,0.00309989862478601);
#74=CYLINDRICAL_SURFACE('',#2972,0.0016);
#75=CYLINDRICAL_SURFACE('',#2978,0.00309989862478602);
#76=CYLINDRICAL_SURFACE('',#2979,0.001);
#77=CYLINDRICAL_SURFACE('',#2980,0.001);
#78=CYLINDRICAL_SURFACE('',#2981,0.003);
#79=CYLINDRICAL_SURFACE('',#2982,0.003);
#80=CYLINDRICAL_SURFACE('',#2983,0.003);
#81=CYLINDRICAL_SURFACE('',#2984,0.003);
#82=CYLINDRICAL_SURFACE('',#2985,0.005);
#83=CYLINDRICAL_SURFACE('',#2986,0.005);
#84=CYLINDRICAL_SURFACE('',#2987,0.005);
#85=CYLINDRICAL_SURFACE('',#2988,0.005);
#86=CYLINDRICAL_SURFACE('',#2989,0.005);
#87=LINE('',#3586,#342);
#88=LINE('',#3595,#343);
#89=LINE('',#3599,#344);
#90=LINE('',#3603,#345);
#91=LINE('',#3607,#346);
#92=LINE('',#3610,#347);
#93=LINE('',#3613,#348);
#94=LINE('',#3615,#349);
#95=LINE('',#3617,#350);
#96=LINE('',#3619,#351);
#97=LINE('',#3627,#352);
#98=LINE('',#3629,#353);
#99=LINE('',#3639,#354);
#100=LINE('',#3641,#355);
#101=LINE('',#3643,#356);
#102=LINE('',#3644,#357);
#103=LINE('',#3647,#358);
#104=LINE('',#3649,#359);
#105=LINE('',#3651,#360);
#106=LINE('',#3653,#361);
#107=LINE('',#3655,#362);
#108=LINE('',#3657,#363);
#109=LINE('',#3659,#364);
#110=LINE('',#3661,#365);
#111=LINE('',#3663,#366);
#112=LINE('',#3665,#367);
#113=LINE('',#3667,#368);
#114=LINE('',#3669,#369);
#115=LINE('',#3670,#370);
#116=LINE('',#3673,#371);
#117=LINE('',#3675,#372);
#118=LINE('',#3677,#373);
#119=LINE('',#3679,#374);
#120=LINE('',#3687,#375);
#121=LINE('',#3689,#376);
#122=LINE('',#3699,#377);
#123=LINE('',#3701,#378);
#124=LINE('',#3703,#379);
#125=LINE('',#3704,#380);
#126=LINE('',#3725,#381);
#127=LINE('',#3742,#382);
#128=LINE('',#3745,#383);
#129=LINE('',#3747,#384);
#130=LINE('',#3749,#385);
#131=LINE('',#3750,#386);
#132=LINE('',#3755,#387);
#133=LINE('',#3759,#388);
#134=LINE('',#3763,#389);
#135=LINE('',#3767,#390);
#136=LINE('',#3777,#391);
#137=LINE('',#3781,#392);
#138=LINE('',#3785,#393);
#139=LINE('',#3797,#394);
#140=LINE('',#3819,#395);
#141=LINE('',#3821,#396);
#142=LINE('',#3835,#397);
#143=LINE('',#3840,#398);
#144=LINE('',#3843,#399);
#145=LINE('',#3845,#400);
#146=LINE('',#3865,#401);
#147=LINE('',#3887,#402);
#148=LINE('',#3891,#403);
#149=LINE('',#3892,#404);
#150=LINE('',#3896,#405);
#151=LINE('',#3898,#406);
#152=LINE('',#3901,#407);
#153=LINE('',#3902,#408);
#154=LINE('',#3904,#409);
#155=LINE('',#3906,#410);
#156=LINE('',#3908,#411);
#157=LINE('',#3910,#412);
#158=LINE('',#3913,#413);
#159=LINE('',#3914,#414);
#160=LINE('',#3916,#415);
#161=LINE('',#3919,#416);
#162=LINE('',#3920,#417);
#163=LINE('',#3922,#418);
#164=LINE('',#3925,#419);
#165=LINE('',#3926,#420);
#166=LINE('',#3931,#421);
#167=LINE('',#3932,#422);
#168=LINE('',#3934,#423);
#169=LINE('',#3938,#424);
#170=LINE('',#3940,#425);
#171=LINE('',#3942,#426);
#172=LINE('',#3946,#427);
#173=LINE('',#3948,#428);
#174=LINE('',#3950,#429);
#175=LINE('',#3954,#430);
#176=LINE('',#3956,#431);
#177=LINE('',#3958,#432);
#178=LINE('',#3960,#433);
#179=LINE('',#3962,#434);
#180=LINE('',#3964,#435);
#181=LINE('',#3966,#436);
#182=LINE('',#3968,#437);
#183=LINE('',#3970,#438);
#184=LINE('',#3972,#439);
#185=LINE('',#3974,#440);
#186=LINE('',#3976,#441);
#187=LINE('',#3978,#442);
#188=LINE('',#3980,#443);
#189=LINE('',#3982,#444);
#190=LINE('',#3985,#445);
#191=LINE('',#3986,#446);
#192=LINE('',#3988,#447);
#193=LINE('',#3990,#448);
#194=LINE('',#3992,#449);
#195=LINE('',#3994,#450);
#196=LINE('',#3998,#451);
#197=LINE('',#4000,#452);
#198=LINE('',#4002,#453);
#199=LINE('',#4004,#454);
#200=LINE('',#4053,#455);
#201=LINE('',#4059,#456);
#202=LINE('',#4072,#457);
#203=LINE('',#4089,#458);
#204=LINE('',#4106,#459);
#205=LINE('',#4123,#460);
#206=LINE('',#4140,#461);
#207=LINE('',#4157,#462);
#208=LINE('',#4170,#463);
#209=LINE('',#4176,#464);
#210=LINE('',#4178,#465);
#211=LINE('',#4180,#466);
#212=LINE('',#4189,#467);
#213=LINE('',#4202,#468);
#214=LINE('',#4215,#469);
#215=LINE('',#4228,#470);
#216=LINE('',#4234,#471);
#217=LINE('',#4236,#472);
#218=LINE('',#4245,#473);
#219=LINE('',#4258,#474);
#220=LINE('',#4271,#475);
#221=LINE('',#4294,#476);
#222=LINE('',#4296,#477);
#223=LINE('',#4298,#478);
#224=LINE('',#4300,#479);
#225=LINE('',#4302,#480);
#226=LINE('',#4304,#481);
#227=LINE('',#4306,#482);
#228=LINE('',#4308,#483);
#229=LINE('',#4310,#484);
#230=LINE('',#4312,#485);
#231=LINE('',#4314,#486);
#232=LINE('',#4323,#487);
#233=LINE('',#4336,#488);
#234=LINE('',#4342,#489);
#235=LINE('',#4344,#490);
#236=LINE('',#4346,#491);
#237=LINE('',#4348,#492);
#238=LINE('',#4350,#493);
#239=LINE('',#4361,#494);
#240=LINE('',#4367,#495);
#241=LINE('',#4369,#496);
#242=LINE('',#4371,#497);
#243=LINE('',#4373,#498);
#244=LINE('',#4375,#499);
#245=LINE('',#4378,#500);
#246=LINE('',#4380,#501);
#247=LINE('',#4382,#502);
#248=LINE('',#4384,#503);
#249=LINE('',#4386,#504);
#250=LINE('',#4388,#505);
#251=LINE('',#4390,#506);
#252=LINE('',#4392,#507);
#253=LINE('',#4394,#508);
#254=LINE('',#4396,#509);
#255=LINE('',#4398,#510);
#256=LINE('',#4400,#511);
#257=LINE('',#4402,#512);
#258=LINE('',#4404,#513);
#259=LINE('',#4406,#514);
#260=LINE('',#4408,#515);
#261=LINE('',#4410,#516);
#262=LINE('',#4412,#517);
#263=LINE('',#4414,#518);
#264=LINE('',#4416,#519);
#265=LINE('',#4418,#520);
#266=LINE('',#4420,#521);
#267=LINE('',#4422,#522);
#268=LINE('',#4424,#523);
#269=LINE('',#4426,#524);
#270=LINE('',#4428,#525);
#271=LINE('',#4431,#526);
#272=LINE('',#4433,#527);
#273=LINE('',#4435,#528);
#274=LINE('',#4437,#529);
#275=LINE('',#4439,#530);
#276=LINE('',#4441,#531);
#277=LINE('',#4443,#532);
#278=LINE('',#4445,#533);
#279=LINE('',#4447,#534);
#280=LINE('',#4449,#535);
#281=LINE('',#4451,#536);
#282=LINE('',#4460,#537);
#283=LINE('',#4473,#538);
#284=LINE('',#4479,#539);
#285=LINE('',#4481,#540);
#286=LINE('',#4483,#541);
#287=LINE('',#4485,#542);
#288=LINE('',#4487,#543);
#289=LINE('',#4498,#544);
#290=LINE('',#4504,#545);
#291=LINE('',#4506,#546);
#292=LINE('',#4508,#547);
#293=LINE('',#4510,#548);
#294=LINE('',#4512,#549);
#295=LINE('',#4527,#550);
#296=LINE('',#4533,#551);
#297=LINE('',#4546,#552);
#298=LINE('',#4563,#553);
#299=LINE('',#4569,#554);
#300=LINE('',#4571,#555);
#301=LINE('',#4573,#556);
#302=LINE('',#4575,#557);
#303=LINE('',#4577,#558);
#304=LINE('',#4579,#559);
#305=LINE('',#4588,#560);
#306=LINE('',#4594,#561);
#307=LINE('',#4596,#562);
#308=LINE('',#4607,#563);
#309=LINE('',#4613,#564);
#310=LINE('',#4615,#565);
#311=LINE('',#4624,#566);
#312=LINE('',#4637,#567);
#313=LINE('',#4650,#568);
#314=LINE('',#4656,#569);
#315=LINE('',#4658,#570);
#316=LINE('',#4660,#571);
#317=LINE('',#4662,#572);
#318=LINE('',#4671,#573);
#319=LINE('',#4684,#574);
#320=LINE('',#4697,#575);
#321=LINE('',#4710,#576);
#322=LINE('',#4723,#577);
#323=LINE('',#4729,#578);
#324=LINE('',#4731,#579);
#325=LINE('',#4759,#580);
#326=LINE('',#4761,#581);
#327=LINE('',#4763,#582);
#328=LINE('',#4765,#583);
#329=LINE('',#4767,#584);
#330=LINE('',#4776,#585);
#331=LINE('',#4789,#586);
#332=LINE('',#4802,#587);
#333=LINE('',#4815,#588);
#334=LINE('',#4821,#589);
#335=LINE('',#4823,#590);
#336=LINE('',#4832,#591);
#337=LINE('',#4845,#592);
#338=LINE('',#4858,#593);
#339=LINE('',#4864,#594);
#340=LINE('',#4875,#595);
#341=LINE('',#4881,#596);
#342=VECTOR('',#3000,1.);
#343=VECTOR('',#3007,1.);
#344=VECTOR('',#3010,1.);
#345=VECTOR('',#3013,1.);
#346=VECTOR('',#3016,1.);
#347=VECTOR('',#3019,1.);
#348=VECTOR('',#3020,1.);
#349=VECTOR('',#3021,1.);
#350=VECTOR('',#3022,1.);
#351=VECTOR('',#3023,1.);
#352=VECTOR('',#3026,1.);
#353=VECTOR('',#3027,1.);
#354=VECTOR('',#3028,1.);
#355=VECTOR('',#3029,1.);
#356=VECTOR('',#3030,1.);
#357=VECTOR('',#3031,1.);
#358=VECTOR('',#3032,1.);
#359=VECTOR('',#3033,1.);
#360=VECTOR('',#3034,1.);
#361=VECTOR('',#3035,1.);
#362=VECTOR('',#3036,1.);
#363=VECTOR('',#3037,1.);
#364=VECTOR('',#3038,1.);
#365=VECTOR('',#3039,1.);
#366=VECTOR('',#3040,1.);
#367=VECTOR('',#3041,1.);
#368=VECTOR('',#3042,1.);
#369=VECTOR('',#3043,1.);
#370=VECTOR('',#3044,1.);
#371=VECTOR('',#3045,1.);
#372=VECTOR('',#3046,1.);
#373=VECTOR('',#3047,1.);
#374=VECTOR('',#3048,1.);
#375=VECTOR('',#3051,1.);
#376=VECTOR('',#3052,1.);
#377=VECTOR('',#3053,1.);
#378=VECTOR('',#3054,1.);
#379=VECTOR('',#3055,1.);
#380=VECTOR('',#3056,1.);
#381=VECTOR('',#3059,1.);
#382=VECTOR('',#3060,1.);
#383=VECTOR('',#3061,1.);
#384=VECTOR('',#3062,1.);
#385=VECTOR('',#3063,1.);
#386=VECTOR('',#3064,1.);
#387=VECTOR('',#3067,1.);
#388=VECTOR('',#3070,1.);
#389=VECTOR('',#3073,1.);
#390=VECTOR('',#3076,1.);
#391=VECTOR('',#3085,1.);
#392=VECTOR('',#3088,1.);
#393=VECTOR('',#3091,1.);
#394=VECTOR('',#3094,1.);
#395=VECTOR('',#3095,1.);
#396=VECTOR('',#3096,1.);
#397=VECTOR('',#3097,1.);
#398=VECTOR('',#3098,1.);
#399=VECTOR('',#3099,1.);
#400=VECTOR('',#3100,1.);
#401=VECTOR('',#3103,1.);
#402=VECTOR('',#3110,1.);
#403=VECTOR('',#3113,1.);
#404=VECTOR('',#3114,1.);
#405=VECTOR('',#3117,1.);
#406=VECTOR('',#3120,1.);
#407=VECTOR('',#3121,1.);
#408=VECTOR('',#3122,1.);
#409=VECTOR('',#3125,1.);
#410=VECTOR('',#3126,1.);
#411=VECTOR('',#3127,1.);
#412=VECTOR('',#3130,1.);
#413=VECTOR('',#3131,1.);
#414=VECTOR('',#3132,1.);
#415=VECTOR('',#3135,1.);
#416=VECTOR('',#3136,1.);
#417=VECTOR('',#3137,1.);
#418=VECTOR('',#3140,1.);
#419=VECTOR('',#3141,1.);
#420=VECTOR('',#3142,1.);
#421=VECTOR('',#3147,1.);
#422=VECTOR('',#3148,1.);
#423=VECTOR('',#3151,1.);
#424=VECTOR('',#3154,1.);
#425=VECTOR('',#3157,1.);
#426=VECTOR('',#3158,1.);
#427=VECTOR('',#3163,1.);
#428=VECTOR('',#3166,1.);
#429=VECTOR('',#3167,1.);
#430=VECTOR('',#3172,1.);
#431=VECTOR('',#3175,1.);
#432=VECTOR('',#3176,1.);
#433=VECTOR('',#3179,1.);
#434=VECTOR('',#3180,1.);
#435=VECTOR('',#3183,1.);
#436=VECTOR('',#3184,1.);
#437=VECTOR('',#3185,1.);
#438=VECTOR('',#3188,1.);
#439=VECTOR('',#3189,1.);
#440=VECTOR('',#3190,1.);
#441=VECTOR('',#3193,1.);
#442=VECTOR('',#3194,1.);
#443=VECTOR('',#3195,1.);
#444=VECTOR('',#3198,1.);
#445=VECTOR('',#3199,1.);
#446=VECTOR('',#3200,1.);
#447=VECTOR('',#3203,1.);
#448=VECTOR('',#3204,1.);
#449=VECTOR('',#3207,1.);
#450=VECTOR('',#3208,1.);
#451=VECTOR('',#3215,1.);
#452=VECTOR('',#3218,1.);
#453=VECTOR('',#3219,1.);
#454=VECTOR('',#3220,1.);
#455=VECTOR('',#3245,1.);
#456=VECTOR('',#3246,1.);
#457=VECTOR('',#3247,1.);
#458=VECTOR('',#3248,1.);
#459=VECTOR('',#3249,1.);
#460=VECTOR('',#3250,1.);
#461=VECTOR('',#3251,1.);
#462=VECTOR('',#3252,1.);
#463=VECTOR('',#3253,1.);
#464=VECTOR('',#3254,1.);
#465=VECTOR('',#3257,1.);
#466=VECTOR('',#3258,1.);
#467=VECTOR('',#3259,1.);
#468=VECTOR('',#3260,1.);
#469=VECTOR('',#3261,1.);
#470=VECTOR('',#3262,1.);
#471=VECTOR('',#3265,1.);
#472=VECTOR('',#3266,1.);
#473=VECTOR('',#3267,1.);
#474=VECTOR('',#3268,1.);
#475=VECTOR('',#3269,1.);
#476=VECTOR('',#3278,1.);
#477=VECTOR('',#3279,1.);
#478=VECTOR('',#3280,1.);
#479=VECTOR('',#3283,1.);
#480=VECTOR('',#3284,1.);
#481=VECTOR('',#3287,1.);
#482=VECTOR('',#3288,1.);
#483=VECTOR('',#3291,1.);
#484=VECTOR('',#3292,1.);
#485=VECTOR('',#3295,1.);
#486=VECTOR('',#3296,1.);
#487=VECTOR('',#3297,1.);
#488=VECTOR('',#3298,1.);
#489=VECTOR('',#3301,1.);
#490=VECTOR('',#3302,1.);
#491=VECTOR('',#3305,1.);
#492=VECTOR('',#3306,1.);
#493=VECTOR('',#3309,1.);
#494=VECTOR('',#3312,1.);
#495=VECTOR('',#3315,1.);
#496=VECTOR('',#3316,1.);
#497=VECTOR('',#3319,1.);
#498=VECTOR('',#3320,1.);
#499=VECTOR('',#3323,1.);
#500=VECTOR('',#3328,1.);
#501=VECTOR('',#3329,1.);
#502=VECTOR('',#3330,1.);
#503=VECTOR('',#3333,1.);
#504=VECTOR('',#3334,1.);
#505=VECTOR('',#3337,1.);
#506=VECTOR('',#3338,1.);
#507=VECTOR('',#3341,1.);
#508=VECTOR('',#3342,1.);
#509=VECTOR('',#3345,1.);
#510=VECTOR('',#3346,1.);
#511=VECTOR('',#3349,1.);
#512=VECTOR('',#3350,1.);
#513=VECTOR('',#3353,1.);
#514=VECTOR('',#3354,1.);
#515=VECTOR('',#3357,1.);
#516=VECTOR('',#3358,1.);
#517=VECTOR('',#3361,1.);
#518=VECTOR('',#3362,1.);
#519=VECTOR('',#3365,1.);
#520=VECTOR('',#3366,1.);
#521=VECTOR('',#3369,1.);
#522=VECTOR('',#3370,1.);
#523=VECTOR('',#3373,1.);
#524=VECTOR('',#3374,1.);
#525=VECTOR('',#3377,1.);
#526=VECTOR('',#3382,1.);
#527=VECTOR('',#3383,1.);
#528=VECTOR('',#3384,1.);
#529=VECTOR('',#3387,1.);
#530=VECTOR('',#3388,1.);
#531=VECTOR('',#3391,1.);
#532=VECTOR('',#3392,1.);
#533=VECTOR('',#3395,1.);
#534=VECTOR('',#3396,1.);
#535=VECTOR('',#3399,1.);
#536=VECTOR('',#3400,1.);
#537=VECTOR('',#3401,1.);
#538=VECTOR('',#3402,1.);
#539=VECTOR('',#3405,1.);
#540=VECTOR('',#3406,1.);
#541=VECTOR('',#3409,1.);
#542=VECTOR('',#3410,1.);
#543=VECTOR('',#3413,1.);
#544=VECTOR('',#3416,1.);
#545=VECTOR('',#3419,1.);
#546=VECTOR('',#3420,1.);
#547=VECTOR('',#3423,1.);
#548=VECTOR('',#3424,1.);
#549=VECTOR('',#3427,1.);
#550=VECTOR('',#3430,1.);
#551=VECTOR('',#3431,1.);
#552=VECTOR('',#3432,1.);
#553=VECTOR('',#3433,1.);
#554=VECTOR('',#3436,1.);
#555=VECTOR('',#3437,1.);
#556=VECTOR('',#3438,1.);
#557=VECTOR('',#3441,1.);
#558=VECTOR('',#3442,1.);
#559=VECTOR('',#3443,1.);
#560=VECTOR('',#3444,1.);
#561=VECTOR('',#3445,1.);
#562=VECTOR('',#3448,1.);
#563=VECTOR('',#3451,1.);
#564=VECTOR('',#3454,1.);
#565=VECTOR('',#3455,1.);
#566=VECTOR('',#3456,1.);
#567=VECTOR('',#3457,1.);
#568=VECTOR('',#3458,1.);
#569=VECTOR('',#3461,1.);
#570=VECTOR('',#3462,1.);
#571=VECTOR('',#3465,1.);
#572=VECTOR('',#3466,1.);
#573=VECTOR('',#3467,1.);
#574=VECTOR('',#3468,1.);
#575=VECTOR('',#3469,1.);
#576=VECTOR('',#3470,1.);
#577=VECTOR('',#3471,1.);
#578=VECTOR('',#3474,1.);
#579=VECTOR('',#3475,1.);
#580=VECTOR('',#3480,1.);
#581=VECTOR('',#3481,1.);
#582=VECTOR('',#3482,1.);
#583=VECTOR('',#3485,1.);
#584=VECTOR('',#3486,1.);
#585=VECTOR('',#3487,1.);
#586=VECTOR('',#3488,1.);
#587=VECTOR('',#3489,1.);
#588=VECTOR('',#3490,1.);
#589=VECTOR('',#3493,1.);
#590=VECTOR('',#3494,1.);
#591=VECTOR('',#3495,1.);
#592=VECTOR('',#3496,1.);
#593=VECTOR('',#3497,1.);
#594=VECTOR('',#3500,1.);
#595=VECTOR('',#3503,1.);
#596=VECTOR('',#3506,1.);
#597=B_SPLINE_CURVE_WITH_KNOTS('',3,(#3574,#3575,#3576,#3577,#3578,#3579,
#3580,#3581,#3582,#3583,#3584),.UNSPECIFIED.,.F.,.F.,(4,1,1,1,1,1,1,1,4),
(0.280170601238005,0.380460340760863,0.480750080283721,0.58103981980658,
0.681329559329438,0.781619298852297,0.881909038375155,0.982198777898014,
1.08248851742087),.UNSPECIFIED.);
#598=B_SPLINE_CURVE_WITH_KNOTS('',2,(#3621,#3622,#3623),.UNSPECIFIED.,.F.,
 .F.,(3,3),(0.,1.),.PIECEWISE_BEZIER_KNOTS.);
#599=B_SPLINE_CURVE_WITH_KNOTS('',2,(#3631,#3632,#3633),.UNSPECIFIED.,.F.,
 .F.,(3,3),(0.,1.),.PIECEWISE_BEZIER_KNOTS.);
#600=B_SPLINE_CURVE_WITH_KNOTS('',2,(#3635,#3636,#3637),.UNSPECIFIED.,.F.,
 .F.,(3,3),(0.,1.),.PIECEWISE_BEZIER_KNOTS.);
#601=B_SPLINE_CURVE_WITH_KNOTS('',2,(#3681,#3682,#3683),.UNSPECIFIED.,.F.,
 .F.,(3,3),(0.,1.),.PIECEWISE_BEZIER_KNOTS.);
#602=B_SPLINE_CURVE_WITH_KNOTS('',2,(#3691,#3692,#3693),.UNSPECIFIED.,.F.,
 .F.,(3,3),(0.,1.),.PIECEWISE_BEZIER_KNOTS.);
#603=B_SPLINE_CURVE_WITH_KNOTS('',2,(#3695,#3696,#3697),.UNSPECIFIED.,.F.,
 .F.,(3,3),(0.,1.),.PIECEWISE_BEZIER_KNOTS.);
#604=B_SPLINE_CURVE_WITH_KNOTS('',2,(#3707,#3708,#3709),.UNSPECIFIED.,.F.,
 .F.,(3,3),(0.,1.),.PIECEWISE_BEZIER_KNOTS.);
#605=B_SPLINE_CURVE_WITH_KNOTS('',2,(#3713,#3714,#3715),.UNSPECIFIED.,.F.,
 .F.,(3,3),(0.,1.),.PIECEWISE_BEZIER_KNOTS.);
#606=B_SPLINE_CURVE_WITH_KNOTS('',2,(#3717,#3718,#3719),.UNSPECIFIED.,.F.,
 .F.,(3,3),(0.,1.),.PIECEWISE_BEZIER_KNOTS.);
#607=B_SPLINE_CURVE_WITH_KNOTS('',2,(#3721,#3722,#3723),.UNSPECIFIED.,.F.,
 .F.,(3,3),(0.,1.),.PIECEWISE_BEZIER_KNOTS.);
#608=B_SPLINE_CURVE_WITH_KNOTS('',2,(#3727,#3728,#3729),.UNSPECIFIED.,.F.,
 .F.,(3,3),(0.,1.),.PIECEWISE_BEZIER_KNOTS.);
#609=B_SPLINE_CURVE_WITH_KNOTS('',2,(#3731,#3732,#3733),.UNSPECIFIED.,.F.,
 .F.,(3,3),(0.,1.),.PIECEWISE_BEZIER_KNOTS.);
#610=B_SPLINE_CURVE_WITH_KNOTS('',2,(#3735,#3736,#3737),.UNSPECIFIED.,.F.,
 .F.,(3,3),(0.,1.),.PIECEWISE_BEZIER_KNOTS.);
#611=B_SPLINE_CURVE_WITH_KNOTS('',2,(#3739,#3740,#3741),.UNSPECIFIED.,.F.,
 .F.,(3,3),(0.,1.),.PIECEWISE_BEZIER_KNOTS.);
#612=B_SPLINE_CURVE_WITH_KNOTS('',2,(#3789,#3790,#3791),.UNSPECIFIED.,.F.,
 .F.,(3,3),(0.,1.),.PIECEWISE_BEZIER_KNOTS.);
#613=B_SPLINE_CURVE_WITH_KNOTS('',2,(#3793,#3794,#3795),.UNSPECIFIED.,.F.,
 .F.,(3,3),(0.,1.),.PIECEWISE_BEZIER_KNOTS.);
#614=B_SPLINE_CURVE_WITH_KNOTS('',2,(#3799,#3800,#3801),.UNSPECIFIED.,.F.,
 .F.,(3,3),(0.,1.),.PIECEWISE_BEZIER_KNOTS.);
#615=B_SPLINE_CURVE_WITH_KNOTS('',2,(#3803,#3804,#3805),.UNSPECIFIED.,.F.,
 .F.,(3,3),(0.,1.),.PIECEWISE_BEZIER_KNOTS.);
#616=B_SPLINE_CURVE_WITH_KNOTS('',2,(#3807,#3808,#3809),.UNSPECIFIED.,.F.,
 .F.,(3,3),(0.,1.),.PIECEWISE_BEZIER_KNOTS.);
#617=B_SPLINE_CURVE_WITH_KNOTS('',2,(#3811,#3812,#3813),.UNSPECIFIED.,.F.,
 .F.,(3,3),(0.,1.),.PIECEWISE_BEZIER_KNOTS.);
#618=B_SPLINE_CURVE_WITH_KNOTS('',2,(#3815,#3816,#3817),.UNSPECIFIED.,.F.,
 .F.,(3,3),(0.,1.),.PIECEWISE_BEZIER_KNOTS.);
#619=B_SPLINE_CURVE_WITH_KNOTS('',2,(#3823,#3824,#3825),.UNSPECIFIED.,.F.,
 .F.,(3,3),(0.,1.),.PIECEWISE_BEZIER_KNOTS.);
#620=B_SPLINE_CURVE_WITH_KNOTS('',2,(#3827,#3828,#3829),.UNSPECIFIED.,.F.,
 .F.,(3,3),(0.,1.),.PIECEWISE_BEZIER_KNOTS.);
#621=B_SPLINE_CURVE_WITH_KNOTS('',2,(#3831,#3832,#3833),.UNSPECIFIED.,.F.,
 .F.,(3,3),(0.,1.),.PIECEWISE_BEZIER_KNOTS.);
#622=B_SPLINE_CURVE_WITH_KNOTS('',2,(#3837,#3838,#3839),.UNSPECIFIED.,.F.,
 .F.,(3,3),(0.,1.),.PIECEWISE_BEZIER_KNOTS.);
#623=B_SPLINE_CURVE_WITH_KNOTS('',2,(#3847,#3848,#3849),.UNSPECIFIED.,.F.,
 .F.,(3,3),(0.,1.),.PIECEWISE_BEZIER_KNOTS.);
#624=B_SPLINE_CURVE_WITH_KNOTS('',2,(#3853,#3854,#3855),.UNSPECIFIED.,.F.,
 .F.,(3,3),(0.,1.),.PIECEWISE_BEZIER_KNOTS.);
#625=B_SPLINE_CURVE_WITH_KNOTS('',2,(#3857,#3858,#3859),.UNSPECIFIED.,.F.,
 .F.,(3,3),(0.,1.),.PIECEWISE_BEZIER_KNOTS.);
#626=B_SPLINE_CURVE_WITH_KNOTS('',2,(#3861,#3862,#3863),.UNSPECIFIED.,.F.,
 .F.,(3,3),(0.,1.),.PIECEWISE_BEZIER_KNOTS.);
#627=B_SPLINE_CURVE_WITH_KNOTS('',2,(#3867,#3868,#3869),.UNSPECIFIED.,.F.,
 .F.,(3,3),(0.,1.),.PIECEWISE_BEZIER_KNOTS.);
#628=B_SPLINE_CURVE_WITH_KNOTS('',2,(#3871,#3872,#3873),.UNSPECIFIED.,.F.,
 .F.,(3,3),(0.,1.),.PIECEWISE_BEZIER_KNOTS.);
#629=B_SPLINE_CURVE_WITH_KNOTS('',2,(#3875,#3876,#3877),.UNSPECIFIED.,.F.,
 .F.,(3,3),(0.,1.),.PIECEWISE_BEZIER_KNOTS.);
#630=B_SPLINE_CURVE_WITH_KNOTS('',2,(#3879,#3880,#3881),.UNSPECIFIED.,.F.,
 .F.,(3,3),(0.,1.),.PIECEWISE_BEZIER_KNOTS.);
#631=B_SPLINE_CURVE_WITH_KNOTS('',3,(#4006,#4007,#4008,#4009,#4010,#4011,
#4012,#4013,#4014,#4015,#4016),.UNSPECIFIED.,.T.,.F.,(1,1,1,1,1,1,1,1,1,
1,1,1,1,1,1),(-0.0119588839066488,-0.00797258927109923,-0.00398629463554961,
0.,0.00398629463554961,0.00797258927109923,0.0119588839066488,0.0159451785421985,
0.0199314731777481,0.0239177678132977,0.0279040624488473,0.0318903570843969,
0.0358766517199465,0.0398629463554961,0.0438492409910457),.UNSPECIFIED.);
#632=B_SPLINE_CURVE_WITH_KNOTS('',3,(#4029,#4030,#4031,#4032,#4033,#4034,
#4035,#4036,#4037,#4038,#4039),.UNSPECIFIED.,.F.,.F.,(4,1,1,1,1,1,1,1,4),
(0.0292650388519327,0.0324631492236532,0.0356612595953737,0.0388593699670942,
0.0420574803388147,0.0452555907105352,0.0484537010822557,0.0516518114539762,
0.0548499218256967),.UNSPECIFIED.);
#633=B_SPLINE_CURVE_WITH_KNOTS('',2,(#4048,#4049,#4050),.UNSPECIFIED.,.F.,
 .F.,(3,3),(0.,1.),.PIECEWISE_BEZIER_KNOTS.);
#634=B_SPLINE_CURVE_WITH_KNOTS('',2,(#4055,#4056,#4057),.UNSPECIFIED.,.F.,
 .F.,(3,3),(0.,1.),.PIECEWISE_BEZIER_KNOTS.);
#635=B_SPLINE_CURVE_WITH_KNOTS('',2,(#4068,#4069,#4070),.UNSPECIFIED.,.F.,
 .F.,(3,3),(0.,1.),.PIECEWISE_BEZIER_KNOTS.);
#636=B_SPLINE_CURVE_WITH_KNOTS('',2,(#4074,#4075,#4076),.UNSPECIFIED.,.F.,
 .F.,(3,3),(0.,1.),.PIECEWISE_BEZIER_KNOTS.);
#637=B_SPLINE_CURVE_WITH_KNOTS('',2,(#4085,#4086,#4087),.UNSPECIFIED.,.F.,
 .F.,(3,3),(0.,1.),.PIECEWISE_BEZIER_KNOTS.);
#638=B_SPLINE_CURVE_WITH_KNOTS('',2,(#4091,#4092,#4093),.UNSPECIFIED.,.F.,
 .F.,(3,3),(0.,1.),.PIECEWISE_BEZIER_KNOTS.);
#639=B_SPLINE_CURVE_WITH_KNOTS('',2,(#4102,#4103,#4104),.UNSPECIFIED.,.F.,
 .F.,(3,3),(0.,1.),.PIECEWISE_BEZIER_KNOTS.);
#640=B_SPLINE_CURVE_WITH_KNOTS('',2,(#4108,#4109,#4110),.UNSPECIFIED.,.F.,
 .F.,(3,3),(0.,1.),.PIECEWISE_BEZIER_KNOTS.);
#641=B_SPLINE_CURVE_WITH_KNOTS('',2,(#4119,#4120,#4121),.UNSPECIFIED.,.F.,
 .F.,(3,3),(0.,1.),.PIECEWISE_BEZIER_KNOTS.);
#642=B_SPLINE_CURVE_WITH_KNOTS('',2,(#4125,#4126,#4127),.UNSPECIFIED.,.F.,
 .F.,(3,3),(0.,1.),.PIECEWISE_BEZIER_KNOTS.);
#643=B_SPLINE_CURVE_WITH_KNOTS('',2,(#4136,#4137,#4138),.UNSPECIFIED.,.F.,
 .F.,(3,3),(0.,1.),.PIECEWISE_BEZIER_KNOTS.);
#644=B_SPLINE_CURVE_WITH_KNOTS('',2,(#4142,#4143,#4144),.UNSPECIFIED.,.F.,
 .F.,(3,3),(0.,1.),.PIECEWISE_BEZIER_KNOTS.);
#645=B_SPLINE_CURVE_WITH_KNOTS('',2,(#4153,#4154,#4155),.UNSPECIFIED.,.F.,
 .F.,(3,3),(0.,1.),.PIECEWISE_BEZIER_KNOTS.);
#646=B_SPLINE_CURVE_WITH_KNOTS('',2,(#4159,#4160,#4161),.UNSPECIFIED.,.F.,
 .F.,(3,3),(0.,1.),.PIECEWISE_BEZIER_KNOTS.);
#647=B_SPLINE_CURVE_WITH_KNOTS('',2,(#4172,#4173,#4174),.UNSPECIFIED.,.F.,
 .F.,(3,3),(0.,1.),.PIECEWISE_BEZIER_KNOTS.);
#648=B_SPLINE_CURVE_WITH_KNOTS('',2,(#4191,#4192,#4193),.UNSPECIFIED.,.F.,
 .F.,(3,3),(0.,1.),.PIECEWISE_BEZIER_KNOTS.);
#649=B_SPLINE_CURVE_WITH_KNOTS('',2,(#4204,#4205,#4206),.UNSPECIFIED.,.F.,
 .F.,(3,3),(0.,1.),.PIECEWISE_BEZIER_KNOTS.);
#650=B_SPLINE_CURVE_WITH_KNOTS('',2,(#4217,#4218,#4219),.UNSPECIFIED.,.F.,
 .F.,(3,3),(0.,1.),.PIECEWISE_BEZIER_KNOTS.);
#651=B_SPLINE_CURVE_WITH_KNOTS('',2,(#4230,#4231,#4232),.UNSPECIFIED.,.F.,
 .F.,(3,3),(0.,1.),.PIECEWISE_BEZIER_KNOTS.);
#652=B_SPLINE_CURVE_WITH_KNOTS('',2,(#4247,#4248,#4249),.UNSPECIFIED.,.F.,
 .F.,(3,3),(0.,1.),.PIECEWISE_BEZIER_KNOTS.);
#653=B_SPLINE_CURVE_WITH_KNOTS('',2,(#4260,#4261,#4262),.UNSPECIFIED.,.F.,
 .F.,(3,3),(0.,1.),.PIECEWISE_BEZIER_KNOTS.);
#654=B_SPLINE_CURVE_WITH_KNOTS('',2,(#4273,#4274,#4275),.UNSPECIFIED.,.F.,
 .F.,(3,3),(0.,1.),.PIECEWISE_BEZIER_KNOTS.);
#655=B_SPLINE_CURVE_WITH_KNOTS('',2,(#4286,#4287,#4288),.UNSPECIFIED.,.F.,
 .F.,(3,3),(0.,1.),.PIECEWISE_BEZIER_KNOTS.);
#656=B_SPLINE_CURVE_WITH_KNOTS('',2,(#4289,#4290,#4291),.UNSPECIFIED.,.F.,
 .F.,(3,3),(0.,1.),.PIECEWISE_BEZIER_KNOTS.);
#657=B_SPLINE_CURVE_WITH_KNOTS('',2,(#4325,#4326,#4327),.UNSPECIFIED.,.F.,
 .F.,(3,3),(0.,1.),.PIECEWISE_BEZIER_KNOTS.);
#658=B_SPLINE_CURVE_WITH_KNOTS('',2,(#4338,#4339,#4340),.UNSPECIFIED.,.F.,
 .F.,(3,3),(0.,1.),.PIECEWISE_BEZIER_KNOTS.);
#659=B_SPLINE_CURVE_WITH_KNOTS('',2,(#4363,#4364,#4365),.UNSPECIFIED.,.F.,
 .F.,(3,3),(0.,1.),.PIECEWISE_BEZIER_KNOTS.);
#660=B_SPLINE_CURVE_WITH_KNOTS('',2,(#4462,#4463,#4464),.UNSPECIFIED.,.F.,
 .F.,(3,3),(0.,1.),.PIECEWISE_BEZIER_KNOTS.);
#661=B_SPLINE_CURVE_WITH_KNOTS('',2,(#4475,#4476,#4477),.UNSPECIFIED.,.F.,
 .F.,(3,3),(0.,1.),.PIECEWISE_BEZIER_KNOTS.);
#662=B_SPLINE_CURVE_WITH_KNOTS('',2,(#4500,#4501,#4502),.UNSPECIFIED.,.F.,
 .F.,(3,3),(0.,1.),.PIECEWISE_BEZIER_KNOTS.);
#663=B_SPLINE_CURVE_WITH_KNOTS('',2,(#4522,#4523,#4524),.UNSPECIFIED.,.F.,
 .F.,(3,3),(0.,1.),.PIECEWISE_BEZIER_KNOTS.);
#664=B_SPLINE_CURVE_WITH_KNOTS('',2,(#4529,#4530,#4531),.UNSPECIFIED.,.F.,
 .F.,(3,3),(0.,1.),.PIECEWISE_BEZIER_KNOTS.);
#665=B_SPLINE_CURVE_WITH_KNOTS('',2,(#4542,#4543,#4544),.UNSPECIFIED.,.F.,
 .F.,(3,3),(0.,1.),.PIECEWISE_BEZIER_KNOTS.);
#666=B_SPLINE_CURVE_WITH_KNOTS('',2,(#4548,#4549,#4550),.UNSPECIFIED.,.F.,
 .F.,(3,3),(0.,1.),.PIECEWISE_BEZIER_KNOTS.);
#667=B_SPLINE_CURVE_WITH_KNOTS('',2,(#4559,#4560,#4561),.UNSPECIFIED.,.F.,
 .F.,(3,3),(0.,1.),.PIECEWISE_BEZIER_KNOTS.);
#668=B_SPLINE_CURVE_WITH_KNOTS('',2,(#4565,#4566,#4567),.UNSPECIFIED.,.F.,
 .F.,(3,3),(0.,1.),.PIECEWISE_BEZIER_KNOTS.);
#669=B_SPLINE_CURVE_WITH_KNOTS('',2,(#4590,#4591,#4592),.UNSPECIFIED.,.F.,
 .F.,(3,3),(0.,1.),.PIECEWISE_BEZIER_KNOTS.);
#670=B_SPLINE_CURVE_WITH_KNOTS('',2,(#4609,#4610,#4611),.UNSPECIFIED.,.F.,
 .F.,(3,3),(0.,1.),.PIECEWISE_BEZIER_KNOTS.);
#671=B_SPLINE_CURVE_WITH_KNOTS('',2,(#4626,#4627,#4628),.UNSPECIFIED.,.F.,
 .F.,(3,3),(0.,1.),.PIECEWISE_BEZIER_KNOTS.);
#672=B_SPLINE_CURVE_WITH_KNOTS('',2,(#4639,#4640,#4641),.UNSPECIFIED.,.F.,
 .F.,(3,3),(0.,1.),.PIECEWISE_BEZIER_KNOTS.);
#673=B_SPLINE_CURVE_WITH_KNOTS('',2,(#4652,#4653,#4654),.UNSPECIFIED.,.F.,
 .F.,(3,3),(0.,1.),.PIECEWISE_BEZIER_KNOTS.);
#674=B_SPLINE_CURVE_WITH_KNOTS('',2,(#4673,#4674,#4675),.UNSPECIFIED.,.F.,
 .F.,(3,3),(0.,1.),.PIECEWISE_BEZIER_KNOTS.);
#675=B_SPLINE_CURVE_WITH_KNOTS('',2,(#4686,#4687,#4688),.UNSPECIFIED.,.F.,
 .F.,(3,3),(0.,1.),.PIECEWISE_BEZIER_KNOTS.);
#676=B_SPLINE_CURVE_WITH_KNOTS('',2,(#4699,#4700,#4701),.UNSPECIFIED.,.F.,
 .F.,(3,3),(0.,1.),.PIECEWISE_BEZIER_KNOTS.);
#677=B_SPLINE_CURVE_WITH_KNOTS('',2,(#4712,#4713,#4714),.UNSPECIFIED.,.F.,
 .F.,(3,3),(0.,1.),.PIECEWISE_BEZIER_KNOTS.);
#678=B_SPLINE_CURVE_WITH_KNOTS('',2,(#4725,#4726,#4727),.UNSPECIFIED.,.F.,
 .F.,(3,3),(0.,1.),.PIECEWISE_BEZIER_KNOTS.);
#679=B_SPLINE_CURVE_WITH_KNOTS('',2,(#4740,#4741,#4742),.UNSPECIFIED.,.F.,
 .F.,(3,3),(0.,1.),.PIECEWISE_BEZIER_KNOTS.);
#680=B_SPLINE_CURVE_WITH_KNOTS('',2,(#4751,#4752,#4753),.UNSPECIFIED.,.F.,
 .F.,(3,3),(0.,1.),.PIECEWISE_BEZIER_KNOTS.);
#681=B_SPLINE_CURVE_WITH_KNOTS('',2,(#4754,#4755,#4756),.UNSPECIFIED.,.F.,
 .F.,(3,3),(0.,1.),.PIECEWISE_BEZIER_KNOTS.);
#682=B_SPLINE_CURVE_WITH_KNOTS('',2,(#4778,#4779,#4780),.UNSPECIFIED.,.F.,
 .F.,(3,3),(0.,1.),.PIECEWISE_BEZIER_KNOTS.);
#683=B_SPLINE_CURVE_WITH_KNOTS('',2,(#4791,#4792,#4793),.UNSPECIFIED.,.F.,
 .F.,(3,3),(0.,1.),.PIECEWISE_BEZIER_KNOTS.);
#684=B_SPLINE_CURVE_WITH_KNOTS('',2,(#4804,#4805,#4806),.UNSPECIFIED.,.F.,
 .F.,(3,3),(0.,1.),.PIECEWISE_BEZIER_KNOTS.);
#685=B_SPLINE_CURVE_WITH_KNOTS('',2,(#4817,#4818,#4819),.UNSPECIFIED.,.F.,
 .F.,(3,3),(0.,1.),.PIECEWISE_BEZIER_KNOTS.);
#686=B_SPLINE_CURVE_WITH_KNOTS('',2,(#4834,#4835,#4836),.UNSPECIFIED.,.F.,
 .F.,(3,3),(0.,1.),.PIECEWISE_BEZIER_KNOTS.);
#687=B_SPLINE_CURVE_WITH_KNOTS('',2,(#4847,#4848,#4849),.UNSPECIFIED.,.F.,
 .F.,(3,3),(0.,1.),.PIECEWISE_BEZIER_KNOTS.);
#688=B_SPLINE_CURVE_WITH_KNOTS('',2,(#4860,#4861,#4862),.UNSPECIFIED.,.F.,
 .F.,(3,3),(0.,1.),.PIECEWISE_BEZIER_KNOTS.);
#689=B_SPLINE_CURVE_WITH_KNOTS('',2,(#4877,#4878,#4879),.UNSPECIFIED.,.F.,
 .F.,(3,3),(0.,1.),.PIECEWISE_BEZIER_KNOTS.);
#690=B_SPLINE_CURVE_WITH_KNOTS('',3,(#5026,#5027,#5028,#5029,#5030,#5031,
#5032,#5033,#5034,#5035,#5036,#5037,#5038,#5039,#5040,#5041,#5042,#5043,
#5044,#5045,#5046,#5047,#5048,#5049,#5050,#5051,#5052,#5053,#5054,#5055,
#5056,#5057,#5058,#5059,#5060),.UNSPECIFIED.,.T.,.F.,(1,1,1,1,1,1,1,1,1,
1,1,1,1,1,1,1,1,1,1,1,1,1,1,1,1,1,1,1,1,1,1,1,1,1,1,1,1,1,1),(-0.0953947368421053,
-0.0641447368421053,-0.0328947368421053,0.,0.0296875,0.060859375,0.09210546875,
0.1233552734375,0.154605263671875,0.185855263183594,0.21710526315918,0.248355263157959,
0.279605263157898,0.310855263157895,0.342105263157895,0.373355263157895,
0.404605263157895,0.435855263157895,0.467105263157895,0.498355263157895,
0.529605263157895,0.560855263157895,0.592105263157895,0.623355263157895,
0.654605263157895,0.685855263157895,0.717105263157895,0.748355263157895,
0.779605263157895,0.810855263157895,0.842105263157895,0.873355263157895,
0.904605263157895,0.935855263157895,0.967105263157895,1.,1.0296875,1.060859375,
1.09210546875),.UNSPECIFIED.);
#691=ORIENTED_EDGE('',*,*,#1501,.F.);
#692=ORIENTED_EDGE('',*,*,#1502,.F.);
#693=ORIENTED_EDGE('',*,*,#1503,.F.);
#694=ORIENTED_EDGE('',*,*,#1504,.F.);
#695=ORIENTED_EDGE('',*,*,#1505,.T.);
#696=ORIENTED_EDGE('',*,*,#1506,.F.);
#697=ORIENTED_EDGE('',*,*,#1507,.T.);
#698=ORIENTED_EDGE('',*,*,#1508,.F.);
#699=ORIENTED_EDGE('',*,*,#1509,.T.);
#700=ORIENTED_EDGE('',*,*,#1510,.T.);
#701=ORIENTED_EDGE('',*,*,#1511,.T.);
#702=ORIENTED_EDGE('',*,*,#1512,.T.);
#703=ORIENTED_EDGE('',*,*,#1513,.T.);
#704=ORIENTED_EDGE('',*,*,#1514,.F.);
#705=ORIENTED_EDGE('',*,*,#1515,.T.);
#706=ORIENTED_EDGE('',*,*,#1516,.T.);
#707=ORIENTED_EDGE('',*,*,#1517,.T.);
#708=ORIENTED_EDGE('',*,*,#1518,.T.);
#709=ORIENTED_EDGE('',*,*,#1519,.T.);
#710=ORIENTED_EDGE('',*,*,#1520,.T.);
#711=ORIENTED_EDGE('',*,*,#1521,.T.);
#712=ORIENTED_EDGE('',*,*,#1522,.T.);
#713=ORIENTED_EDGE('',*,*,#1523,.T.);
#714=ORIENTED_EDGE('',*,*,#1524,.T.);
#715=ORIENTED_EDGE('',*,*,#1525,.T.);
#716=ORIENTED_EDGE('',*,*,#1526,.T.);
#717=ORIENTED_EDGE('',*,*,#1527,.T.);
#718=ORIENTED_EDGE('',*,*,#1528,.T.);
#719=ORIENTED_EDGE('',*,*,#1529,.T.);
#720=ORIENTED_EDGE('',*,*,#1530,.T.);
#721=ORIENTED_EDGE('',*,*,#1531,.T.);
#722=ORIENTED_EDGE('',*,*,#1532,.T.);
#723=ORIENTED_EDGE('',*,*,#1533,.T.);
#724=ORIENTED_EDGE('',*,*,#1534,.T.);
#725=ORIENTED_EDGE('',*,*,#1535,.T.);
#726=ORIENTED_EDGE('',*,*,#1536,.T.);
#727=ORIENTED_EDGE('',*,*,#1537,.T.);
#728=ORIENTED_EDGE('',*,*,#1538,.T.);
#729=ORIENTED_EDGE('',*,*,#1539,.T.);
#730=ORIENTED_EDGE('',*,*,#1540,.T.);
#731=ORIENTED_EDGE('',*,*,#1541,.T.);
#732=ORIENTED_EDGE('',*,*,#1542,.T.);
#733=ORIENTED_EDGE('',*,*,#1543,.T.);
#734=ORIENTED_EDGE('',*,*,#1544,.T.);
#735=ORIENTED_EDGE('',*,*,#1545,.T.);
#736=ORIENTED_EDGE('',*,*,#1546,.T.);
#737=ORIENTED_EDGE('',*,*,#1547,.T.);
#738=ORIENTED_EDGE('',*,*,#1548,.T.);
#739=ORIENTED_EDGE('',*,*,#1549,.T.);
#740=ORIENTED_EDGE('',*,*,#1550,.T.);
#741=ORIENTED_EDGE('',*,*,#1551,.T.);
#742=ORIENTED_EDGE('',*,*,#1552,.T.);
#743=ORIENTED_EDGE('',*,*,#1553,.T.);
#744=ORIENTED_EDGE('',*,*,#1554,.T.);
#745=ORIENTED_EDGE('',*,*,#1555,.T.);
#746=ORIENTED_EDGE('',*,*,#1556,.T.);
#747=ORIENTED_EDGE('',*,*,#1557,.T.);
#748=ORIENTED_EDGE('',*,*,#1558,.T.);
#749=ORIENTED_EDGE('',*,*,#1559,.T.);
#750=ORIENTED_EDGE('',*,*,#1560,.T.);
#751=ORIENTED_EDGE('',*,*,#1561,.T.);
#752=ORIENTED_EDGE('',*,*,#1562,.T.);
#753=ORIENTED_EDGE('',*,*,#1563,.T.);
#754=ORIENTED_EDGE('',*,*,#1564,.T.);
#755=ORIENTED_EDGE('',*,*,#1565,.T.);
#756=ORIENTED_EDGE('',*,*,#1566,.T.);
#757=ORIENTED_EDGE('',*,*,#1567,.T.);
#758=ORIENTED_EDGE('',*,*,#1568,.F.);
#759=ORIENTED_EDGE('',*,*,#1569,.F.);
#760=ORIENTED_EDGE('',*,*,#1570,.F.);
#761=ORIENTED_EDGE('',*,*,#1571,.F.);
#762=ORIENTED_EDGE('',*,*,#1572,.T.);
#763=ORIENTED_EDGE('',*,*,#1573,.T.);
#764=ORIENTED_EDGE('',*,*,#1574,.F.);
#765=ORIENTED_EDGE('',*,*,#1575,.T.);
#766=ORIENTED_EDGE('',*,*,#1576,.T.);
#767=ORIENTED_EDGE('',*,*,#1577,.T.);
#768=ORIENTED_EDGE('',*,*,#1578,.F.);
#769=ORIENTED_EDGE('',*,*,#1579,.F.);
#770=ORIENTED_EDGE('',*,*,#1580,.F.);
#771=ORIENTED_EDGE('',*,*,#1581,.T.);
#772=ORIENTED_EDGE('',*,*,#1582,.T.);
#773=ORIENTED_EDGE('',*,*,#1583,.T.);
#774=ORIENTED_EDGE('',*,*,#1584,.F.);
#775=ORIENTED_EDGE('',*,*,#1585,.F.);
#776=ORIENTED_EDGE('',*,*,#1586,.F.);
#777=ORIENTED_EDGE('',*,*,#1587,.F.);
#778=ORIENTED_EDGE('',*,*,#1588,.F.);
#779=ORIENTED_EDGE('',*,*,#1589,.F.);
#780=ORIENTED_EDGE('',*,*,#1590,.T.);
#781=ORIENTED_EDGE('',*,*,#1591,.T.);
#782=ORIENTED_EDGE('',*,*,#1592,.T.);
#783=ORIENTED_EDGE('',*,*,#1593,.T.);
#784=ORIENTED_EDGE('',*,*,#1594,.T.);
#785=ORIENTED_EDGE('',*,*,#1595,.T.);
#786=ORIENTED_EDGE('',*,*,#1596,.T.);
#787=ORIENTED_EDGE('',*,*,#1597,.T.);
#788=ORIENTED_EDGE('',*,*,#1598,.T.);
#789=ORIENTED_EDGE('',*,*,#1599,.T.);
#790=ORIENTED_EDGE('',*,*,#1600,.T.);
#791=ORIENTED_EDGE('',*,*,#1601,.T.);
#792=ORIENTED_EDGE('',*,*,#1602,.T.);
#793=ORIENTED_EDGE('',*,*,#1603,.T.);
#794=ORIENTED_EDGE('',*,*,#1604,.T.);
#795=ORIENTED_EDGE('',*,*,#1605,.T.);
#796=ORIENTED_EDGE('',*,*,#1606,.T.);
#797=ORIENTED_EDGE('',*,*,#1607,.T.);
#798=ORIENTED_EDGE('',*,*,#1608,.T.);
#799=ORIENTED_EDGE('',*,*,#1609,.T.);
#800=ORIENTED_EDGE('',*,*,#1610,.T.);
#801=ORIENTED_EDGE('',*,*,#1611,.T.);
#802=ORIENTED_EDGE('',*,*,#1612,.T.);
#803=ORIENTED_EDGE('',*,*,#1613,.T.);
#804=ORIENTED_EDGE('',*,*,#1614,.T.);
#805=ORIENTED_EDGE('',*,*,#1615,.T.);
#806=ORIENTED_EDGE('',*,*,#1616,.T.);
#807=ORIENTED_EDGE('',*,*,#1617,.T.);
#808=ORIENTED_EDGE('',*,*,#1618,.T.);
#809=ORIENTED_EDGE('',*,*,#1619,.T.);
#810=ORIENTED_EDGE('',*,*,#1620,.T.);
#811=ORIENTED_EDGE('',*,*,#1506,.T.);
#812=ORIENTED_EDGE('',*,*,#1621,.T.);
#813=ORIENTED_EDGE('',*,*,#1622,.F.);
#814=ORIENTED_EDGE('',*,*,#1623,.T.);
#815=ORIENTED_EDGE('',*,*,#1502,.T.);
#816=ORIENTED_EDGE('',*,*,#1624,.T.);
#817=ORIENTED_EDGE('',*,*,#1625,.F.);
#818=ORIENTED_EDGE('',*,*,#1626,.T.);
#819=ORIENTED_EDGE('',*,*,#1627,.F.);
#820=ORIENTED_EDGE('',*,*,#1628,.T.);
#821=ORIENTED_EDGE('',*,*,#1508,.T.);
#822=ORIENTED_EDGE('',*,*,#1629,.T.);
#823=ORIENTED_EDGE('',*,*,#1510,.F.);
#824=ORIENTED_EDGE('',*,*,#1630,.T.);
#825=ORIENTED_EDGE('',*,*,#1631,.T.);
#826=ORIENTED_EDGE('',*,*,#1632,.T.);
#827=ORIENTED_EDGE('',*,*,#1633,.T.);
#828=ORIENTED_EDGE('',*,*,#1634,.T.);
#829=ORIENTED_EDGE('',*,*,#1512,.F.);
#830=ORIENTED_EDGE('',*,*,#1635,.T.);
#831=ORIENTED_EDGE('',*,*,#1636,.F.);
#832=ORIENTED_EDGE('',*,*,#1637,.T.);
#833=ORIENTED_EDGE('',*,*,#1514,.T.);
#834=ORIENTED_EDGE('',*,*,#1638,.T.);
#835=ORIENTED_EDGE('',*,*,#1639,.F.);
#836=ORIENTED_EDGE('',*,*,#1640,.T.);
#837=ORIENTED_EDGE('',*,*,#1580,.T.);
#838=ORIENTED_EDGE('',*,*,#1641,.T.);
#839=ORIENTED_EDGE('',*,*,#1642,.T.);
#840=ORIENTED_EDGE('',*,*,#1643,.T.);
#841=ORIENTED_EDGE('',*,*,#1582,.F.);
#842=ORIENTED_EDGE('',*,*,#1644,.T.);
#843=ORIENTED_EDGE('',*,*,#1584,.T.);
#844=ORIENTED_EDGE('',*,*,#1645,.T.);
#845=ORIENTED_EDGE('',*,*,#1646,.F.);
#846=ORIENTED_EDGE('',*,*,#1647,.F.);
#847=ORIENTED_EDGE('',*,*,#1648,.F.);
#848=ORIENTED_EDGE('',*,*,#1649,.F.);
#849=ORIENTED_EDGE('',*,*,#1585,.T.);
#850=ORIENTED_EDGE('',*,*,#1647,.T.);
#851=ORIENTED_EDGE('',*,*,#1650,.F.);
#852=ORIENTED_EDGE('',*,*,#1651,.F.);
#853=ORIENTED_EDGE('',*,*,#1586,.T.);
#854=ORIENTED_EDGE('',*,*,#1649,.T.);
#855=ORIENTED_EDGE('',*,*,#1652,.F.);
#856=ORIENTED_EDGE('',*,*,#1653,.F.);
#857=ORIENTED_EDGE('',*,*,#1587,.T.);
#858=ORIENTED_EDGE('',*,*,#1651,.T.);
#859=ORIENTED_EDGE('',*,*,#1654,.F.);
#860=ORIENTED_EDGE('',*,*,#1655,.F.);
#861=ORIENTED_EDGE('',*,*,#1588,.T.);
#862=ORIENTED_EDGE('',*,*,#1653,.T.);
#863=ORIENTED_EDGE('',*,*,#1656,.F.);
#864=ORIENTED_EDGE('',*,*,#1657,.F.);
#865=ORIENTED_EDGE('',*,*,#1589,.T.);
#866=ORIENTED_EDGE('',*,*,#1655,.T.);
#867=ORIENTED_EDGE('',*,*,#1658,.T.);
#868=ORIENTED_EDGE('',*,*,#1659,.T.);
#869=ORIENTED_EDGE('',*,*,#1572,.F.);
#870=ORIENTED_EDGE('',*,*,#1657,.T.);
#871=ORIENTED_EDGE('',*,*,#1574,.T.);
#872=ORIENTED_EDGE('',*,*,#1660,.T.);
#873=ORIENTED_EDGE('',*,*,#1661,.F.);
#874=ORIENTED_EDGE('',*,*,#1662,.T.);
#875=ORIENTED_EDGE('',*,*,#1576,.F.);
#876=ORIENTED_EDGE('',*,*,#1663,.T.);
#877=ORIENTED_EDGE('',*,*,#1664,.T.);
#878=ORIENTED_EDGE('',*,*,#1665,.T.);
#879=ORIENTED_EDGE('',*,*,#1578,.T.);
#880=ORIENTED_EDGE('',*,*,#1666,.T.);
#881=ORIENTED_EDGE('',*,*,#1667,.F.);
#882=ORIENTED_EDGE('',*,*,#1668,.F.);
#883=ORIENTED_EDGE('',*,*,#1669,.F.);
#884=ORIENTED_EDGE('',*,*,#1670,.F.);
#885=ORIENTED_EDGE('',*,*,#1568,.T.);
#886=ORIENTED_EDGE('',*,*,#1671,.T.);
#887=ORIENTED_EDGE('',*,*,#1672,.F.);
#888=ORIENTED_EDGE('',*,*,#1673,.F.);
#889=ORIENTED_EDGE('',*,*,#1569,.T.);
#890=ORIENTED_EDGE('',*,*,#1670,.T.);
#891=ORIENTED_EDGE('',*,*,#1674,.F.);
#892=ORIENTED_EDGE('',*,*,#1675,.F.);
#893=ORIENTED_EDGE('',*,*,#1570,.T.);
#894=ORIENTED_EDGE('',*,*,#1673,.T.);
#895=ORIENTED_EDGE('',*,*,#1676,.F.);
#896=ORIENTED_EDGE('',*,*,#1641,.F.);
#897=ORIENTED_EDGE('',*,*,#1579,.T.);
#898=ORIENTED_EDGE('',*,*,#1668,.T.);
#899=ORIENTED_EDGE('',*,*,#1677,.F.);
#900=ORIENTED_EDGE('',*,*,#1671,.F.);
#901=ORIENTED_EDGE('',*,*,#1571,.T.);
#902=ORIENTED_EDGE('',*,*,#1675,.T.);
#903=ORIENTED_EDGE('',*,*,#1504,.T.);
#904=ORIENTED_EDGE('',*,*,#1678,.T.);
#905=ORIENTED_EDGE('',*,*,#1679,.F.);
#906=ORIENTED_EDGE('',*,*,#1680,.T.);
#907=ORIENTED_EDGE('',*,*,#1681,.T.);
#908=ORIENTED_EDGE('',*,*,#1669,.T.);
#909=ORIENTED_EDGE('',*,*,#1677,.T.);
#910=ORIENTED_EDGE('',*,*,#1674,.T.);
#911=ORIENTED_EDGE('',*,*,#1672,.T.);
#912=ORIENTED_EDGE('',*,*,#1661,.T.);
#913=ORIENTED_EDGE('',*,*,#1682,.T.);
#914=ORIENTED_EDGE('',*,*,#1658,.F.);
#915=ORIENTED_EDGE('',*,*,#1656,.T.);
#916=ORIENTED_EDGE('',*,*,#1654,.T.);
#917=ORIENTED_EDGE('',*,*,#1652,.T.);
#918=ORIENTED_EDGE('',*,*,#1650,.T.);
#919=ORIENTED_EDGE('',*,*,#1648,.T.);
#920=ORIENTED_EDGE('',*,*,#1646,.T.);
#921=ORIENTED_EDGE('',*,*,#1683,.T.);
#922=ORIENTED_EDGE('',*,*,#1642,.F.);
#923=ORIENTED_EDGE('',*,*,#1684,.T.);
#924=ORIENTED_EDGE('',*,*,#1639,.T.);
#925=ORIENTED_EDGE('',*,*,#1676,.T.);
#926=ORIENTED_EDGE('',*,*,#1667,.T.);
#927=ORIENTED_EDGE('',*,*,#1685,.T.);
#928=ORIENTED_EDGE('',*,*,#1664,.F.);
#929=ORIENTED_EDGE('',*,*,#1686,.T.);
#930=ORIENTED_EDGE('',*,*,#1622,.T.);
#931=ORIENTED_EDGE('',*,*,#1687,.T.);
#932=ORIENTED_EDGE('',*,*,#1679,.T.);
#933=ORIENTED_EDGE('',*,*,#1688,.T.);
#934=ORIENTED_EDGE('',*,*,#1636,.T.);
#935=ORIENTED_EDGE('',*,*,#1689,.T.);
#936=ORIENTED_EDGE('',*,*,#1633,.F.);
#937=ORIENTED_EDGE('',*,*,#1690,.T.);
#938=ORIENTED_EDGE('',*,*,#1631,.F.);
#939=ORIENTED_EDGE('',*,*,#1691,.T.);
#940=ORIENTED_EDGE('',*,*,#1627,.T.);
#941=ORIENTED_EDGE('',*,*,#1692,.T.);
#942=ORIENTED_EDGE('',*,*,#1625,.T.);
#943=ORIENTED_EDGE('',*,*,#1693,.T.);
#944=ORIENTED_EDGE('',*,*,#1694,.F.);
#945=ORIENTED_EDGE('',*,*,#1695,.F.);
#946=ORIENTED_EDGE('',*,*,#1696,.T.);
#947=ORIENTED_EDGE('',*,*,#1697,.T.);
#948=ORIENTED_EDGE('',*,*,#1698,.F.);
#949=ORIENTED_EDGE('',*,*,#1699,.F.);
#950=ORIENTED_EDGE('',*,*,#1700,.T.);
#951=ORIENTED_EDGE('',*,*,#1695,.T.);
#952=ORIENTED_EDGE('',*,*,#1701,.F.);
#953=ORIENTED_EDGE('',*,*,#1702,.F.);
#954=ORIENTED_EDGE('',*,*,#1703,.T.);
#955=ORIENTED_EDGE('',*,*,#1699,.T.);
#956=ORIENTED_EDGE('',*,*,#1704,.F.);
#957=ORIENTED_EDGE('',*,*,#1705,.F.);
#958=ORIENTED_EDGE('',*,*,#1706,.T.);
#959=ORIENTED_EDGE('',*,*,#1702,.T.);
#960=ORIENTED_EDGE('',*,*,#1707,.F.);
#961=ORIENTED_EDGE('',*,*,#1708,.F.);
#962=ORIENTED_EDGE('',*,*,#1709,.T.);
#963=ORIENTED_EDGE('',*,*,#1705,.T.);
#964=ORIENTED_EDGE('',*,*,#1710,.F.);
#965=ORIENTED_EDGE('',*,*,#1711,.F.);
#966=ORIENTED_EDGE('',*,*,#1712,.T.);
#967=ORIENTED_EDGE('',*,*,#1708,.T.);
#968=ORIENTED_EDGE('',*,*,#1713,.F.);
#969=ORIENTED_EDGE('',*,*,#1714,.F.);
#970=ORIENTED_EDGE('',*,*,#1715,.T.);
#971=ORIENTED_EDGE('',*,*,#1711,.T.);
#972=ORIENTED_EDGE('',*,*,#1558,.F.);
#973=ORIENTED_EDGE('',*,*,#1716,.F.);
#974=ORIENTED_EDGE('',*,*,#1717,.T.);
#975=ORIENTED_EDGE('',*,*,#1718,.T.);
#976=ORIENTED_EDGE('',*,*,#1557,.F.);
#977=ORIENTED_EDGE('',*,*,#1719,.F.);
#978=ORIENTED_EDGE('',*,*,#1720,.T.);
#979=ORIENTED_EDGE('',*,*,#1716,.T.);
#980=ORIENTED_EDGE('',*,*,#1567,.F.);
#981=ORIENTED_EDGE('',*,*,#1721,.F.);
#982=ORIENTED_EDGE('',*,*,#1722,.T.);
#983=ORIENTED_EDGE('',*,*,#1719,.T.);
#984=ORIENTED_EDGE('',*,*,#1566,.F.);
#985=ORIENTED_EDGE('',*,*,#1723,.F.);
#986=ORIENTED_EDGE('',*,*,#1724,.T.);
#987=ORIENTED_EDGE('',*,*,#1721,.T.);
#988=ORIENTED_EDGE('',*,*,#1565,.F.);
#989=ORIENTED_EDGE('',*,*,#1725,.F.);
#990=ORIENTED_EDGE('',*,*,#1726,.T.);
#991=ORIENTED_EDGE('',*,*,#1723,.T.);
#992=ORIENTED_EDGE('',*,*,#1564,.F.);
#993=ORIENTED_EDGE('',*,*,#1727,.F.);
#994=ORIENTED_EDGE('',*,*,#1728,.T.);
#995=ORIENTED_EDGE('',*,*,#1725,.T.);
#996=ORIENTED_EDGE('',*,*,#1563,.F.);
#997=ORIENTED_EDGE('',*,*,#1729,.F.);
#998=ORIENTED_EDGE('',*,*,#1730,.T.);
#999=ORIENTED_EDGE('',*,*,#1727,.T.);
#1000=ORIENTED_EDGE('',*,*,#1562,.F.);
#1001=ORIENTED_EDGE('',*,*,#1731,.F.);
#1002=ORIENTED_EDGE('',*,*,#1732,.T.);
#1003=ORIENTED_EDGE('',*,*,#1729,.T.);
#1004=ORIENTED_EDGE('',*,*,#1561,.F.);
#1005=ORIENTED_EDGE('',*,*,#1733,.F.);
#1006=ORIENTED_EDGE('',*,*,#1734,.T.);
#1007=ORIENTED_EDGE('',*,*,#1731,.T.);
#1008=ORIENTED_EDGE('',*,*,#1560,.F.);
#1009=ORIENTED_EDGE('',*,*,#1735,.F.);
#1010=ORIENTED_EDGE('',*,*,#1736,.T.);
#1011=ORIENTED_EDGE('',*,*,#1733,.T.);
#1012=ORIENTED_EDGE('',*,*,#1559,.F.);
#1013=ORIENTED_EDGE('',*,*,#1718,.F.);
#1014=ORIENTED_EDGE('',*,*,#1737,.T.);
#1015=ORIENTED_EDGE('',*,*,#1735,.T.);
#1016=ORIENTED_EDGE('',*,*,#1738,.F.);
#1017=ORIENTED_EDGE('',*,*,#1697,.F.);
#1018=ORIENTED_EDGE('',*,*,#1739,.T.);
#1019=ORIENTED_EDGE('',*,*,#1714,.T.);
#1020=ORIENTED_EDGE('',*,*,#1717,.F.);
#1021=ORIENTED_EDGE('',*,*,#1720,.F.);
#1022=ORIENTED_EDGE('',*,*,#1722,.F.);
#1023=ORIENTED_EDGE('',*,*,#1724,.F.);
#1024=ORIENTED_EDGE('',*,*,#1726,.F.);
#1025=ORIENTED_EDGE('',*,*,#1728,.F.);
#1026=ORIENTED_EDGE('',*,*,#1730,.F.);
#1027=ORIENTED_EDGE('',*,*,#1732,.F.);
#1028=ORIENTED_EDGE('',*,*,#1734,.F.);
#1029=ORIENTED_EDGE('',*,*,#1736,.F.);
#1030=ORIENTED_EDGE('',*,*,#1737,.F.);
#1031=ORIENTED_EDGE('',*,*,#1696,.F.);
#1032=ORIENTED_EDGE('',*,*,#1700,.F.);
#1033=ORIENTED_EDGE('',*,*,#1703,.F.);
#1034=ORIENTED_EDGE('',*,*,#1706,.F.);
#1035=ORIENTED_EDGE('',*,*,#1709,.F.);
#1036=ORIENTED_EDGE('',*,*,#1712,.F.);
#1037=ORIENTED_EDGE('',*,*,#1715,.F.);
#1038=ORIENTED_EDGE('',*,*,#1739,.F.);
#1039=ORIENTED_EDGE('',*,*,#1544,.F.);
#1040=ORIENTED_EDGE('',*,*,#1740,.F.);
#1041=ORIENTED_EDGE('',*,*,#1741,.T.);
#1042=ORIENTED_EDGE('',*,*,#1742,.T.);
#1043=ORIENTED_EDGE('',*,*,#1543,.F.);
#1044=ORIENTED_EDGE('',*,*,#1743,.F.);
#1045=ORIENTED_EDGE('',*,*,#1744,.T.);
#1046=ORIENTED_EDGE('',*,*,#1740,.T.);
#1047=ORIENTED_EDGE('',*,*,#1556,.F.);
#1048=ORIENTED_EDGE('',*,*,#1745,.F.);
#1049=ORIENTED_EDGE('',*,*,#1746,.T.);
#1050=ORIENTED_EDGE('',*,*,#1743,.T.);
#1051=ORIENTED_EDGE('',*,*,#1555,.F.);
#1052=ORIENTED_EDGE('',*,*,#1747,.F.);
#1053=ORIENTED_EDGE('',*,*,#1748,.T.);
#1054=ORIENTED_EDGE('',*,*,#1745,.T.);
#1055=ORIENTED_EDGE('',*,*,#1554,.F.);
#1056=ORIENTED_EDGE('',*,*,#1749,.F.);
#1057=ORIENTED_EDGE('',*,*,#1750,.T.);
#1058=ORIENTED_EDGE('',*,*,#1747,.T.);
#1059=ORIENTED_EDGE('',*,*,#1553,.F.);
#1060=ORIENTED_EDGE('',*,*,#1751,.F.);
#1061=ORIENTED_EDGE('',*,*,#1752,.T.);
#1062=ORIENTED_EDGE('',*,*,#1749,.T.);
#1063=ORIENTED_EDGE('',*,*,#1552,.F.);
#1064=ORIENTED_EDGE('',*,*,#1753,.F.);
#1065=ORIENTED_EDGE('',*,*,#1754,.T.);
#1066=ORIENTED_EDGE('',*,*,#1751,.T.);
#1067=ORIENTED_EDGE('',*,*,#1551,.F.);
#1068=ORIENTED_EDGE('',*,*,#1755,.F.);
#1069=ORIENTED_EDGE('',*,*,#1756,.T.);
#1070=ORIENTED_EDGE('',*,*,#1753,.T.);
#1071=ORIENTED_EDGE('',*,*,#1550,.F.);
#1072=ORIENTED_EDGE('',*,*,#1757,.F.);
#1073=ORIENTED_EDGE('',*,*,#1758,.T.);
#1074=ORIENTED_EDGE('',*,*,#1755,.T.);
#1075=ORIENTED_EDGE('',*,*,#1549,.F.);
#1076=ORIENTED_EDGE('',*,*,#1759,.F.);
#1077=ORIENTED_EDGE('',*,*,#1760,.T.);
#1078=ORIENTED_EDGE('',*,*,#1757,.T.);
#1079=ORIENTED_EDGE('',*,*,#1548,.F.);
#1080=ORIENTED_EDGE('',*,*,#1761,.F.);
#1081=ORIENTED_EDGE('',*,*,#1762,.T.);
#1082=ORIENTED_EDGE('',*,*,#1759,.T.);
#1083=ORIENTED_EDGE('',*,*,#1547,.F.);
#1084=ORIENTED_EDGE('',*,*,#1763,.F.);
#1085=ORIENTED_EDGE('',*,*,#1764,.T.);
#1086=ORIENTED_EDGE('',*,*,#1761,.T.);
#1087=ORIENTED_EDGE('',*,*,#1546,.F.);
#1088=ORIENTED_EDGE('',*,*,#1765,.F.);
#1089=ORIENTED_EDGE('',*,*,#1766,.T.);
#1090=ORIENTED_EDGE('',*,*,#1763,.T.);
#1091=ORIENTED_EDGE('',*,*,#1545,.F.);
#1092=ORIENTED_EDGE('',*,*,#1742,.F.);
#1093=ORIENTED_EDGE('',*,*,#1767,.T.);
#1094=ORIENTED_EDGE('',*,*,#1765,.T.);
#1095=ORIENTED_EDGE('',*,*,#1741,.F.);
#1096=ORIENTED_EDGE('',*,*,#1744,.F.);
#1097=ORIENTED_EDGE('',*,*,#1746,.F.);
#1098=ORIENTED_EDGE('',*,*,#1748,.F.);
#1099=ORIENTED_EDGE('',*,*,#1750,.F.);
#1100=ORIENTED_EDGE('',*,*,#1752,.F.);
#1101=ORIENTED_EDGE('',*,*,#1754,.F.);
#1102=ORIENTED_EDGE('',*,*,#1756,.F.);
#1103=ORIENTED_EDGE('',*,*,#1758,.F.);
#1104=ORIENTED_EDGE('',*,*,#1760,.F.);
#1105=ORIENTED_EDGE('',*,*,#1762,.F.);
#1106=ORIENTED_EDGE('',*,*,#1764,.F.);
#1107=ORIENTED_EDGE('',*,*,#1766,.F.);
#1108=ORIENTED_EDGE('',*,*,#1767,.F.);
#1109=ORIENTED_EDGE('',*,*,#1531,.F.);
#1110=ORIENTED_EDGE('',*,*,#1768,.F.);
#1111=ORIENTED_EDGE('',*,*,#1769,.T.);
#1112=ORIENTED_EDGE('',*,*,#1770,.T.);
#1113=ORIENTED_EDGE('',*,*,#1530,.F.);
#1114=ORIENTED_EDGE('',*,*,#1771,.F.);
#1115=ORIENTED_EDGE('',*,*,#1772,.T.);
#1116=ORIENTED_EDGE('',*,*,#1768,.T.);
#1117=ORIENTED_EDGE('',*,*,#1542,.F.);
#1118=ORIENTED_EDGE('',*,*,#1773,.F.);
#1119=ORIENTED_EDGE('',*,*,#1774,.T.);
#1120=ORIENTED_EDGE('',*,*,#1771,.T.);
#1121=ORIENTED_EDGE('',*,*,#1541,.F.);
#1122=ORIENTED_EDGE('',*,*,#1775,.F.);
#1123=ORIENTED_EDGE('',*,*,#1776,.T.);
#1124=ORIENTED_EDGE('',*,*,#1773,.T.);
#1125=ORIENTED_EDGE('',*,*,#1540,.F.);
#1126=ORIENTED_EDGE('',*,*,#1777,.F.);
#1127=ORIENTED_EDGE('',*,*,#1778,.T.);
#1128=ORIENTED_EDGE('',*,*,#1775,.T.);
#1129=ORIENTED_EDGE('',*,*,#1539,.F.);
#1130=ORIENTED_EDGE('',*,*,#1779,.F.);
#1131=ORIENTED_EDGE('',*,*,#1780,.T.);
#1132=ORIENTED_EDGE('',*,*,#1777,.T.);
#1133=ORIENTED_EDGE('',*,*,#1538,.F.);
#1134=ORIENTED_EDGE('',*,*,#1781,.F.);
#1135=ORIENTED_EDGE('',*,*,#1782,.T.);
#1136=ORIENTED_EDGE('',*,*,#1779,.T.);
#1137=ORIENTED_EDGE('',*,*,#1537,.F.);
#1138=ORIENTED_EDGE('',*,*,#1783,.F.);
#1139=ORIENTED_EDGE('',*,*,#1784,.T.);
#1140=ORIENTED_EDGE('',*,*,#1781,.T.);
#1141=ORIENTED_EDGE('',*,*,#1536,.F.);
#1142=ORIENTED_EDGE('',*,*,#1785,.F.);
#1143=ORIENTED_EDGE('',*,*,#1786,.T.);
#1144=ORIENTED_EDGE('',*,*,#1783,.T.);
#1145=ORIENTED_EDGE('',*,*,#1535,.F.);
#1146=ORIENTED_EDGE('',*,*,#1787,.F.);
#1147=ORIENTED_EDGE('',*,*,#1788,.T.);
#1148=ORIENTED_EDGE('',*,*,#1785,.T.);
#1149=ORIENTED_EDGE('',*,*,#1534,.F.);
#1150=ORIENTED_EDGE('',*,*,#1789,.F.);
#1151=ORIENTED_EDGE('',*,*,#1790,.T.);
#1152=ORIENTED_EDGE('',*,*,#1787,.T.);
#1153=ORIENTED_EDGE('',*,*,#1533,.F.);
#1154=ORIENTED_EDGE('',*,*,#1791,.F.);
#1155=ORIENTED_EDGE('',*,*,#1792,.T.);
#1156=ORIENTED_EDGE('',*,*,#1789,.T.);
#1157=ORIENTED_EDGE('',*,*,#1532,.F.);
#1158=ORIENTED_EDGE('',*,*,#1770,.F.);
#1159=ORIENTED_EDGE('',*,*,#1793,.T.);
#1160=ORIENTED_EDGE('',*,*,#1791,.T.);
#1161=ORIENTED_EDGE('',*,*,#1769,.F.);
#1162=ORIENTED_EDGE('',*,*,#1772,.F.);
#1163=ORIENTED_EDGE('',*,*,#1774,.F.);
#1164=ORIENTED_EDGE('',*,*,#1776,.F.);
#1165=ORIENTED_EDGE('',*,*,#1778,.F.);
#1166=ORIENTED_EDGE('',*,*,#1780,.F.);
#1167=ORIENTED_EDGE('',*,*,#1782,.F.);
#1168=ORIENTED_EDGE('',*,*,#1784,.F.);
#1169=ORIENTED_EDGE('',*,*,#1786,.F.);
#1170=ORIENTED_EDGE('',*,*,#1788,.F.);
#1171=ORIENTED_EDGE('',*,*,#1790,.F.);
#1172=ORIENTED_EDGE('',*,*,#1792,.F.);
#1173=ORIENTED_EDGE('',*,*,#1793,.F.);
#1174=ORIENTED_EDGE('',*,*,#1517,.F.);
#1175=ORIENTED_EDGE('',*,*,#1794,.F.);
#1176=ORIENTED_EDGE('',*,*,#1795,.T.);
#1177=ORIENTED_EDGE('',*,*,#1796,.T.);
#1178=ORIENTED_EDGE('',*,*,#1516,.F.);
#1179=ORIENTED_EDGE('',*,*,#1797,.F.);
#1180=ORIENTED_EDGE('',*,*,#1798,.T.);
#1181=ORIENTED_EDGE('',*,*,#1794,.T.);
#1182=ORIENTED_EDGE('',*,*,#1529,.F.);
#1183=ORIENTED_EDGE('',*,*,#1799,.F.);
#1184=ORIENTED_EDGE('',*,*,#1800,.T.);
#1185=ORIENTED_EDGE('',*,*,#1797,.T.);
#1186=ORIENTED_EDGE('',*,*,#1528,.F.);
#1187=ORIENTED_EDGE('',*,*,#1801,.F.);
#1188=ORIENTED_EDGE('',*,*,#1802,.T.);
#1189=ORIENTED_EDGE('',*,*,#1799,.T.);
#1190=ORIENTED_EDGE('',*,*,#1527,.F.);
#1191=ORIENTED_EDGE('',*,*,#1803,.F.);
#1192=ORIENTED_EDGE('',*,*,#1804,.T.);
#1193=ORIENTED_EDGE('',*,*,#1801,.T.);
#1194=ORIENTED_EDGE('',*,*,#1526,.F.);
#1195=ORIENTED_EDGE('',*,*,#1805,.F.);
#1196=ORIENTED_EDGE('',*,*,#1806,.T.);
#1197=ORIENTED_EDGE('',*,*,#1803,.T.);
#1198=ORIENTED_EDGE('',*,*,#1525,.F.);
#1199=ORIENTED_EDGE('',*,*,#1807,.F.);
#1200=ORIENTED_EDGE('',*,*,#1808,.T.);
#1201=ORIENTED_EDGE('',*,*,#1805,.T.);
#1202=ORIENTED_EDGE('',*,*,#1524,.F.);
#1203=ORIENTED_EDGE('',*,*,#1809,.F.);
#1204=ORIENTED_EDGE('',*,*,#1810,.T.);
#1205=ORIENTED_EDGE('',*,*,#1807,.T.);
#1206=ORIENTED_EDGE('',*,*,#1523,.F.);
#1207=ORIENTED_EDGE('',*,*,#1811,.F.);
#1208=ORIENTED_EDGE('',*,*,#1812,.T.);
#1209=ORIENTED_EDGE('',*,*,#1809,.T.);
#1210=ORIENTED_EDGE('',*,*,#1522,.F.);
#1211=ORIENTED_EDGE('',*,*,#1813,.F.);
#1212=ORIENTED_EDGE('',*,*,#1814,.T.);
#1213=ORIENTED_EDGE('',*,*,#1811,.T.);
#1214=ORIENTED_EDGE('',*,*,#1521,.F.);
#1215=ORIENTED_EDGE('',*,*,#1815,.F.);
#1216=ORIENTED_EDGE('',*,*,#1816,.T.);
#1217=ORIENTED_EDGE('',*,*,#1813,.T.);
#1218=ORIENTED_EDGE('',*,*,#1520,.F.);
#1219=ORIENTED_EDGE('',*,*,#1817,.F.);
#1220=ORIENTED_EDGE('',*,*,#1818,.T.);
#1221=ORIENTED_EDGE('',*,*,#1815,.T.);
#1222=ORIENTED_EDGE('',*,*,#1519,.F.);
#1223=ORIENTED_EDGE('',*,*,#1819,.F.);
#1224=ORIENTED_EDGE('',*,*,#1820,.T.);
#1225=ORIENTED_EDGE('',*,*,#1817,.T.);
#1226=ORIENTED_EDGE('',*,*,#1518,.F.);
#1227=ORIENTED_EDGE('',*,*,#1796,.F.);
#1228=ORIENTED_EDGE('',*,*,#1821,.T.);
#1229=ORIENTED_EDGE('',*,*,#1819,.T.);
#1230=ORIENTED_EDGE('',*,*,#1795,.F.);
#1231=ORIENTED_EDGE('',*,*,#1798,.F.);
#1232=ORIENTED_EDGE('',*,*,#1800,.F.);
#1233=ORIENTED_EDGE('',*,*,#1802,.F.);
#1234=ORIENTED_EDGE('',*,*,#1804,.F.);
#1235=ORIENTED_EDGE('',*,*,#1806,.F.);
#1236=ORIENTED_EDGE('',*,*,#1808,.F.);
#1237=ORIENTED_EDGE('',*,*,#1810,.F.);
#1238=ORIENTED_EDGE('',*,*,#1812,.F.);
#1239=ORIENTED_EDGE('',*,*,#1814,.F.);
#1240=ORIENTED_EDGE('',*,*,#1816,.F.);
#1241=ORIENTED_EDGE('',*,*,#1818,.F.);
#1242=ORIENTED_EDGE('',*,*,#1820,.F.);
#1243=ORIENTED_EDGE('',*,*,#1821,.F.);
#1244=ORIENTED_EDGE('',*,*,#1822,.F.);
#1245=ORIENTED_EDGE('',*,*,#1823,.F.);
#1246=ORIENTED_EDGE('',*,*,#1824,.T.);
#1247=ORIENTED_EDGE('',*,*,#1825,.T.);
#1248=ORIENTED_EDGE('',*,*,#1826,.F.);
#1249=ORIENTED_EDGE('',*,*,#1827,.F.);
#1250=ORIENTED_EDGE('',*,*,#1828,.T.);
#1251=ORIENTED_EDGE('',*,*,#1823,.T.);
#1252=ORIENTED_EDGE('',*,*,#1829,.F.);
#1253=ORIENTED_EDGE('',*,*,#1830,.F.);
#1254=ORIENTED_EDGE('',*,*,#1831,.T.);
#1255=ORIENTED_EDGE('',*,*,#1827,.T.);
#1256=ORIENTED_EDGE('',*,*,#1832,.F.);
#1257=ORIENTED_EDGE('',*,*,#1833,.F.);
#1258=ORIENTED_EDGE('',*,*,#1834,.T.);
#1259=ORIENTED_EDGE('',*,*,#1830,.T.);
#1260=ORIENTED_EDGE('',*,*,#1835,.F.);
#1261=ORIENTED_EDGE('',*,*,#1836,.F.);
#1262=ORIENTED_EDGE('',*,*,#1837,.T.);
#1263=ORIENTED_EDGE('',*,*,#1833,.T.);
#1264=ORIENTED_EDGE('',*,*,#1591,.F.);
#1265=ORIENTED_EDGE('',*,*,#1838,.F.);
#1266=ORIENTED_EDGE('',*,*,#1839,.T.);
#1267=ORIENTED_EDGE('',*,*,#1840,.T.);
#1268=ORIENTED_EDGE('',*,*,#1590,.F.);
#1269=ORIENTED_EDGE('',*,*,#1841,.F.);
#1270=ORIENTED_EDGE('',*,*,#1842,.T.);
#1271=ORIENTED_EDGE('',*,*,#1838,.T.);
#1272=ORIENTED_EDGE('',*,*,#1605,.F.);
#1273=ORIENTED_EDGE('',*,*,#1843,.F.);
#1274=ORIENTED_EDGE('',*,*,#1844,.T.);
#1275=ORIENTED_EDGE('',*,*,#1841,.T.);
#1276=ORIENTED_EDGE('',*,*,#1604,.F.);
#1277=ORIENTED_EDGE('',*,*,#1845,.F.);
#1278=ORIENTED_EDGE('',*,*,#1846,.T.);
#1279=ORIENTED_EDGE('',*,*,#1843,.T.);
#1280=ORIENTED_EDGE('',*,*,#1603,.F.);
#1281=ORIENTED_EDGE('',*,*,#1847,.F.);
#1282=ORIENTED_EDGE('',*,*,#1848,.T.);
#1283=ORIENTED_EDGE('',*,*,#1845,.T.);
#1284=ORIENTED_EDGE('',*,*,#1602,.F.);
#1285=ORIENTED_EDGE('',*,*,#1849,.F.);
#1286=ORIENTED_EDGE('',*,*,#1850,.T.);
#1287=ORIENTED_EDGE('',*,*,#1847,.T.);
#1288=ORIENTED_EDGE('',*,*,#1601,.F.);
#1289=ORIENTED_EDGE('',*,*,#1851,.F.);
#1290=ORIENTED_EDGE('',*,*,#1852,.T.);
#1291=ORIENTED_EDGE('',*,*,#1849,.T.);
#1292=ORIENTED_EDGE('',*,*,#1600,.F.);
#1293=ORIENTED_EDGE('',*,*,#1853,.F.);
#1294=ORIENTED_EDGE('',*,*,#1854,.T.);
#1295=ORIENTED_EDGE('',*,*,#1851,.T.);
#1296=ORIENTED_EDGE('',*,*,#1599,.F.);
#1297=ORIENTED_EDGE('',*,*,#1855,.F.);
#1298=ORIENTED_EDGE('',*,*,#1856,.T.);
#1299=ORIENTED_EDGE('',*,*,#1853,.T.);
#1300=ORIENTED_EDGE('',*,*,#1598,.F.);
#1301=ORIENTED_EDGE('',*,*,#1857,.F.);
#1302=ORIENTED_EDGE('',*,*,#1858,.T.);
#1303=ORIENTED_EDGE('',*,*,#1855,.T.);
#1304=ORIENTED_EDGE('',*,*,#1597,.F.);
#1305=ORIENTED_EDGE('',*,*,#1859,.F.);
#1306=ORIENTED_EDGE('',*,*,#1860,.T.);
#1307=ORIENTED_EDGE('',*,*,#1857,.T.);
#1308=ORIENTED_EDGE('',*,*,#1596,.F.);
#1309=ORIENTED_EDGE('',*,*,#1861,.F.);
#1310=ORIENTED_EDGE('',*,*,#1862,.T.);
#1311=ORIENTED_EDGE('',*,*,#1859,.T.);
#1312=ORIENTED_EDGE('',*,*,#1595,.F.);
#1313=ORIENTED_EDGE('',*,*,#1863,.F.);
#1314=ORIENTED_EDGE('',*,*,#1864,.T.);
#1315=ORIENTED_EDGE('',*,*,#1861,.T.);
#1316=ORIENTED_EDGE('',*,*,#1594,.F.);
#1317=ORIENTED_EDGE('',*,*,#1865,.F.);
#1318=ORIENTED_EDGE('',*,*,#1866,.T.);
#1319=ORIENTED_EDGE('',*,*,#1863,.T.);
#1320=ORIENTED_EDGE('',*,*,#1593,.F.);
#1321=ORIENTED_EDGE('',*,*,#1867,.F.);
#1322=ORIENTED_EDGE('',*,*,#1868,.T.);
#1323=ORIENTED_EDGE('',*,*,#1865,.T.);
#1324=ORIENTED_EDGE('',*,*,#1592,.F.);
#1325=ORIENTED_EDGE('',*,*,#1840,.F.);
#1326=ORIENTED_EDGE('',*,*,#1869,.T.);
#1327=ORIENTED_EDGE('',*,*,#1867,.T.);
#1328=ORIENTED_EDGE('',*,*,#1870,.F.);
#1329=ORIENTED_EDGE('',*,*,#1825,.F.);
#1330=ORIENTED_EDGE('',*,*,#1871,.T.);
#1331=ORIENTED_EDGE('',*,*,#1836,.T.);
#1332=ORIENTED_EDGE('',*,*,#1839,.F.);
#1333=ORIENTED_EDGE('',*,*,#1842,.F.);
#1334=ORIENTED_EDGE('',*,*,#1844,.F.);
#1335=ORIENTED_EDGE('',*,*,#1846,.F.);
#1336=ORIENTED_EDGE('',*,*,#1848,.F.);
#1337=ORIENTED_EDGE('',*,*,#1850,.F.);
#1338=ORIENTED_EDGE('',*,*,#1852,.F.);
#1339=ORIENTED_EDGE('',*,*,#1854,.F.);
#1340=ORIENTED_EDGE('',*,*,#1856,.F.);
#1341=ORIENTED_EDGE('',*,*,#1858,.F.);
#1342=ORIENTED_EDGE('',*,*,#1860,.F.);
#1343=ORIENTED_EDGE('',*,*,#1862,.F.);
#1344=ORIENTED_EDGE('',*,*,#1864,.F.);
#1345=ORIENTED_EDGE('',*,*,#1866,.F.);
#1346=ORIENTED_EDGE('',*,*,#1868,.F.);
#1347=ORIENTED_EDGE('',*,*,#1869,.F.);
#1348=ORIENTED_EDGE('',*,*,#1824,.F.);
#1349=ORIENTED_EDGE('',*,*,#1828,.F.);
#1350=ORIENTED_EDGE('',*,*,#1831,.F.);
#1351=ORIENTED_EDGE('',*,*,#1834,.F.);
#1352=ORIENTED_EDGE('',*,*,#1837,.F.);
#1353=ORIENTED_EDGE('',*,*,#1871,.F.);
#1354=ORIENTED_EDGE('',*,*,#1607,.F.);
#1355=ORIENTED_EDGE('',*,*,#1872,.F.);
#1356=ORIENTED_EDGE('',*,*,#1873,.T.);
#1357=ORIENTED_EDGE('',*,*,#1874,.T.);
#1358=ORIENTED_EDGE('',*,*,#1606,.F.);
#1359=ORIENTED_EDGE('',*,*,#1875,.F.);
#1360=ORIENTED_EDGE('',*,*,#1876,.T.);
#1361=ORIENTED_EDGE('',*,*,#1872,.T.);
#1362=ORIENTED_EDGE('',*,*,#1618,.F.);
#1363=ORIENTED_EDGE('',*,*,#1877,.F.);
#1364=ORIENTED_EDGE('',*,*,#1878,.T.);
#1365=ORIENTED_EDGE('',*,*,#1875,.T.);
#1366=ORIENTED_EDGE('',*,*,#1617,.F.);
#1367=ORIENTED_EDGE('',*,*,#1879,.F.);
#1368=ORIENTED_EDGE('',*,*,#1880,.T.);
#1369=ORIENTED_EDGE('',*,*,#1877,.T.);
#1370=ORIENTED_EDGE('',*,*,#1616,.F.);
#1371=ORIENTED_EDGE('',*,*,#1881,.F.);
#1372=ORIENTED_EDGE('',*,*,#1882,.T.);
#1373=ORIENTED_EDGE('',*,*,#1879,.T.);
#1374=ORIENTED_EDGE('',*,*,#1615,.F.);
#1375=ORIENTED_EDGE('',*,*,#1883,.F.);
#1376=ORIENTED_EDGE('',*,*,#1884,.T.);
#1377=ORIENTED_EDGE('',*,*,#1881,.T.);
#1378=ORIENTED_EDGE('',*,*,#1614,.F.);
#1379=ORIENTED_EDGE('',*,*,#1885,.F.);
#1380=ORIENTED_EDGE('',*,*,#1886,.T.);
#1381=ORIENTED_EDGE('',*,*,#1883,.T.);
#1382=ORIENTED_EDGE('',*,*,#1613,.F.);
#1383=ORIENTED_EDGE('',*,*,#1887,.F.);
#1384=ORIENTED_EDGE('',*,*,#1888,.T.);
#1385=ORIENTED_EDGE('',*,*,#1885,.T.);
#1386=ORIENTED_EDGE('',*,*,#1612,.F.);
#1387=ORIENTED_EDGE('',*,*,#1889,.F.);
#1388=ORIENTED_EDGE('',*,*,#1890,.T.);
#1389=ORIENTED_EDGE('',*,*,#1887,.T.);
#1390=ORIENTED_EDGE('',*,*,#1611,.F.);
#1391=ORIENTED_EDGE('',*,*,#1891,.F.);
#1392=ORIENTED_EDGE('',*,*,#1892,.T.);
#1393=ORIENTED_EDGE('',*,*,#1889,.T.);
#1394=ORIENTED_EDGE('',*,*,#1610,.F.);
#1395=ORIENTED_EDGE('',*,*,#1893,.F.);
#1396=ORIENTED_EDGE('',*,*,#1894,.T.);
#1397=ORIENTED_EDGE('',*,*,#1891,.T.);
#1398=ORIENTED_EDGE('',*,*,#1609,.F.);
#1399=ORIENTED_EDGE('',*,*,#1895,.F.);
#1400=ORIENTED_EDGE('',*,*,#1896,.T.);
#1401=ORIENTED_EDGE('',*,*,#1893,.T.);
#1402=ORIENTED_EDGE('',*,*,#1608,.F.);
#1403=ORIENTED_EDGE('',*,*,#1874,.F.);
#1404=ORIENTED_EDGE('',*,*,#1897,.T.);
#1405=ORIENTED_EDGE('',*,*,#1895,.T.);
#1406=ORIENTED_EDGE('',*,*,#1873,.F.);
#1407=ORIENTED_EDGE('',*,*,#1876,.F.);
#1408=ORIENTED_EDGE('',*,*,#1878,.F.);
#1409=ORIENTED_EDGE('',*,*,#1880,.F.);
#1410=ORIENTED_EDGE('',*,*,#1882,.F.);
#1411=ORIENTED_EDGE('',*,*,#1884,.F.);
#1412=ORIENTED_EDGE('',*,*,#1886,.F.);
#1413=ORIENTED_EDGE('',*,*,#1888,.F.);
#1414=ORIENTED_EDGE('',*,*,#1890,.F.);
#1415=ORIENTED_EDGE('',*,*,#1892,.F.);
#1416=ORIENTED_EDGE('',*,*,#1894,.F.);
#1417=ORIENTED_EDGE('',*,*,#1896,.F.);
#1418=ORIENTED_EDGE('',*,*,#1897,.F.);
#1419=ORIENTED_EDGE('',*,*,#1698,.T.);
#1420=ORIENTED_EDGE('',*,*,#1694,.T.);
#1421=ORIENTED_EDGE('',*,*,#1738,.T.);
#1422=ORIENTED_EDGE('',*,*,#1713,.T.);
#1423=ORIENTED_EDGE('',*,*,#1710,.T.);
#1424=ORIENTED_EDGE('',*,*,#1707,.T.);
#1425=ORIENTED_EDGE('',*,*,#1704,.T.);
#1426=ORIENTED_EDGE('',*,*,#1701,.T.);
#1427=ORIENTED_EDGE('',*,*,#1826,.T.);
#1428=ORIENTED_EDGE('',*,*,#1822,.T.);
#1429=ORIENTED_EDGE('',*,*,#1870,.T.);
#1430=ORIENTED_EDGE('',*,*,#1835,.T.);
#1431=ORIENTED_EDGE('',*,*,#1832,.T.);
#1432=ORIENTED_EDGE('',*,*,#1829,.T.);
#1433=ORIENTED_EDGE('',*,*,#1619,.F.);
#1434=ORIENTED_EDGE('',*,*,#1898,.T.);
#1435=ORIENTED_EDGE('',*,*,#1620,.F.);
#1436=ORIENTED_EDGE('',*,*,#1899,.T.);
#1437=ORIENTED_EDGE('',*,*,#1501,.T.);
#1438=ORIENTED_EDGE('',*,*,#1900,.F.);
#1439=ORIENTED_EDGE('',*,*,#1901,.F.);
#1440=ORIENTED_EDGE('',*,*,#1900,.T.);
#1441=ORIENTED_EDGE('',*,*,#1898,.F.);
#1442=ORIENTED_EDGE('',*,*,#1901,.T.);
#1443=ORIENTED_EDGE('',*,*,#1624,.F.);
#1444=ORIENTED_EDGE('',*,*,#1503,.T.);
#1445=ORIENTED_EDGE('',*,*,#1623,.F.);
#1446=ORIENTED_EDGE('',*,*,#1693,.F.);
#1447=ORIENTED_EDGE('',*,*,#1902,.T.);
#1448=ORIENTED_EDGE('',*,*,#1681,.F.);
#1449=ORIENTED_EDGE('',*,*,#1903,.T.);
#1450=ORIENTED_EDGE('',*,*,#1904,.F.);
#1451=ORIENTED_EDGE('',*,*,#1903,.F.);
#1452=ORIENTED_EDGE('',*,*,#1902,.F.);
#1453=ORIENTED_EDGE('',*,*,#1905,.F.);
#1454=ORIENTED_EDGE('',*,*,#1904,.T.);
#1455=ORIENTED_EDGE('',*,*,#1899,.F.);
#1456=ORIENTED_EDGE('',*,*,#1905,.T.);
#1457=ORIENTED_EDGE('',*,*,#1505,.F.);
#1458=ORIENTED_EDGE('',*,*,#1680,.F.);
#1459=ORIENTED_EDGE('',*,*,#1687,.F.);
#1460=ORIENTED_EDGE('',*,*,#1621,.F.);
#1461=ORIENTED_EDGE('',*,*,#1507,.F.);
#1462=ORIENTED_EDGE('',*,*,#1626,.F.);
#1463=ORIENTED_EDGE('',*,*,#1692,.F.);
#1464=ORIENTED_EDGE('',*,*,#1629,.F.);
#1465=ORIENTED_EDGE('',*,*,#1515,.F.);
#1466=ORIENTED_EDGE('',*,*,#1637,.F.);
#1467=ORIENTED_EDGE('',*,*,#1688,.F.);
#1468=ORIENTED_EDGE('',*,*,#1678,.F.);
#1469=ORIENTED_EDGE('',*,*,#1513,.F.);
#1470=ORIENTED_EDGE('',*,*,#1634,.F.);
#1471=ORIENTED_EDGE('',*,*,#1689,.F.);
#1472=ORIENTED_EDGE('',*,*,#1638,.F.);
#1473=ORIENTED_EDGE('',*,*,#1509,.F.);
#1474=ORIENTED_EDGE('',*,*,#1628,.F.);
#1475=ORIENTED_EDGE('',*,*,#1691,.F.);
#1476=ORIENTED_EDGE('',*,*,#1630,.F.);
#1477=ORIENTED_EDGE('',*,*,#1511,.F.);
#1478=ORIENTED_EDGE('',*,*,#1632,.F.);
#1479=ORIENTED_EDGE('',*,*,#1690,.F.);
#1480=ORIENTED_EDGE('',*,*,#1635,.F.);
#1481=ORIENTED_EDGE('',*,*,#1573,.F.);
#1482=ORIENTED_EDGE('',*,*,#1659,.F.);
#1483=ORIENTED_EDGE('',*,*,#1682,.F.);
#1484=ORIENTED_EDGE('',*,*,#1660,.F.);
#1485=ORIENTED_EDGE('',*,*,#1575,.F.);
#1486=ORIENTED_EDGE('',*,*,#1662,.F.);
#1487=ORIENTED_EDGE('',*,*,#1686,.F.);
#1488=ORIENTED_EDGE('',*,*,#1663,.F.);
#1489=ORIENTED_EDGE('',*,*,#1577,.F.);
#1490=ORIENTED_EDGE('',*,*,#1665,.F.);
#1491=ORIENTED_EDGE('',*,*,#1685,.F.);
#1492=ORIENTED_EDGE('',*,*,#1666,.F.);
#1493=ORIENTED_EDGE('',*,*,#1583,.F.);
#1494=ORIENTED_EDGE('',*,*,#1643,.F.);
#1495=ORIENTED_EDGE('',*,*,#1683,.F.);
#1496=ORIENTED_EDGE('',*,*,#1645,.F.);
#1497=ORIENTED_EDGE('',*,*,#1581,.F.);
#1498=ORIENTED_EDGE('',*,*,#1640,.F.);
#1499=ORIENTED_EDGE('',*,*,#1684,.F.);
#1500=ORIENTED_EDGE('',*,*,#1644,.F.);
#1501=EDGE_CURVE('',#1906,#1906,#2180,.F.);
#1502=EDGE_CURVE('',#1907,#1908,#2181,.F.);
#1503=EDGE_CURVE('',#1908,#1907,#597,.F.);
#1504=EDGE_CURVE('',#1909,#1910,#87,.T.);
#1505=EDGE_CURVE('',#1909,#1911,#2182,.T.);
#1506=EDGE_CURVE('',#1912,#1911,#2183,.T.);
#1507=EDGE_CURVE('',#1912,#1913,#2184,.T.);
#1508=EDGE_CURVE('',#1914,#1913,#88,.T.);
#1509=EDGE_CURVE('',#1914,#1915,#2185,.F.);
#1510=EDGE_CURVE('',#1915,#1916,#89,.T.);
#1511=EDGE_CURVE('',#1916,#1917,#2186,.F.);
#1512=EDGE_CURVE('',#1917,#1918,#90,.T.);
#1513=EDGE_CURVE('',#1918,#1919,#2187,.F.);
#1514=EDGE_CURVE('',#1920,#1919,#91,.T.);
#1515=EDGE_CURVE('',#1920,#1910,#2188,.F.);
#1516=EDGE_CURVE('',#1921,#1922,#92,.T.);
#1517=EDGE_CURVE('',#1922,#1923,#93,.T.);
#1518=EDGE_CURVE('',#1923,#1924,#94,.T.);
#1519=EDGE_CURVE('',#1924,#1925,#95,.T.);
#1520=EDGE_CURVE('',#1925,#1926,#96,.T.);
#1521=EDGE_CURVE('',#1926,#1927,#598,.T.);
#1522=EDGE_CURVE('',#1927,#1928,#2189,.F.);
#1523=EDGE_CURVE('',#1928,#1929,#97,.T.);
#1524=EDGE_CURVE('',#1929,#1930,#98,.T.);
#1525=EDGE_CURVE('',#1930,#1931,#599,.T.);
#1526=EDGE_CURVE('',#1931,#1932,#600,.T.);
#1527=EDGE_CURVE('',#1932,#1933,#99,.T.);
#1528=EDGE_CURVE('',#1933,#1934,#100,.T.);
#1529=EDGE_CURVE('',#1934,#1921,#101,.T.);
#1530=EDGE_CURVE('',#1935,#1936,#102,.T.);
#1531=EDGE_CURVE('',#1936,#1937,#103,.T.);
#1532=EDGE_CURVE('',#1937,#1938,#104,.T.);
#1533=EDGE_CURVE('',#1938,#1939,#105,.T.);
#1534=EDGE_CURVE('',#1939,#1940,#106,.T.);
#1535=EDGE_CURVE('',#1940,#1941,#107,.T.);
#1536=EDGE_CURVE('',#1941,#1942,#108,.T.);
#1537=EDGE_CURVE('',#1942,#1943,#109,.T.);
#1538=EDGE_CURVE('',#1943,#1944,#110,.T.);
#1539=EDGE_CURVE('',#1944,#1945,#111,.T.);
#1540=EDGE_CURVE('',#1945,#1946,#112,.T.);
#1541=EDGE_CURVE('',#1946,#1947,#113,.T.);
#1542=EDGE_CURVE('',#1947,#1935,#114,.T.);
#1543=EDGE_CURVE('',#1948,#1949,#115,.T.);
#1544=EDGE_CURVE('',#1949,#1950,#116,.T.);
#1545=EDGE_CURVE('',#1950,#1951,#117,.T.);
#1546=EDGE_CURVE('',#1951,#1952,#118,.T.);
#1547=EDGE_CURVE('',#1952,#1953,#119,.T.);
#1548=EDGE_CURVE('',#1953,#1954,#601,.T.);
#1549=EDGE_CURVE('',#1954,#1955,#2190,.F.);
#1550=EDGE_CURVE('',#1955,#1956,#120,.T.);
#1551=EDGE_CURVE('',#1956,#1957,#121,.T.);
#1552=EDGE_CURVE('',#1957,#1958,#602,.T.);
#1553=EDGE_CURVE('',#1958,#1959,#603,.T.);
#1554=EDGE_CURVE('',#1959,#1960,#122,.T.);
#1555=EDGE_CURVE('',#1960,#1961,#123,.T.);
#1556=EDGE_CURVE('',#1961,#1948,#124,.T.);
#1557=EDGE_CURVE('',#1962,#1963,#125,.T.);
#1558=EDGE_CURVE('',#1963,#1964,#604,.T.);
#1559=EDGE_CURVE('',#1964,#1965,#2191,.F.);
#1560=EDGE_CURVE('',#1965,#1966,#605,.T.);
#1561=EDGE_CURVE('',#1966,#1967,#606,.T.);
#1562=EDGE_CURVE('',#1967,#1968,#607,.T.);
#1563=EDGE_CURVE('',#1968,#1969,#126,.T.);
#1564=EDGE_CURVE('',#1969,#1970,#608,.T.);
#1565=EDGE_CURVE('',#1970,#1971,#609,.T.);
#1566=EDGE_CURVE('',#1971,#1972,#610,.T.);
#1567=EDGE_CURVE('',#1972,#1962,#611,.T.);
#1568=EDGE_CURVE('',#1973,#1974,#127,.T.);
#1569=EDGE_CURVE('',#1975,#1973,#128,.T.);
#1570=EDGE_CURVE('',#1976,#1975,#129,.T.);
#1571=EDGE_CURVE('',#1974,#1976,#130,.T.);
#1572=EDGE_CURVE('',#1977,#1978,#131,.T.);
#1573=EDGE_CURVE('',#1978,#1979,#2192,.T.);
#1574=EDGE_CURVE('',#1980,#1979,#132,.T.);
#1575=EDGE_CURVE('',#1980,#1981,#2193,.T.);
#1576=EDGE_CURVE('',#1981,#1982,#133,.T.);
#1577=EDGE_CURVE('',#1982,#1983,#2194,.F.);
#1578=EDGE_CURVE('',#1984,#1983,#134,.T.);
#1579=EDGE_CURVE('',#1985,#1984,#2195,.F.);
#1580=EDGE_CURVE('',#1986,#1985,#135,.T.);
#1581=EDGE_CURVE('',#1986,#1987,#2196,.F.);
#1582=EDGE_CURVE('',#1987,#1988,#2197,.T.);
#1583=EDGE_CURVE('',#1988,#1989,#2198,.F.);
#1584=EDGE_CURVE('',#1990,#1989,#2199,.T.);
#1585=EDGE_CURVE('',#1991,#1990,#136,.T.);
#1586=EDGE_CURVE('',#1992,#1991,#2200,.T.);
#1587=EDGE_CURVE('',#1993,#1992,#137,.T.);
#1588=EDGE_CURVE('',#1994,#1993,#2201,.F.);
#1589=EDGE_CURVE('',#1977,#1994,#138,.T.);
#1590=EDGE_CURVE('',#1995,#1996,#2202,.F.);
#1591=EDGE_CURVE('',#1996,#1997,#612,.T.);
#1592=EDGE_CURVE('',#1997,#1998,#613,.T.);
#1593=EDGE_CURVE('',#1998,#1999,#139,.T.);
#1594=EDGE_CURVE('',#1999,#2000,#614,.T.);
#1595=EDGE_CURVE('',#2000,#2001,#615,.T.);
#1596=EDGE_CURVE('',#2001,#2002,#616,.T.);
#1597=EDGE_CURVE('',#2002,#2003,#617,.T.);
#1598=EDGE_CURVE('',#2003,#2004,#618,.T.);
#1599=EDGE_CURVE('',#2004,#2005,#140,.T.);
#1600=EDGE_CURVE('',#2005,#2006,#141,.T.);
#1601=EDGE_CURVE('',#2006,#2007,#619,.T.);
#1602=EDGE_CURVE('',#2007,#2008,#620,.T.);
#1603=EDGE_CURVE('',#2008,#2009,#621,.T.);
#1604=EDGE_CURVE('',#2009,#2010,#142,.T.);
#1605=EDGE_CURVE('',#2010,#1995,#622,.T.);
#1606=EDGE_CURVE('',#2011,#2012,#143,.T.);
#1607=EDGE_CURVE('',#2012,#2013,#144,.T.);
#1608=EDGE_CURVE('',#2013,#2014,#145,.T.);
#1609=EDGE_CURVE('',#2014,#2015,#623,.T.);
#1610=EDGE_CURVE('',#2015,#2016,#2203,.F.);
#1611=EDGE_CURVE('',#2016,#2017,#624,.T.);
#1612=EDGE_CURVE('',#2017,#2018,#625,.T.);
#1613=EDGE_CURVE('',#2018,#2019,#626,.T.);
#1614=EDGE_CURVE('',#2019,#2020,#146,.T.);
#1615=EDGE_CURVE('',#2020,#2021,#627,.T.);
#1616=EDGE_CURVE('',#2021,#2022,#628,.T.);
#1617=EDGE_CURVE('',#2022,#2023,#629,.T.);
#1618=EDGE_CURVE('',#2023,#2011,#630,.T.);
#1619=EDGE_CURVE('',#2024,#2024,#2204,.F.);
#1620=EDGE_CURVE('',#2025,#2025,#2205,.F.);
#1621=EDGE_CURVE('',#1911,#2026,#147,.T.);
#1622=EDGE_CURVE('',#2027,#2026,#2206,.T.);
#1623=EDGE_CURVE('',#2027,#1907,#148,.T.);
#1624=EDGE_CURVE('',#1908,#2028,#149,.F.);
#1625=EDGE_CURVE('',#2029,#2028,#2207,.T.);
#1626=EDGE_CURVE('',#2029,#1912,#150,.F.);
#1627=EDGE_CURVE('',#2030,#2031,#151,.T.);
#1628=EDGE_CURVE('',#2030,#1914,#152,.F.);
#1629=EDGE_CURVE('',#1913,#2031,#153,.T.);
#1630=EDGE_CURVE('',#1915,#2032,#154,.T.);
#1631=EDGE_CURVE('',#2032,#2033,#155,.T.);
#1632=EDGE_CURVE('',#2033,#1916,#156,.F.);
#1633=EDGE_CURVE('',#2034,#2035,#157,.T.);
#1634=EDGE_CURVE('',#2035,#1918,#158,.F.);
#1635=EDGE_CURVE('',#1917,#2034,#159,.T.);
#1636=EDGE_CURVE('',#2036,#2037,#160,.T.);
#1637=EDGE_CURVE('',#2036,#1920,#161,.F.);
#1638=EDGE_CURVE('',#1919,#2037,#162,.T.);
#1639=EDGE_CURVE('',#2038,#2039,#163,.T.);
#1640=EDGE_CURVE('',#2038,#1986,#164,.F.);
#1641=EDGE_CURVE('',#1985,#2039,#165,.T.);
#1642=EDGE_CURVE('',#2040,#2041,#2208,.T.);
#1643=EDGE_CURVE('',#2041,#1988,#166,.F.);
#1644=EDGE_CURVE('',#1987,#2040,#167,.T.);
#1645=EDGE_CURVE('',#1989,#2042,#168,.T.);
#1646=EDGE_CURVE('',#2043,#2042,#2209,.T.);
#1647=EDGE_CURVE('',#1990,#2043,#169,.T.);
#1648=EDGE_CURVE('',#2044,#2043,#170,.T.);
#1649=EDGE_CURVE('',#1991,#2044,#171,.T.);
#1650=EDGE_CURVE('',#2045,#2044,#2210,.T.);
#1651=EDGE_CURVE('',#1992,#2045,#172,.T.);
#1652=EDGE_CURVE('',#2046,#2045,#173,.T.);
#1653=EDGE_CURVE('',#1993,#2046,#174,.T.);
#1654=EDGE_CURVE('',#2047,#2046,#2211,.F.);
#1655=EDGE_CURVE('',#1994,#2047,#175,.T.);
#1656=EDGE_CURVE('',#2048,#2047,#176,.T.);
#1657=EDGE_CURVE('',#1977,#2048,#177,.T.);
#1658=EDGE_CURVE('',#2048,#2049,#178,.T.);
#1659=EDGE_CURVE('',#2049,#1978,#179,.F.);
#1660=EDGE_CURVE('',#1979,#2050,#180,.T.);
#1661=EDGE_CURVE('',#2051,#2050,#181,.T.);
#1662=EDGE_CURVE('',#2051,#1980,#182,.F.);
#1663=EDGE_CURVE('',#1981,#2052,#183,.T.);
#1664=EDGE_CURVE('',#2052,#2053,#184,.T.);
#1665=EDGE_CURVE('',#2053,#1982,#185,.F.);
#1666=EDGE_CURVE('',#1983,#2054,#186,.T.);
#1667=EDGE_CURVE('',#2055,#2054,#187,.T.);
#1668=EDGE_CURVE('',#1984,#2055,#188,.T.);
#1669=EDGE_CURVE('',#2056,#2057,#189,.T.);
#1670=EDGE_CURVE('',#1973,#2056,#190,.T.);
#1671=EDGE_CURVE('',#1974,#2057,#191,.T.);
#1672=EDGE_CURVE('',#2058,#2056,#192,.T.);
#1673=EDGE_CURVE('',#1975,#2058,#193,.T.);
#1674=EDGE_CURVE('',#2059,#2058,#194,.T.);
#1675=EDGE_CURVE('',#1976,#2059,#195,.T.);
#1676=EDGE_CURVE('',#2039,#2055,#2212,.F.);
#1677=EDGE_CURVE('',#2057,#2059,#196,.T.);
#1678=EDGE_CURVE('',#1910,#2060,#197,.T.);
#1679=EDGE_CURVE('',#2061,#2060,#198,.T.);
#1680=EDGE_CURVE('',#2061,#1909,#199,.F.);
#1681=EDGE_CURVE('',#2062,#2062,#631,.T.);
#1682=EDGE_CURVE('',#2050,#2049,#2213,.F.);
#1683=EDGE_CURVE('',#2042,#2041,#2214,.T.);
#1684=EDGE_CURVE('',#2040,#2038,#2215,.T.);
#1685=EDGE_CURVE('',#2054,#2053,#2216,.T.);
#1686=EDGE_CURVE('',#2052,#2051,#2217,.F.);
#1687=EDGE_CURVE('',#2026,#2061,#2218,.F.);
#1688=EDGE_CURVE('',#2060,#2036,#2219,.T.);
#1689=EDGE_CURVE('',#2037,#2035,#2220,.T.);
#1690=EDGE_CURVE('',#2034,#2033,#2221,.T.);
#1691=EDGE_CURVE('',#2032,#2030,#2222,.T.);
#1692=EDGE_CURVE('',#2031,#2029,#2223,.F.);
#1693=EDGE_CURVE('',#2028,#2027,#632,.T.);
#1694=EDGE_CURVE('',#2063,#2064,#633,.T.);
#1695=EDGE_CURVE('',#2065,#2063,#200,.T.);
#1696=EDGE_CURVE('',#2065,#2066,#634,.T.);
#1697=EDGE_CURVE('',#2066,#2064,#201,.T.);
#1698=EDGE_CURVE('',#2067,#2063,#635,.T.);
#1699=EDGE_CURVE('',#2068,#2067,#202,.T.);
#1700=EDGE_CURVE('',#2068,#2065,#636,.T.);
#1701=EDGE_CURVE('',#2069,#2067,#637,.T.);
#1702=EDGE_CURVE('',#2070,#2069,#203,.T.);
#1703=EDGE_CURVE('',#2070,#2068,#638,.T.);
#1704=EDGE_CURVE('',#2071,#2069,#639,.T.);
#1705=EDGE_CURVE('',#2072,#2071,#204,.T.);
#1706=EDGE_CURVE('',#2072,#2070,#640,.T.);
#1707=EDGE_CURVE('',#2073,#2071,#641,.T.);
#1708=EDGE_CURVE('',#2074,#2073,#205,.T.);
#1709=EDGE_CURVE('',#2074,#2072,#642,.T.);
#1710=EDGE_CURVE('',#2075,#2073,#643,.T.);
#1711=EDGE_CURVE('',#2076,#2075,#206,.T.);
#1712=EDGE_CURVE('',#2076,#2074,#644,.T.);
#1713=EDGE_CURVE('',#2077,#2075,#645,.T.);
#1714=EDGE_CURVE('',#2078,#2077,#207,.T.);
#1715=EDGE_CURVE('',#2078,#2076,#646,.T.);
#1716=EDGE_CURVE('',#2079,#1963,#208,.T.);
#1717=EDGE_CURVE('',#2079,#2080,#647,.T.);
#1718=EDGE_CURVE('',#2080,#1964,#209,.T.);
#1719=EDGE_CURVE('',#2081,#1962,#210,.T.);
#1720=EDGE_CURVE('',#2081,#2079,#211,.T.);
#1721=EDGE_CURVE('',#2082,#1972,#212,.T.);
#1722=EDGE_CURVE('',#2082,#2081,#648,.T.);
#1723=EDGE_CURVE('',#2083,#1971,#213,.T.);
#1724=EDGE_CURVE('',#2083,#2082,#649,.T.);
#1725=EDGE_CURVE('',#2084,#1970,#214,.T.);
#1726=EDGE_CURVE('',#2084,#2083,#650,.T.);
#1727=EDGE_CURVE('',#2085,#1969,#215,.T.);
#1728=EDGE_CURVE('',#2085,#2084,#651,.T.);
#1729=EDGE_CURVE('',#2086,#1968,#216,.T.);
#1730=EDGE_CURVE('',#2086,#2085,#217,.T.);
#1731=EDGE_CURVE('',#2087,#1967,#218,.T.);
#1732=EDGE_CURVE('',#2087,#2086,#652,.T.);
#1733=EDGE_CURVE('',#2088,#1966,#219,.T.);
#1734=EDGE_CURVE('',#2088,#2087,#653,.T.);
#1735=EDGE_CURVE('',#2089,#1965,#220,.T.);
#1736=EDGE_CURVE('',#2089,#2088,#654,.T.);
#1737=EDGE_CURVE('',#2080,#2089,#2224,.F.);
#1738=EDGE_CURVE('',#2064,#2077,#655,.T.);
#1739=EDGE_CURVE('',#2066,#2078,#656,.T.);
#1740=EDGE_CURVE('',#2090,#1949,#221,.T.);
#1741=EDGE_CURVE('',#2090,#2091,#222,.T.);
#1742=EDGE_CURVE('',#2091,#1950,#223,.T.);
#1743=EDGE_CURVE('',#2092,#1948,#224,.T.);
#1744=EDGE_CURVE('',#2092,#2090,#225,.T.);
#1745=EDGE_CURVE('',#2093,#1961,#226,.T.);
#1746=EDGE_CURVE('',#2093,#2092,#227,.T.);
#1747=EDGE_CURVE('',#2094,#1960,#228,.T.);
#1748=EDGE_CURVE('',#2094,#2093,#229,.T.);
#1749=EDGE_CURVE('',#2095,#1959,#230,.T.);
#1750=EDGE_CURVE('',#2095,#2094,#231,.T.);
#1751=EDGE_CURVE('',#2096,#1958,#232,.T.);
#1752=EDGE_CURVE('',#2096,#2095,#657,.T.);
#1753=EDGE_CURVE('',#2097,#1957,#233,.T.);
#1754=EDGE_CURVE('',#2097,#2096,#658,.T.);
#1755=EDGE_CURVE('',#2098,#1956,#234,.T.);
#1756=EDGE_CURVE('',#2098,#2097,#235,.T.);
#1757=EDGE_CURVE('',#2099,#1955,#236,.T.);
#1758=EDGE_CURVE('',#2099,#2098,#237,.T.);
#1759=EDGE_CURVE('',#2100,#1954,#238,.T.);
#1760=EDGE_CURVE('',#2100,#2099,#2225,.F.);
#1761=EDGE_CURVE('',#2101,#1953,#239,.T.);
#1762=EDGE_CURVE('',#2101,#2100,#659,.T.);
#1763=EDGE_CURVE('',#2102,#1952,#240,.T.);
#1764=EDGE_CURVE('',#2102,#2101,#241,.T.);
#1765=EDGE_CURVE('',#2103,#1951,#242,.T.);
#1766=EDGE_CURVE('',#2103,#2102,#243,.T.);
#1767=EDGE_CURVE('',#2091,#2103,#244,.T.);
#1768=EDGE_CURVE('',#2104,#1936,#245,.T.);
#1769=EDGE_CURVE('',#2104,#2105,#246,.T.);
#1770=EDGE_CURVE('',#2105,#1937,#247,.T.);
#1771=EDGE_CURVE('',#2106,#1935,#248,.T.);
#1772=EDGE_CURVE('',#2106,#2104,#249,.T.);
#1773=EDGE_CURVE('',#2107,#1947,#250,.T.);
#1774=EDGE_CURVE('',#2107,#2106,#251,.T.);
#1775=EDGE_CURVE('',#2108,#1946,#252,.T.);
#1776=EDGE_CURVE('',#2108,#2107,#253,.T.);
#1777=EDGE_CURVE('',#2109,#1945,#254,.T.);
#1778=EDGE_CURVE('',#2109,#2108,#255,.T.);
#1779=EDGE_CURVE('',#2110,#1944,#256,.T.);
#1780=EDGE_CURVE('',#2110,#2109,#257,.T.);
#1781=EDGE_CURVE('',#2111,#1943,#258,.T.);
#1782=EDGE_CURVE('',#2111,#2110,#259,.T.);
#1783=EDGE_CURVE('',#2112,#1942,#260,.T.);
#1784=EDGE_CURVE('',#2112,#2111,#261,.T.);
#1785=EDGE_CURVE('',#2113,#1941,#262,.T.);
#1786=EDGE_CURVE('',#2113,#2112,#263,.T.);
#1787=EDGE_CURVE('',#2114,#1940,#264,.T.);
#1788=EDGE_CURVE('',#2114,#2113,#265,.T.);
#1789=EDGE_CURVE('',#2115,#1939,#266,.T.);
#1790=EDGE_CURVE('',#2115,#2114,#267,.T.);
#1791=EDGE_CURVE('',#2116,#1938,#268,.T.);
#1792=EDGE_CURVE('',#2116,#2115,#269,.T.);
#1793=EDGE_CURVE('',#2105,#2116,#270,.T.);
#1794=EDGE_CURVE('',#2117,#1922,#271,.T.);
#1795=EDGE_CURVE('',#2117,#2118,#272,.T.);
#1796=EDGE_CURVE('',#2118,#1923,#273,.T.);
#1797=EDGE_CURVE('',#2119,#1921,#274,.T.);
#1798=EDGE_CURVE('',#2119,#2117,#275,.T.);
#1799=EDGE_CURVE('',#2120,#1934,#276,.T.);
#1800=EDGE_CURVE('',#2120,#2119,#277,.T.);
#1801=EDGE_CURVE('',#2121,#1933,#278,.T.);
#1802=EDGE_CURVE('',#2121,#2120,#279,.T.);
#1803=EDGE_CURVE('',#2122,#1932,#280,.T.);
#1804=EDGE_CURVE('',#2122,#2121,#281,.T.);
#1805=EDGE_CURVE('',#2123,#1931,#282,.T.);
#1806=EDGE_CURVE('',#2123,#2122,#660,.T.);
#1807=EDGE_CURVE('',#2124,#1930,#283,.T.);
#1808=EDGE_CURVE('',#2124,#2123,#661,.T.);
#1809=EDGE_CURVE('',#2125,#1929,#284,.T.);
#1810=EDGE_CURVE('',#2125,#2124,#285,.T.);
#1811=EDGE_CURVE('',#2126,#1928,#286,.T.);
#1812=EDGE_CURVE('',#2126,#2125,#287,.T.);
#1813=EDGE_CURVE('',#2127,#1927,#288,.T.);
#1814=EDGE_CURVE('',#2127,#2126,#2226,.F.);
#1815=EDGE_CURVE('',#2128,#1926,#289,.T.);
#1816=EDGE_CURVE('',#2128,#2127,#662,.T.);
#1817=EDGE_CURVE('',#2129,#1925,#290,.T.);
#1818=EDGE_CURVE('',#2129,#2128,#291,.T.);
#1819=EDGE_CURVE('',#2130,#1924,#292,.T.);
#1820=EDGE_CURVE('',#2130,#2129,#293,.T.);
#1821=EDGE_CURVE('',#2118,#2130,#294,.T.);
#1822=EDGE_CURVE('',#2131,#2132,#663,.T.);
#1823=EDGE_CURVE('',#2133,#2131,#295,.T.);
#1824=EDGE_CURVE('',#2133,#2134,#664,.T.);
#1825=EDGE_CURVE('',#2134,#2132,#296,.T.);
#1826=EDGE_CURVE('',#2135,#2131,#665,.T.);
#1827=EDGE_CURVE('',#2136,#2135,#297,.T.);
#1828=EDGE_CURVE('',#2136,#2133,#666,.T.);
#1829=EDGE_CURVE('',#2137,#2135,#667,.T.);
#1830=EDGE_CURVE('',#2138,#2137,#298,.T.);
#1831=EDGE_CURVE('',#2138,#2136,#668,.T.);
#1832=EDGE_CURVE('',#2139,#2137,#299,.T.);
#1833=EDGE_CURVE('',#2140,#2139,#300,.T.);
#1834=EDGE_CURVE('',#2140,#2138,#301,.T.);
#1835=EDGE_CURVE('',#2141,#2139,#302,.T.);
#1836=EDGE_CURVE('',#2142,#2141,#303,.T.);
#1837=EDGE_CURVE('',#2142,#2140,#304,.T.);
#1838=EDGE_CURVE('',#2143,#1996,#305,.T.);
#1839=EDGE_CURVE('',#2143,#2144,#669,.T.);
#1840=EDGE_CURVE('',#2144,#1997,#306,.T.);
#1841=EDGE_CURVE('',#2145,#1995,#307,.T.);
#1842=EDGE_CURVE('',#2145,#2143,#2227,.F.);
#1843=EDGE_CURVE('',#2146,#2010,#308,.T.);
#1844=EDGE_CURVE('',#2146,#2145,#670,.T.);
#1845=EDGE_CURVE('',#2147,#2009,#309,.T.);
#1846=EDGE_CURVE('',#2147,#2146,#310,.T.);
#1847=EDGE_CURVE('',#2148,#2008,#311,.T.);
#1848=EDGE_CURVE('',#2148,#2147,#671,.T.);
#1849=EDGE_CURVE('',#2149,#2007,#312,.T.);
#1850=EDGE_CURVE('',#2149,#2148,#672,.T.);
#1851=EDGE_CURVE('',#2150,#2006,#313,.T.);
#1852=EDGE_CURVE('',#2150,#2149,#673,.T.);
#1853=EDGE_CURVE('',#2151,#2005,#314,.T.);
#1854=EDGE_CURVE('',#2151,#2150,#315,.T.);
#1855=EDGE_CURVE('',#2152,#2004,#316,.T.);
#1856=EDGE_CURVE('',#2152,#2151,#317,.T.);
#1857=EDGE_CURVE('',#2153,#2003,#318,.T.);
#1858=EDGE_CURVE('',#2153,#2152,#674,.T.);
#1859=EDGE_CURVE('',#2154,#2002,#319,.T.);
#1860=EDGE_CURVE('',#2154,#2153,#675,.T.);
#1861=EDGE_CURVE('',#2155,#2001,#320,.T.);
#1862=EDGE_CURVE('',#2155,#2154,#676,.T.);
#1863=EDGE_CURVE('',#2156,#2000,#321,.T.);
#1864=EDGE_CURVE('',#2156,#2155,#677,.T.);
#1865=EDGE_CURVE('',#2157,#1999,#322,.T.);
#1866=EDGE_CURVE('',#2157,#2156,#678,.T.);
#1867=EDGE_CURVE('',#2158,#1998,#323,.T.);
#1868=EDGE_CURVE('',#2158,#2157,#324,.T.);
#1869=EDGE_CURVE('',#2144,#2158,#679,.T.);
#1870=EDGE_CURVE('',#2132,#2141,#680,.T.);
#1871=EDGE_CURVE('',#2134,#2142,#681,.T.);
#1872=EDGE_CURVE('',#2159,#2012,#325,.T.);
#1873=EDGE_CURVE('',#2159,#2160,#326,.T.);
#1874=EDGE_CURVE('',#2160,#2013,#327,.T.);
#1875=EDGE_CURVE('',#2161,#2011,#328,.T.);
#1876=EDGE_CURVE('',#2161,#2159,#329,.T.);
#1877=EDGE_CURVE('',#2162,#2023,#330,.T.);
#1878=EDGE_CURVE('',#2162,#2161,#682,.T.);
#1879=EDGE_CURVE('',#2163,#2022,#331,.T.);
#1880=EDGE_CURVE('',#2163,#2162,#683,.T.);
#1881=EDGE_CURVE('',#2164,#2021,#332,.T.);
#1882=EDGE_CURVE('',#2164,#2163,#684,.T.);
#1883=EDGE_CURVE('',#2165,#2020,#333,.T.);
#1884=EDGE_CURVE('',#2165,#2164,#685,.T.);
#1885=EDGE_CURVE('',#2166,#2019,#334,.T.);
#1886=EDGE_CURVE('',#2166,#2165,#335,.T.);
#1887=EDGE_CURVE('',#2167,#2018,#336,.T.);
#1888=EDGE_CURVE('',#2167,#2166,#686,.T.);
#1889=EDGE_CURVE('',#2168,#2017,#337,.T.);
#1890=EDGE_CURVE('',#2168,#2167,#687,.T.);
#1891=EDGE_CURVE('',#2169,#2016,#338,.T.);
#1892=EDGE_CURVE('',#2169,#2168,#688,.T.);
#1893=EDGE_CURVE('',#2170,#2015,#339,.T.);
#1894=EDGE_CURVE('',#2170,#2169,#2228,.F.);
#1895=EDGE_CURVE('',#2171,#2014,#340,.T.);
#1896=EDGE_CURVE('',#2171,#2170,#689,.T.);
#1897=EDGE_CURVE('',#2160,#2171,#341,.T.);
#1898=EDGE_CURVE('',#2172,#2172,#2229,.F.);
#1899=EDGE_CURVE('',#2173,#2173,#2230,.F.);
#1900=EDGE_CURVE('',#2174,#2174,#2231,.F.);
#1901=EDGE_CURVE('',#2175,#2175,#2232,.T.);
#1902=EDGE_CURVE('',#2176,#2176,#690,.F.);
#1903=EDGE_CURVE('',#2177,#2177,#2233,.F.);
#1904=EDGE_CURVE('',#2178,#2178,#2234,.F.);
#1905=EDGE_CURVE('',#2179,#2179,#2235,.F.);
#1906=VERTEX_POINT('',#3570);
#1907=VERTEX_POINT('',#3572);
#1908=VERTEX_POINT('',#3573);
#1909=VERTEX_POINT('',#3587);
#1910=VERTEX_POINT('',#3588);
#1911=VERTEX_POINT('',#3590);
#1912=VERTEX_POINT('',#3592);
#1913=VERTEX_POINT('',#3594);
#1914=VERTEX_POINT('',#3596);
#1915=VERTEX_POINT('',#3598);
#1916=VERTEX_POINT('',#3600);
#1917=VERTEX_POINT('',#3602);
#1918=VERTEX_POINT('',#3604);
#1919=VERTEX_POINT('',#3606);
#1920=VERTEX_POINT('',#3608);
#1921=VERTEX_POINT('',#3611);
#1922=VERTEX_POINT('',#3612);
#1923=VERTEX_POINT('',#3614);
#1924=VERTEX_POINT('',#3616);
#1925=VERTEX_POINT('',#3618);
#1926=VERTEX_POINT('',#3620);
#1927=VERTEX_POINT('',#3624);
#1928=VERTEX_POINT('',#3626);
#1929=VERTEX_POINT('',#3628);
#1930=VERTEX_POINT('',#3630);
#1931=VERTEX_POINT('',#3634);
#1932=VERTEX_POINT('',#3638);
#1933=VERTEX_POINT('',#3640);
#1934=VERTEX_POINT('',#3642);
#1935=VERTEX_POINT('',#3645);
#1936=VERTEX_POINT('',#3646);
#1937=VERTEX_POINT('',#3648);
#1938=VERTEX_POINT('',#3650);
#1939=VERTEX_POINT('',#3652);
#1940=VERTEX_POINT('',#3654);
#1941=VERTEX_POINT('',#3656);
#1942=VERTEX_POINT('',#3658);
#1943=VERTEX_POINT('',#3660);
#1944=VERTEX_POINT('',#3662);
#1945=VERTEX_POINT('',#3664);
#1946=VERTEX_POINT('',#3666);
#1947=VERTEX_POINT('',#3668);
#1948=VERTEX_POINT('',#3671);
#1949=VERTEX_POINT('',#3672);
#1950=VERTEX_POINT('',#3674);
#1951=VERTEX_POINT('',#3676);
#1952=VERTEX_POINT('',#3678);
#1953=VERTEX_POINT('',#3680);
#1954=VERTEX_POINT('',#3684);
#1955=VERTEX_POINT('',#3686);
#1956=VERTEX_POINT('',#3688);
#1957=VERTEX_POINT('',#3690);
#1958=VERTEX_POINT('',#3694);
#1959=VERTEX_POINT('',#3698);
#1960=VERTEX_POINT('',#3700);
#1961=VERTEX_POINT('',#3702);
#1962=VERTEX_POINT('',#3705);
#1963=VERTEX_POINT('',#3706);
#1964=VERTEX_POINT('',#3710);
#1965=VERTEX_POINT('',#3712);
#1966=VERTEX_POINT('',#3716);
#1967=VERTEX_POINT('',#3720);
#1968=VERTEX_POINT('',#3724);
#1969=VERTEX_POINT('',#3726);
#1970=VERTEX_POINT('',#3730);
#1971=VERTEX_POINT('',#3734);
#1972=VERTEX_POINT('',#3738);
#1973=VERTEX_POINT('',#3743);
#1974=VERTEX_POINT('',#3744);
#1975=VERTEX_POINT('',#3746);
#1976=VERTEX_POINT('',#3748);
#1977=VERTEX_POINT('',#3751);
#1978=VERTEX_POINT('',#3752);
#1979=VERTEX_POINT('',#3754);
#1980=VERTEX_POINT('',#3756);
#1981=VERTEX_POINT('',#3758);
#1982=VERTEX_POINT('',#3760);
#1983=VERTEX_POINT('',#3762);
#1984=VERTEX_POINT('',#3764);
#1985=VERTEX_POINT('',#3766);
#1986=VERTEX_POINT('',#3768);
#1987=VERTEX_POINT('',#3770);
#1988=VERTEX_POINT('',#3772);
#1989=VERTEX_POINT('',#3774);
#1990=VERTEX_POINT('',#3776);
#1991=VERTEX_POINT('',#3778);
#1992=VERTEX_POINT('',#3780);
#1993=VERTEX_POINT('',#3782);
#1994=VERTEX_POINT('',#3784);
#1995=VERTEX_POINT('',#3787);
#1996=VERTEX_POINT('',#3788);
#1997=VERTEX_POINT('',#3792);
#1998=VERTEX_POINT('',#3796);
#1999=VERTEX_POINT('',#3798);
#2000=VERTEX_POINT('',#3802);
#2001=VERTEX_POINT('',#3806);
#2002=VERTEX_POINT('',#3810);
#2003=VERTEX_POINT('',#3814);
#2004=VERTEX_POINT('',#3818);
#2005=VERTEX_POINT('',#3820);
#2006=VERTEX_POINT('',#3822);
#2007=VERTEX_POINT('',#3826);
#2008=VERTEX_POINT('',#3830);
#2009=VERTEX_POINT('',#3834);
#2010=VERTEX_POINT('',#3836);
#2011=VERTEX_POINT('',#3841);
#2012=VERTEX_POINT('',#3842);
#2013=VERTEX_POINT('',#3844);
#2014=VERTEX_POINT('',#3846);
#2015=VERTEX_POINT('',#3850);
#2016=VERTEX_POINT('',#3852);
#2017=VERTEX_POINT('',#3856);
#2018=VERTEX_POINT('',#3860);
#2019=VERTEX_POINT('',#3864);
#2020=VERTEX_POINT('',#3866);
#2021=VERTEX_POINT('',#3870);
#2022=VERTEX_POINT('',#3874);
#2023=VERTEX_POINT('',#3878);
#2024=VERTEX_POINT('',#3883);
#2025=VERTEX_POINT('',#3885);
#2026=VERTEX_POINT('',#3888);
#2027=VERTEX_POINT('',#3890);
#2028=VERTEX_POINT('',#3893);
#2029=VERTEX_POINT('',#3895);
#2030=VERTEX_POINT('',#3899);
#2031=VERTEX_POINT('',#3900);
#2032=VERTEX_POINT('',#3905);
#2033=VERTEX_POINT('',#3907);
#2034=VERTEX_POINT('',#3911);
#2035=VERTEX_POINT('',#3912);
#2036=VERTEX_POINT('',#3917);
#2037=VERTEX_POINT('',#3918);
#2038=VERTEX_POINT('',#3923);
#2039=VERTEX_POINT('',#3924);
#2040=VERTEX_POINT('',#3929);
#2041=VERTEX_POINT('',#3930);
#2042=VERTEX_POINT('',#3935);
#2043=VERTEX_POINT('',#3937);
#2044=VERTEX_POINT('',#3941);
#2045=VERTEX_POINT('',#3945);
#2046=VERTEX_POINT('',#3949);
#2047=VERTEX_POINT('',#3953);
#2048=VERTEX_POINT('',#3957);
#2049=VERTEX_POINT('',#3961);
#2050=VERTEX_POINT('',#3965);
#2051=VERTEX_POINT('',#3967);
#2052=VERTEX_POINT('',#3971);
#2053=VERTEX_POINT('',#3973);
#2054=VERTEX_POINT('',#3977);
#2055=VERTEX_POINT('',#3979);
#2056=VERTEX_POINT('',#3983);
#2057=VERTEX_POINT('',#3984);
#2058=VERTEX_POINT('',#3989);
#2059=VERTEX_POINT('',#3993);
#2060=VERTEX_POINT('',#4001);
#2061=VERTEX_POINT('',#4003);
#2062=VERTEX_POINT('',#4017);
#2063=VERTEX_POINT('',#4051);
#2064=VERTEX_POINT('',#4052);
#2065=VERTEX_POINT('',#4054);
#2066=VERTEX_POINT('',#4058);
#2067=VERTEX_POINT('',#4071);
#2068=VERTEX_POINT('',#4073);
#2069=VERTEX_POINT('',#4088);
#2070=VERTEX_POINT('',#4090);
#2071=VERTEX_POINT('',#4105);
#2072=VERTEX_POINT('',#4107);
#2073=VERTEX_POINT('',#4122);
#2074=VERTEX_POINT('',#4124);
#2075=VERTEX_POINT('',#4139);
#2076=VERTEX_POINT('',#4141);
#2077=VERTEX_POINT('',#4156);
#2078=VERTEX_POINT('',#4158);
#2079=VERTEX_POINT('',#4171);
#2080=VERTEX_POINT('',#4175);
#2081=VERTEX_POINT('',#4179);
#2082=VERTEX_POINT('',#4190);
#2083=VERTEX_POINT('',#4203);
#2084=VERTEX_POINT('',#4216);
#2085=VERTEX_POINT('',#4229);
#2086=VERTEX_POINT('',#4235);
#2087=VERTEX_POINT('',#4246);
#2088=VERTEX_POINT('',#4259);
#2089=VERTEX_POINT('',#4272);
#2090=VERTEX_POINT('',#4295);
#2091=VERTEX_POINT('',#4297);
#2092=VERTEX_POINT('',#4301);
#2093=VERTEX_POINT('',#4305);
#2094=VERTEX_POINT('',#4309);
#2095=VERTEX_POINT('',#4313);
#2096=VERTEX_POINT('',#4324);
#2097=VERTEX_POINT('',#4337);
#2098=VERTEX_POINT('',#4343);
#2099=VERTEX_POINT('',#4347);
#2100=VERTEX_POINT('',#4351);
#2101=VERTEX_POINT('',#4362);
#2102=VERTEX_POINT('',#4368);
#2103=VERTEX_POINT('',#4372);
#2104=VERTEX_POINT('',#4379);
#2105=VERTEX_POINT('',#4381);
#2106=VERTEX_POINT('',#4385);
#2107=VERTEX_POINT('',#4389);
#2108=VERTEX_POINT('',#4393);
#2109=VERTEX_POINT('',#4397);
#2110=VERTEX_POINT('',#4401);
#2111=VERTEX_POINT('',#4405);
#2112=VERTEX_POINT('',#4409);
#2113=VERTEX_POINT('',#4413);
#2114=VERTEX_POINT('',#4417);
#2115=VERTEX_POINT('',#4421);
#2116=VERTEX_POINT('',#4425);
#2117=VERTEX_POINT('',#4432);
#2118=VERTEX_POINT('',#4434);
#2119=VERTEX_POINT('',#4438);
#2120=VERTEX_POINT('',#4442);
#2121=VERTEX_POINT('',#4446);
#2122=VERTEX_POINT('',#4450);
#2123=VERTEX_POINT('',#4461);
#2124=VERTEX_POINT('',#4474);
#2125=VERTEX_POINT('',#4480);
#2126=VERTEX_POINT('',#4484);
#2127=VERTEX_POINT('',#4488);
#2128=VERTEX_POINT('',#4499);
#2129=VERTEX_POINT('',#4505);
#2130=VERTEX_POINT('',#4509);
#2131=VERTEX_POINT('',#4525);
#2132=VERTEX_POINT('',#4526);
#2133=VERTEX_POINT('',#4528);
#2134=VERTEX_POINT('',#4532);
#2135=VERTEX_POINT('',#4545);
#2136=VERTEX_POINT('',#4547);
#2137=VERTEX_POINT('',#4562);
#2138=VERTEX_POINT('',#4564);
#2139=VERTEX_POINT('',#4570);
#2140=VERTEX_POINT('',#4572);
#2141=VERTEX_POINT('',#4576);
#2142=VERTEX_POINT('',#4578);
#2143=VERTEX_POINT('',#4589);
#2144=VERTEX_POINT('',#4593);
#2145=VERTEX_POINT('',#4597);
#2146=VERTEX_POINT('',#4608);
#2147=VERTEX_POINT('',#4614);
#2148=VERTEX_POINT('',#4625);
#2149=VERTEX_POINT('',#4638);
#2150=VERTEX_POINT('',#4651);
#2151=VERTEX_POINT('',#4657);
#2152=VERTEX_POINT('',#4661);
#2153=VERTEX_POINT('',#4672);
#2154=VERTEX_POINT('',#4685);
#2155=VERTEX_POINT('',#4698);
#2156=VERTEX_POINT('',#4711);
#2157=VERTEX_POINT('',#4724);
#2158=VERTEX_POINT('',#4730);
#2159=VERTEX_POINT('',#4760);
#2160=VERTEX_POINT('',#4762);
#2161=VERTEX_POINT('',#4766);
#2162=VERTEX_POINT('',#4777);
#2163=VERTEX_POINT('',#4790);
#2164=VERTEX_POINT('',#4803);
#2165=VERTEX_POINT('',#4816);
#2166=VERTEX_POINT('',#4822);
#2167=VERTEX_POINT('',#4833);
#2168=VERTEX_POINT('',#4846);
#2169=VERTEX_POINT('',#4859);
#2170=VERTEX_POINT('',#4865);
#2171=VERTEX_POINT('',#4876);
#2172=VERTEX_POINT('',#4887);
#2173=VERTEX_POINT('',#4890);
#2174=VERTEX_POINT('',#4893);
#2175=VERTEX_POINT('',#4896);
#2176=VERTEX_POINT('',#5061);
#2177=VERTEX_POINT('',#5064);
#2178=VERTEX_POINT('',#5066);
#2179=VERTEX_POINT('',#5070);
#2180=CIRCLE('',#2831,0.0016);
#2181=CIRCLE('',#2832,0.015);
#2182=CIRCLE('',#2834,0.001);
#2183=CIRCLE('',#2835,0.015);
#2184=CIRCLE('',#2836,0.001);
#2185=CIRCLE('',#2837,0.003);
#2186=CIRCLE('',#2838,0.003);
#2187=CIRCLE('',#2839,0.003);
#2188=CIRCLE('',#2840,0.003);
#2189=CIRCLE('',#2841,0.00163350687672355);
#2190=CIRCLE('',#2842,0.00163350687672353);
#2191=CIRCLE('',#2843,0.00164565888912358);
#2192=CIRCLE('',#2844,0.005);
#2193=CIRCLE('',#2845,0.005);
#2194=CIRCLE('',#2846,0.005);
#2195=CIRCLE('',#2847,0.012);
#2196=CIRCLE('',#2848,0.005);
#2197=CIRCLE('',#2849,0.017);
#2198=CIRCLE('',#2850,0.005);
#2199=CIRCLE('',#2851,0.0222);
#2200=CIRCLE('',#2852,0.0222);
#2201=CIRCLE('',#2853,0.012);
#2202=CIRCLE('',#2854,0.00209666665516217);
#2203=CIRCLE('',#2855,0.0015126617334664);
#2204=CIRCLE('',#2856,0.0031);
#2205=CIRCLE('',#2857,0.0031);
#2206=CIRCLE('',#2859,0.015);
#2207=CIRCLE('',#2860,0.015);
#2208=CIRCLE('',#2867,0.017);
#2209=CIRCLE('',#2869,0.0222);
#2210=CIRCLE('',#2872,0.0222);
#2211=CIRCLE('',#2875,0.012);
#2212=CIRCLE('',#2885,0.012);
#2213=CIRCLE('',#2889,0.005);
#2214=CIRCLE('',#2890,0.005);
#2215=CIRCLE('',#2891,0.005);
#2216=CIRCLE('',#2892,0.005);
#2217=CIRCLE('',#2893,0.005);
#2218=CIRCLE('',#2894,0.001);
#2219=CIRCLE('',#2895,0.003);
#2220=CIRCLE('',#2896,0.003);
#2221=CIRCLE('',#2897,0.003);
#2222=CIRCLE('',#2898,0.003);
#2223=CIRCLE('',#2899,0.001);
#2224=CIRCLE('',#2903,0.00164565888912358);
#2225=CIRCLE('',#2913,0.00163350687672353);
#2226=CIRCLE('',#2940,0.00163350687672355);
#2227=CIRCLE('',#2948,0.00209666665516217);
#2228=CIRCLE('',#2958,0.0015126617334664);
#2229=CIRCLE('',#2964,0.0031);
#2230=CIRCLE('',#2966,0.0031);
#2231=CIRCLE('',#2968,0.0016);
#2232=CIRCLE('',#2970,0.00309989862478601);
#2233=CIRCLE('',#2973,0.0016);
#2234=CIRCLE('',#2974,0.0016);
#2235=CIRCLE('',#2977,0.00309989862478602);
#2236=EDGE_LOOP('',(#691));
#2237=EDGE_LOOP('',(#692,#693));
#2238=EDGE_LOOP('',(#694,#695,#696,#697,#698,#699,#700,#701,#702,#703,#704,
#705));
#2239=EDGE_LOOP('',(#706,#707,#708,#709,#710,#711,#712,#713,#714,#715,#716,
#717,#718,#719));
#2240=EDGE_LOOP('',(#720,#721,#722,#723,#724,#725,#726,#727,#728,#729,#730,
#731,#732));
#2241=EDGE_LOOP('',(#733,#734,#735,#736,#737,#738,#739,#740,#741,#742,#743,
#744,#745,#746));
#2242=EDGE_LOOP('',(#747,#748,#749,#750,#751,#752,#753,#754,#755,#756,#757));
#2243=EDGE_LOOP('',(#758,#759,#760,#761));
#2244=EDGE_LOOP('',(#762,#763,#764,#765,#766,#767,#768,#769,#770,#771,#772,
#773,#774,#775,#776,#777,#778,#779));
#2245=EDGE_LOOP('',(#780,#781,#782,#783,#784,#785,#786,#787,#788,#789,#790,
#791,#792,#793,#794,#795));
#2246=EDGE_LOOP('',(#796,#797,#798,#799,#800,#801,#802,#803,#804,#805,#806,
#807,#808));
#2247=EDGE_LOOP('',(#809));
#2248=EDGE_LOOP('',(#810));
#2249=EDGE_LOOP('',(#811,#812,#813,#814,#815,#816,#817,#818));
#2250=EDGE_LOOP('',(#819,#820,#821,#822));
#2251=EDGE_LOOP('',(#823,#824,#825,#826));
#2252=EDGE_LOOP('',(#827,#828,#829,#830));
#2253=EDGE_LOOP('',(#831,#832,#833,#834));
#2254=EDGE_LOOP('',(#835,#836,#837,#838));
#2255=EDGE_LOOP('',(#839,#840,#841,#842));
#2256=EDGE_LOOP('',(#843,#844,#845,#846));
#2257=EDGE_LOOP('',(#847,#848,#849,#850));
#2258=EDGE_LOOP('',(#851,#852,#853,#854));
#2259=EDGE_LOOP('',(#855,#856,#857,#858));
#2260=EDGE_LOOP('',(#859,#860,#861,#862));
#2261=EDGE_LOOP('',(#863,#864,#865,#866));
#2262=EDGE_LOOP('',(#867,#868,#869,#870));
#2263=EDGE_LOOP('',(#871,#872,#873,#874));
#2264=EDGE_LOOP('',(#875,#876,#877,#878));
#2265=EDGE_LOOP('',(#879,#880,#881,#882));
#2266=EDGE_LOOP('',(#883,#884,#885,#886));
#2267=EDGE_LOOP('',(#887,#888,#889,#890));
#2268=EDGE_LOOP('',(#891,#892,#893,#894));
#2269=EDGE_LOOP('',(#895,#896,#897,#898));
#2270=EDGE_LOOP('',(#899,#900,#901,#902));
#2271=EDGE_LOOP('',(#903,#904,#905,#906));
#2272=EDGE_LOOP('',(#907));
#2273=EDGE_LOOP('',(#908,#909,#910,#911));
#2274=EDGE_LOOP('',(#912,#913,#914,#915,#916,#917,#918,#919,#920,#921,#922,
#923,#924,#925,#926,#927,#928,#929));
#2275=EDGE_LOOP('',(#930,#931,#932,#933,#934,#935,#936,#937,#938,#939,#940,
#941,#942,#943));
#2276=EDGE_LOOP('',(#944,#945,#946,#947));
#2277=EDGE_LOOP('',(#948,#949,#950,#951));
#2278=EDGE_LOOP('',(#952,#953,#954,#955));
#2279=EDGE_LOOP('',(#956,#957,#958,#959));
#2280=EDGE_LOOP('',(#960,#961,#962,#963));
#2281=EDGE_LOOP('',(#964,#965,#966,#967));
#2282=EDGE_LOOP('',(#968,#969,#970,#971));
#2283=EDGE_LOOP('',(#972,#973,#974,#975));
#2284=EDGE_LOOP('',(#976,#977,#978,#979));
#2285=EDGE_LOOP('',(#980,#981,#982,#983));
#2286=EDGE_LOOP('',(#984,#985,#986,#987));
#2287=EDGE_LOOP('',(#988,#989,#990,#991));
#2288=EDGE_LOOP('',(#992,#993,#994,#995));
#2289=EDGE_LOOP('',(#996,#997,#998,#999));
#2290=EDGE_LOOP('',(#1000,#1001,#1002,#1003));
#2291=EDGE_LOOP('',(#1004,#1005,#1006,#1007));
#2292=EDGE_LOOP('',(#1008,#1009,#1010,#1011));
#2293=EDGE_LOOP('',(#1012,#1013,#1014,#1015));
#2294=EDGE_LOOP('',(#1016,#1017,#1018,#1019));
#2295=EDGE_LOOP('',(#1020,#1021,#1022,#1023,#1024,#1025,#1026,#1027,#1028,
#1029,#1030));
#2296=EDGE_LOOP('',(#1031,#1032,#1033,#1034,#1035,#1036,#1037,#1038));
#2297=EDGE_LOOP('',(#1039,#1040,#1041,#1042));
#2298=EDGE_LOOP('',(#1043,#1044,#1045,#1046));
#2299=EDGE_LOOP('',(#1047,#1048,#1049,#1050));
#2300=EDGE_LOOP('',(#1051,#1052,#1053,#1054));
#2301=EDGE_LOOP('',(#1055,#1056,#1057,#1058));
#2302=EDGE_LOOP('',(#1059,#1060,#1061,#1062));
#2303=EDGE_LOOP('',(#1063,#1064,#1065,#1066));
#2304=EDGE_LOOP('',(#1067,#1068,#1069,#1070));
#2305=EDGE_LOOP('',(#1071,#1072,#1073,#1074));
#2306=EDGE_LOOP('',(#1075,#1076,#1077,#1078));
#2307=EDGE_LOOP('',(#1079,#1080,#1081,#1082));
#2308=EDGE_LOOP('',(#1083,#1084,#1085,#1086));
#2309=EDGE_LOOP('',(#1087,#1088,#1089,#1090));
#2310=EDGE_LOOP('',(#1091,#1092,#1093,#1094));
#2311=EDGE_LOOP('',(#1095,#1096,#1097,#1098,#1099,#1100,#1101,#1102,#1103,
#1104,#1105,#1106,#1107,#1108));
#2312=EDGE_LOOP('',(#1109,#1110,#1111,#1112));
#2313=EDGE_LOOP('',(#1113,#1114,#1115,#1116));
#2314=EDGE_LOOP('',(#1117,#1118,#1119,#1120));
#2315=EDGE_LOOP('',(#1121,#1122,#1123,#1124));
#2316=EDGE_LOOP('',(#1125,#1126,#1127,#1128));
#2317=EDGE_LOOP('',(#1129,#1130,#1131,#1132));
#2318=EDGE_LOOP('',(#1133,#1134,#1135,#1136));
#2319=EDGE_LOOP('',(#1137,#1138,#1139,#1140));
#2320=EDGE_LOOP('',(#1141,#1142,#1143,#1144));
#2321=EDGE_LOOP('',(#1145,#1146,#1147,#1148));
#2322=EDGE_LOOP('',(#1149,#1150,#1151,#1152));
#2323=EDGE_LOOP('',(#1153,#1154,#1155,#1156));
#2324=EDGE_LOOP('',(#1157,#1158,#1159,#1160));
#2325=EDGE_LOOP('',(#1161,#1162,#1163,#1164,#1165,#1166,#1167,#1168,#1169,
#1170,#1171,#1172,#1173));
#2326=EDGE_LOOP('',(#1174,#1175,#1176,#1177));
#2327=EDGE_LOOP('',(#1178,#1179,#1180,#1181));
#2328=EDGE_LOOP('',(#1182,#1183,#1184,#1185));
#2329=EDGE_LOOP('',(#1186,#1187,#1188,#1189));
#2330=EDGE_LOOP('',(#1190,#1191,#1192,#1193));
#2331=EDGE_LOOP('',(#1194,#1195,#1196,#1197));
#2332=EDGE_LOOP('',(#1198,#1199,#1200,#1201));
#2333=EDGE_LOOP('',(#1202,#1203,#1204,#1205));
#2334=EDGE_LOOP('',(#1206,#1207,#1208,#1209));
#2335=EDGE_LOOP('',(#1210,#1211,#1212,#1213));
#2336=EDGE_LOOP('',(#1214,#1215,#1216,#1217));
#2337=EDGE_LOOP('',(#1218,#1219,#1220,#1221));
#2338=EDGE_LOOP('',(#1222,#1223,#1224,#1225));
#2339=EDGE_LOOP('',(#1226,#1227,#1228,#1229));
#2340=EDGE_LOOP('',(#1230,#1231,#1232,#1233,#1234,#1235,#1236,#1237,#1238,
#1239,#1240,#1241,#1242,#1243));
#2341=EDGE_LOOP('',(#1244,#1245,#1246,#1247));
#2342=EDGE_LOOP('',(#1248,#1249,#1250,#1251));
#2343=EDGE_LOOP('',(#1252,#1253,#1254,#1255));
#2344=EDGE_LOOP('',(#1256,#1257,#1258,#1259));
#2345=EDGE_LOOP('',(#1260,#1261,#1262,#1263));
#2346=EDGE_LOOP('',(#1264,#1265,#1266,#1267));
#2347=EDGE_LOOP('',(#1268,#1269,#1270,#1271));
#2348=EDGE_LOOP('',(#1272,#1273,#1274,#1275));
#2349=EDGE_LOOP('',(#1276,#1277,#1278,#1279));
#2350=EDGE_LOOP('',(#1280,#1281,#1282,#1283));
#2351=EDGE_LOOP('',(#1284,#1285,#1286,#1287));
#2352=EDGE_LOOP('',(#1288,#1289,#1290,#1291));
#2353=EDGE_LOOP('',(#1292,#1293,#1294,#1295));
#2354=EDGE_LOOP('',(#1296,#1297,#1298,#1299));
#2355=EDGE_LOOP('',(#1300,#1301,#1302,#1303));
#2356=EDGE_LOOP('',(#1304,#1305,#1306,#1307));
#2357=EDGE_LOOP('',(#1308,#1309,#1310,#1311));
#2358=EDGE_LOOP('',(#1312,#1313,#1314,#1315));
#2359=EDGE_LOOP('',(#1316,#1317,#1318,#1319));
#2360=EDGE_LOOP('',(#1320,#1321,#1322,#1323));
#2361=EDGE_LOOP('',(#1324,#1325,#1326,#1327));
#2362=EDGE_LOOP('',(#1328,#1329,#1330,#1331));
#2363=EDGE_LOOP('',(#1332,#1333,#1334,#1335,#1336,#1337,#1338,#1339,#1340,
#1341,#1342,#1343,#1344,#1345,#1346,#1347));
#2364=EDGE_LOOP('',(#1348,#1349,#1350,#1351,#1352,#1353));
#2365=EDGE_LOOP('',(#1354,#1355,#1356,#1357));
#2366=EDGE_LOOP('',(#1358,#1359,#1360,#1361));
#2367=EDGE_LOOP('',(#1362,#1363,#1364,#1365));
#2368=EDGE_LOOP('',(#1366,#1367,#1368,#1369));
#2369=EDGE_LOOP('',(#1370,#1371,#1372,#1373));
#2370=EDGE_LOOP('',(#1374,#1375,#1376,#1377));
#2371=EDGE_LOOP('',(#1378,#1379,#1380,#1381));
#2372=EDGE_LOOP('',(#1382,#1383,#1384,#1385));
#2373=EDGE_LOOP('',(#1386,#1387,#1388,#1389));
#2374=EDGE_LOOP('',(#1390,#1391,#1392,#1393));
#2375=EDGE_LOOP('',(#1394,#1395,#1396,#1397));
#2376=EDGE_LOOP('',(#1398,#1399,#1400,#1401));
#2377=EDGE_LOOP('',(#1402,#1403,#1404,#1405));
#2378=EDGE_LOOP('',(#1406,#1407,#1408,#1409,#1410,#1411,#1412,#1413,#1414,
#1415,#1416,#1417,#1418));
#2379=EDGE_LOOP('',(#1419,#1420,#1421,#1422,#1423,#1424,#1425,#1426));
#2380=EDGE_LOOP('',(#1427,#1428,#1429,#1430,#1431,#1432));
#2381=EDGE_LOOP('',(#1433));
#2382=EDGE_LOOP('',(#1434));
#2383=EDGE_LOOP('',(#1435));
#2384=EDGE_LOOP('',(#1436));
#2385=EDGE_LOOP('',(#1437));
#2386=EDGE_LOOP('',(#1438));
#2387=EDGE_LOOP('',(#1439));
#2388=EDGE_LOOP('',(#1440));
#2389=EDGE_LOOP('',(#1441));
#2390=EDGE_LOOP('',(#1442));
#2391=EDGE_LOOP('',(#1443,#1444,#1445,#1446));
#2392=EDGE_LOOP('',(#1447));
#2393=EDGE_LOOP('',(#1448));
#2394=EDGE_LOOP('',(#1449));
#2395=EDGE_LOOP('',(#1450));
#2396=EDGE_LOOP('',(#1451));
#2397=EDGE_LOOP('',(#1452));
#2398=EDGE_LOOP('',(#1453));
#2399=EDGE_LOOP('',(#1454));
#2400=EDGE_LOOP('',(#1455));
#2401=EDGE_LOOP('',(#1456));
#2402=EDGE_LOOP('',(#1457,#1458,#1459,#1460));
#2403=EDGE_LOOP('',(#1461,#1462,#1463,#1464));
#2404=EDGE_LOOP('',(#1465,#1466,#1467,#1468));
#2405=EDGE_LOOP('',(#1469,#1470,#1471,#1472));
#2406=EDGE_LOOP('',(#1473,#1474,#1475,#1476));
#2407=EDGE_LOOP('',(#1477,#1478,#1479,#1480));
#2408=EDGE_LOOP('',(#1481,#1482,#1483,#1484));
#2409=EDGE_LOOP('',(#1485,#1486,#1487,#1488));
#2410=EDGE_LOOP('',(#1489,#1490,#1491,#1492));
#2411=EDGE_LOOP('',(#1493,#1494,#1495,#1496));
#2412=EDGE_LOOP('',(#1497,#1498,#1499,#1500));
#2413=FACE_BOUND('',#2236,.T.);
#2414=FACE_BOUND('',#2237,.T.);
#2415=FACE_BOUND('',#2238,.T.);
#2416=FACE_BOUND('',#2239,.T.);
#2417=FACE_BOUND('',#2240,.T.);
#2418=FACE_BOUND('',#2241,.T.);
#2419=FACE_BOUND('',#2242,.T.);
#2420=FACE_BOUND('',#2243,.T.);
#2421=FACE_BOUND('',#2244,.T.);
#2422=FACE_BOUND('',#2245,.T.);
#2423=FACE_BOUND('',#2246,.T.);
#2424=FACE_BOUND('',#2247,.T.);
#2425=FACE_BOUND('',#2248,.T.);
#2426=FACE_BOUND('',#2249,.T.);
#2427=FACE_BOUND('',#2250,.T.);
#2428=FACE_BOUND('',#2251,.T.);
#2429=FACE_BOUND('',#2252,.T.);
#2430=FACE_BOUND('',#2253,.T.);
#2431=FACE_BOUND('',#2254,.T.);
#2432=FACE_BOUND('',#2255,.T.);
#2433=FACE_BOUND('',#2256,.T.);
#2434=FACE_BOUND('',#2257,.T.);
#2435=FACE_BOUND('',#2258,.T.);
#2436=FACE_BOUND('',#2259,.T.);
#2437=FACE_BOUND('',#2260,.T.);
#2438=FACE_BOUND('',#2261,.T.);
#2439=FACE_BOUND('',#2262,.T.);
#2440=FACE_BOUND('',#2263,.T.);
#2441=FACE_BOUND('',#2264,.T.);
#2442=FACE_BOUND('',#2265,.T.);
#2443=FACE_BOUND('',#2266,.T.);
#2444=FACE_BOUND('',#2267,.T.);
#2445=FACE_BOUND('',#2268,.T.);
#2446=FACE_BOUND('',#2269,.T.);
#2447=FACE_BOUND('',#2270,.T.);
#2448=FACE_BOUND('',#2271,.T.);
#2449=FACE_BOUND('',#2272,.T.);
#2450=FACE_BOUND('',#2273,.T.);
#2451=FACE_BOUND('',#2274,.T.);
#2452=FACE_BOUND('',#2275,.T.);
#2453=FACE_BOUND('',#2276,.T.);
#2454=FACE_BOUND('',#2277,.T.);
#2455=FACE_BOUND('',#2278,.T.);
#2456=FACE_BOUND('',#2279,.T.);
#2457=FACE_BOUND('',#2280,.T.);
#2458=FACE_BOUND('',#2281,.T.);
#2459=FACE_BOUND('',#2282,.T.);
#2460=FACE_BOUND('',#2283,.T.);
#2461=FACE_BOUND('',#2284,.T.);
#2462=FACE_BOUND('',#2285,.T.);
#2463=FACE_BOUND('',#2286,.T.);
#2464=FACE_BOUND('',#2287,.T.);
#2465=FACE_BOUND('',#2288,.T.);
#2466=FACE_BOUND('',#2289,.T.);
#2467=FACE_BOUND('',#2290,.T.);
#2468=FACE_BOUND('',#2291,.T.);
#2469=FACE_BOUND('',#2292,.T.);
#2470=FACE_BOUND('',#2293,.T.);
#2471=FACE_BOUND('',#2294,.T.);
#2472=FACE_BOUND('',#2295,.T.);
#2473=FACE_BOUND('',#2296,.T.);
#2474=FACE_BOUND('',#2297,.T.);
#2475=FACE_BOUND('',#2298,.T.);
#2476=FACE_BOUND('',#2299,.T.);
#2477=FACE_BOUND('',#2300,.T.);
#2478=FACE_BOUND('',#2301,.T.);
#2479=FACE_BOUND('',#2302,.T.);
#2480=FACE_BOUND('',#2303,.T.);
#2481=FACE_BOUND('',#2304,.T.);
#2482=FACE_BOUND('',#2305,.T.);
#2483=FACE_BOUND('',#2306,.T.);
#2484=FACE_BOUND('',#2307,.T.);
#2485=FACE_BOUND('',#2308,.T.);
#2486=FACE_BOUND('',#2309,.T.);
#2487=FACE_BOUND('',#2310,.T.);
#2488=FACE_BOUND('',#2311,.T.);
#2489=FACE_BOUND('',#2312,.T.);
#2490=FACE_BOUND('',#2313,.T.);
#2491=FACE_BOUND('',#2314,.T.);
#2492=FACE_BOUND('',#2315,.T.);
#2493=FACE_BOUND('',#2316,.T.);
#2494=FACE_BOUND('',#2317,.T.);
#2495=FACE_BOUND('',#2318,.T.);
#2496=FACE_BOUND('',#2319,.T.);
#2497=FACE_BOUND('',#2320,.T.);
#2498=FACE_BOUND('',#2321,.T.);
#2499=FACE_BOUND('',#2322,.T.);
#2500=FACE_BOUND('',#2323,.T.);
#2501=FACE_BOUND('',#2324,.T.);
#2502=FACE_BOUND('',#2325,.T.);
#2503=FACE_BOUND('',#2326,.T.);
#2504=FACE_BOUND('',#2327,.T.);
#2505=FACE_BOUND('',#2328,.T.);
#2506=FACE_BOUND('',#2329,.T.);
#2507=FACE_BOUND('',#2330,.T.);
#2508=FACE_BOUND('',#2331,.T.);
#2509=FACE_BOUND('',#2332,.T.);
#2510=FACE_BOUND('',#2333,.T.);
#2511=FACE_BOUND('',#2334,.T.);
#2512=FACE_BOUND('',#2335,.T.);
#2513=FACE_BOUND('',#2336,.T.);
#2514=FACE_BOUND('',#2337,.T.);
#2515=FACE_BOUND('',#2338,.T.);
#2516=FACE_BOUND('',#2339,.T.);
#2517=FACE_BOUND('',#2340,.T.);
#2518=FACE_BOUND('',#2341,.T.);
#2519=FACE_BOUND('',#2342,.T.);
#2520=FACE_BOUND('',#2343,.T.);
#2521=FACE_BOUND('',#2344,.T.);
#2522=FACE_BOUND('',#2345,.T.);
#2523=FACE_BOUND('',#2346,.T.);
#2524=FACE_BOUND('',#2347,.T.);
#2525=FACE_BOUND('',#2348,.T.);
#2526=FACE_BOUND('',#2349,.T.);
#2527=FACE_BOUND('',#2350,.T.);
#2528=FACE_BOUND('',#2351,.T.);
#2529=FACE_BOUND('',#2352,.T.);
#2530=FACE_BOUND('',#2353,.T.);
#2531=FACE_BOUND('',#2354,.T.);
#2532=FACE_BOUND('',#2355,.T.);
#2533=FACE_BOUND('',#2356,.T.);
#2534=FACE_BOUND('',#2357,.T.);
#2535=FACE_BOUND('',#2358,.T.);
#2536=FACE_BOUND('',#2359,.T.);
#2537=FACE_BOUND('',#2360,.T.);
#2538=FACE_BOUND('',#2361,.T.);
#2539=FACE_BOUND('',#2362,.T.);
#2540=FACE_BOUND('',#2363,.T.);
#2541=FACE_BOUND('',#2364,.T.);
#2542=FACE_BOUND('',#2365,.T.);
#2543=FACE_BOUND('',#2366,.T.);
#2544=FACE_BOUND('',#2367,.T.);
#2545=FACE_BOUND('',#2368,.T.);
#2546=FACE_BOUND('',#2369,.T.);
#2547=FACE_BOUND('',#2370,.T.);
#2548=FACE_BOUND('',#2371,.T.);
#2549=FACE_BOUND('',#2372,.T.);
#2550=FACE_BOUND('',#2373,.T.);
#2551=FACE_BOUND('',#2374,.T.);
#2552=FACE_BOUND('',#2375,.T.);
#2553=FACE_BOUND('',#2376,.T.);
#2554=FACE_BOUND('',#2377,.T.);
#2555=FACE_BOUND('',#2378,.T.);
#2556=FACE_BOUND('',#2379,.T.);
#2557=FACE_BOUND('',#2380,.T.);
#2558=FACE_BOUND('',#2381,.T.);
#2559=FACE_BOUND('',#2382,.T.);
#2560=FACE_BOUND('',#2383,.T.);
#2561=FACE_BOUND('',#2384,.T.);
#2562=FACE_BOUND('',#2385,.T.);
#2563=FACE_BOUND('',#2386,.T.);
#2564=FACE_BOUND('',#2387,.T.);
#2565=FACE_BOUND('',#2388,.T.);
#2566=FACE_BOUND('',#2389,.T.);
#2567=FACE_BOUND('',#2390,.T.);
#2568=FACE_BOUND('',#2391,.T.);
#2569=FACE_BOUND('',#2392,.T.);
#2570=FACE_BOUND('',#2393,.T.);
#2571=FACE_BOUND('',#2394,.T.);
#2572=FACE_BOUND('',#2395,.T.);
#2573=FACE_BOUND('',#2396,.T.);
#2574=FACE_BOUND('',#2397,.T.);
#2575=FACE_BOUND('',#2398,.T.);
#2576=FACE_BOUND('',#2399,.T.);
#2577=FACE_BOUND('',#2400,.T.);
#2578=FACE_BOUND('',#2401,.T.);
#2579=FACE_BOUND('',#2402,.T.);
#2580=FACE_BOUND('',#2403,.T.);
#2581=FACE_BOUND('',#2404,.T.);
#2582=FACE_BOUND('',#2405,.T.);
#2583=FACE_BOUND('',#2406,.T.);
#2584=FACE_BOUND('',#2407,.T.);
#2585=FACE_BOUND('',#2408,.T.);
#2586=FACE_BOUND('',#2409,.T.);
#2587=FACE_BOUND('',#2410,.T.);
#2588=FACE_BOUND('',#2411,.T.);
#2589=FACE_BOUND('',#2412,.T.);
#2590=PLANE('',#2830);
#2591=PLANE('',#2833);
#2592=PLANE('',#2861);
#2593=PLANE('',#2862);
#2594=PLANE('',#2863);
#2595=PLANE('',#2864);
#2596=PLANE('',#2865);
#2597=PLANE('',#2870);
#2598=PLANE('',#2873);
#2599=PLANE('',#2876);
#2600=PLANE('',#2877);
#2601=PLANE('',#2878);
#2602=PLANE('',#2879);
#2603=PLANE('',#2880);
#2604=PLANE('',#2881);
#2605=PLANE('',#2882);
#2606=PLANE('',#2883);
#2607=PLANE('',#2886);
#2608=PLANE('',#2887);
#2609=PLANE('',#2888);
#2610=PLANE('',#2900);
#2611=PLANE('',#2901);
#2612=PLANE('',#2904);
#2613=PLANE('',#2905);
#2614=PLANE('',#2906);
#2615=PLANE('',#2907);
#2616=PLANE('',#2908);
#2617=PLANE('',#2909);
#2618=PLANE('',#2910);
#2619=PLANE('',#2911);
#2620=PLANE('',#2914);
#2621=PLANE('',#2915);
#2622=PLANE('',#2916);
#2623=PLANE('',#2917);
#2624=PLANE('',#2918);
#2625=PLANE('',#2919);
#2626=PLANE('',#2920);
#2627=PLANE('',#2921);
#2628=PLANE('',#2922);
#2629=PLANE('',#2923);
#2630=PLANE('',#2924);
#2631=PLANE('',#2925);
#2632=PLANE('',#2926);
#2633=PLANE('',#2927);
#2634=PLANE('',#2928);
#2635=PLANE('',#2929);
#2636=PLANE('',#2930);
#2637=PLANE('',#2931);
#2638=PLANE('',#2932);
#2639=PLANE('',#2933);
#2640=PLANE('',#2934);
#2641=PLANE('',#2935);
#2642=PLANE('',#2936);
#2643=PLANE('',#2937);
#2644=PLANE('',#2938);
#2645=PLANE('',#2941);
#2646=PLANE('',#2942);
#2647=PLANE('',#2943);
#2648=PLANE('',#2944);
#2649=PLANE('',#2945);
#2650=PLANE('',#2946);
#2651=PLANE('',#2949);
#2652=PLANE('',#2950);
#2653=PLANE('',#2951);
#2654=PLANE('',#2952);
#2655=PLANE('',#2953);
#2656=PLANE('',#2954);
#2657=PLANE('',#2955);
#2658=PLANE('',#2956);
#2659=PLANE('',#2959);
#2660=PLANE('',#2960);
#2661=PLANE('',#2961);
#2662=PLANE('',#2962);
#2663=PLANE('',#2969);
#2664=PLANE('',#2975);
#2665=PLANE('',#2976);
#2666=ADVANCED_FACE('',(#2413,#2414),#2590,.F.);
#2667=ADVANCED_FACE('',(#2415,#2416,#2417,#2418,#2419,#2420,#2421,#2422,
#2423,#2424,#2425),#2591,.T.);
#2668=ADVANCED_FACE('',(#2426),#59,.F.);
#2669=ADVANCED_FACE('',(#2427),#2592,.T.);
#2670=ADVANCED_FACE('',(#2428),#2593,.F.);
#2671=ADVANCED_FACE('',(#2429),#2594,.F.);
#2672=ADVANCED_FACE('',(#2430),#2595,.T.);
#2673=ADVANCED_FACE('',(#2431),#2596,.T.);
#2674=ADVANCED_FACE('',(#2432),#60,.T.);
#2675=ADVANCED_FACE('',(#2433),#61,.T.);
#2676=ADVANCED_FACE('',(#2434),#2597,.T.);
#2677=ADVANCED_FACE('',(#2435),#62,.T.);
#2678=ADVANCED_FACE('',(#2436),#2598,.T.);
#2679=ADVANCED_FACE('',(#2437),#63,.T.);
#2680=ADVANCED_FACE('',(#2438),#2599,.T.);
#2681=ADVANCED_FACE('',(#2439),#2600,.F.);
#2682=ADVANCED_FACE('',(#2440),#2601,.T.);
#2683=ADVANCED_FACE('',(#2441),#2602,.F.);
#2684=ADVANCED_FACE('',(#2442),#2603,.T.);
#2685=ADVANCED_FACE('',(#2443),#2604,.T.);
#2686=ADVANCED_FACE('',(#2444),#2605,.T.);
#2687=ADVANCED_FACE('',(#2445),#2606,.T.);
#2688=ADVANCED_FACE('',(#2446),#64,.T.);
#2689=ADVANCED_FACE('',(#2447),#2607,.T.);
#2690=ADVANCED_FACE('',(#2448),#2608,.T.);
#2691=ADVANCED_FACE('',(#2449,#2450,#2451,#2452),#2609,.F.);
#2692=ADVANCED_FACE('',(#2453),#12,.T.);
#2693=ADVANCED_FACE('',(#2454),#13,.T.);
#2694=ADVANCED_FACE('',(#2455),#14,.T.);
#2695=ADVANCED_FACE('',(#2456),#15,.T.);
#2696=ADVANCED_FACE('',(#2457),#16,.T.);
#2697=ADVANCED_FACE('',(#2458),#17,.T.);
#2698=ADVANCED_FACE('',(#2459),#18,.T.);
#2699=ADVANCED_FACE('',(#2460),#19,.T.);
#2700=ADVANCED_FACE('',(#2461),#2610,.T.);
#2701=ADVANCED_FACE('',(#2462),#20,.T.);
#2702=ADVANCED_FACE('',(#2463),#21,.T.);
#2703=ADVANCED_FACE('',(#2464),#22,.T.);
#2704=ADVANCED_FACE('',(#2465),#23,.T.);
#2705=ADVANCED_FACE('',(#2466),#2611,.T.);
#2706=ADVANCED_FACE('',(#2467),#24,.T.);
#2707=ADVANCED_FACE('',(#2468),#25,.T.);
#2708=ADVANCED_FACE('',(#2469),#26,.T.);
#2709=ADVANCED_FACE('',(#2470),#65,.F.);
#2710=ADVANCED_FACE('',(#2471),#27,.T.);
#2711=ADVANCED_FACE('',(#2472,#2473),#2612,.T.);
#2712=ADVANCED_FACE('',(#2474),#2613,.T.);
#2713=ADVANCED_FACE('',(#2475),#2614,.T.);
#2714=ADVANCED_FACE('',(#2476),#2615,.T.);
#2715=ADVANCED_FACE('',(#2477),#2616,.T.);
#2716=ADVANCED_FACE('',(#2478),#2617,.T.);
#2717=ADVANCED_FACE('',(#2479),#28,.T.);
#2718=ADVANCED_FACE('',(#2480),#29,.T.);
#2719=ADVANCED_FACE('',(#2481),#2618,.T.);
#2720=ADVANCED_FACE('',(#2482),#2619,.T.);
#2721=ADVANCED_FACE('',(#2483),#66,.F.);
#2722=ADVANCED_FACE('',(#2484),#30,.T.);
#2723=ADVANCED_FACE('',(#2485),#2620,.T.);
#2724=ADVANCED_FACE('',(#2486),#2621,.T.);
#2725=ADVANCED_FACE('',(#2487),#2622,.T.);
#2726=ADVANCED_FACE('',(#2488),#2623,.T.);
#2727=ADVANCED_FACE('',(#2489),#2624,.T.);
#2728=ADVANCED_FACE('',(#2490),#2625,.T.);
#2729=ADVANCED_FACE('',(#2491),#2626,.T.);
#2730=ADVANCED_FACE('',(#2492),#2627,.T.);
#2731=ADVANCED_FACE('',(#2493),#2628,.T.);
#2732=ADVANCED_FACE('',(#2494),#2629,.T.);
#2733=ADVANCED_FACE('',(#2495),#2630,.T.);
#2734=ADVANCED_FACE('',(#2496),#2631,.T.);
#2735=ADVANCED_FACE('',(#2497),#2632,.T.);
#2736=ADVANCED_FACE('',(#2498),#2633,.T.);
#2737=ADVANCED_FACE('',(#2499),#2634,.T.);
#2738=ADVANCED_FACE('',(#2500),#2635,.T.);
#2739=ADVANCED_FACE('',(#2501),#2636,.T.);
#2740=ADVANCED_FACE('',(#2502),#2637,.T.);
#2741=ADVANCED_FACE('',(#2503),#2638,.T.);
#2742=ADVANCED_FACE('',(#2504),#2639,.T.);
#2743=ADVANCED_FACE('',(#2505),#2640,.T.);
#2744=ADVANCED_FACE('',(#2506),#2641,.T.);
#2745=ADVANCED_FACE('',(#2507),#2642,.T.);
#2746=ADVANCED_FACE('',(#2508),#31,.T.);
#2747=ADVANCED_FACE('',(#2509),#32,.T.);
#2748=ADVANCED_FACE('',(#2510),#2643,.T.);
#2749=ADVANCED_FACE('',(#2511),#2644,.T.);
#2750=ADVANCED_FACE('',(#2512),#67,.F.);
#2751=ADVANCED_FACE('',(#2513),#33,.T.);
#2752=ADVANCED_FACE('',(#2514),#2645,.T.);
#2753=ADVANCED_FACE('',(#2515),#2646,.T.);
#2754=ADVANCED_FACE('',(#2516),#2647,.T.);
#2755=ADVANCED_FACE('',(#2517),#2648,.T.);
#2756=ADVANCED_FACE('',(#2518),#34,.T.);
#2757=ADVANCED_FACE('',(#2519),#35,.T.);
#2758=ADVANCED_FACE('',(#2520),#36,.T.);
#2759=ADVANCED_FACE('',(#2521),#2649,.T.);
#2760=ADVANCED_FACE('',(#2522),#2650,.T.);
#2761=ADVANCED_FACE('',(#2523),#37,.T.);
#2762=ADVANCED_FACE('',(#2524),#68,.F.);
#2763=ADVANCED_FACE('',(#2525),#38,.T.);
#2764=ADVANCED_FACE('',(#2526),#2651,.T.);
#2765=ADVANCED_FACE('',(#2527),#39,.T.);
#2766=ADVANCED_FACE('',(#2528),#40,.T.);
#2767=ADVANCED_FACE('',(#2529),#41,.T.);
#2768=ADVANCED_FACE('',(#2530),#2652,.T.);
#2769=ADVANCED_FACE('',(#2531),#2653,.T.);
#2770=ADVANCED_FACE('',(#2532),#42,.T.);
#2771=ADVANCED_FACE('',(#2533),#43,.T.);
#2772=ADVANCED_FACE('',(#2534),#44,.T.);
#2773=ADVANCED_FACE('',(#2535),#45,.T.);
#2774=ADVANCED_FACE('',(#2536),#46,.T.);
#2775=ADVANCED_FACE('',(#2537),#2654,.T.);
#2776=ADVANCED_FACE('',(#2538),#47,.T.);
#2777=ADVANCED_FACE('',(#2539),#48,.T.);
#2778=ADVANCED_FACE('',(#2540,#2541),#2655,.T.);
#2779=ADVANCED_FACE('',(#2542),#2656,.T.);
#2780=ADVANCED_FACE('',(#2543),#2657,.T.);
#2781=ADVANCED_FACE('',(#2544),#49,.T.);
#2782=ADVANCED_FACE('',(#2545),#50,.T.);
#2783=ADVANCED_FACE('',(#2546),#51,.T.);
#2784=ADVANCED_FACE('',(#2547),#52,.T.);
#2785=ADVANCED_FACE('',(#2548),#2658,.T.);
#2786=ADVANCED_FACE('',(#2549),#53,.T.);
#2787=ADVANCED_FACE('',(#2550),#54,.T.);
#2788=ADVANCED_FACE('',(#2551),#55,.T.);
#2789=ADVANCED_FACE('',(#2552),#69,.F.);
#2790=ADVANCED_FACE('',(#2553),#56,.T.);
#2791=ADVANCED_FACE('',(#2554),#2659,.T.);
#2792=ADVANCED_FACE('',(#2555),#2660,.T.);
#2793=ADVANCED_FACE('',(#2556),#2661,.T.);
#2794=ADVANCED_FACE('',(#2557),#2662,.T.);
#2795=ADVANCED_FACE('',(#2558,#2559),#70,.F.);
#2796=ADVANCED_FACE('',(#2560,#2561),#71,.F.);
#2797=ADVANCED_FACE('',(#2562,#2563),#72,.F.);
#2798=ADVANCED_FACE('',(#2564,#2565),#2663,.T.);
#2799=ADVANCED_FACE('',(#2566,#2567),#73,.F.);
#2800=ADVANCED_FACE('',(#2568),#57,.T.);
#2801=ADVANCED_FACE('',(#2569,#2570),#58,.T.);
#2802=ADVANCED_FACE('',(#2571,#2572),#74,.F.);
#2803=ADVANCED_FACE('',(#2573,#2574),#2664,.F.);
#2804=ADVANCED_FACE('',(#2575,#2576),#2665,.T.);
#2805=ADVANCED_FACE('',(#2577,#2578),#75,.F.);
#2806=ADVANCED_FACE('',(#2579),#76,.T.);
#2807=ADVANCED_FACE('',(#2580),#77,.T.);
#2808=ADVANCED_FACE('',(#2581),#78,.F.);
#2809=ADVANCED_FACE('',(#2582),#79,.F.);
#2810=ADVANCED_FACE('',(#2583),#80,.F.);
#2811=ADVANCED_FACE('',(#2584),#81,.F.);
#2812=ADVANCED_FACE('',(#2585),#82,.T.);
#2813=ADVANCED_FACE('',(#2586),#83,.T.);
#2814=ADVANCED_FACE('',(#2587),#84,.F.);
#2815=ADVANCED_FACE('',(#2588),#85,.F.);
#2816=ADVANCED_FACE('',(#2589),#86,.F.);
#2817=CLOSED_SHELL('',(#2666,#2667,#2668,#2669,#2670,#2671,#2672,#2673,
#2674,#2675,#2676,#2677,#2678,#2679,#2680,#2681,#2682,#2683,#2684,#2685,
#2686,#2687,#2688,#2689,#2690,#2691,#2692,#2693,#2694,#2695,#2696,#2697,
#2698,#2699,#2700,#2701,#2702,#2703,#2704,#2705,#2706,#2707,#2708,#2709,
#2710,#2711,#2712,#2713,#2714,#2715,#2716,#2717,#2718,#2719,#2720,#2721,
#2722,#2723,#2724,#2725,#2726,#2727,#2728,#2729,#2730,#2731,#2732,#2733,
#2734,#2735,#2736,#2737,#2738,#2739,#2740,#2741,#2742,#2743,#2744,#2745,
#2746,#2747,#2748,#2749,#2750,#2751,#2752,#2753,#2754,#2755,#2756,#2757,
#2758,#2759,#2760,#2761,#2762,#2763,#2764,#2765,#2766,#2767,#2768,#2769,
#2770,#2771,#2772,#2773,#2774,#2775,#2776,#2777,#2778,#2779,#2780,#2781,
#2782,#2783,#2784,#2785,#2786,#2787,#2788,#2789,#2790,#2791,#2792,#2793,
#2794,#2795,#2796,#2797,#2798,#2799,#2800,#2801,#2802,#2803,#2804,#2805,
#2806,#2807,#2808,#2809,#2810,#2811,#2812,#2813,#2814,#2815,#2816));
#2818=STYLED_ITEM('',(#2819),#2826);
#2819=PRESENTATION_STYLE_ASSIGNMENT((#2820));
#2820=SURFACE_STYLE_USAGE(.BOTH.,#2821);
#2821=SURFACE_SIDE_STYLE('',(#2822));
#2822=SURFACE_STYLE_FILL_AREA(#2823);
#2823=FILL_AREA_STYLE('',(#2824));
#2824=FILL_AREA_STYLE_COLOUR('',#2825);
#2825=COLOUR_RGB('',0.647058823529412,0.647058823529412,0.647058823529412);
#2826=MANIFOLD_SOLID_BREP('JoyKey lid',#2817);
#2827=SHAPE_DEFINITION_REPRESENTATION(#5089,#2828);
#2828=SHAPE_REPRESENTATION('JoyKey lid',(#2829),#5084);
#2829=AXIS2_PLACEMENT_3D('',#3567,#2990,#2991);
#2830=AXIS2_PLACEMENT_3D('',#3568,#2992,#2993);
#2831=AXIS2_PLACEMENT_3D('',#3569,#2994,#2995);
#2832=AXIS2_PLACEMENT_3D('',#3571,#2996,#2997);
#2833=AXIS2_PLACEMENT_3D('',#3585,#2998,#2999);
#2834=AXIS2_PLACEMENT_3D('',#3589,#3001,#3002);
#2835=AXIS2_PLACEMENT_3D('',#3591,#3003,#3004);
#2836=AXIS2_PLACEMENT_3D('',#3593,#3005,#3006);
#2837=AXIS2_PLACEMENT_3D('',#3597,#3008,#3009);
#2838=AXIS2_PLACEMENT_3D('',#3601,#3011,#3012);
#2839=AXIS2_PLACEMENT_3D('',#3605,#3014,#3015);
#2840=AXIS2_PLACEMENT_3D('',#3609,#3017,#3018);
#2841=AXIS2_PLACEMENT_3D('',#3625,#3024,#3025);
#2842=AXIS2_PLACEMENT_3D('',#3685,#3049,#3050);
#2843=AXIS2_PLACEMENT_3D('',#3711,#3057,#3058);
#2844=AXIS2_PLACEMENT_3D('',#3753,#3065,#3066);
#2845=AXIS2_PLACEMENT_3D('',#3757,#3068,#3069);
#2846=AXIS2_PLACEMENT_3D('',#3761,#3071,#3072);
#2847=AXIS2_PLACEMENT_3D('',#3765,#3074,#3075);
#2848=AXIS2_PLACEMENT_3D('',#3769,#3077,#3078);
#2849=AXIS2_PLACEMENT_3D('',#3771,#3079,#3080);
#2850=AXIS2_PLACEMENT_3D('',#3773,#3081,#3082);
#2851=AXIS2_PLACEMENT_3D('',#3775,#3083,#3084);
#2852=AXIS2_PLACEMENT_3D('',#3779,#3086,#3087);
#2853=AXIS2_PLACEMENT_3D('',#3783,#3089,#3090);
#2854=AXIS2_PLACEMENT_3D('',#3786,#3092,#3093);
#2855=AXIS2_PLACEMENT_3D('',#3851,#3101,#3102);
#2856=AXIS2_PLACEMENT_3D('',#3882,#3104,#3105);
#2857=AXIS2_PLACEMENT_3D('',#3884,#3106,#3107);
#2858=AXIS2_PLACEMENT_3D('',#3886,#3108,#3109);
#2859=AXIS2_PLACEMENT_3D('',#3889,#3111,#3112);
#2860=AXIS2_PLACEMENT_3D('',#3894,#3115,#3116);
#2861=AXIS2_PLACEMENT_3D('',#3897,#3118,#3119);
#2862=AXIS2_PLACEMENT_3D('',#3903,#3123,#3124);
#2863=AXIS2_PLACEMENT_3D('',#3909,#3128,#3129);
#2864=AXIS2_PLACEMENT_3D('',#3915,#3133,#3134);
#2865=AXIS2_PLACEMENT_3D('',#3921,#3138,#3139);
#2866=AXIS2_PLACEMENT_3D('',#3927,#3143,#3144);
#2867=AXIS2_PLACEMENT_3D('',#3928,#3145,#3146);
#2868=AXIS2_PLACEMENT_3D('',#3933,#3149,#3150);
#2869=AXIS2_PLACEMENT_3D('',#3936,#3152,#3153);
#2870=AXIS2_PLACEMENT_3D('',#3939,#3155,#3156);
#2871=AXIS2_PLACEMENT_3D('',#3943,#3159,#3160);
#2872=AXIS2_PLACEMENT_3D('',#3944,#3161,#3162);
#2873=AXIS2_PLACEMENT_3D('',#3947,#3164,#3165);
#2874=AXIS2_PLACEMENT_3D('',#3951,#3168,#3169);
#2875=AXIS2_PLACEMENT_3D('',#3952,#3170,#3171);
#2876=AXIS2_PLACEMENT_3D('',#3955,#3173,#3174);
#2877=AXIS2_PLACEMENT_3D('',#3959,#3177,#3178);
#2878=AXIS2_PLACEMENT_3D('',#3963,#3181,#3182);
#2879=AXIS2_PLACEMENT_3D('',#3969,#3186,#3187);
#2880=AXIS2_PLACEMENT_3D('',#3975,#3191,#3192);
#2881=AXIS2_PLACEMENT_3D('',#3981,#3196,#3197);
#2882=AXIS2_PLACEMENT_3D('',#3987,#3201,#3202);
#2883=AXIS2_PLACEMENT_3D('',#3991,#3205,#3206);
#2884=AXIS2_PLACEMENT_3D('',#3995,#3209,#3210);
#2885=AXIS2_PLACEMENT_3D('',#3996,#3211,#3212);
#2886=AXIS2_PLACEMENT_3D('',#3997,#3213,#3214);
#2887=AXIS2_PLACEMENT_3D('',#3999,#3216,#3217);
#2888=AXIS2_PLACEMENT_3D('',#4005,#3221,#3222);
#2889=AXIS2_PLACEMENT_3D('',#4018,#3223,#3224);
#2890=AXIS2_PLACEMENT_3D('',#4019,#3225,#3226);
#2891=AXIS2_PLACEMENT_3D('',#4020,#3227,#3228);
#2892=AXIS2_PLACEMENT_3D('',#4021,#3229,#3230);
#2893=AXIS2_PLACEMENT_3D('',#4022,#3231,#3232);
#2894=AXIS2_PLACEMENT_3D('',#4023,#3233,#3234);
#2895=AXIS2_PLACEMENT_3D('',#4024,#3235,#3236);
#2896=AXIS2_PLACEMENT_3D('',#4025,#3237,#3238);
#2897=AXIS2_PLACEMENT_3D('',#4026,#3239,#3240);
#2898=AXIS2_PLACEMENT_3D('',#4027,#3241,#3242);
#2899=AXIS2_PLACEMENT_3D('',#4028,#3243,#3244);
#2900=AXIS2_PLACEMENT_3D('',#4177,#3255,#3256);
#2901=AXIS2_PLACEMENT_3D('',#4233,#3263,#3264);
#2902=AXIS2_PLACEMENT_3D('',#4276,#3270,#3271);
#2903=AXIS2_PLACEMENT_3D('',#4277,#3272,#3273);
#2904=AXIS2_PLACEMENT_3D('',#4292,#3274,#3275);
#2905=AXIS2_PLACEMENT_3D('',#4293,#3276,#3277);
#2906=AXIS2_PLACEMENT_3D('',#4299,#3281,#3282);
#2907=AXIS2_PLACEMENT_3D('',#4303,#3285,#3286);
#2908=AXIS2_PLACEMENT_3D('',#4307,#3289,#3290);
#2909=AXIS2_PLACEMENT_3D('',#4311,#3293,#3294);
#2910=AXIS2_PLACEMENT_3D('',#4341,#3299,#3300);
#2911=AXIS2_PLACEMENT_3D('',#4345,#3303,#3304);
#2912=AXIS2_PLACEMENT_3D('',#4349,#3307,#3308);
#2913=AXIS2_PLACEMENT_3D('',#4352,#3310,#3311);
#2914=AXIS2_PLACEMENT_3D('',#4366,#3313,#3314);
#2915=AXIS2_PLACEMENT_3D('',#4370,#3317,#3318);
#2916=AXIS2_PLACEMENT_3D('',#4374,#3321,#3322);
#2917=AXIS2_PLACEMENT_3D('',#4376,#3324,#3325);
#2918=AXIS2_PLACEMENT_3D('',#4377,#3326,#3327);
#2919=AXIS2_PLACEMENT_3D('',#4383,#3331,#3332);
#2920=AXIS2_PLACEMENT_3D('',#4387,#3335,#3336);
#2921=AXIS2_PLACEMENT_3D('',#4391,#3339,#3340);
#2922=AXIS2_PLACEMENT_3D('',#4395,#3343,#3344);
#2923=AXIS2_PLACEMENT_3D('',#4399,#3347,#3348);
#2924=AXIS2_PLACEMENT_3D('',#4403,#3351,#3352);
#2925=AXIS2_PLACEMENT_3D('',#4407,#3355,#3356);
#2926=AXIS2_PLACEMENT_3D('',#4411,#3359,#3360);
#2927=AXIS2_PLACEMENT_3D('',#4415,#3363,#3364);
#2928=AXIS2_PLACEMENT_3D('',#4419,#3367,#3368);
#2929=AXIS2_PLACEMENT_3D('',#4423,#3371,#3372);
#2930=AXIS2_PLACEMENT_3D('',#4427,#3375,#3376);
#2931=AXIS2_PLACEMENT_3D('',#4429,#3378,#3379);
#2932=AXIS2_PLACEMENT_3D('',#4430,#3380,#3381);
#2933=AXIS2_PLACEMENT_3D('',#4436,#3385,#3386);
#2934=AXIS2_PLACEMENT_3D('',#4440,#3389,#3390);
#2935=AXIS2_PLACEMENT_3D('',#4444,#3393,#3394);
#2936=AXIS2_PLACEMENT_3D('',#4448,#3397,#3398);
#2937=AXIS2_PLACEMENT_3D('',#4478,#3403,#3404);
#2938=AXIS2_PLACEMENT_3D('',#4482,#3407,#3408);
#2939=AXIS2_PLACEMENT_3D('',#4486,#3411,#3412);
#2940=AXIS2_PLACEMENT_3D('',#4489,#3414,#3415);
#2941=AXIS2_PLACEMENT_3D('',#4503,#3417,#3418);
#2942=AXIS2_PLACEMENT_3D('',#4507,#3421,#3422);
#2943=AXIS2_PLACEMENT_3D('',#4511,#3425,#3426);
#2944=AXIS2_PLACEMENT_3D('',#4513,#3428,#3429);
#2945=AXIS2_PLACEMENT_3D('',#4568,#3434,#3435);
#2946=AXIS2_PLACEMENT_3D('',#4574,#3439,#3440);
#2947=AXIS2_PLACEMENT_3D('',#4595,#3446,#3447);
#2948=AXIS2_PLACEMENT_3D('',#4598,#3449,#3450);
#2949=AXIS2_PLACEMENT_3D('',#4612,#3452,#3453);
#2950=AXIS2_PLACEMENT_3D('',#4655,#3459,#3460);
#2951=AXIS2_PLACEMENT_3D('',#4659,#3463,#3464);
#2952=AXIS2_PLACEMENT_3D('',#4728,#3472,#3473);
#2953=AXIS2_PLACEMENT_3D('',#4757,#3476,#3477);
#2954=AXIS2_PLACEMENT_3D('',#4758,#3478,#3479);
#2955=AXIS2_PLACEMENT_3D('',#4764,#3483,#3484);
#2956=AXIS2_PLACEMENT_3D('',#4820,#3491,#3492);
#2957=AXIS2_PLACEMENT_3D('',#4863,#3498,#3499);
#2958=AXIS2_PLACEMENT_3D('',#4866,#3501,#3502);
#2959=AXIS2_PLACEMENT_3D('',#4880,#3504,#3505);
#2960=AXIS2_PLACEMENT_3D('',#4882,#3507,#3508);
#2961=AXIS2_PLACEMENT_3D('',#4883,#3509,#3510);
#2962=AXIS2_PLACEMENT_3D('',#4884,#3511,#3512);
#2963=AXIS2_PLACEMENT_3D('',#4885,#3513,#3514);
#2964=AXIS2_PLACEMENT_3D('',#4886,#3515,#3516);
#2965=AXIS2_PLACEMENT_3D('',#4888,#3517,#3518);
#2966=AXIS2_PLACEMENT_3D('',#4889,#3519,#3520);
#2967=AXIS2_PLACEMENT_3D('',#4891,#3521,#3522);
#2968=AXIS2_PLACEMENT_3D('',#4892,#3523,#3524);
#2969=AXIS2_PLACEMENT_3D('',#4894,#3525,#3526);
#2970=AXIS2_PLACEMENT_3D('',#4895,#3527,#3528);
#2971=AXIS2_PLACEMENT_3D('',#4897,#3529,#3530);
#2972=AXIS2_PLACEMENT_3D('',#5062,#3531,#3532);
#2973=AXIS2_PLACEMENT_3D('',#5063,#3533,#3534);
#2974=AXIS2_PLACEMENT_3D('',#5065,#3535,#3536);
#2975=AXIS2_PLACEMENT_3D('',#5067,#3537,#3538);
#2976=AXIS2_PLACEMENT_3D('',#5068,#3539,#3540);
#2977=AXIS2_PLACEMENT_3D('',#5069,#3541,#3542);
#2978=AXIS2_PLACEMENT_3D('',#5071,#3543,#3544);
#2979=AXIS2_PLACEMENT_3D('',#5072,#3545,#3546);
#2980=AXIS2_PLACEMENT_3D('',#5073,#3547,#3548);
#2981=AXIS2_PLACEMENT_3D('',#5074,#3549,#3550);
#2982=AXIS2_PLACEMENT_3D('',#5075,#3551,#3552);
#2983=AXIS2_PLACEMENT_3D('',#5076,#3553,#3554);
#2984=AXIS2_PLACEMENT_3D('',#5077,#3555,#3556);
#2985=AXIS2_PLACEMENT_3D('',#5078,#3557,#3558);
#2986=AXIS2_PLACEMENT_3D('',#5079,#3559,#3560);
#2987=AXIS2_PLACEMENT_3D('',#5080,#3561,#3562);
#2988=AXIS2_PLACEMENT_3D('',#5081,#3563,#3564);
#2989=AXIS2_PLACEMENT_3D('',#5082,#3565,#3566);
#2990=DIRECTION('',(0.,0.,1.));
#2991=DIRECTION('',(1.,0.,0.));
#2992=DIRECTION('',(0.,0.,1.));
#2993=DIRECTION('',(1.,0.,0.));
#2994=DIRECTION('',(0.,0.,1.));
#2995=DIRECTION('',(1.,0.,0.));
#2996=DIRECTION('',(0.,0.,1.));
#2997=DIRECTION('',(1.,0.,0.));
#2998=DIRECTION('',(0.,0.,1.));
#2999=DIRECTION('',(1.,0.,0.));
#3000=DIRECTION('',(0.,-1.,0.));
#3001=DIRECTION('',(0.,0.,1.));
#3002=DIRECTION('',(1.,0.,0.));
#3003=DIRECTION('',(0.,0.,1.));
#3004=DIRECTION('',(1.,0.,0.));
#3005=DIRECTION('',(0.,0.,1.));
#3006=DIRECTION('',(1.,0.,0.));
#3007=DIRECTION('',(0.,-1.,0.));
#3008=DIRECTION('',(0.,0.,1.));
#3009=DIRECTION('',(1.,0.,0.));
#3010=DIRECTION('',(1.,0.,0.));
#3011=DIRECTION('',(0.,0.,1.));
#3012=DIRECTION('',(1.,0.,0.));
#3013=DIRECTION('',(0.,-1.,0.));
#3014=DIRECTION('',(0.,0.,1.));
#3015=DIRECTION('',(1.,0.,0.));
#3016=DIRECTION('',(1.,0.,0.));
#3017=DIRECTION('',(0.,0.,1.));
#3018=DIRECTION('',(1.,0.,0.));
#3019=DIRECTION('',(0.286135429722524,-0.958189185838322,0.));
#3020=DIRECTION('',(0.284879717124164,0.958563272179388,0.));
#3021=DIRECTION('',(1.,0.,0.));
#3022=DIRECTION('',(-0.32860502906225,-0.944467434523286,0.));
#3023=DIRECTION('',(-0.388288438184612,-0.92153789329151,0.));
#3024=DIRECTION('',(0.,0.,1.));
#3025=DIRECTION('',(1.,0.,0.));
#3026=DIRECTION('',(0.,1.,0.));
#3027=DIRECTION('',(0.999760329144528,-0.0218925619520798,0.));
#3028=DIRECTION('',(0.355159204202609,0.934805829929494,0.));
#3029=DIRECTION('',(-0.329978288555288,0.943988521689815,0.));
#3030=DIRECTION('',(1.,0.,0.));
#3031=DIRECTION('',(-0.539380985278939,0.842061846136922,0.));
#3032=DIRECTION('',(-0.680076070325195,-0.733141554252002,0.));
#3033=DIRECTION('',(0.,-1.,0.));
#3034=DIRECTION('',(-1.,0.,0.));
#3035=DIRECTION('',(0.,1.,0.));
#3036=DIRECTION('',(1.,0.,0.));
#3037=DIRECTION('',(0.,-1.,0.));
#3038=DIRECTION('',(0.589191608591435,0.807993346733398,0.));
#3039=DIRECTION('',(0.612513933153417,0.790459791319541,0.));
#3040=DIRECTION('',(1.,0.,0.));
#3041=DIRECTION('',(-0.624318062163562,-0.781170248573469,0.));
#3042=DIRECTION('',(0.549580083205541,-0.835441040495253,0.));
#3043=DIRECTION('',(-1.,0.,0.));
#3044=DIRECTION('',(0.286135429722524,-0.958189185838322,0.));
#3045=DIRECTION('',(0.284879717124162,0.958563272179389,0.));
#3046=DIRECTION('',(1.,0.,0.));
#3047=DIRECTION('',(-0.32860502906225,-0.944467434523286,0.));
#3048=DIRECTION('',(-0.388288438184638,-0.921537893291499,0.));
#3049=DIRECTION('',(0.,0.,1.));
#3050=DIRECTION('',(1.,0.,0.));
#3051=DIRECTION('',(0.,1.,0.));
#3052=DIRECTION('',(0.999760329144528,-0.0218925619520798,0.));
#3053=DIRECTION('',(0.355159204202592,0.9348058299295,0.));
#3054=DIRECTION('',(-0.329978288555289,0.943988521689815,0.));
#3055=DIRECTION('',(1.,0.,0.));
#3056=DIRECTION('',(0.,1.,0.));
#3057=DIRECTION('',(0.,0.,1.));
#3058=DIRECTION('',(1.,0.,0.));
#3059=DIRECTION('',(0.0258534244230735,-0.999665744359384,0.));
#3060=DIRECTION('',(-1.,0.,0.));
#3061=DIRECTION('',(-2.4093381610789E-16,1.,0.));
#3062=DIRECTION('',(1.,0.,0.));
#3063=DIRECTION('',(2.4093381610789E-16,-1.,0.));
#3064=DIRECTION('',(-0.303068744118228,0.952968696410643,0.));
#3065=DIRECTION('',(0.,0.,1.));
#3066=DIRECTION('',(1.,0.,0.));
#3067=DIRECTION('',(1.,0.,0.));
#3068=DIRECTION('',(0.,0.,1.));
#3069=DIRECTION('',(1.,0.,0.));
#3070=DIRECTION('',(-0.303068744118229,-0.952968696410642,0.));
#3071=DIRECTION('',(0.,0.,1.));
#3072=DIRECTION('',(1.,0.,0.));
#3073=DIRECTION('',(1.,-1.23259516440783E-32,0.));
#3074=DIRECTION('',(0.,0.,1.));
#3075=DIRECTION('',(6.93889390390723E-16,1.,0.));
#3076=DIRECTION('',(6.12323399573677E-17,1.,0.));
#3077=DIRECTION('',(0.,0.,1.));
#3078=DIRECTION('',(1.,0.,0.));
#3079=DIRECTION('',(0.,0.,1.));
#3080=DIRECTION('',(1.,0.,0.));
#3081=DIRECTION('',(0.,0.,1.));
#3082=DIRECTION('',(1.,0.,0.));
#3083=DIRECTION('',(0.,0.,-1.));
#3084=DIRECTION('',(5.15264398804992E-16,-1.,0.));
#3085=DIRECTION('',(-1.,-1.22464679914735E-16,0.));
#3086=DIRECTION('',(0.,0.,-1.));
#3087=DIRECTION('',(1.,-1.71754799601664E-15,0.));
#3088=DIRECTION('',(1.22464679914735E-16,-1.,0.));
#3089=DIRECTION('',(0.,0.,1.));
#3090=DIRECTION('',(1.,0.,0.));
#3091=DIRECTION('',(1.,-1.23259516440783E-32,0.));
#3092=DIRECTION('',(0.,0.,1.));
#3093=DIRECTION('',(1.,0.,0.));
#3094=DIRECTION('',(0.,1.,0.));
#3095=DIRECTION('',(0.,-1.,0.));
#3096=DIRECTION('',(-1.,0.,0.));
#3097=DIRECTION('',(0.666224472184971,-0.745751267288133,0.));
#3098=DIRECTION('',(0.,1.,0.));
#3099=DIRECTION('',(1.,0.,0.));
#3100=DIRECTION('',(0.,-1.,0.));
#3101=DIRECTION('',(0.,0.,1.));
#3102=DIRECTION('',(1.,0.,0.));
#3103=DIRECTION('',(1.,0.,0.));
#3104=DIRECTION('',(0.,0.,1.));
#3105=DIRECTION('',(1.,0.,0.));
#3106=DIRECTION('',(0.,0.,1.));
#3107=DIRECTION('',(1.,0.,0.));
#3108=DIRECTION('',(0.,0.,-1.));
#3109=DIRECTION('',(-1.,0.,0.));
#3110=DIRECTION('',(0.,0.,-1.));
#3111=DIRECTION('',(0.,0.,1.));
#3112=DIRECTION('',(1.,0.,0.));
#3113=DIRECTION('',(0.,0.,-1.));
#3114=DIRECTION('',(0.,0.,-1.));
#3115=DIRECTION('',(0.,0.,1.));
#3116=DIRECTION('',(1.,0.,0.));
#3117=DIRECTION('',(0.,0.,-1.));
#3118=DIRECTION('',(1.,0.,0.));
#3119=DIRECTION('',(0.,0.,-1.));
#3120=DIRECTION('',(0.,-1.,0.));
#3121=DIRECTION('',(0.,0.,-1.));
#3122=DIRECTION('',(0.,0.,-1.));
#3123=DIRECTION('',(0.,1.,0.));
#3124=DIRECTION('',(0.,0.,1.));
#3125=DIRECTION('',(0.,0.,-1.));
#3126=DIRECTION('',(1.,0.,0.));
#3127=DIRECTION('',(0.,0.,-1.));
#3128=DIRECTION('',(1.,0.,0.));
#3129=DIRECTION('',(0.,0.,-1.));
#3130=DIRECTION('',(0.,-1.,0.));
#3131=DIRECTION('',(0.,0.,-1.));
#3132=DIRECTION('',(0.,0.,-1.));
#3133=DIRECTION('',(0.,1.,0.));
#3134=DIRECTION('',(0.,0.,1.));
#3135=DIRECTION('',(1.,0.,0.));
#3136=DIRECTION('',(0.,0.,-1.));
#3137=DIRECTION('',(0.,0.,-1.));
#3138=DIRECTION('',(-1.,6.12323399573677E-17,0.));
#3139=DIRECTION('',(-6.12323399573677E-17,-1.,0.));
#3140=DIRECTION('',(6.12323399573677E-17,1.,0.));
#3141=DIRECTION('',(0.,0.,-1.));
#3142=DIRECTION('',(0.,0.,-1.));
#3143=DIRECTION('',(0.,0.,-1.));
#3144=DIRECTION('',(-1.,0.,0.));
#3145=DIRECTION('',(0.,0.,1.));
#3146=DIRECTION('',(1.,0.,0.));
#3147=DIRECTION('',(0.,0.,-1.));
#3148=DIRECTION('',(0.,0.,-1.));
#3149=DIRECTION('',(0.,0.,-1.));
#3150=DIRECTION('',(-1.,0.,0.));
#3151=DIRECTION('',(0.,0.,-1.));
#3152=DIRECTION('',(0.,0.,-1.));
#3153=DIRECTION('',(5.15264398804992E-16,-1.,0.));
#3154=DIRECTION('',(0.,0.,-1.));
#3155=DIRECTION('',(1.22464679914735E-16,-1.,0.));
#3156=DIRECTION('',(1.,1.22464679914735E-16,0.));
#3157=DIRECTION('',(-1.,-1.22464679914735E-16,0.));
#3158=DIRECTION('',(0.,0.,-1.));
#3159=DIRECTION('',(0.,0.,-1.));
#3160=DIRECTION('',(-1.,0.,0.));
#3161=DIRECTION('',(0.,0.,-1.));
#3162=DIRECTION('',(1.,-1.71754799601664E-15,0.));
#3163=DIRECTION('',(0.,0.,-1.));
#3164=DIRECTION('',(1.,1.22464679914735E-16,0.));
#3165=DIRECTION('',(-1.22464679914735E-16,1.,0.));
#3166=DIRECTION('',(1.22464679914735E-16,-1.,0.));
#3167=DIRECTION('',(0.,0.,-1.));
#3168=DIRECTION('',(0.,0.,-1.));
#3169=DIRECTION('',(-1.,0.,0.));
#3170=DIRECTION('',(0.,0.,1.));
#3171=DIRECTION('',(1.,0.,0.));
#3172=DIRECTION('',(0.,0.,-1.));
#3173=DIRECTION('',(1.23259516440783E-32,1.,0.));
#3174=DIRECTION('',(-1.,1.23259516440783E-32,0.));
#3175=DIRECTION('',(1.,-1.23259516440783E-32,0.));
#3176=DIRECTION('',(0.,0.,-1.));
#3177=DIRECTION('',(-0.952968696410643,-0.303068744118228,0.));
#3178=DIRECTION('',(0.303068744118228,-0.952968696410643,0.));
#3179=DIRECTION('',(-0.303068744118228,0.952968696410643,0.));
#3180=DIRECTION('',(0.,0.,-1.));
#3181=DIRECTION('',(0.,1.,0.));
#3182=DIRECTION('',(0.,0.,1.));
#3183=DIRECTION('',(0.,0.,-1.));
#3184=DIRECTION('',(1.,0.,0.));
#3185=DIRECTION('',(0.,0.,-1.));
#3186=DIRECTION('',(0.952968696410643,-0.303068744118229,0.));
#3187=DIRECTION('',(0.303068744118229,0.952968696410642,0.));
#3188=DIRECTION('',(0.,0.,-1.));
#3189=DIRECTION('',(-0.303068744118229,-0.952968696410642,0.));
#3190=DIRECTION('',(0.,0.,-1.));
#3191=DIRECTION('',(1.23259516440783E-32,1.,0.));
#3192=DIRECTION('',(-1.,1.23259516440783E-32,0.));
#3193=DIRECTION('',(0.,0.,-1.));
#3194=DIRECTION('',(1.,-1.23259516440783E-32,0.));
#3195=DIRECTION('',(0.,0.,-1.));
#3196=DIRECTION('',(0.,-1.,0.));
#3197=DIRECTION('',(0.,0.,-1.));
#3198=DIRECTION('',(-1.,0.,0.));
#3199=DIRECTION('',(0.,0.,-1.));
#3200=DIRECTION('',(0.,0.,-1.));
#3201=DIRECTION('',(-1.,-2.4093381610789E-16,0.));
#3202=DIRECTION('',(2.4093381610789E-16,-1.,0.));
#3203=DIRECTION('',(-2.4093381610789E-16,1.,0.));
#3204=DIRECTION('',(0.,0.,-1.));
#3205=DIRECTION('',(0.,1.,0.));
#3206=DIRECTION('',(0.,0.,1.));
#3207=DIRECTION('',(1.,0.,0.));
#3208=DIRECTION('',(0.,0.,-1.));
#3209=DIRECTION('',(0.,0.,-1.));
#3210=DIRECTION('',(-1.,0.,0.));
#3211=DIRECTION('',(0.,0.,1.));
#3212=DIRECTION('',(6.93889390390723E-16,1.,0.));
#3213=DIRECTION('',(1.,2.4093381610789E-16,0.));
#3214=DIRECTION('',(-2.4093381610789E-16,1.,0.));
#3215=DIRECTION('',(2.4093381610789E-16,-1.,0.));
#3216=DIRECTION('',(1.,0.,0.));
#3217=DIRECTION('',(0.,0.,-1.));
#3218=DIRECTION('',(0.,0.,-1.));
#3219=DIRECTION('',(0.,-1.,0.));
#3220=DIRECTION('',(0.,0.,-1.));
#3221=DIRECTION('',(0.,0.,1.));
#3222=DIRECTION('',(1.,0.,0.));
#3223=DIRECTION('',(0.,0.,1.));
#3224=DIRECTION('',(1.,0.,0.));
#3225=DIRECTION('',(0.,0.,1.));
#3226=DIRECTION('',(1.,0.,0.));
#3227=DIRECTION('',(0.,0.,1.));
#3228=DIRECTION('',(1.,0.,0.));
#3229=DIRECTION('',(0.,0.,1.));
#3230=DIRECTION('',(1.,0.,0.));
#3231=DIRECTION('',(0.,0.,1.));
#3232=DIRECTION('',(1.,0.,0.));
#3233=DIRECTION('',(0.,0.,1.));
#3234=DIRECTION('',(1.,0.,0.));
#3235=DIRECTION('',(0.,0.,1.));
#3236=DIRECTION('',(1.,0.,0.));
#3237=DIRECTION('',(0.,0.,1.));
#3238=DIRECTION('',(1.,0.,0.));
#3239=DIRECTION('',(0.,0.,1.));
#3240=DIRECTION('',(1.,0.,0.));
#3241=DIRECTION('',(0.,0.,1.));
#3242=DIRECTION('',(1.,0.,0.));
#3243=DIRECTION('',(0.,0.,1.));
#3244=DIRECTION('',(1.,0.,0.));
#3245=DIRECTION('',(0.,0.,1.));
#3246=DIRECTION('',(0.,0.,1.));
#3247=DIRECTION('',(0.,0.,1.));
#3248=DIRECTION('',(0.,0.,1.));
#3249=DIRECTION('',(0.,0.,1.));
#3250=DIRECTION('',(0.,0.,1.));
#3251=DIRECTION('',(0.,0.,1.));
#3252=DIRECTION('',(0.,0.,1.));
#3253=DIRECTION('',(0.,0.,1.));
#3254=DIRECTION('',(0.,0.,1.));
#3255=DIRECTION('',(1.,0.,0.));
#3256=DIRECTION('',(0.,0.,-1.));
#3257=DIRECTION('',(0.,0.,1.));
#3258=DIRECTION('',(0.,1.,0.));
#3259=DIRECTION('',(0.,0.,1.));
#3260=DIRECTION('',(0.,0.,1.));
#3261=DIRECTION('',(0.,0.,1.));
#3262=DIRECTION('',(0.,0.,1.));
#3263=DIRECTION('',(-0.999665744359384,-0.0258534244230735,0.));
#3264=DIRECTION('',(0.0258534244230735,-0.999665744359384,0.));
#3265=DIRECTION('',(0.,0.,1.));
#3266=DIRECTION('',(0.0258534244230735,-0.999665744359384,0.));
#3267=DIRECTION('',(0.,0.,1.));
#3268=DIRECTION('',(0.,0.,1.));
#3269=DIRECTION('',(0.,0.,1.));
#3270=DIRECTION('',(0.,0.,1.));
#3271=DIRECTION('',(-0.736252151494889,0.676707299664447,0.));
#3272=DIRECTION('',(0.,0.,1.));
#3273=DIRECTION('',(1.,0.,0.));
#3274=DIRECTION('',(0.,0.,1.));
#3275=DIRECTION('',(1.,0.,0.));
#3276=DIRECTION('',(0.958563272179389,-0.284879717124162,0.));
#3277=DIRECTION('',(0.284879717124162,0.958563272179389,0.));
#3278=DIRECTION('',(0.,0.,1.));
#3279=DIRECTION('',(0.284879717124162,0.958563272179389,0.));
#3280=DIRECTION('',(0.,0.,1.));
#3281=DIRECTION('',(-0.958189185838322,-0.286135429722524,0.));
#3282=DIRECTION('',(0.286135429722524,-0.958189185838322,0.));
#3283=DIRECTION('',(0.,0.,1.));
#3284=DIRECTION('',(0.286135429722524,-0.958189185838322,0.));
#3285=DIRECTION('',(0.,-1.,0.));
#3286=DIRECTION('',(0.,0.,-1.));
#3287=DIRECTION('',(0.,0.,1.));
#3288=DIRECTION('',(1.,0.,0.));
#3289=DIRECTION('',(0.943988521689815,0.329978288555289,0.));
#3290=DIRECTION('',(-0.329978288555289,0.943988521689815,0.));
#3291=DIRECTION('',(0.,0.,1.));
#3292=DIRECTION('',(-0.329978288555289,0.943988521689815,0.));
#3293=DIRECTION('',(0.9348058299295,-0.355159204202592,0.));
#3294=DIRECTION('',(0.355159204202592,0.9348058299295,0.));
#3295=DIRECTION('',(0.,0.,1.));
#3296=DIRECTION('',(0.355159204202592,0.9348058299295,0.));
#3297=DIRECTION('',(0.,0.,1.));
#3298=DIRECTION('',(0.,0.,1.));
#3299=DIRECTION('',(-0.0218925619520798,-0.999760329144528,0.));
#3300=DIRECTION('',(0.999760329144528,-0.0218925619520798,0.));
#3301=DIRECTION('',(0.,0.,1.));
#3302=DIRECTION('',(0.999760329144528,-0.0218925619520798,0.));
#3303=DIRECTION('',(1.,0.,0.));
#3304=DIRECTION('',(0.,0.,-1.));
#3305=DIRECTION('',(0.,0.,1.));
#3306=DIRECTION('',(0.,1.,0.));
#3307=DIRECTION('',(0.,0.,1.));
#3308=DIRECTION('',(-0.146617306875885,-0.989193290173595,0.));
#3309=DIRECTION('',(0.,0.,1.));
#3310=DIRECTION('',(0.,0.,1.));
#3311=DIRECTION('',(1.,0.,0.));
#3312=DIRECTION('',(0.,0.,1.));
#3313=DIRECTION('',(-0.921537893291499,0.388288438184638,0.));
#3314=DIRECTION('',(-0.388288438184638,-0.921537893291499,0.));
#3315=DIRECTION('',(0.,0.,1.));
#3316=DIRECTION('',(-0.388288438184638,-0.921537893291499,0.));
#3317=DIRECTION('',(-0.944467434523286,0.32860502906225,0.));
#3318=DIRECTION('',(-0.32860502906225,-0.944467434523286,0.));
#3319=DIRECTION('',(0.,0.,1.));
#3320=DIRECTION('',(-0.32860502906225,-0.944467434523286,0.));
#3321=DIRECTION('',(0.,-1.,0.));
#3322=DIRECTION('',(0.,0.,-1.));
#3323=DIRECTION('',(1.,0.,0.));
#3324=DIRECTION('',(0.,0.,1.));
#3325=DIRECTION('',(1.,0.,0.));
#3326=DIRECTION('',(-0.733141554252002,0.680076070325195,0.));
#3327=DIRECTION('',(-0.680076070325195,-0.733141554252002,0.));
#3328=DIRECTION('',(0.,0.,1.));
#3329=DIRECTION('',(-0.680076070325195,-0.733141554252002,0.));
#3330=DIRECTION('',(0.,0.,1.));
#3331=DIRECTION('',(0.842061846136922,0.539380985278939,0.));
#3332=DIRECTION('',(-0.539380985278939,0.842061846136922,0.));
#3333=DIRECTION('',(0.,0.,1.));
#3334=DIRECTION('',(-0.539380985278939,0.842061846136922,0.));
#3335=DIRECTION('',(0.,1.,0.));
#3336=DIRECTION('',(0.,0.,1.));
#3337=DIRECTION('',(0.,0.,1.));
#3338=DIRECTION('',(-1.,0.,0.));
#3339=DIRECTION('',(-0.835441040495253,-0.549580083205541,0.));
#3340=DIRECTION('',(0.549580083205541,-0.835441040495253,0.));
#3341=DIRECTION('',(0.,0.,1.));
#3342=DIRECTION('',(0.549580083205541,-0.835441040495253,0.));
#3343=DIRECTION('',(-0.781170248573469,0.624318062163562,0.));
#3344=DIRECTION('',(-0.624318062163562,-0.781170248573469,0.));
#3345=DIRECTION('',(0.,0.,1.));
#3346=DIRECTION('',(-0.624318062163562,-0.781170248573469,0.));
#3347=DIRECTION('',(0.,-1.,0.));
#3348=DIRECTION('',(0.,0.,-1.));
#3349=DIRECTION('',(0.,0.,1.));
#3350=DIRECTION('',(1.,0.,0.));
#3351=DIRECTION('',(0.790459791319541,-0.612513933153417,0.));
#3352=DIRECTION('',(0.612513933153417,0.790459791319541,0.));
#3353=DIRECTION('',(0.,0.,1.));
#3354=DIRECTION('',(0.612513933153417,0.790459791319541,0.));
#3355=DIRECTION('',(0.807993346733398,-0.589191608591435,0.));
#3356=DIRECTION('',(0.589191608591435,0.807993346733398,0.));
#3357=DIRECTION('',(0.,0.,1.));
#3358=DIRECTION('',(0.589191608591435,0.807993346733398,0.));
#3359=DIRECTION('',(-1.,0.,0.));
#3360=DIRECTION('',(0.,0.,1.));
#3361=DIRECTION('',(0.,0.,1.));
#3362=DIRECTION('',(0.,-1.,0.));
#3363=DIRECTION('',(0.,-1.,0.));
#3364=DIRECTION('',(0.,0.,-1.));
#3365=DIRECTION('',(0.,0.,1.));
#3366=DIRECTION('',(1.,0.,0.));
#3367=DIRECTION('',(1.,0.,0.));
#3368=DIRECTION('',(0.,0.,-1.));
#3369=DIRECTION('',(0.,0.,1.));
#3370=DIRECTION('',(0.,1.,0.));
#3371=DIRECTION('',(0.,1.,0.));
#3372=DIRECTION('',(0.,0.,1.));
#3373=DIRECTION('',(0.,0.,1.));
#3374=DIRECTION('',(-1.,0.,0.));
#3375=DIRECTION('',(-1.,0.,0.));
#3376=DIRECTION('',(0.,0.,1.));
#3377=DIRECTION('',(0.,-1.,0.));
#3378=DIRECTION('',(0.,0.,1.));
#3379=DIRECTION('',(1.,0.,0.));
#3380=DIRECTION('',(0.958563272179388,-0.284879717124164,0.));
#3381=DIRECTION('',(0.284879717124164,0.958563272179389,0.));
#3382=DIRECTION('',(0.,0.,1.));
#3383=DIRECTION('',(0.284879717124164,0.958563272179388,0.));
#3384=DIRECTION('',(0.,0.,1.));
#3385=DIRECTION('',(-0.958189185838322,-0.286135429722524,0.));
#3386=DIRECTION('',(0.286135429722524,-0.958189185838322,0.));
#3387=DIRECTION('',(0.,0.,1.));
#3388=DIRECTION('',(0.286135429722524,-0.958189185838322,0.));
#3389=DIRECTION('',(0.,-1.,0.));
#3390=DIRECTION('',(0.,0.,-1.));
#3391=DIRECTION('',(0.,0.,1.));
#3392=DIRECTION('',(1.,0.,0.));
#3393=DIRECTION('',(0.943988521689815,0.329978288555288,0.));
#3394=DIRECTION('',(-0.329978288555288,0.943988521689815,0.));
#3395=DIRECTION('',(0.,0.,1.));
#3396=DIRECTION('',(-0.329978288555288,0.943988521689815,0.));
#3397=DIRECTION('',(0.934805829929494,-0.355159204202609,0.));
#3398=DIRECTION('',(0.355159204202609,0.934805829929494,0.));
#3399=DIRECTION('',(0.,0.,1.));
#3400=DIRECTION('',(0.355159204202609,0.934805829929494,0.));
#3401=DIRECTION('',(0.,0.,1.));
#3402=DIRECTION('',(0.,0.,1.));
#3403=DIRECTION('',(-0.0218925619520798,-0.999760329144528,0.));
#3404=DIRECTION('',(0.999760329144528,-0.0218925619520798,0.));
#3405=DIRECTION('',(0.,0.,1.));
#3406=DIRECTION('',(0.999760329144528,-0.0218925619520798,0.));
#3407=DIRECTION('',(1.,0.,0.));
#3408=DIRECTION('',(0.,0.,-1.));
#3409=DIRECTION('',(0.,0.,1.));
#3410=DIRECTION('',(0.,1.,0.));
#3411=DIRECTION('',(0.,0.,1.));
#3412=DIRECTION('',(-0.146617306875877,-0.989193290173596,0.));
#3413=DIRECTION('',(0.,0.,1.));
#3414=DIRECTION('',(0.,0.,1.));
#3415=DIRECTION('',(1.,0.,0.));
#3416=DIRECTION('',(0.,0.,1.));
#3417=DIRECTION('',(-0.92153789329151,0.388288438184612,0.));
#3418=DIRECTION('',(-0.388288438184612,-0.92153789329151,0.));
#3419=DIRECTION('',(0.,0.,1.));
#3420=DIRECTION('',(-0.388288438184612,-0.92153789329151,0.));
#3421=DIRECTION('',(-0.944467434523286,0.32860502906225,0.));
#3422=DIRECTION('',(-0.32860502906225,-0.944467434523286,0.));
#3423=DIRECTION('',(0.,0.,1.));
#3424=DIRECTION('',(-0.32860502906225,-0.944467434523286,0.));
#3425=DIRECTION('',(0.,-1.,0.));
#3426=DIRECTION('',(0.,0.,-1.));
#3427=DIRECTION('',(1.,0.,0.));
#3428=DIRECTION('',(0.,0.,1.));
#3429=DIRECTION('',(1.,0.,0.));
#3430=DIRECTION('',(0.,0.,1.));
#3431=DIRECTION('',(0.,0.,1.));
#3432=DIRECTION('',(0.,0.,1.));
#3433=DIRECTION('',(0.,0.,1.));
#3434=DIRECTION('',(1.,0.,0.));
#3435=DIRECTION('',(0.,0.,-1.));
#3436=DIRECTION('',(0.,1.,0.));
#3437=DIRECTION('',(0.,0.,1.));
#3438=DIRECTION('',(0.,1.,0.));
#3439=DIRECTION('',(0.,-1.,0.));
#3440=DIRECTION('',(0.,0.,-1.));
#3441=DIRECTION('',(1.,0.,0.));
#3442=DIRECTION('',(0.,0.,1.));
#3443=DIRECTION('',(1.,0.,0.));
#3444=DIRECTION('',(0.,0.,1.));
#3445=DIRECTION('',(0.,0.,1.));
#3446=DIRECTION('',(0.,0.,1.));
#3447=DIRECTION('',(0.208537682619985,-0.97801433267999,0.));
#3448=DIRECTION('',(0.,0.,1.));
#3449=DIRECTION('',(0.,0.,1.));
#3450=DIRECTION('',(1.,0.,0.));
#3451=DIRECTION('',(0.,0.,1.));
#3452=DIRECTION('',(-0.745751267288133,-0.666224472184971,0.));
#3453=DIRECTION('',(0.666224472184971,-0.745751267288133,0.));
#3454=DIRECTION('',(0.,0.,1.));
#3455=DIRECTION('',(0.666224472184971,-0.745751267288133,0.));
#3456=DIRECTION('',(0.,0.,1.));
#3457=DIRECTION('',(0.,0.,1.));
#3458=DIRECTION('',(0.,0.,1.));
#3459=DIRECTION('',(0.,1.,0.));
#3460=DIRECTION('',(0.,0.,1.));
#3461=DIRECTION('',(0.,0.,1.));
#3462=DIRECTION('',(-1.,0.,0.));
#3463=DIRECTION('',(-1.,0.,0.));
#3464=DIRECTION('',(0.,0.,1.));
#3465=DIRECTION('',(0.,0.,1.));
#3466=DIRECTION('',(0.,-1.,0.));
#3467=DIRECTION('',(0.,0.,1.));
#3468=DIRECTION('',(0.,0.,1.));
#3469=DIRECTION('',(0.,0.,1.));
#3470=DIRECTION('',(0.,0.,1.));
#3471=DIRECTION('',(0.,0.,1.));
#3472=DIRECTION('',(1.,0.,0.));
#3473=DIRECTION('',(0.,0.,-1.));
#3474=DIRECTION('',(0.,0.,1.));
#3475=DIRECTION('',(0.,1.,0.));
#3476=DIRECTION('',(0.,0.,1.));
#3477=DIRECTION('',(1.,0.,0.));
#3478=DIRECTION('',(0.,-1.,0.));
#3479=DIRECTION('',(0.,0.,-1.));
#3480=DIRECTION('',(0.,0.,1.));
#3481=DIRECTION('',(1.,0.,0.));
#3482=DIRECTION('',(0.,0.,1.));
#3483=DIRECTION('',(1.,0.,0.));
#3484=DIRECTION('',(0.,0.,-1.));
#3485=DIRECTION('',(0.,0.,1.));
#3486=DIRECTION('',(0.,1.,0.));
#3487=DIRECTION('',(0.,0.,1.));
#3488=DIRECTION('',(0.,0.,1.));
#3489=DIRECTION('',(0.,0.,1.));
#3490=DIRECTION('',(0.,0.,1.));
#3491=DIRECTION('',(0.,-1.,0.));
#3492=DIRECTION('',(0.,0.,-1.));
#3493=DIRECTION('',(0.,0.,1.));
#3494=DIRECTION('',(1.,0.,0.));
#3495=DIRECTION('',(0.,0.,1.));
#3496=DIRECTION('',(0.,0.,1.));
#3497=DIRECTION('',(0.,0.,1.));
#3498=DIRECTION('',(0.,0.,1.));
#3499=DIRECTION('',(0.68941383279071,-0.724367701624544,0.));
#3500=DIRECTION('',(0.,0.,1.));
#3501=DIRECTION('',(0.,0.,1.));
#3502=DIRECTION('',(1.,0.,0.));
#3503=DIRECTION('',(0.,0.,1.));
#3504=DIRECTION('',(-1.,0.,0.));
#3505=DIRECTION('',(0.,0.,1.));
#3506=DIRECTION('',(0.,-1.,0.));
#3507=DIRECTION('',(0.,0.,1.));
#3508=DIRECTION('',(1.,0.,0.));
#3509=DIRECTION('',(0.,0.,1.));
#3510=DIRECTION('',(1.,0.,0.));
#3511=DIRECTION('',(0.,0.,1.));
#3512=DIRECTION('',(1.,0.,0.));
#3513=DIRECTION('',(0.,0.,1.));
#3514=DIRECTION('',(1.,0.,0.));
#3515=DIRECTION('',(0.,0.,1.));
#3516=DIRECTION('',(1.,0.,0.));
#3517=DIRECTION('',(0.,0.,1.));
#3518=DIRECTION('',(1.,0.,0.));
#3519=DIRECTION('',(0.,0.,1.));
#3520=DIRECTION('',(1.,0.,0.));
#3521=DIRECTION('',(0.,0.,1.));
#3522=DIRECTION('',(1.,0.,0.));
#3523=DIRECTION('',(0.,0.,1.));
#3524=DIRECTION('',(1.,0.,0.));
#3525=DIRECTION('',(0.,0.,1.));
#3526=DIRECTION('',(1.,0.,0.));
#3527=DIRECTION('',(0.,-2.34774605771297E-15,-1.));
#3528=DIRECTION('',(0.,1.,-2.34774605771297E-15));
#3529=DIRECTION('',(0.,-2.34774605771297E-15,-1.));
#3530=DIRECTION('',(-1.,-3.35751877628167E-15,0.));
#3531=DIRECTION('',(0.,0.,1.));
#3532=DIRECTION('',(1.,0.,0.));
#3533=DIRECTION('',(0.,0.,1.));
#3534=DIRECTION('',(1.,0.,0.));
#3535=DIRECTION('',(0.,0.,1.));
#3536=DIRECTION('',(1.,0.,0.));
#3537=DIRECTION('',(0.,0.,1.));
#3538=DIRECTION('',(1.,0.,0.));
#3539=DIRECTION('',(0.,0.,1.));
#3540=DIRECTION('',(1.,0.,0.));
#3541=DIRECTION('',(0.,0.,1.));
#3542=DIRECTION('',(1.,0.,0.));
#3543=DIRECTION('',(0.,0.,1.));
#3544=DIRECTION('',(-1.,-1.11917292542721E-15,0.));
#3545=DIRECTION('',(0.,0.,-1.));
#3546=DIRECTION('',(-1.,0.,0.));
#3547=DIRECTION('',(0.,0.,-1.));
#3548=DIRECTION('',(-1.,0.,0.));
#3549=DIRECTION('',(0.,0.,1.));
#3550=DIRECTION('',(1.,0.,0.));
#3551=DIRECTION('',(0.,0.,-1.));
#3552=DIRECTION('',(-1.,0.,0.));
#3553=DIRECTION('',(0.,0.,-1.));
#3554=DIRECTION('',(-1.,0.,0.));
#3555=DIRECTION('',(0.,0.,1.));
#3556=DIRECTION('',(1.,0.,0.));
#3557=DIRECTION('',(0.,0.,1.));
#3558=DIRECTION('',(1.,0.,0.));
#3559=DIRECTION('',(0.,0.,1.));
#3560=DIRECTION('',(1.,0.,0.));
#3561=DIRECTION('',(0.,0.,-1.));
#3562=DIRECTION('',(-1.,0.,0.));
#3563=DIRECTION('',(0.,0.,1.));
#3564=DIRECTION('',(1.,0.,0.));
#3565=DIRECTION('',(0.,0.,-1.));
#3566=DIRECTION('',(-1.,0.,0.));
#3567=CARTESIAN_POINT('',(0.,0.,0.));
#3568=CARTESIAN_POINT('',(-1.28376313485862E-17,0.0055,0.01315));
#3569=CARTESIAN_POINT('',(-0.0465,0.0193,0.01315));
#3570=CARTESIAN_POINT('',(-0.0449,0.0193,0.01315));
#3571=CARTESIAN_POINT('',(-0.038614673,0.002177623,0.01315));
#3572=CARTESIAN_POINT('',(-0.0474607751106046,0.0142915190474637,0.01315));
#3573=CARTESIAN_POINT('',(-0.0420694406427573,0.0167743548443053,0.01315));
#3574=CARTESIAN_POINT('',(-0.0474607747219804,0.0142915210732834,0.01315));
#3575=CARTESIAN_POINT('',(-0.0485185788775933,0.0144944536080416,0.01315));
#3576=CARTESIAN_POINT('',(-0.0504796688243678,0.015580332427236,0.01315));
#3577=CARTESIAN_POINT('',(-0.0519096677109624,0.0186439023970408,0.01315));
#3578=CARTESIAN_POINT('',(-0.0512579530075557,0.0219544333446632,0.01315));
#3579=CARTESIAN_POINT('',(-0.048778873177851,0.0242499237374679,0.01315));
#3580=CARTESIAN_POINT('',(-0.0454245023658084,0.0246410149396539,0.01315));
#3581=CARTESIAN_POINT('',(-0.0424836833797629,0.0229828915937136,0.01315));
#3582=CARTESIAN_POINT('',(-0.0410855574971742,0.0199065801388103,0.01315));
#3583=CARTESIAN_POINT('',(-0.0415386907079951,0.0177044068612289,0.01315));
#3584=CARTESIAN_POINT('',(-0.042069417289674,0.0167743415120461,0.01315));
#3585=CARTESIAN_POINT('',(-0.00170733649999999,0.010016057485772,0.02645));
#3586=CARTESIAN_POINT('',(-0.02455625,-0.0125703133657253,0.02645));
#3587=CARTESIAN_POINT('',(-0.02455625,-0.00706778606358778,0.02645));
#3588=CARTESIAN_POINT('',(-0.02455625,-0.0190875,0.02645));
#3589=CARTESIAN_POINT('',(-0.02555625,-0.00706778606358778,0.02645));
#3590=CARTESIAN_POINT('',(-0.0263724014375,-0.00648994799711354,0.02645));
#3591=CARTESIAN_POINT('',(-0.038614673,0.002177623,0.02645));
#3592=CARTESIAN_POINT('',(-0.0263724014375,0.0108451939971136,0.02645));
#3593=CARTESIAN_POINT('',(-0.02555625,0.0114230320635878,0.02645));
#3594=CARTESIAN_POINT('',(-0.02455625,0.0114230320635878,0.02645));
#3595=CARTESIAN_POINT('',(-0.02455625,0.0118854363657253,0.02645));
#3596=CARTESIAN_POINT('',(-0.02455625,0.0133625,0.02645));
#3597=CARTESIAN_POINT('',(-0.02155625,0.0133625,0.02645));
#3598=CARTESIAN_POINT('',(-0.02155625,0.0163625,0.02645));
#3599=CARTESIAN_POINT('',(0.00419375,0.0163625,0.02645));
#3600=CARTESIAN_POINT('',(0.02994375,0.0163625,0.02645));
#3601=CARTESIAN_POINT('',(0.02994375,0.0133625,0.02645));
#3602=CARTESIAN_POINT('',(0.03294375,0.0133625,0.02645));
#3603=CARTESIAN_POINT('',(0.03294375,-0.0028625,0.02645));
#3604=CARTESIAN_POINT('',(0.03294375,-0.0190875,0.02645));
#3605=CARTESIAN_POINT('',(0.02994375,-0.0190875,0.02645));
#3606=CARTESIAN_POINT('',(0.02994375,-0.0220875,0.02645));
#3607=CARTESIAN_POINT('',(0.00419375,-0.0220875,0.02645));
#3608=CARTESIAN_POINT('',(-0.02155625,-0.0220875,0.02645));
#3609=CARTESIAN_POINT('',(-0.02155625,-0.0190875,0.02645));
#3610=CARTESIAN_POINT('',(0.0293376437495412,0.0273652580378283,0.02645));
#3611=CARTESIAN_POINT('',(0.0289730362251567,0.0285862287763327,0.02645));
#3612=CARTESIAN_POINT('',(0.0297022512739258,0.0261442872993239,0.02645));
#3613=CARTESIAN_POINT('',(0.0300651170426206,0.0273652580378283,0.02645));
#3614=CARTESIAN_POINT('',(0.0304279828113155,0.0285862287763327,0.02645));
#3615=CARTESIAN_POINT('',(0.0309905698991,0.0285862287763327,0.02645));
#3616=CARTESIAN_POINT('',(0.0315531569868845,0.0285862287763327,0.02645));
#3617=CARTESIAN_POINT('',(0.0307641416594344,0.0263184628682974,0.02645));
#3618=CARTESIAN_POINT('',(0.0299751263319843,0.0240506969602621,0.02645));
#3619=CARTESIAN_POINT('',(0.029931582439741,0.0239473527893378,0.02645));
#3620=CARTESIAN_POINT('',(0.0298880385474976,0.0238440086184135,0.02645));
#3621=CARTESIAN_POINT('',(0.0298880385474976,0.0238440086184135,0.02645));
#3622=CARTESIAN_POINT('',(0.0295362038981711,0.0230741526035506,0.02645));
#3623=CARTESIAN_POINT('',(0.028726868087674,0.0230741526035506,0.02645));
#3624=CARTESIAN_POINT('',(0.028726868087674,0.0230741526035506,0.02645));
#3625=CARTESIAN_POINT('',(0.028735877881698,0.0247074360177748,0.02645));
#3626=CARTESIAN_POINT('',(0.0282623999037446,0.0231440540040954,0.02645));
#3627=CARTESIAN_POINT('',(0.0282623999037446,0.0235409431283996,0.02645));
#3628=CARTESIAN_POINT('',(0.0282623999037446,0.0239380634256592,0.02645));
#3629=CARTESIAN_POINT('',(0.0283419400802426,0.0239363216699695,0.02645));
#3630=CARTESIAN_POINT('',(0.0284214802567405,0.0239345799142798,0.02645));
#3631=CARTESIAN_POINT('',(0.0284214802567405,0.0239345799142798,0.02645));
#3632=CARTESIAN_POINT('',(0.0287199010649151,0.0239345799142798,0.02645));
#3633=CARTESIAN_POINT('',(0.0288667891280828,0.024025151210146,0.02645));
#3634=CARTESIAN_POINT('',(0.0288667891280828,0.024025151210146,0.02645));
#3635=CARTESIAN_POINT('',(0.0288667891280828,0.024025151210146,0.02645));
#3636=CARTESIAN_POINT('',(0.0290136771912505,0.0241157225060122,0.02645));
#3637=CARTESIAN_POINT('',(0.0290972814643577,0.0243258943592403,0.02645));
#3638=CARTESIAN_POINT('',(0.0290972814643577,0.0243258943592403,0.02645));
#3639=CARTESIAN_POINT('',(0.0291588234987284,0.0244878776383856,0.02645));
#3640=CARTESIAN_POINT('',(0.0292203655330991,0.0246498609175311,0.02645));
#3641=CARTESIAN_POINT('',(0.0285323720356537,0.0266180448469319,0.02645));
#3642=CARTESIAN_POINT('',(0.0278443785382082,0.0285862287763327,0.02645));
#3643=CARTESIAN_POINT('',(0.0284087073816824,0.0285862287763327,0.02645));
#3644=CARTESIAN_POINT('',(0.0343695759371864,0.0257198794962584,0.02645));
#3645=CARTESIAN_POINT('',(0.0350482800709532,0.0246603114516694,0.02645));
#3646=CARTESIAN_POINT('',(0.0336908718034196,0.0267794475408474,0.02645));
#3647=CARTESIAN_POINT('',(0.0334081267964525,0.0264746402951436,0.02645));
#3648=CARTESIAN_POINT('',(0.0331253817894855,0.02616983304944,0.02645));
#3649=CARTESIAN_POINT('',(0.0331253817894855,0.0254150722505547,0.02645));
#3650=CARTESIAN_POINT('',(0.0331253817894855,0.0246603114516694,0.02645));
#3651=CARTESIAN_POINT('',(0.0325807928438282,0.0246603114516694,0.02645));
#3652=CARTESIAN_POINT('',(0.0320362038981711,0.0246603114516694,0.02645));
#3653=CARTESIAN_POINT('',(0.0320362038981711,0.0273019742477679,0.02645));
#3654=CARTESIAN_POINT('',(0.0320362038981711,0.0299436370438664,0.02645));
#3655=CARTESIAN_POINT('',(0.0325807928438282,0.0299436370438664,0.02645));
#3656=CARTESIAN_POINT('',(0.0331253817894855,0.0299436370438664,0.02645));
#3657=CARTESIAN_POINT('',(0.0331253817894855,0.0287464702997884,0.02645));
#3658=CARTESIAN_POINT('',(0.0331253817894855,0.0275493035557103,0.02645));
#3659=CARTESIAN_POINT('',(0.0333645829042091,0.0278773342106104,0.02645));
#3660=CARTESIAN_POINT('',(0.0336037840189328,0.0282053648655106,0.02645));
#3661=CARTESIAN_POINT('',(0.0342772628856304,0.0290745009546885,0.02645));
#3662=CARTESIAN_POINT('',(0.0349507417523281,0.0299436370438664,0.02645));
#3663=CARTESIAN_POINT('',(0.0356201565224163,0.0299436370438664,0.02645));
#3664=CARTESIAN_POINT('',(0.0362895712925046,0.0299436370438664,0.02645));
#3665=CARTESIAN_POINT('',(0.0353513455609671,0.0287696937089848,0.02645));
#3666=CARTESIAN_POINT('',(0.0344131198294298,0.0275957503741033,0.02645));
#3667=CARTESIAN_POINT('',(0.035378633066773,0.0261280309128864,0.02645));
#3668=CARTESIAN_POINT('',(0.0363441463041162,0.0246603114516694,0.02645));
#3669=CARTESIAN_POINT('',(0.0356962131875347,0.0246603114516694,0.02645));
#3670=CARTESIAN_POINT('',(0.0418028086357465,0.0273652580378283,0.02645));
#3671=CARTESIAN_POINT('',(0.041438201111362,0.0285862287763327,0.02645));
#3672=CARTESIAN_POINT('',(0.0421674161601311,0.0261442872993239,0.02645));
#3673=CARTESIAN_POINT('',(0.0425302819288259,0.0273652580378283,0.02645));
#3674=CARTESIAN_POINT('',(0.0428931476975208,0.0285862287763327,0.02645));
#3675=CARTESIAN_POINT('',(0.0434557347853053,0.0285862287763327,0.02645));
#3676=CARTESIAN_POINT('',(0.0440183218730898,0.0285862287763327,0.02645));
#3677=CARTESIAN_POINT('',(0.0432293065456397,0.0263184628682974,0.02645));
#3678=CARTESIAN_POINT('',(0.0424402912181897,0.0240506969602621,0.02645));
#3679=CARTESIAN_POINT('',(0.0423967473259463,0.0239473527893378,0.02645));
#3680=CARTESIAN_POINT('',(0.0423532034337029,0.0238440086184135,0.02645));
#3681=CARTESIAN_POINT('',(0.0423532034337029,0.0238440086184135,0.02645));
#3682=CARTESIAN_POINT('',(0.0420013687843764,0.0230741526035506,0.02645));
#3683=CARTESIAN_POINT('',(0.0411920329738793,0.0230741526035506,0.02645));
#3684=CARTESIAN_POINT('',(0.0411920329738793,0.0230741526035506,0.02645));
#3685=CARTESIAN_POINT('',(0.0412010427679033,0.0247074360177748,0.02645));
#3686=CARTESIAN_POINT('',(0.04072756478995,0.0231440540040954,0.02645));
#3687=CARTESIAN_POINT('',(0.04072756478995,0.0235409431283996,0.02645));
#3688=CARTESIAN_POINT('',(0.04072756478995,0.0239380634256592,0.02645));
#3689=CARTESIAN_POINT('',(0.0408071049664478,0.0239363216699695,0.02645));
#3690=CARTESIAN_POINT('',(0.0408866451429458,0.0239345799142798,0.02645));
#3691=CARTESIAN_POINT('',(0.0408866451429458,0.0239345799142798,0.02645));
#3692=CARTESIAN_POINT('',(0.0411850659511204,0.0239345799142798,0.02645));
#3693=CARTESIAN_POINT('',(0.0413319540142881,0.024025151210146,0.02645));
#3694=CARTESIAN_POINT('',(0.0413319540142881,0.024025151210146,0.02645));
#3695=CARTESIAN_POINT('',(0.0413319540142881,0.024025151210146,0.02645));
#3696=CARTESIAN_POINT('',(0.0414788420774558,0.0241157225060122,0.02645));
#3697=CARTESIAN_POINT('',(0.041562446350563,0.0243258943592403,0.02645));
#3698=CARTESIAN_POINT('',(0.041562446350563,0.0243258943592403,0.02645));
#3699=CARTESIAN_POINT('',(0.0416239883849337,0.0244878776383856,0.02645));
#3700=CARTESIAN_POINT('',(0.0416855304193043,0.0246498609175311,0.02645));
#3701=CARTESIAN_POINT('',(0.040997536921859,0.0266180448469319,0.02645));
#3702=CARTESIAN_POINT('',(0.0403095434244135,0.0285862287763327,0.02645));
#3703=CARTESIAN_POINT('',(0.0408738722678877,0.0285862287763327,0.02645));
#3704=CARTESIAN_POINT('',(0.0238708532246922,0.0266360429890591,0.02645));
#3705=CARTESIAN_POINT('',(0.0238708532246922,0.0266122389946328,0.02645));
#3706=CARTESIAN_POINT('',(0.0238708532246922,0.0266598469834855,0.02645));
#3707=CARTESIAN_POINT('',(0.0238708532246922,0.0266598469834855,0.02645));
#3708=CARTESIAN_POINT('',(0.0238708532246922,0.0272439157247767,0.02645));
#3709=CARTESIAN_POINT('',(0.0240961202938979,0.0277014168859472,0.02645));
#3710=CARTESIAN_POINT('',(0.0240961202938979,0.0277014168859472,0.02645));
#3711=CARTESIAN_POINT('',(0.0255824773181923,0.0269933608498911,0.02645));
#3712=CARTESIAN_POINT('',(0.0247440534104795,0.0284091502812096,0.02645));
#3713=CARTESIAN_POINT('',(0.0247440534104795,0.0284091502812096,0.02645));
#3714=CARTESIAN_POINT('',(0.0251667194578552,0.0286593825153016,0.02645));
#3715=CARTESIAN_POINT('',(0.0257252424490303,0.0286593825153016,0.02645));
#3716=CARTESIAN_POINT('',(0.0257252424490303,0.0286593825153016,0.02645));
#3717=CARTESIAN_POINT('',(0.0257252424490303,0.0286593825153016,0.02645));
#3718=CARTESIAN_POINT('',(0.0265206442140094,0.0286593825153016,0.02645));
#3719=CARTESIAN_POINT('',(0.0270228504378831,0.0281728520926356,0.02645));
#3720=CARTESIAN_POINT('',(0.0270228504378831,0.0281728520926356,0.02645));
#3721=CARTESIAN_POINT('',(0.0270228504378831,0.0281728520926356,0.02645));
#3722=CARTESIAN_POINT('',(0.0275250566617567,0.0276863216699695,0.02645));
#3723=CARTESIAN_POINT('',(0.0275831151847479,0.0268526012798162,0.02645));
#3724=CARTESIAN_POINT('',(0.0275831151847479,0.0268526012798162,0.02645));
#3725=CARTESIAN_POINT('',(0.0275865986961274,0.0267179055064767,0.02645));
#3726=CARTESIAN_POINT('',(0.0275900822075069,0.0265832097331371,0.02645));
#3727=CARTESIAN_POINT('',(0.0275900822075069,0.0265832097331371,0.02645));
#3728=CARTESIAN_POINT('',(0.0275900822075069,0.0256798191153945,0.02645));
#3729=CARTESIAN_POINT('',(0.0270861342279435,0.0251334884140475,0.02645));
#3730=CARTESIAN_POINT('',(0.0270861342279435,0.0251334884140475,0.02645));
#3731=CARTESIAN_POINT('',(0.0270861342279435,0.0251334884140475,0.02645));
#3732=CARTESIAN_POINT('',(0.02658218624838,0.0245871577127005,0.02645));
#3733=CARTESIAN_POINT('',(0.0257327900570191,0.0245871577127005,0.02645));
#3734=CARTESIAN_POINT('',(0.0257327900570191,0.0245871577127005,0.02645));
#3735=CARTESIAN_POINT('',(0.0257327900570191,0.0245871577127005,0.02645));
#3736=CARTESIAN_POINT('',(0.0248833938656583,0.0245871577127005,0.02645));
#3737=CARTESIAN_POINT('',(0.0243771235451752,0.0251317466583578,0.02645));
#3738=CARTESIAN_POINT('',(0.0243771235451752,0.0251317466583578,0.02645));
#3739=CARTESIAN_POINT('',(0.0243771235451752,0.0251317466583578,0.02645));
#3740=CARTESIAN_POINT('',(0.0238708532246922,0.025676335604015,0.02645));
#3741=CARTESIAN_POINT('',(0.0238708532246922,0.0266122389946328,0.02645));
#3742=CARTESIAN_POINT('',(0.,0.0379278850284561,0.02645));
#3743=CARTESIAN_POINT('',(0.01325,0.0379278850284561,0.02645));
#3744=CARTESIAN_POINT('',(-0.01325,0.0379278850284561,0.02645));
#3745=CARTESIAN_POINT('',(0.01325,0.030727885028456,0.02645));
#3746=CARTESIAN_POINT('',(0.01325,0.023527885028456,0.02645));
#3747=CARTESIAN_POINT('',(0.,0.023527885028456,0.02645));
#3748=CARTESIAN_POINT('',(-0.01325,0.023527885028456,0.02645));
#3749=CARTESIAN_POINT('',(-0.01325,0.030727885028456,0.02645));
#3750=CARTESIAN_POINT('',(0.01765,0.0435439425142281,0.02645));
#3751=CARTESIAN_POINT('',(0.0188,0.0399278850284561,0.02645));
#3752=CARTESIAN_POINT('',(0.0176082110107729,0.0436753437205911,0.02645));
#3753=CARTESIAN_POINT('',(0.0128433675287197,0.04216,0.02645));
#3754=CARTESIAN_POINT('',(0.0128433675287197,0.04716,0.02645));
#3755=CARTESIAN_POINT('',(0.,0.04716,0.02645));
#3756=CARTESIAN_POINT('',(-0.0128433675287197,0.04716,0.02645));
#3757=CARTESIAN_POINT('',(-0.0128433675287197,0.04216,0.02645));
#3758=CARTESIAN_POINT('',(-0.0176082110107728,0.0436753437205911,0.02645));
#3759=CARTESIAN_POINT('',(-0.01765,0.0435439425142281,0.02645));
#3760=CARTESIAN_POINT('',(-0.0176917889892272,0.0434125413078649,0.02645));
#3761=CARTESIAN_POINT('',(-0.0224566324712803,0.0449278850284561,0.02645));
#3762=CARTESIAN_POINT('',(-0.0224566324712803,0.0399278850284561,0.02645));
#3763=CARTESIAN_POINT('',(-0.00100314927101136,0.0399278850284561,0.02645));
#3764=CARTESIAN_POINT('',(-0.0402,0.0399278850284561,0.02645));
#3765=CARTESIAN_POINT('',(-0.0402,0.027927885028456,0.02645));
#3766=CARTESIAN_POINT('',(-0.0522,0.027927885028456,0.02645));
#3767=CARTESIAN_POINT('',(-0.0522,0.0365296886503697,0.02645));
#3768=CARTESIAN_POINT('',(-0.0522,0.0139498623920219,0.02645));
#3769=CARTESIAN_POINT('',(-0.0572,0.0139498623920219,0.02645));
#3770=CARTESIAN_POINT('',(-0.0529760620454546,0.0112743534392896,0.02645));
#3771=CARTESIAN_POINT('',(-0.038614673,0.002177623,0.02645));
#3772=CARTESIAN_POINT('',(-0.0525395877230096,-0.00757413324987167,0.02645));
#3773=CARTESIAN_POINT('',(-0.0566351508768359,-0.0104422968527751,0.02645));
#3774=CARTESIAN_POINT('',(-0.0517389834362411,-0.00942861820859881,0.02645));
#3775=CARTESIAN_POINT('',(-0.03,-0.00492788502845605,0.02645));
#3776=CARTESIAN_POINT('',(-0.03,-0.0271278850284561,0.02645));
#3777=CARTESIAN_POINT('',(0.00265772383425168,-0.0271278850284561,0.02645));
#3778=CARTESIAN_POINT('',(0.03,-0.0271278850284561,0.02645));
#3779=CARTESIAN_POINT('',(0.03,-0.00492788502845603,0.02645));
#3780=CARTESIAN_POINT('',(0.0521999956869348,-0.00494636817347125,0.02645));
#3781=CARTESIAN_POINT('',(0.0522,0.0094937604256337,0.02645));
#3782=CARTESIAN_POINT('',(0.0522,0.027927885028456,0.02645));
#3783=CARTESIAN_POINT('',(0.0402,0.027927885028456,0.02645));
#3784=CARTESIAN_POINT('',(0.0402,0.0399278850284561,0.02645));
#3785=CARTESIAN_POINT('',(-0.00100314927101136,0.0399278850284561,0.02645));
#3786=CARTESIAN_POINT('',(0.0385233032802682,0.0266845415752614,0.02645));
#3787=CARTESIAN_POINT('',(0.039385251738394,0.0247741061567321,0.02645));
#3788=CARTESIAN_POINT('',(0.0384923116547898,0.0245871577127005,0.02645));
#3789=CARTESIAN_POINT('',(0.0384923116547898,0.0245871577127005,0.02645));
#3790=CARTESIAN_POINT('',(0.0376284008326811,0.0245871577127005,0.02645));
#3791=CARTESIAN_POINT('',(0.0370861342279435,0.02511723202761,0.02645));
#3792=CARTESIAN_POINT('',(0.0370861342279435,0.02511723202761,0.02645));
#3793=CARTESIAN_POINT('',(0.0370861342279435,0.02511723202761,0.02645));
#3794=CARTESIAN_POINT('',(0.0365438676232059,0.0256473063425194,0.02645));
#3795=CARTESIAN_POINT('',(0.0365438676232059,0.0265286347215255,0.02645));
#3796=CARTESIAN_POINT('',(0.0365438676232059,0.0265286347215255,0.02645));
#3797=CARTESIAN_POINT('',(0.0365438676232059,0.0265797262217577,0.02645));
#3798=CARTESIAN_POINT('',(0.0365438676232059,0.02663081772199,0.02645));
#3799=CARTESIAN_POINT('',(0.0365438676232059,0.02663081772199,0.02645));
#3800=CARTESIAN_POINT('',(0.0365438676232059,0.0272218534860401,0.02645));
#3801=CARTESIAN_POINT('',(0.0367726182037911,0.0276880634256592,0.02645));
#3802=CARTESIAN_POINT('',(0.0367726182037911,0.0276880634256592,0.02645));
#3803=CARTESIAN_POINT('',(0.0367726182037911,0.0276880634256592,0.02645));
#3804=CARTESIAN_POINT('',(0.0370013687843764,0.0281542733652783,0.02645));
#3805=CARTESIAN_POINT('',(0.0374205513203726,0.0284068279402899,0.02645));
#3806=CARTESIAN_POINT('',(0.0374205513203726,0.0284068279402899,0.02645));
#3807=CARTESIAN_POINT('',(0.0374205513203726,0.0284068279402899,0.02645));
#3808=CARTESIAN_POINT('',(0.0378397338563689,0.0286593825153016,0.02645));
#3809=CARTESIAN_POINT('',(0.0383761946088074,0.0286593825153016,0.02645));
#3810=CARTESIAN_POINT('',(0.0383761946088074,0.0286593825153016,0.02645));
#3811=CARTESIAN_POINT('',(0.0383761946088074,0.0286593825153016,0.02645));
#3812=CARTESIAN_POINT('',(0.0391820469079249,0.0286593825153016,0.02645));
#3813=CARTESIAN_POINT('',(0.0396447733361645,0.0281513704391288,0.02645));
#3814=CARTESIAN_POINT('',(0.0396447733361645,0.0281513704391288,0.02645));
#3815=CARTESIAN_POINT('',(0.0396447733361645,0.0281513704391288,0.02645));
#3816=CARTESIAN_POINT('',(0.0401074997644042,0.027643358362956,0.02645));
#3817=CARTESIAN_POINT('',(0.0401074997644042,0.0267109384837177,0.02645));
#3818=CARTESIAN_POINT('',(0.0401074997644042,0.0267109384837177,0.02645));
#3819=CARTESIAN_POINT('',(0.0401074997644042,0.0264967025338803,0.02645));
#3820=CARTESIAN_POINT('',(0.0401074997644042,0.0262824665840429,0.02645));
#3821=CARTESIAN_POINT('',(0.0388574997644042,0.0262824665840429,0.02645));
#3822=CARTESIAN_POINT('',(0.0376074997644042,0.0262824665840429,0.02645));
#3823=CARTESIAN_POINT('',(0.0376074997644042,0.0262824665840429,0.02645));
#3824=CARTESIAN_POINT('',(0.0376574300941767,0.0258981191618413,0.02645));
#3825=CARTESIAN_POINT('',(0.0379134681805677,0.0256658850698766,0.02645));
#3826=CARTESIAN_POINT('',(0.0379134681805677,0.0256658850698766,0.02645));
#3827=CARTESIAN_POINT('',(0.0379134681805677,0.0256658850698766,0.02645));
#3828=CARTESIAN_POINT('',(0.0381695062669588,0.0254336509779119,0.02645));
#3829=CARTESIAN_POINT('',(0.0385619818823792,0.0254336509779119,0.02645));
#3830=CARTESIAN_POINT('',(0.0385619818823792,0.0254336509779119,0.02645));
#3831=CARTESIAN_POINT('',(0.0385619818823792,0.0254336509779119,0.02645));
#3832=CARTESIAN_POINT('',(0.0391669516919472,0.0254336509779119,0.02645));
#3833=CARTESIAN_POINT('',(0.0395083358071353,0.0258725734117252,0.02645));
#3834=CARTESIAN_POINT('',(0.0395083358071353,0.0258725734117252,0.02645));
#3835=CARTESIAN_POINT('',(0.0397661156492161,0.0255840225524591,0.02645));
#3836=CARTESIAN_POINT('',(0.040023895491297,0.0252954716931929,0.02645));
#3837=CARTESIAN_POINT('',(0.040023895491297,0.0252954716931929,0.02645));
#3838=CARTESIAN_POINT('',(0.0397881778879527,0.0249610546007638,0.02645));
#3839=CARTESIAN_POINT('',(0.039385251738394,0.0247741061567321,0.02645));
#3840=CARTESIAN_POINT('',(0.022082650716564,0.0281147935696443,0.02645));
#3841=CARTESIAN_POINT('',(0.022082650716564,0.0262859500954223,0.02645));
#3842=CARTESIAN_POINT('',(0.022082650716564,0.0299436370438664,0.02645));
#3843=CARTESIAN_POINT('',(0.0226266590769913,0.0299436370438664,0.02645));
#3844=CARTESIAN_POINT('',(0.0231706674374186,0.0299436370438664,0.02645));
#3845=CARTESIAN_POINT('',(0.0231706674374186,0.0281147935696443,0.02645));
#3846=CARTESIAN_POINT('',(0.0231706674374186,0.0262859500954223,0.02645));
#3847=CARTESIAN_POINT('',(0.0231706674374186,0.0262859500954223,0.02645));
#3848=CARTESIAN_POINT('',(0.0231706674374186,0.0257820021158589,0.02645));
#3849=CARTESIAN_POINT('',(0.0229477227091325,0.0253953323527377,0.02645));
#3850=CARTESIAN_POINT('',(0.0229477227091325,0.0253953323527377,0.02645));
#3851=CARTESIAN_POINT('',(0.0216359660842163,0.0261484658181747,0.02645));
#3852=CARTESIAN_POINT('',(0.0223183683199082,0.0247979101511586,0.02645));
#3853=CARTESIAN_POINT('',(0.0223183683199082,0.0247979101511586,0.02645));
#3854=CARTESIAN_POINT('',(0.02191195865897,0.0245871577127005,0.02645));
#3855=CARTESIAN_POINT('',(0.0213998824861878,0.0245871577127005,0.02645));
#3856=CARTESIAN_POINT('',(0.0213998824861878,0.0245871577127005,0.02645));
#3857=CARTESIAN_POINT('',(0.0213998824861878,0.0245871577127005,0.02645));
#3858=CARTESIAN_POINT('',(0.0205615174141952,0.0245871577127005,0.02645));
#3859=CARTESIAN_POINT('',(0.0200935657188864,0.0250138878566857,0.02645));
#3860=CARTESIAN_POINT('',(0.0200935657188864,0.0250138878566857,0.02645));
#3861=CARTESIAN_POINT('',(0.0200935657188864,0.0250138878566857,0.02645));
#3862=CARTESIAN_POINT('',(0.0196256140235775,0.0254406180006709,0.02645));
#3863=CARTESIAN_POINT('',(0.0196256140235775,0.0262209245496722,0.02645));
#3864=CARTESIAN_POINT('',(0.0196256140235775,0.0262209245496722,0.02645));
#3865=CARTESIAN_POINT('',(0.0201736864806142,0.0262209245496722,0.02645));
#3866=CARTESIAN_POINT('',(0.0207217589376508,0.0262209245496722,0.02645));
#3867=CARTESIAN_POINT('',(0.0207217589376508,0.0262209245496722,0.02645));
#3868=CARTESIAN_POINT('',(0.0207217589376508,0.0258319324456313,0.02645));
#3869=CARTESIAN_POINT('',(0.020884903387256,0.0256473063425194,0.02645));
#3870=CARTESIAN_POINT('',(0.020884903387256,0.0256473063425194,0.02645));
#3871=CARTESIAN_POINT('',(0.020884903387256,0.0256473063425194,0.02645));
#3872=CARTESIAN_POINT('',(0.0210480478368613,0.0254626802394075,0.02645));
#3873=CARTESIAN_POINT('',(0.0213998824861878,0.0254626802394075,0.02645));
#3874=CARTESIAN_POINT('',(0.0213998824861878,0.0254626802394075,0.02645));
#3875=CARTESIAN_POINT('',(0.0213998824861878,0.0254626802394075,0.02645));
#3876=CARTESIAN_POINT('',(0.0217122373398803,0.0254626802394075,0.02645));
#3877=CARTESIAN_POINT('',(0.0218974440282221,0.025676335604015,0.02645));
#3878=CARTESIAN_POINT('',(0.0218974440282221,0.025676335604015,0.02645));
#3879=CARTESIAN_POINT('',(0.0218974440282221,0.025676335604015,0.02645));
#3880=CARTESIAN_POINT('',(0.022082650716564,0.0258899909686225,0.02645));
#3881=CARTESIAN_POINT('',(0.022082650716564,0.0262859500954223,0.02645));
#3882=CARTESIAN_POINT('',(-0.0465,0.0193,0.02645));
#3883=CARTESIAN_POINT('',(-0.0434,0.0193,0.02645));
#3884=CARTESIAN_POINT('',(0.0465,0.0192,0.02645));
#3885=CARTESIAN_POINT('',(0.0496,0.0192,0.02645));
#3886=CARTESIAN_POINT('',(-0.038614673,0.002177623,0.02645));
#3887=CARTESIAN_POINT('',(-0.0263724014375,-0.00648994799711354,0.02645));
#3888=CARTESIAN_POINT('',(-0.0263724014375,-0.00648994799711354,0.02445));
#3889=CARTESIAN_POINT('',(-0.038614673,0.002177623,0.02445));
#3890=CARTESIAN_POINT('',(-0.0474607751106047,0.0142915190474637,0.02445));
#3891=CARTESIAN_POINT('',(-0.0474607751106046,0.0142915190474636,0.0198));
#3892=CARTESIAN_POINT('',(-0.0420694764379973,0.0167743463722094,0.0198));
#3893=CARTESIAN_POINT('',(-0.0420694764379973,0.0167743463722094,0.02445));
#3894=CARTESIAN_POINT('',(-0.038614673,0.002177623,0.02445));
#3895=CARTESIAN_POINT('',(-0.0263724014375,0.0108451939971136,0.02445));
#3896=CARTESIAN_POINT('',(-0.0263724014375,0.0108451939971136,0.02645));
#3897=CARTESIAN_POINT('',(-0.02455625,0.0118854363657253,0.02645));
#3898=CARTESIAN_POINT('',(-0.02455625,0.0118854363657253,0.02445));
#3899=CARTESIAN_POINT('',(-0.02455625,0.0133625,0.02445));
#3900=CARTESIAN_POINT('',(-0.02455625,0.0114230320635878,0.02445));
#3901=CARTESIAN_POINT('',(-0.02455625,0.0133625,0.02645));
#3902=CARTESIAN_POINT('',(-0.02455625,0.0114230320635878,0.02645));
#3903=CARTESIAN_POINT('',(0.00419375,0.0163625,0.02645));
#3904=CARTESIAN_POINT('',(-0.02155625,0.0163625,0.02645));
#3905=CARTESIAN_POINT('',(-0.02155625,0.0163625,0.02445));
#3906=CARTESIAN_POINT('',(0.00419375,0.0163625,0.02445));
#3907=CARTESIAN_POINT('',(0.02994375,0.0163625,0.02445));
#3908=CARTESIAN_POINT('',(0.02994375,0.0163625,0.02645));
#3909=CARTESIAN_POINT('',(0.03294375,-0.0028625,0.02645));
#3910=CARTESIAN_POINT('',(0.03294375,-0.0028625,0.02445));
#3911=CARTESIAN_POINT('',(0.03294375,0.0133625,0.02445));
#3912=CARTESIAN_POINT('',(0.03294375,-0.0190875,0.02445));
#3913=CARTESIAN_POINT('',(0.03294375,-0.0190875,0.02645));
#3914=CARTESIAN_POINT('',(0.03294375,0.0133625,0.02445));
#3915=CARTESIAN_POINT('',(0.00419375,-0.0220875,0.02645));
#3916=CARTESIAN_POINT('',(0.00419375,-0.0220875,0.02445));
#3917=CARTESIAN_POINT('',(-0.02155625,-0.0220875,0.02445));
#3918=CARTESIAN_POINT('',(0.02994375,-0.0220875,0.02445));
#3919=CARTESIAN_POINT('',(-0.02155625,-0.0220875,0.02645));
#3920=CARTESIAN_POINT('',(0.02994375,-0.0220875,0.02645));
#3921=CARTESIAN_POINT('',(-0.0522,0.0365296886503697,0.02645));
#3922=CARTESIAN_POINT('',(-0.0522,0.0365296886503697,0.02445));
#3923=CARTESIAN_POINT('',(-0.0522,0.0139498623920219,0.02445));
#3924=CARTESIAN_POINT('',(-0.0522,0.027927885028456,0.02445));
#3925=CARTESIAN_POINT('',(-0.0522,0.0139498623920219,0.02645));
#3926=CARTESIAN_POINT('',(-0.0522,0.027927885028456,0.02645));
#3927=CARTESIAN_POINT('',(-0.038614673,0.002177623,0.02645));
#3928=CARTESIAN_POINT('',(-0.038614673,0.002177623,0.02445));
#3929=CARTESIAN_POINT('',(-0.0529760620454546,0.0112743534392896,0.02445));
#3930=CARTESIAN_POINT('',(-0.0525395877230096,-0.00757413324987167,0.02445));
#3931=CARTESIAN_POINT('',(-0.0525395877230096,-0.00757413324987167,0.02645));
#3932=CARTESIAN_POINT('',(-0.0529760620454546,0.0112743534392896,0.02645));
#3933=CARTESIAN_POINT('',(-0.03,-0.00492788502845605,0.02645));
#3934=CARTESIAN_POINT('',(-0.0517389834362411,-0.00942861820859881,0.02645));
#3935=CARTESIAN_POINT('',(-0.0517389834362411,-0.00942861820859881,0.02445));
#3936=CARTESIAN_POINT('',(-0.03,-0.00492788502845605,0.02445));
#3937=CARTESIAN_POINT('',(-0.03,-0.0271278850284561,0.02445));
#3938=CARTESIAN_POINT('',(-0.03,-0.0271278850284561,0.02645));
#3939=CARTESIAN_POINT('',(0.00265772383425168,-0.0271278850284561,0.02645));
#3940=CARTESIAN_POINT('',(0.00265772383425168,-0.0271278850284561,0.02445));
#3941=CARTESIAN_POINT('',(0.03,-0.0271278850284561,0.02445));
#3942=CARTESIAN_POINT('',(0.03,-0.0271278850284561,0.02645));
#3943=CARTESIAN_POINT('',(0.03,-0.00492788502845603,0.02645));
#3944=CARTESIAN_POINT('',(0.03,-0.00492788502845603,0.02445));
#3945=CARTESIAN_POINT('',(0.0521999956869348,-0.00494636817347125,0.02445));
#3946=CARTESIAN_POINT('',(0.0521999956869348,-0.00494636817347125,0.02645));
#3947=CARTESIAN_POINT('',(0.0522,0.0094937604256337,0.02645));
#3948=CARTESIAN_POINT('',(0.0522,0.0094937604256337,0.02445));
#3949=CARTESIAN_POINT('',(0.0522,0.027927885028456,0.02445));
#3950=CARTESIAN_POINT('',(0.0522,0.027927885028456,0.02645));
#3951=CARTESIAN_POINT('',(0.0402,0.027927885028456,0.02645));
#3952=CARTESIAN_POINT('',(0.0402,0.027927885028456,0.02445));
#3953=CARTESIAN_POINT('',(0.0402,0.0399278850284561,0.02445));
#3954=CARTESIAN_POINT('',(0.0402,0.0399278850284561,0.02645));
#3955=CARTESIAN_POINT('',(-0.00100314927101136,0.0399278850284561,0.02645));
#3956=CARTESIAN_POINT('',(-0.00100314927101136,0.0399278850284561,0.02445));
#3957=CARTESIAN_POINT('',(0.0188,0.0399278850284561,0.02445));
#3958=CARTESIAN_POINT('',(0.0188,0.0399278850284561,0.02645));
#3959=CARTESIAN_POINT('',(0.01765,0.0435439425142281,0.02645));
#3960=CARTESIAN_POINT('',(0.01765,0.0435439425142281,0.02445));
#3961=CARTESIAN_POINT('',(0.0176082110107729,0.0436753437205911,0.02445));
#3962=CARTESIAN_POINT('',(0.0176082110107729,0.0436753437205911,0.02645));
#3963=CARTESIAN_POINT('',(0.,0.04716,0.02645));
#3964=CARTESIAN_POINT('',(0.0128433675287197,0.04716,0.02445));
#3965=CARTESIAN_POINT('',(0.0128433675287197,0.04716,0.02445));
#3966=CARTESIAN_POINT('',(0.,0.04716,0.02445));
#3967=CARTESIAN_POINT('',(-0.0128433675287197,0.04716,0.02445));
#3968=CARTESIAN_POINT('',(-0.0128433675287197,0.04716,0.02645));
#3969=CARTESIAN_POINT('',(-0.01765,0.0435439425142281,0.02645));
#3970=CARTESIAN_POINT('',(-0.0176082110107728,0.0436753437205911,0.02445));
#3971=CARTESIAN_POINT('',(-0.0176082110107728,0.0436753437205911,0.02445));
#3972=CARTESIAN_POINT('',(-0.01765,0.0435439425142281,0.02445));
#3973=CARTESIAN_POINT('',(-0.0176917889892272,0.0434125413078649,0.02445));
#3974=CARTESIAN_POINT('',(-0.0176917889892272,0.0434125413078649,0.02645));
#3975=CARTESIAN_POINT('',(-0.00100314927101136,0.0399278850284561,0.02645));
#3976=CARTESIAN_POINT('',(-0.0224566324712803,0.0399278850284561,0.02645));
#3977=CARTESIAN_POINT('',(-0.0224566324712803,0.0399278850284561,0.02445));
#3978=CARTESIAN_POINT('',(-0.00100314927101136,0.0399278850284561,0.02445));
#3979=CARTESIAN_POINT('',(-0.0402,0.0399278850284561,0.02445));
#3980=CARTESIAN_POINT('',(-0.0402,0.0399278850284561,0.02645));
#3981=CARTESIAN_POINT('',(0.,0.0379278850284561,0.02645));
#3982=CARTESIAN_POINT('',(0.,0.0379278850284561,0.02445));
#3983=CARTESIAN_POINT('',(0.01325,0.0379278850284561,0.02445));
#3984=CARTESIAN_POINT('',(-0.01325,0.0379278850284561,0.02445));
#3985=CARTESIAN_POINT('',(0.01325,0.0379278850284561,0.02645));
#3986=CARTESIAN_POINT('',(-0.01325,0.0379278850284561,0.02645));
#3987=CARTESIAN_POINT('',(0.01325,0.030727885028456,0.02645));
#3988=CARTESIAN_POINT('',(0.01325,0.030727885028456,0.02445));
#3989=CARTESIAN_POINT('',(0.01325,0.023527885028456,0.02445));
#3990=CARTESIAN_POINT('',(0.01325,0.023527885028456,0.02645));
#3991=CARTESIAN_POINT('',(0.,0.023527885028456,0.02645));
#3992=CARTESIAN_POINT('',(0.,0.023527885028456,0.02445));
#3993=CARTESIAN_POINT('',(-0.01325,0.023527885028456,0.02445));
#3994=CARTESIAN_POINT('',(-0.01325,0.023527885028456,0.02645));
#3995=CARTESIAN_POINT('',(-0.0402,0.027927885028456,0.02645));
#3996=CARTESIAN_POINT('',(-0.0402,0.027927885028456,0.02445));
#3997=CARTESIAN_POINT('',(-0.01325,0.030727885028456,0.02645));
#3998=CARTESIAN_POINT('',(-0.01325,0.030727885028456,0.02445));
#3999=CARTESIAN_POINT('',(-0.02455625,-0.0125703133657253,0.02645));
#4000=CARTESIAN_POINT('',(-0.02455625,-0.0190875,0.02445));
#4001=CARTESIAN_POINT('',(-0.02455625,-0.0190875,0.02445));
#4002=CARTESIAN_POINT('',(-0.02455625,-0.0125703133657253,0.02445));
#4003=CARTESIAN_POINT('',(-0.02455625,-0.00706778606358778,0.02445));
#4004=CARTESIAN_POINT('',(-0.02455625,-0.00706778606358778,0.02645));
#4005=CARTESIAN_POINT('',(-0.00170733649999999,0.010016057485772,0.02445));
#4006=CARTESIAN_POINT('',(0.0504936285431281,0.0151995051072961,0.02445));
#4007=CARTESIAN_POINT('',(0.0521530263271583,0.0192008310621566,0.02445));
#4008=CARTESIAN_POINT('',(0.0504942661482387,0.0231971706440773,0.02445));
#4009=CARTESIAN_POINT('',(0.0465044233861355,0.024850906657677,0.02445));
#4010=CARTESIAN_POINT('',(0.042504925620864,0.0231991980294375,0.02445));
#4011=CARTESIAN_POINT('',(0.0408488736636891,0.0192002306652836,0.02445));
#4012=CARTESIAN_POINT('',(0.0424995810661172,0.0152089051370769,0.02445));
#4013=CARTESIAN_POINT('',(0.0464941355984656,0.0135479012060766,0.02445));
#4014=CARTESIAN_POINT('',(0.0504936285431281,0.0151995051072961,0.02445));
#4015=CARTESIAN_POINT('',(0.0521530263271583,0.0192008310621566,0.02445));
#4016=CARTESIAN_POINT('',(0.0504942661482387,0.0231971706440773,0.02445));
#4017=CARTESIAN_POINT('',(0.0516,0.0192,0.02445));
#4018=CARTESIAN_POINT('',(0.0128433675287197,0.04216,0.02445));
#4019=CARTESIAN_POINT('',(-0.0566351508768359,-0.0104422968527751,0.02445));
#4020=CARTESIAN_POINT('',(-0.0572,0.0139498623920219,0.02445));
#4021=CARTESIAN_POINT('',(-0.0224566324712803,0.0449278850284561,0.02445));
#4022=CARTESIAN_POINT('',(-0.0128433675287197,0.04216,0.02445));
#4023=CARTESIAN_POINT('',(-0.02555625,-0.00706778606358778,0.02445));
#4024=CARTESIAN_POINT('',(-0.02155625,-0.0190875,0.02445));
#4025=CARTESIAN_POINT('',(0.02994375,-0.0190875,0.02445));
#4026=CARTESIAN_POINT('',(0.02994375,0.0133625,0.02445));
#4027=CARTESIAN_POINT('',(-0.02155625,0.0133625,0.02445));
#4028=CARTESIAN_POINT('',(-0.02555625,0.0114230320635878,0.02445));
#4029=CARTESIAN_POINT('',(-0.0420694764379973,0.0167743463722094,0.02445));
#4030=CARTESIAN_POINT('',(-0.0415363098317343,0.0177090850917506,0.02445));
#4031=CARTESIAN_POINT('',(-0.041086774074607,0.0199148882688477,0.02445));
#4032=CARTESIAN_POINT('',(-0.0424880582945446,0.0229870584365371,0.02445));
#4033=CARTESIAN_POINT('',(-0.0454296171349083,0.024641622292043,0.02445));
#4034=CARTESIAN_POINT('',(-0.0487797623138432,0.0242484863488794,0.02445));
#4035=CARTESIAN_POINT('',(-0.0512577391030979,0.0219555578755376,0.02445));
#4036=CARTESIAN_POINT('',(-0.0519082584053321,0.0186425461674491,0.02445));
#4037=CARTESIAN_POINT('',(-0.050484768148758,0.0155819129518755,0.02445));
#4038=CARTESIAN_POINT('',(-0.0485081844427541,0.0144924734971641,0.02445));
#4039=CARTESIAN_POINT('',(-0.0474607751106047,0.0142915190474637,0.02445));
#4040=CARTESIAN_POINT('',(0.0249193901499128,0.0265832097331371,0.02545));
#4041=CARTESIAN_POINT('',(0.0249193901499128,0.0265832097331371,0.02645));
#4042=CARTESIAN_POINT('',(0.0249193901499128,0.0262108610723537,0.02545));
#4043=CARTESIAN_POINT('',(0.0249193901499128,0.0262108610723537,0.02645));
#4044=CARTESIAN_POINT('',(0.0249896409627321,0.025926180781287,0.02545));
#4045=CARTESIAN_POINT('',(0.0249896409627321,0.025926180781287,0.02645));
#4046=CARTESIAN_POINT('',(0.0251301425883708,0.025729168859937,0.02545));
#4047=CARTESIAN_POINT('',(0.0251301425883708,0.025729168859937,0.02645));
#4048=CARTESIAN_POINT('',(0.0249193901499128,0.0265832097331371,0.02645));
#4049=CARTESIAN_POINT('',(0.0249193901499128,0.026024686741962,0.02645));
#4050=CARTESIAN_POINT('',(0.0251301425883708,0.025729168859937,0.02645));
#4051=CARTESIAN_POINT('',(0.0249193901499128,0.0265832097331371,0.02645));
#4052=CARTESIAN_POINT('',(0.0251301425883708,0.025729168859937,0.02645));
#4053=CARTESIAN_POINT('',(0.0249193901499128,0.0265832097331371,0.02545));
#4054=CARTESIAN_POINT('',(0.0249193901499128,0.0265832097331371,0.02545));
#4055=CARTESIAN_POINT('',(0.0249193901499128,0.0265832097331371,0.02545));
#4056=CARTESIAN_POINT('',(0.0249193901499128,0.026024686741962,0.02545));
#4057=CARTESIAN_POINT('',(0.0251301425883708,0.025729168859937,0.02545));
#4058=CARTESIAN_POINT('',(0.0251301425883708,0.025729168859937,0.02545));
#4059=CARTESIAN_POINT('',(0.0251301425883708,0.025729168859937,0.02545));
#4060=CARTESIAN_POINT('',(0.0251301425883708,0.0275109849305362,0.02545));
#4061=CARTESIAN_POINT('',(0.0251301425883708,0.0275109849305362,0.02645));
#4062=CARTESIAN_POINT('',(0.0249896409627321,0.0273112636114465,0.02545));
#4063=CARTESIAN_POINT('',(0.0249896409627321,0.0273112636114465,0.02645));
#4064=CARTESIAN_POINT('',(0.0249193901499128,0.0270020052123135,0.02545));
#4065=CARTESIAN_POINT('',(0.0249193901499128,0.0270020052123135,0.02645));
#4066=CARTESIAN_POINT('',(0.0249193901499128,0.0265832097331371,0.02545));
#4067=CARTESIAN_POINT('',(0.0249193901499128,0.0265832097331371,0.02645));
#4068=CARTESIAN_POINT('',(0.0251301425883708,0.0275109849305362,0.02645));
#4069=CARTESIAN_POINT('',(0.0249193901499128,0.0272114029519017,0.02645));
#4070=CARTESIAN_POINT('',(0.0249193901499128,0.0265832097331371,0.02645));
#4071=CARTESIAN_POINT('',(0.0251301425883708,0.0275109849305362,0.02645));
#4072=CARTESIAN_POINT('',(0.0251301425883708,0.0275109849305362,0.02545));
#4073=CARTESIAN_POINT('',(0.0251301425883708,0.0275109849305362,0.02545));
#4074=CARTESIAN_POINT('',(0.0251301425883708,0.0275109849305362,0.02545));
#4075=CARTESIAN_POINT('',(0.0249193901499128,0.0272114029519017,0.02545));
#4076=CARTESIAN_POINT('',(0.0249193901499128,0.0265832097331371,0.02545));
#4077=CARTESIAN_POINT('',(0.0257252424490303,0.0278105669091706,0.02545));
#4078=CARTESIAN_POINT('',(0.0257252424490303,0.0278105669091706,0.02645));
#4079=CARTESIAN_POINT('',(0.0254690108342293,0.0278105669091706,0.02545));
#4080=CARTESIAN_POINT('',(0.0254690108342293,0.0278105669091706,0.02645));
#4081=CARTESIAN_POINT('',(0.0252706442140094,0.0277107062496258,0.02545));
#4082=CARTESIAN_POINT('',(0.0252706442140094,0.0277107062496258,0.02645));
#4083=CARTESIAN_POINT('',(0.0251301425883708,0.0275109849305362,0.02545));
#4084=CARTESIAN_POINT('',(0.0251301425883708,0.0275109849305362,0.02645));
#4085=CARTESIAN_POINT('',(0.0257252424490303,0.0278105669091706,0.02645));
#4086=CARTESIAN_POINT('',(0.0253408950268287,0.0278105669091706,0.02645));
#4087=CARTESIAN_POINT('',(0.0251301425883708,0.0275109849305362,0.02645));
#4088=CARTESIAN_POINT('',(0.0257252424490303,0.0278105669091706,0.02645));
#4089=CARTESIAN_POINT('',(0.0257252424490303,0.0278105669091706,0.02545));
#4090=CARTESIAN_POINT('',(0.0257252424490303,0.0278105669091706,0.02545));
#4091=CARTESIAN_POINT('',(0.0257252424490303,0.0278105669091706,0.02545));
#4092=CARTESIAN_POINT('',(0.0253408950268287,0.0278105669091706,0.02545));
#4093=CARTESIAN_POINT('',(0.0251301425883708,0.0275109849305362,0.02545));
#4094=CARTESIAN_POINT('',(0.0263278899176787,0.0275092431748464,0.02545));
#4095=CARTESIAN_POINT('',(0.0263278899176787,0.0275092431748464,0.02645));
#4096=CARTESIAN_POINT('',(0.0261854530079404,0.0277101256643959,0.02545));
#4097=CARTESIAN_POINT('',(0.0261854530079404,0.0277101256643959,0.02645));
#4098=CARTESIAN_POINT('',(0.0259845705183909,0.0278105669091706,0.02545));
#4099=CARTESIAN_POINT('',(0.0259845705183909,0.0278105669091706,0.02645));
#4100=CARTESIAN_POINT('',(0.0257252424490303,0.0278105669091706,0.02545));
#4101=CARTESIAN_POINT('',(0.0257252424490303,0.0278105669091706,0.02645));
#4102=CARTESIAN_POINT('',(0.0263278899176787,0.0275092431748464,0.02645));
#4103=CARTESIAN_POINT('',(0.0261142345530712,0.0278105669091706,0.02645));
#4104=CARTESIAN_POINT('',(0.0257252424490303,0.0278105669091706,0.02645));
#4105=CARTESIAN_POINT('',(0.0263278899176787,0.0275092431748464,0.02645));
#4106=CARTESIAN_POINT('',(0.0263278899176787,0.0275092431748464,0.02545));
#4107=CARTESIAN_POINT('',(0.0263278899176787,0.0275092431748464,0.02545));
#4108=CARTESIAN_POINT('',(0.0263278899176787,0.0275092431748464,0.02545));
#4109=CARTESIAN_POINT('',(0.0261142345530712,0.0278105669091706,0.02545));
#4110=CARTESIAN_POINT('',(0.0257252424490303,0.0278105669091706,0.02545));
#4111=CARTESIAN_POINT('',(0.0265415452822862,0.0266598469834855,0.02545));
#4112=CARTESIAN_POINT('',(0.0265415452822862,0.0266598469834855,0.02645));
#4113=CARTESIAN_POINT('',(0.0265415452822862,0.02702522862151,0.02545));
#4114=CARTESIAN_POINT('',(0.0265415452822862,0.02702522862151,0.02645));
#4115=CARTESIAN_POINT('',(0.0264703268274171,0.0273083606852969,0.02545));
#4116=CARTESIAN_POINT('',(0.0264703268274171,0.0273083606852969,0.02645));
#4117=CARTESIAN_POINT('',(0.0263278899176787,0.0275092431748464,0.02545));
#4118=CARTESIAN_POINT('',(0.0263278899176787,0.0275092431748464,0.02645));
#4119=CARTESIAN_POINT('',(0.0265415452822862,0.0266598469834855,0.02645));
#4120=CARTESIAN_POINT('',(0.0265415452822862,0.0272079194405222,0.02645));
#4121=CARTESIAN_POINT('',(0.0263278899176787,0.0275092431748464,0.02645));
#4122=CARTESIAN_POINT('',(0.0265415452822862,0.0266598469834855,0.02645));
#4123=CARTESIAN_POINT('',(0.0265415452822862,0.0266598469834855,0.02545));
#4124=CARTESIAN_POINT('',(0.0265415452822862,0.0266598469834855,0.02545));
#4125=CARTESIAN_POINT('',(0.0265415452822862,0.0266598469834855,0.02545));
#4126=CARTESIAN_POINT('',(0.0265415452822862,0.0272079194405222,0.02545));
#4127=CARTESIAN_POINT('',(0.0263278899176787,0.0275092431748464,0.02545));
#4128=CARTESIAN_POINT('',(0.0263278899176787,0.0257256853485575,0.02545));
#4129=CARTESIAN_POINT('',(0.0263278899176787,0.0257256853485575,0.02645));
#4130=CARTESIAN_POINT('',(0.0264703268274171,0.0259203749289879,0.02545));
#4131=CARTESIAN_POINT('',(0.0264703268274171,0.0259203749289879,0.02645));
#4132=CARTESIAN_POINT('',(0.0265415452822862,0.0262317621406306,0.02545));
#4133=CARTESIAN_POINT('',(0.0265415452822862,0.0262317621406306,0.02645));
#4134=CARTESIAN_POINT('',(0.0265415452822862,0.0266598469834855,0.02545));
#4135=CARTESIAN_POINT('',(0.0265415452822862,0.0266598469834855,0.02645));
#4136=CARTESIAN_POINT('',(0.0263278899176787,0.0257256853485575,0.02645));
#4137=CARTESIAN_POINT('',(0.0265415452822862,0.0260177197192031,0.02645));
#4138=CARTESIAN_POINT('',(0.0265415452822862,0.0266598469834855,0.02645));
#4139=CARTESIAN_POINT('',(0.0263278899176787,0.0257256853485575,0.02645));
#4140=CARTESIAN_POINT('',(0.0263278899176787,0.0257256853485575,0.02545));
#4141=CARTESIAN_POINT('',(0.0263278899176787,0.0257256853485575,0.02545));
#4142=CARTESIAN_POINT('',(0.0263278899176787,0.0257256853485575,0.02545));
#4143=CARTESIAN_POINT('',(0.0265415452822862,0.0260177197192031,0.02545));
#4144=CARTESIAN_POINT('',(0.0265415452822862,0.0266598469834855,0.02545));
#4145=CARTESIAN_POINT('',(0.0257322094717893,0.0254336509779119,0.02545));
#4146=CARTESIAN_POINT('',(0.0257322094717893,0.0254336509779119,0.02645));
#4147=CARTESIAN_POINT('',(0.0259868928593106,0.0254336509779119,0.02545));
#4148=CARTESIAN_POINT('',(0.0259868928593106,0.0254336509779119,0.02645));
#4149=CARTESIAN_POINT('',(0.0261854530079404,0.0255309957681271,0.02545));
#4150=CARTESIAN_POINT('',(0.0261854530079404,0.0255309957681271,0.02645));
#4151=CARTESIAN_POINT('',(0.0263278899176787,0.0257256853485575,0.02545));
#4152=CARTESIAN_POINT('',(0.0263278899176787,0.0257256853485575,0.02645));
#4153=CARTESIAN_POINT('',(0.0257322094717893,0.0254336509779119,0.02645));
#4154=CARTESIAN_POINT('',(0.0261142345530712,0.0254336509779119,0.02645));
#4155=CARTESIAN_POINT('',(0.0263278899176787,0.0257256853485575,0.02645));
#4156=CARTESIAN_POINT('',(0.0257322094717893,0.0254336509779119,0.02645));
#4157=CARTESIAN_POINT('',(0.0257322094717893,0.0254336509779119,0.02545));
#4158=CARTESIAN_POINT('',(0.0257322094717893,0.0254336509779119,0.02545));
#4159=CARTESIAN_POINT('',(0.0257322094717893,0.0254336509779119,0.02545));
#4160=CARTESIAN_POINT('',(0.0261142345530712,0.0254336509779119,0.02545));
#4161=CARTESIAN_POINT('',(0.0263278899176787,0.0257256853485575,0.02545));
#4162=CARTESIAN_POINT('',(0.0238708532246922,0.0266598469834855,0.02545));
#4163=CARTESIAN_POINT('',(0.0238708532246922,0.0266598469834855,0.02645));
#4164=CARTESIAN_POINT('',(0.0238708532246922,0.0270492261443463,0.02545));
#4165=CARTESIAN_POINT('',(0.0238708532246922,0.0270492261443463,0.02645));
#4166=CARTESIAN_POINT('',(0.0239459422477608,0.0273964161118336,0.02545));
#4167=CARTESIAN_POINT('',(0.0239459422477608,0.0273964161118336,0.02645));
#4168=CARTESIAN_POINT('',(0.0240961202938979,0.0277014168859472,0.02545));
#4169=CARTESIAN_POINT('',(0.0240961202938979,0.0277014168859472,0.02645));
#4170=CARTESIAN_POINT('',(0.0238708532246922,0.0266598469834855,0.02545));
#4171=CARTESIAN_POINT('',(0.0238708532246922,0.0266598469834855,0.02545));
#4172=CARTESIAN_POINT('',(0.0238708532246922,0.0266598469834855,0.02545));
#4173=CARTESIAN_POINT('',(0.0238708532246922,0.0272439157247767,0.02545));
#4174=CARTESIAN_POINT('',(0.0240961202938979,0.0277014168859472,0.02545));
#4175=CARTESIAN_POINT('',(0.0240961202938979,0.0277014168859472,0.02545));
#4176=CARTESIAN_POINT('',(0.0240961202938979,0.0277014168859472,0.02545));
#4177=CARTESIAN_POINT('',(0.0238708532246922,0.0266360429890591,0.02545));
#4178=CARTESIAN_POINT('',(0.0238708532246922,0.0266122389946328,0.02545));
#4179=CARTESIAN_POINT('',(0.0238708532246922,0.0266122389946328,0.02545));
#4180=CARTESIAN_POINT('',(0.0238708532246922,0.0266360429890591,0.02545));
#4181=CARTESIAN_POINT('',(0.0243771235451752,0.0251317466583578,0.02545));
#4182=CARTESIAN_POINT('',(0.0243771235451752,0.0251317466583578,0.02645));
#4183=CARTESIAN_POINT('',(0.0240396099981866,0.0254948059554626,0.02545));
#4184=CARTESIAN_POINT('',(0.0240396099981866,0.0254948059554626,0.02645));
#4185=CARTESIAN_POINT('',(0.0238708532246922,0.0259883034008876,0.02545));
#4186=CARTESIAN_POINT('',(0.0238708532246922,0.0259883034008876,0.02645));
#4187=CARTESIAN_POINT('',(0.0238708532246922,0.0266122389946328,0.02545));
#4188=CARTESIAN_POINT('',(0.0238708532246922,0.0266122389946328,0.02645));
#4189=CARTESIAN_POINT('',(0.0243771235451752,0.0251317466583578,0.02545));
#4190=CARTESIAN_POINT('',(0.0243771235451752,0.0251317466583578,0.02545));
#4191=CARTESIAN_POINT('',(0.0243771235451752,0.0251317466583578,0.02545));
#4192=CARTESIAN_POINT('',(0.0238708532246922,0.025676335604015,0.02545));
#4193=CARTESIAN_POINT('',(0.0238708532246922,0.0266122389946328,0.02545));
#4194=CARTESIAN_POINT('',(0.0257327900570191,0.0245871577127005,0.02545));
#4195=CARTESIAN_POINT('',(0.0257327900570191,0.0245871577127005,0.02645));
#4196=CARTESIAN_POINT('',(0.0251665259294453,0.0245871577127005,0.02545));
#4197=CARTESIAN_POINT('',(0.0251665259294453,0.0245871577127005,0.02645));
#4198=CARTESIAN_POINT('',(0.024714637092164,0.024768687361253,0.02545));
#4199=CARTESIAN_POINT('',(0.024714637092164,0.024768687361253,0.02645));
#4200=CARTESIAN_POINT('',(0.0243771235451752,0.0251317466583578,0.02545));
#4201=CARTESIAN_POINT('',(0.0243771235451752,0.0251317466583578,0.02645));
#4202=CARTESIAN_POINT('',(0.0257327900570191,0.0245871577127005,0.02545));
#4203=CARTESIAN_POINT('',(0.0257327900570191,0.0245871577127005,0.02545));
#4204=CARTESIAN_POINT('',(0.0257327900570191,0.0245871577127005,0.02545));
#4205=CARTESIAN_POINT('',(0.0248833938656583,0.0245871577127005,0.02545));
#4206=CARTESIAN_POINT('',(0.0243771235451752,0.0251317466583578,0.02545));
#4207=CARTESIAN_POINT('',(0.0270861342279435,0.0251334884140475,0.02545));
#4208=CARTESIAN_POINT('',(0.0270861342279435,0.0251334884140475,0.02645));
#4209=CARTESIAN_POINT('',(0.0267501689082345,0.0247692679464829,0.02545));
#4210=CARTESIAN_POINT('',(0.0267501689082345,0.0247692679464829,0.02645));
#4211=CARTESIAN_POINT('',(0.0262990541845931,0.0245871577127005,0.02545));
#4212=CARTESIAN_POINT('',(0.0262990541845931,0.0245871577127005,0.02645));
#4213=CARTESIAN_POINT('',(0.0257327900570191,0.0245871577127005,0.02545));
#4214=CARTESIAN_POINT('',(0.0257327900570191,0.0245871577127005,0.02645));
#4215=CARTESIAN_POINT('',(0.0270861342279435,0.0251334884140475,0.02545));
#4216=CARTESIAN_POINT('',(0.0270861342279435,0.0251334884140475,0.02545));
#4217=CARTESIAN_POINT('',(0.0270861342279435,0.0251334884140475,0.02545));
#4218=CARTESIAN_POINT('',(0.02658218624838,0.0245871577127005,0.02545));
#4219=CARTESIAN_POINT('',(0.0257327900570191,0.0245871577127005,0.02545));
#4220=CARTESIAN_POINT('',(0.0275900822075069,0.0265832097331371,0.02545));
#4221=CARTESIAN_POINT('',(0.0275900822075069,0.0265832097331371,0.02645));
#4222=CARTESIAN_POINT('',(0.0275900822075069,0.0259809493213087,0.02545));
#4223=CARTESIAN_POINT('',(0.0275900822075069,0.0259809493213087,0.02645));
#4224=CARTESIAN_POINT('',(0.0274220995476524,0.0254977088816122,0.02545));
#4225=CARTESIAN_POINT('',(0.0274220995476524,0.0254977088816122,0.02645));
#4226=CARTESIAN_POINT('',(0.0270861342279435,0.0251334884140475,0.02545));
#4227=CARTESIAN_POINT('',(0.0270861342279435,0.0251334884140475,0.02645));
#4228=CARTESIAN_POINT('',(0.0275900822075069,0.0265832097331371,0.02545));
#4229=CARTESIAN_POINT('',(0.0275900822075069,0.0265832097331371,0.02545));
#4230=CARTESIAN_POINT('',(0.0275900822075069,0.0265832097331371,0.02545));
#4231=CARTESIAN_POINT('',(0.0275900822075069,0.0256798191153945,0.02545));
#4232=CARTESIAN_POINT('',(0.0270861342279435,0.0251334884140475,0.02545));
#4233=CARTESIAN_POINT('',(0.0275865986961274,0.0267179055064767,0.02545));
#4234=CARTESIAN_POINT('',(0.0275831151847479,0.0268526012798162,0.02545));
#4235=CARTESIAN_POINT('',(0.0275831151847479,0.0268526012798162,0.02545));
#4236=CARTESIAN_POINT('',(0.0275865986961274,0.0267179055064767,0.02545));
#4237=CARTESIAN_POINT('',(0.0270228504378831,0.0281728520926356,0.02545));
#4238=CARTESIAN_POINT('',(0.0270228504378831,0.0281728520926356,0.02645));
#4239=CARTESIAN_POINT('',(0.0273576545871322,0.0278484984775249,0.02545));
#4240=CARTESIAN_POINT('',(0.0273576545871322,0.0278484984775249,0.02645));
#4241=CARTESIAN_POINT('',(0.0275444095027538,0.0274084148732517,0.02545));
#4242=CARTESIAN_POINT('',(0.0275444095027538,0.0274084148732517,0.02645));
#4243=CARTESIAN_POINT('',(0.0275831151847479,0.0268526012798162,0.02545));
#4244=CARTESIAN_POINT('',(0.0275831151847479,0.0268526012798162,0.02645));
#4245=CARTESIAN_POINT('',(0.0270228504378831,0.0281728520926356,0.02545));
#4246=CARTESIAN_POINT('',(0.0270228504378831,0.0281728520926356,0.02545));
#4247=CARTESIAN_POINT('',(0.0270228504378831,0.0281728520926356,0.02545));
#4248=CARTESIAN_POINT('',(0.0275250566617567,0.0276863216699695,0.02545));
#4249=CARTESIAN_POINT('',(0.0275831151847479,0.0268526012798162,0.02545));
#4250=CARTESIAN_POINT('',(0.0257252424490303,0.0286593825153016,0.02545));
#4251=CARTESIAN_POINT('',(0.0257252424490303,0.0286593825153016,0.02645));
#4252=CARTESIAN_POINT('',(0.0262555102923497,0.0286593825153016,0.02545));
#4253=CARTESIAN_POINT('',(0.0262555102923497,0.0286593825153016,0.02645));
#4254=CARTESIAN_POINT('',(0.026688046288634,0.0284972057077462,0.02545));
#4255=CARTESIAN_POINT('',(0.026688046288634,0.0284972057077462,0.02645));
#4256=CARTESIAN_POINT('',(0.0270228504378831,0.0281728520926356,0.02545));
#4257=CARTESIAN_POINT('',(0.0270228504378831,0.0281728520926356,0.02645));
#4258=CARTESIAN_POINT('',(0.0257252424490303,0.0286593825153016,0.02545));
#4259=CARTESIAN_POINT('',(0.0257252424490303,0.0286593825153016,0.02545));
#4260=CARTESIAN_POINT('',(0.0257252424490303,0.0286593825153016,0.02545));
#4261=CARTESIAN_POINT('',(0.0265206442140094,0.0286593825153016,0.02545));
#4262=CARTESIAN_POINT('',(0.0270228504378831,0.0281728520926356,0.02545));
#4263=CARTESIAN_POINT('',(0.0247440534104795,0.0284091502812096,0.02545));
#4264=CARTESIAN_POINT('',(0.0247440534104795,0.0284091502812096,0.02645));
#4265=CARTESIAN_POINT('',(0.0250258307753966,0.0285759717706043,0.02545));
#4266=CARTESIAN_POINT('',(0.0250258307753966,0.0285759717706043,0.02645));
#4267=CARTESIAN_POINT('',(0.0253528937882469,0.0286593825153016,0.02545));
#4268=CARTESIAN_POINT('',(0.0253528937882469,0.0286593825153016,0.02645));
#4269=CARTESIAN_POINT('',(0.0257252424490303,0.0286593825153016,0.02545));
#4270=CARTESIAN_POINT('',(0.0257252424490303,0.0286593825153016,0.02645));
#4271=CARTESIAN_POINT('',(0.0247440534104795,0.0284091502812096,0.02545));
#4272=CARTESIAN_POINT('',(0.0247440534104795,0.0284091502812096,0.02545));
#4273=CARTESIAN_POINT('',(0.0247440534104795,0.0284091502812096,0.02545));
#4274=CARTESIAN_POINT('',(0.0251667194578552,0.0286593825153016,0.02545));
#4275=CARTESIAN_POINT('',(0.0257252424490303,0.0286593825153016,0.02545));
#4276=CARTESIAN_POINT('',(0.0255824773181923,0.0269933608498911,0.02545));
#4277=CARTESIAN_POINT('',(0.0255824773181923,0.0269933608498911,0.02545));
#4278=CARTESIAN_POINT('',(0.0251301425883708,0.025729168859937,0.02545));
#4279=CARTESIAN_POINT('',(0.0251301425883708,0.025729168859937,0.02645));
#4280=CARTESIAN_POINT('',(0.0252706442140094,0.0255321569385869,0.02545));
#4281=CARTESIAN_POINT('',(0.0252706442140094,0.0255321569385869,0.02645));
#4282=CARTESIAN_POINT('',(0.0254713331751489,0.0254336509779119,0.02545));
#4283=CARTESIAN_POINT('',(0.0254713331751489,0.0254336509779119,0.02645));
#4284=CARTESIAN_POINT('',(0.0257322094717893,0.0254336509779119,0.02545));
#4285=CARTESIAN_POINT('',(0.0257322094717893,0.0254336509779119,0.02645));
#4286=CARTESIAN_POINT('',(0.0251301425883708,0.025729168859937,0.02645));
#4287=CARTESIAN_POINT('',(0.0253408950268287,0.0254336509779119,0.02645));
#4288=CARTESIAN_POINT('',(0.0257322094717893,0.0254336509779119,0.02645));
#4289=CARTESIAN_POINT('',(0.0251301425883708,0.025729168859937,0.02545));
#4290=CARTESIAN_POINT('',(0.0253408950268287,0.0254336509779119,0.02545));
#4291=CARTESIAN_POINT('',(0.0257322094717893,0.0254336509779119,0.02545));
#4292=CARTESIAN_POINT('',(-0.00170437052558439,0.010016044985772,0.02545));
#4293=CARTESIAN_POINT('',(0.0425302819288259,0.0273652580378283,0.02545));
#4294=CARTESIAN_POINT('',(0.0421674161601311,0.0261442872993239,0.02545));
#4295=CARTESIAN_POINT('',(0.0421674161601311,0.0261442872993239,0.02545));
#4296=CARTESIAN_POINT('',(0.0425302819288259,0.0273652580378283,0.02545));
#4297=CARTESIAN_POINT('',(0.0428931476975208,0.0285862287763327,0.02545));
#4298=CARTESIAN_POINT('',(0.0428931476975208,0.0285862287763327,0.02545));
#4299=CARTESIAN_POINT('',(0.0418028086357465,0.0273652580378283,0.02545));
#4300=CARTESIAN_POINT('',(0.041438201111362,0.0285862287763327,0.02545));
#4301=CARTESIAN_POINT('',(0.041438201111362,0.0285862287763327,0.02545));
#4302=CARTESIAN_POINT('',(0.0418028086357465,0.0273652580378283,0.02545));
#4303=CARTESIAN_POINT('',(0.0408738722678877,0.0285862287763327,0.02545));
#4304=CARTESIAN_POINT('',(0.0403095434244135,0.0285862287763327,0.02545));
#4305=CARTESIAN_POINT('',(0.0403095434244135,0.0285862287763327,0.02545));
#4306=CARTESIAN_POINT('',(0.0408738722678877,0.0285862287763327,0.02545));
#4307=CARTESIAN_POINT('',(0.040997536921859,0.0266180448469319,0.02545));
#4308=CARTESIAN_POINT('',(0.0416855304193043,0.0246498609175311,0.02545));
#4309=CARTESIAN_POINT('',(0.0416855304193043,0.0246498609175311,0.02545));
#4310=CARTESIAN_POINT('',(0.040997536921859,0.0266180448469319,0.02545));
#4311=CARTESIAN_POINT('',(0.0416239883849337,0.0244878776383856,0.02545));
#4312=CARTESIAN_POINT('',(0.041562446350563,0.0243258943592403,0.02545));
#4313=CARTESIAN_POINT('',(0.041562446350563,0.0243258943592403,0.02545));
#4314=CARTESIAN_POINT('',(0.0416239883849337,0.0244878776383856,0.02545));
#4315=CARTESIAN_POINT('',(0.0413319540142881,0.024025151210146,0.02545));
#4316=CARTESIAN_POINT('',(0.0413319540142881,0.024025151210146,0.02645));
#4317=CARTESIAN_POINT('',(0.0414298793897332,0.0240855320740568,0.02545));
#4318=CARTESIAN_POINT('',(0.0414298793897332,0.0240855320740568,0.02645));
#4319=CARTESIAN_POINT('',(0.0415067101684915,0.0241857797904216,0.02545));
#4320=CARTESIAN_POINT('',(0.0415067101684915,0.0241857797904216,0.02645));
#4321=CARTESIAN_POINT('',(0.041562446350563,0.0243258943592403,0.02545));
#4322=CARTESIAN_POINT('',(0.041562446350563,0.0243258943592403,0.02645));
#4323=CARTESIAN_POINT('',(0.0413319540142881,0.024025151210146,0.02545));
#4324=CARTESIAN_POINT('',(0.0413319540142881,0.024025151210146,0.02545));
#4325=CARTESIAN_POINT('',(0.0413319540142881,0.024025151210146,0.02545));
#4326=CARTESIAN_POINT('',(0.0414788420774558,0.0241157225060122,0.02545));
#4327=CARTESIAN_POINT('',(0.041562446350563,0.0243258943592403,0.02545));
#4328=CARTESIAN_POINT('',(0.0408866451429458,0.0239345799142798,0.02545));
#4329=CARTESIAN_POINT('',(0.0408866451429458,0.0239345799142798,0.02645));
#4330=CARTESIAN_POINT('',(0.0410855923483956,0.0239345799142798,0.02545));
#4331=CARTESIAN_POINT('',(0.0410855923483956,0.0239345799142798,0.02645));
#4332=CARTESIAN_POINT('',(0.041234028638843,0.0239647703462352,0.02545));
#4333=CARTESIAN_POINT('',(0.041234028638843,0.0239647703462352,0.02645));
#4334=CARTESIAN_POINT('',(0.0413319540142881,0.024025151210146,0.02545));
#4335=CARTESIAN_POINT('',(0.0413319540142881,0.024025151210146,0.02645));
#4336=CARTESIAN_POINT('',(0.0408866451429458,0.0239345799142798,0.02545));
#4337=CARTESIAN_POINT('',(0.0408866451429458,0.0239345799142798,0.02545));
#4338=CARTESIAN_POINT('',(0.0408866451429458,0.0239345799142798,0.02545));
#4339=CARTESIAN_POINT('',(0.0411850659511204,0.0239345799142798,0.02545));
#4340=CARTESIAN_POINT('',(0.0413319540142881,0.024025151210146,0.02545));
#4341=CARTESIAN_POINT('',(0.0408071049664478,0.0239363216699695,0.02545));
#4342=CARTESIAN_POINT('',(0.04072756478995,0.0239380634256592,0.02545));
#4343=CARTESIAN_POINT('',(0.04072756478995,0.0239380634256592,0.02545));
#4344=CARTESIAN_POINT('',(0.0408071049664478,0.0239363216699695,0.02545));
#4345=CARTESIAN_POINT('',(0.04072756478995,0.0235409431283996,0.02545));
#4346=CARTESIAN_POINT('',(0.04072756478995,0.0231440540040954,0.02545));
#4347=CARTESIAN_POINT('',(0.04072756478995,0.0231440540040954,0.02545));
#4348=CARTESIAN_POINT('',(0.04072756478995,0.0235409431283996,0.02545));
#4349=CARTESIAN_POINT('',(0.0412010427679033,0.0247074360177748,0.02545));
#4350=CARTESIAN_POINT('',(0.0411920329738793,0.0230741526035506,0.02545));
#4351=CARTESIAN_POINT('',(0.0411920329738793,0.0230741526035506,0.02545));
#4352=CARTESIAN_POINT('',(0.0412010427679033,0.0247074360177748,0.02545));
#4353=CARTESIAN_POINT('',(0.0423532034337029,0.0238440086184135,0.02545));
#4354=CARTESIAN_POINT('',(0.0423532034337029,0.0238440086184135,0.02645));
#4355=CARTESIAN_POINT('',(0.0421186470008185,0.0233307712751715,0.02545));
#4356=CARTESIAN_POINT('',(0.0421186470008185,0.0233307712751715,0.02645));
#4357=CARTESIAN_POINT('',(0.0417315901808774,0.0230741526035505,0.02545));
#4358=CARTESIAN_POINT('',(0.0417315901808774,0.0230741526035505,0.02645));
#4359=CARTESIAN_POINT('',(0.0411920329738793,0.0230741526035506,0.02545));
#4360=CARTESIAN_POINT('',(0.0411920329738793,0.0230741526035506,0.02645));
#4361=CARTESIAN_POINT('',(0.0423532034337029,0.0238440086184135,0.02545));
#4362=CARTESIAN_POINT('',(0.0423532034337029,0.0238440086184135,0.02545));
#4363=CARTESIAN_POINT('',(0.0423532034337029,0.0238440086184135,0.02545));
#4364=CARTESIAN_POINT('',(0.0420013687843764,0.0230741526035506,0.02545));
#4365=CARTESIAN_POINT('',(0.0411920329738793,0.0230741526035506,0.02545));
#4366=CARTESIAN_POINT('',(0.0423967473259463,0.0239473527893378,0.02545));
#4367=CARTESIAN_POINT('',(0.0424402912181897,0.0240506969602621,0.02545));
#4368=CARTESIAN_POINT('',(0.0424402912181897,0.0240506969602621,0.02545));
#4369=CARTESIAN_POINT('',(0.0423967473259463,0.0239473527893378,0.02545));
#4370=CARTESIAN_POINT('',(0.0432293065456397,0.0263184628682974,0.02545));
#4371=CARTESIAN_POINT('',(0.0440183218730898,0.0285862287763327,0.02545));
#4372=CARTESIAN_POINT('',(0.0440183218730898,0.0285862287763327,0.02545));
#4373=CARTESIAN_POINT('',(0.0432293065456397,0.0263184628682974,0.02545));
#4374=CARTESIAN_POINT('',(0.0434557347853053,0.0285862287763327,0.02545));
#4375=CARTESIAN_POINT('',(0.0434557347853053,0.0285862287763327,0.02545));
#4376=CARTESIAN_POINT('',(-0.00170437052558439,0.010016044985772,0.02545));
#4377=CARTESIAN_POINT('',(0.0334081267964525,0.0264746402951436,0.02545));
#4378=CARTESIAN_POINT('',(0.0336908718034196,0.0267794475408474,0.02545));
#4379=CARTESIAN_POINT('',(0.0336908718034196,0.0267794475408474,0.02545));
#4380=CARTESIAN_POINT('',(0.0334081267964525,0.0264746402951436,0.02545));
#4381=CARTESIAN_POINT('',(0.0331253817894855,0.02616983304944,0.02545));
#4382=CARTESIAN_POINT('',(0.0331253817894855,0.02616983304944,0.02545));
#4383=CARTESIAN_POINT('',(0.0343695759371864,0.0257198794962584,0.02545));
#4384=CARTESIAN_POINT('',(0.0350482800709532,0.0246603114516694,0.02545));
#4385=CARTESIAN_POINT('',(0.0350482800709532,0.0246603114516694,0.02545));
#4386=CARTESIAN_POINT('',(0.0343695759371864,0.0257198794962584,0.02545));
#4387=CARTESIAN_POINT('',(0.0356962131875347,0.0246603114516694,0.02545));
#4388=CARTESIAN_POINT('',(0.0363441463041162,0.0246603114516694,0.02545));
#4389=CARTESIAN_POINT('',(0.0363441463041162,0.0246603114516694,0.02545));
#4390=CARTESIAN_POINT('',(0.0356962131875347,0.0246603114516694,0.02545));
#4391=CARTESIAN_POINT('',(0.035378633066773,0.0261280309128864,0.02545));
#4392=CARTESIAN_POINT('',(0.0344131198294298,0.0275957503741033,0.02545));
#4393=CARTESIAN_POINT('',(0.0344131198294298,0.0275957503741033,0.02545));
#4394=CARTESIAN_POINT('',(0.035378633066773,0.0261280309128864,0.02545));
#4395=CARTESIAN_POINT('',(0.0353513455609671,0.0287696937089848,0.02545));
#4396=CARTESIAN_POINT('',(0.0362895712925046,0.0299436370438664,0.02545));
#4397=CARTESIAN_POINT('',(0.0362895712925046,0.0299436370438664,0.02545));
#4398=CARTESIAN_POINT('',(0.0353513455609671,0.0287696937089848,0.02545));
#4399=CARTESIAN_POINT('',(0.0356201565224163,0.0299436370438664,0.02545));
#4400=CARTESIAN_POINT('',(0.0349507417523281,0.0299436370438664,0.02545));
#4401=CARTESIAN_POINT('',(0.0349507417523281,0.0299436370438664,0.02545));
#4402=CARTESIAN_POINT('',(0.0356201565224163,0.0299436370438664,0.02545));
#4403=CARTESIAN_POINT('',(0.0342772628856304,0.0290745009546885,0.02545));
#4404=CARTESIAN_POINT('',(0.0336037840189328,0.0282053648655106,0.02545));
#4405=CARTESIAN_POINT('',(0.0336037840189328,0.0282053648655106,0.02545));
#4406=CARTESIAN_POINT('',(0.0342772628856304,0.0290745009546885,0.02545));
#4407=CARTESIAN_POINT('',(0.0333645829042091,0.0278773342106104,0.02545));
#4408=CARTESIAN_POINT('',(0.0331253817894855,0.0275493035557103,0.02545));
#4409=CARTESIAN_POINT('',(0.0331253817894855,0.0275493035557103,0.02545));
#4410=CARTESIAN_POINT('',(0.0333645829042091,0.0278773342106104,0.02545));
#4411=CARTESIAN_POINT('',(0.0331253817894855,0.0287464702997884,0.02545));
#4412=CARTESIAN_POINT('',(0.0331253817894855,0.0299436370438664,0.02545));
#4413=CARTESIAN_POINT('',(0.0331253817894855,0.0299436370438664,0.02545));
#4414=CARTESIAN_POINT('',(0.0331253817894855,0.0287464702997884,0.02545));
#4415=CARTESIAN_POINT('',(0.0325807928438282,0.0299436370438664,0.02545));
#4416=CARTESIAN_POINT('',(0.0320362038981711,0.0299436370438664,0.02545));
#4417=CARTESIAN_POINT('',(0.0320362038981711,0.0299436370438664,0.02545));
#4418=CARTESIAN_POINT('',(0.0325807928438282,0.0299436370438664,0.02545));
#4419=CARTESIAN_POINT('',(0.0320362038981711,0.0273019742477679,0.02545));
#4420=CARTESIAN_POINT('',(0.0320362038981711,0.0246603114516694,0.02545));
#4421=CARTESIAN_POINT('',(0.0320362038981711,0.0246603114516694,0.02545));
#4422=CARTESIAN_POINT('',(0.0320362038981711,0.0273019742477679,0.02545));
#4423=CARTESIAN_POINT('',(0.0325807928438282,0.0246603114516694,0.02545));
#4424=CARTESIAN_POINT('',(0.0331253817894855,0.0246603114516694,0.02545));
#4425=CARTESIAN_POINT('',(0.0331253817894855,0.0246603114516694,0.02545));
#4426=CARTESIAN_POINT('',(0.0325807928438282,0.0246603114516694,0.02545));
#4427=CARTESIAN_POINT('',(0.0331253817894855,0.0254150722505547,0.02545));
#4428=CARTESIAN_POINT('',(0.0331253817894855,0.0254150722505547,0.02545));
#4429=CARTESIAN_POINT('',(-0.00170437052558439,0.010016044985772,0.02545));
#4430=CARTESIAN_POINT('',(0.0300651170426206,0.0273652580378283,0.02545));
#4431=CARTESIAN_POINT('',(0.0297022512739258,0.0261442872993239,0.02545));
#4432=CARTESIAN_POINT('',(0.0297022512739258,0.0261442872993239,0.02545));
#4433=CARTESIAN_POINT('',(0.0300651170426206,0.0273652580378283,0.02545));
#4434=CARTESIAN_POINT('',(0.0304279828113155,0.0285862287763327,0.02545));
#4435=CARTESIAN_POINT('',(0.0304279828113155,0.0285862287763327,0.02545));
#4436=CARTESIAN_POINT('',(0.0293376437495412,0.0273652580378283,0.02545));
#4437=CARTESIAN_POINT('',(0.0289730362251567,0.0285862287763327,0.02545));
#4438=CARTESIAN_POINT('',(0.0289730362251567,0.0285862287763327,0.02545));
#4439=CARTESIAN_POINT('',(0.0293376437495412,0.0273652580378283,0.02545));
#4440=CARTESIAN_POINT('',(0.0284087073816824,0.0285862287763327,0.02545));
#4441=CARTESIAN_POINT('',(0.0278443785382082,0.0285862287763327,0.02545));
#4442=CARTESIAN_POINT('',(0.0278443785382082,0.0285862287763327,0.02545));
#4443=CARTESIAN_POINT('',(0.0284087073816824,0.0285862287763327,0.02545));
#4444=CARTESIAN_POINT('',(0.0285323720356537,0.0266180448469319,0.02545));
#4445=CARTESIAN_POINT('',(0.0292203655330991,0.0246498609175311,0.02545));
#4446=CARTESIAN_POINT('',(0.0292203655330991,0.0246498609175311,0.02545));
#4447=CARTESIAN_POINT('',(0.0285323720356537,0.0266180448469319,0.02545));
#4448=CARTESIAN_POINT('',(0.0291588234987284,0.0244878776383856,0.02545));
#4449=CARTESIAN_POINT('',(0.0290972814643577,0.0243258943592403,0.02545));
#4450=CARTESIAN_POINT('',(0.0290972814643577,0.0243258943592403,0.02545));
#4451=CARTESIAN_POINT('',(0.0291588234987284,0.0244878776383856,0.02545));
#4452=CARTESIAN_POINT('',(0.0288667891280828,0.024025151210146,0.02545));
#4453=CARTESIAN_POINT('',(0.0288667891280828,0.024025151210146,0.02645));
#4454=CARTESIAN_POINT('',(0.0289647145035279,0.0240855320740568,0.02545));
#4455=CARTESIAN_POINT('',(0.0289647145035279,0.0240855320740568,0.02645));
#4456=CARTESIAN_POINT('',(0.0290415452822863,0.0241857797904216,0.02545));
#4457=CARTESIAN_POINT('',(0.0290415452822863,0.0241857797904216,0.02645));
#4458=CARTESIAN_POINT('',(0.0290972814643577,0.0243258943592403,0.02545));
#4459=CARTESIAN_POINT('',(0.0290972814643577,0.0243258943592403,0.02645));
#4460=CARTESIAN_POINT('',(0.0288667891280828,0.024025151210146,0.02545));
#4461=CARTESIAN_POINT('',(0.0288667891280828,0.024025151210146,0.02545));
#4462=CARTESIAN_POINT('',(0.0288667891280828,0.024025151210146,0.02545));
#4463=CARTESIAN_POINT('',(0.0290136771912505,0.0241157225060122,0.02545));
#4464=CARTESIAN_POINT('',(0.0290972814643577,0.0243258943592403,0.02545));
#4465=CARTESIAN_POINT('',(0.0284214802567405,0.0239345799142798,0.02545));
#4466=CARTESIAN_POINT('',(0.0284214802567405,0.0239345799142798,0.02645));
#4467=CARTESIAN_POINT('',(0.0286204274621903,0.0239345799142798,0.02545));
#4468=CARTESIAN_POINT('',(0.0286204274621903,0.0239345799142798,0.02645));
#4469=CARTESIAN_POINT('',(0.0287688637526377,0.0239647703462352,0.02545));
#4470=CARTESIAN_POINT('',(0.0287688637526377,0.0239647703462352,0.02645));
#4471=CARTESIAN_POINT('',(0.0288667891280828,0.024025151210146,0.02545));
#4472=CARTESIAN_POINT('',(0.0288667891280828,0.024025151210146,0.02645));
#4473=CARTESIAN_POINT('',(0.0284214802567405,0.0239345799142798,0.02545));
#4474=CARTESIAN_POINT('',(0.0284214802567405,0.0239345799142798,0.02545));
#4475=CARTESIAN_POINT('',(0.0284214802567405,0.0239345799142798,0.02545));
#4476=CARTESIAN_POINT('',(0.0287199010649151,0.0239345799142798,0.02545));
#4477=CARTESIAN_POINT('',(0.0288667891280828,0.024025151210146,0.02545));
#4478=CARTESIAN_POINT('',(0.0283419400802426,0.0239363216699695,0.02545));
#4479=CARTESIAN_POINT('',(0.0282623999037446,0.0239380634256592,0.02545));
#4480=CARTESIAN_POINT('',(0.0282623999037446,0.0239380634256592,0.02545));
#4481=CARTESIAN_POINT('',(0.0283419400802426,0.0239363216699695,0.02545));
#4482=CARTESIAN_POINT('',(0.0282623999037446,0.0235409431283996,0.02545));
#4483=CARTESIAN_POINT('',(0.0282623999037446,0.0231440540040954,0.02545));
#4484=CARTESIAN_POINT('',(0.0282623999037446,0.0231440540040954,0.02545));
#4485=CARTESIAN_POINT('',(0.0282623999037446,0.0235409431283996,0.02545));
#4486=CARTESIAN_POINT('',(0.028735877881698,0.0247074360177748,0.02545));
#4487=CARTESIAN_POINT('',(0.028726868087674,0.0230741526035506,0.02545));
#4488=CARTESIAN_POINT('',(0.028726868087674,0.0230741526035506,0.02545));
#4489=CARTESIAN_POINT('',(0.028735877881698,0.0247074360177748,0.02545));
#4490=CARTESIAN_POINT('',(0.0298880385474976,0.0238440086184135,0.02545));
#4491=CARTESIAN_POINT('',(0.0298880385474976,0.0238440086184135,0.02645));
#4492=CARTESIAN_POINT('',(0.0296534821146132,0.0233307712751715,0.02545));
#4493=CARTESIAN_POINT('',(0.0296534821146132,0.0233307712751715,0.02645));
#4494=CARTESIAN_POINT('',(0.029266425294672,0.0230741526035505,0.02545));
#4495=CARTESIAN_POINT('',(0.029266425294672,0.0230741526035505,0.02645));
#4496=CARTESIAN_POINT('',(0.028726868087674,0.0230741526035506,0.02545));
#4497=CARTESIAN_POINT('',(0.028726868087674,0.0230741526035506,0.02645));
#4498=CARTESIAN_POINT('',(0.0298880385474976,0.0238440086184135,0.02545));
#4499=CARTESIAN_POINT('',(0.0298880385474976,0.0238440086184135,0.02545));
#4500=CARTESIAN_POINT('',(0.0298880385474976,0.0238440086184135,0.02545));
#4501=CARTESIAN_POINT('',(0.0295362038981711,0.0230741526035506,0.02545));
#4502=CARTESIAN_POINT('',(0.028726868087674,0.0230741526035506,0.02545));
#4503=CARTESIAN_POINT('',(0.029931582439741,0.0239473527893378,0.02545));
#4504=CARTESIAN_POINT('',(0.0299751263319843,0.0240506969602621,0.02545));
#4505=CARTESIAN_POINT('',(0.0299751263319843,0.0240506969602621,0.02545));
#4506=CARTESIAN_POINT('',(0.029931582439741,0.0239473527893378,0.02545));
#4507=CARTESIAN_POINT('',(0.0307641416594344,0.0263184628682974,0.02545));
#4508=CARTESIAN_POINT('',(0.0315531569868845,0.0285862287763327,0.02545));
#4509=CARTESIAN_POINT('',(0.0315531569868845,0.0285862287763327,0.02545));
#4510=CARTESIAN_POINT('',(0.0307641416594344,0.0263184628682974,0.02545));
#4511=CARTESIAN_POINT('',(0.0309905698991,0.0285862287763327,0.02545));
#4512=CARTESIAN_POINT('',(0.0309905698991,0.0285862287763327,0.02545));
#4513=CARTESIAN_POINT('',(-0.00170437052558439,0.010016044985772,0.02545));
#4514=CARTESIAN_POINT('',(0.0383727110974279,0.0278105669091706,0.02545));
#4515=CARTESIAN_POINT('',(0.0383727110974279,0.0278105669091706,0.02645));
#4516=CARTESIAN_POINT('',(0.0381644745282996,0.0278105669091706,0.02545));
#4517=CARTESIAN_POINT('',(0.0381644745282996,0.0278105669091706,0.02645));
#4518=CARTESIAN_POINT('',(0.0379957177548052,0.0277403160963513,0.02545));
#4519=CARTESIAN_POINT('',(0.0379957177548052,0.0277403160963513,0.02645));
#4520=CARTESIAN_POINT('',(0.0378664407769448,0.0275998144707126,0.02545));
#4521=CARTESIAN_POINT('',(0.0378664407769448,0.0275998144707126,0.02645));
#4522=CARTESIAN_POINT('',(0.0383727110974279,0.0278105669091706,0.02645));
#4523=CARTESIAN_POINT('',(0.0380603562437354,0.0278105669091706,0.02645));
#4524=CARTESIAN_POINT('',(0.0378664407769448,0.0275998144707126,0.02645));
#4525=CARTESIAN_POINT('',(0.0383727110974279,0.0278105669091706,0.02645));
#4526=CARTESIAN_POINT('',(0.0378664407769448,0.0275998144707126,0.02645));
#4527=CARTESIAN_POINT('',(0.0383727110974279,0.0278105669091706,0.02545));
#4528=CARTESIAN_POINT('',(0.0383727110974279,0.0278105669091706,0.02545));
#4529=CARTESIAN_POINT('',(0.0383727110974279,0.0278105669091706,0.02545));
#4530=CARTESIAN_POINT('',(0.0380603562437354,0.0278105669091706,0.02545));
#4531=CARTESIAN_POINT('',(0.0378664407769448,0.0275998144707126,0.02545));
#4532=CARTESIAN_POINT('',(0.0378664407769448,0.0275998144707126,0.02545));
#4533=CARTESIAN_POINT('',(0.0378664407769448,0.0275998144707126,0.02545));
#4534=CARTESIAN_POINT('',(0.0388882707815895,0.0276195543685297,0.02545));
#4535=CARTESIAN_POINT('',(0.0388882707815895,0.0276195543685297,0.02645));
#4536=CARTESIAN_POINT('',(0.0387675090537679,0.0277468960622903,0.02545));
#4537=CARTESIAN_POINT('',(0.0387675090537679,0.0277468960622903,0.02645));
#4538=CARTESIAN_POINT('',(0.038595655825714,0.0278105669091706,0.02545));
#4539=CARTESIAN_POINT('',(0.038595655825714,0.0278105669091706,0.02645));
#4540=CARTESIAN_POINT('',(0.0383727110974279,0.0278105669091706,0.02545));
#4541=CARTESIAN_POINT('',(0.0383727110974279,0.0278105669091706,0.02645));
#4542=CARTESIAN_POINT('',(0.0388882707815895,0.0276195543685297,0.02645));
#4543=CARTESIAN_POINT('',(0.0387071281898571,0.0278105669091706,0.02645));
#4544=CARTESIAN_POINT('',(0.0383727110974279,0.0278105669091706,0.02645));
#4545=CARTESIAN_POINT('',(0.0388882707815895,0.0276195543685297,0.02645));
#4546=CARTESIAN_POINT('',(0.0388882707815895,0.0276195543685297,0.02545));
#4547=CARTESIAN_POINT('',(0.0388882707815895,0.0276195543685297,0.02545));
#4548=CARTESIAN_POINT('',(0.0388882707815895,0.0276195543685297,0.02545));
#4549=CARTESIAN_POINT('',(0.0387071281898571,0.0278105669091706,0.02545));
#4550=CARTESIAN_POINT('',(0.0383727110974279,0.0278105669091706,0.02545));
#4551=CARTESIAN_POINT('',(0.0390763803960809,0.0270801906899416,0.02545));
#4552=CARTESIAN_POINT('',(0.0390763803960809,0.0270801906899416,0.02645));
#4553=CARTESIAN_POINT('',(0.0390717357142417,0.0273124247819063,0.02545));
#4554=CARTESIAN_POINT('',(0.0390717357142417,0.0273124247819063,0.02645));
#4555=CARTESIAN_POINT('',(0.0390090325094112,0.027492212674769,0.02545));
#4556=CARTESIAN_POINT('',(0.0390090325094112,0.027492212674769,0.02645));
#4557=CARTESIAN_POINT('',(0.0388882707815895,0.0276195543685297,0.02545));
#4558=CARTESIAN_POINT('',(0.0388882707815895,0.0276195543685297,0.02645));
#4559=CARTESIAN_POINT('',(0.0390763803960809,0.0270801906899416,0.02645));
#4560=CARTESIAN_POINT('',(0.039069413373322,0.0274285418278887,0.02645));
#4561=CARTESIAN_POINT('',(0.0388882707815895,0.0276195543685297,0.02645));
#4562=CARTESIAN_POINT('',(0.0390763803960809,0.0270801906899416,0.02645));
#4563=CARTESIAN_POINT('',(0.0390763803960809,0.0270801906899416,0.02545));
#4564=CARTESIAN_POINT('',(0.0390763803960809,0.0270801906899416,0.02545));
#4565=CARTESIAN_POINT('',(0.0390763803960809,0.0270801906899416,0.02545));
#4566=CARTESIAN_POINT('',(0.039069413373322,0.0274285418278887,0.02545));
#4567=CARTESIAN_POINT('',(0.0388882707815895,0.0276195543685297,0.02545));
#4568=CARTESIAN_POINT('',(0.0390763803960809,0.0270389691386179,0.02545));
#4569=CARTESIAN_POINT('',(0.0390763803960809,0.0270389691386179,0.02645));
#4570=CARTESIAN_POINT('',(0.0390763803960809,0.0269977475872941,0.02645));
#4571=CARTESIAN_POINT('',(0.0390763803960809,0.0269977475872941,0.02545));
#4572=CARTESIAN_POINT('',(0.0390763803960809,0.0269977475872941,0.02545));
#4573=CARTESIAN_POINT('',(0.0390763803960809,0.0270389691386179,0.02545));
#4574=CARTESIAN_POINT('',(0.0383471653473118,0.0269977475872941,0.02545));
#4575=CARTESIAN_POINT('',(0.0383471653473118,0.0269977475872941,0.02645));
#4576=CARTESIAN_POINT('',(0.0376179502985426,0.0269977475872941,0.02645));
#4577=CARTESIAN_POINT('',(0.0376179502985426,0.0269977475872941,0.02545));
#4578=CARTESIAN_POINT('',(0.0376179502985426,0.0269977475872941,0.02545));
#4579=CARTESIAN_POINT('',(0.0383471653473118,0.0269977475872941,0.02545));
#4580=CARTESIAN_POINT('',(0.0384923116547898,0.0245871577127005,0.02545));
#4581=CARTESIAN_POINT('',(0.0384923116547898,0.0245871577127005,0.02645));
#4582=CARTESIAN_POINT('',(0.0379163711067173,0.0245871577127005,0.02545));
#4583=CARTESIAN_POINT('',(0.0379163711067173,0.0245871577127005,0.02645));
#4584=CARTESIAN_POINT('',(0.0374476452977685,0.0247638491510037,0.02545));
#4585=CARTESIAN_POINT('',(0.0374476452977685,0.0247638491510037,0.02645));
#4586=CARTESIAN_POINT('',(0.0370861342279435,0.02511723202761,0.02545));
#4587=CARTESIAN_POINT('',(0.0370861342279435,0.02511723202761,0.02645));
#4588=CARTESIAN_POINT('',(0.0384923116547898,0.0245871577127005,0.02545));
#4589=CARTESIAN_POINT('',(0.0384923116547898,0.0245871577127005,0.02545));
#4590=CARTESIAN_POINT('',(0.0384923116547898,0.0245871577127005,0.02545));
#4591=CARTESIAN_POINT('',(0.0376284008326811,0.0245871577127005,0.02545));
#4592=CARTESIAN_POINT('',(0.0370861342279435,0.02511723202761,0.02545));
#4593=CARTESIAN_POINT('',(0.0370861342279435,0.02511723202761,0.02545));
#4594=CARTESIAN_POINT('',(0.0370861342279435,0.02511723202761,0.02545));
#4595=CARTESIAN_POINT('',(0.0385233032802682,0.0266845415752614,0.02545));
#4596=CARTESIAN_POINT('',(0.039385251738394,0.0247741061567321,0.02545));
#4597=CARTESIAN_POINT('',(0.039385251738394,0.0247741061567321,0.02545));
#4598=CARTESIAN_POINT('',(0.0385233032802682,0.0266845415752614,0.02545));
#4599=CARTESIAN_POINT('',(0.040023895491297,0.0252954716931929,0.02545));
#4600=CARTESIAN_POINT('',(0.040023895491297,0.0252954716931929,0.02645));
#4601=CARTESIAN_POINT('',(0.0398667504224008,0.0250725269649068,0.02545));
#4602=CARTESIAN_POINT('',(0.0398667504224008,0.0250725269649068,0.02645));
#4603=CARTESIAN_POINT('',(0.0396538691714332,0.0248987384527532,0.02545));
#4604=CARTESIAN_POINT('',(0.0396538691714332,0.0248987384527532,0.02645));
#4605=CARTESIAN_POINT('',(0.039385251738394,0.0247741061567321,0.02545));
#4606=CARTESIAN_POINT('',(0.039385251738394,0.0247741061567321,0.02645));
#4607=CARTESIAN_POINT('',(0.040023895491297,0.0252954716931929,0.02545));
#4608=CARTESIAN_POINT('',(0.040023895491297,0.0252954716931929,0.02545));
#4609=CARTESIAN_POINT('',(0.040023895491297,0.0252954716931929,0.02545));
#4610=CARTESIAN_POINT('',(0.0397881778879527,0.0249610546007638,0.02545));
#4611=CARTESIAN_POINT('',(0.039385251738394,0.0247741061567321,0.02545));
#4612=CARTESIAN_POINT('',(0.0397661156492161,0.0255840225524591,0.02545));
#4613=CARTESIAN_POINT('',(0.0395083358071353,0.0258725734117252,0.02545));
#4614=CARTESIAN_POINT('',(0.0395083358071353,0.0258725734117252,0.02545));
#4615=CARTESIAN_POINT('',(0.0397661156492161,0.0255840225524591,0.02545));
#4616=CARTESIAN_POINT('',(0.0385619818823792,0.0254336509779119,0.02545));
#4617=CARTESIAN_POINT('',(0.0385619818823792,0.0254336509779119,0.02645));
#4618=CARTESIAN_POINT('',(0.0389652950887578,0.0254336509779119,0.02545));
#4619=CARTESIAN_POINT('',(0.0389652950887578,0.0254336509779119,0.02645));
#4620=CARTESIAN_POINT('',(0.0392807463970099,0.0255799584558497,0.02545));
#4621=CARTESIAN_POINT('',(0.0392807463970099,0.0255799584558497,0.02645));
#4622=CARTESIAN_POINT('',(0.0395083358071353,0.0258725734117252,0.02545));
#4623=CARTESIAN_POINT('',(0.0395083358071353,0.0258725734117252,0.02645));
#4624=CARTESIAN_POINT('',(0.0385619818823792,0.0254336509779119,0.02545));
#4625=CARTESIAN_POINT('',(0.0385619818823792,0.0254336509779119,0.02545));
#4626=CARTESIAN_POINT('',(0.0385619818823792,0.0254336509779119,0.02545));
#4627=CARTESIAN_POINT('',(0.0391669516919472,0.0254336509779119,0.02545));
#4628=CARTESIAN_POINT('',(0.0395083358071353,0.0258725734117252,0.02545));
#4629=CARTESIAN_POINT('',(0.0379134681805677,0.0256658850698766,0.02545));
#4630=CARTESIAN_POINT('',(0.0379134681805677,0.0256658850698766,0.02645));
#4631=CARTESIAN_POINT('',(0.0380841602381618,0.0255110623419001,0.02545));
#4632=CARTESIAN_POINT('',(0.0380841602381618,0.0255110623419001,0.02645));
#4633=CARTESIAN_POINT('',(0.0383003314720989,0.0254336509779119,0.02545));
#4634=CARTESIAN_POINT('',(0.0383003314720989,0.0254336509779119,0.02645));
#4635=CARTESIAN_POINT('',(0.0385619818823792,0.0254336509779119,0.02545));
#4636=CARTESIAN_POINT('',(0.0385619818823792,0.0254336509779119,0.02645));
#4637=CARTESIAN_POINT('',(0.0379134681805677,0.0256658850698766,0.02545));
#4638=CARTESIAN_POINT('',(0.0379134681805677,0.0256658850698766,0.02545));
#4639=CARTESIAN_POINT('',(0.0379134681805677,0.0256658850698766,0.02545));
#4640=CARTESIAN_POINT('',(0.0381695062669588,0.0254336509779119,0.02545));
#4641=CARTESIAN_POINT('',(0.0385619818823792,0.0254336509779119,0.02545));
#4642=CARTESIAN_POINT('',(0.0376074997644042,0.0262824665840429,0.02545));
#4643=CARTESIAN_POINT('',(0.0376074997644042,0.0262824665840429,0.02645));
#4644=CARTESIAN_POINT('',(0.0376407866509192,0.0260262349692418,0.02545));
#4645=CARTESIAN_POINT('',(0.0376407866509192,0.0260262349692418,0.02645));
#4646=CARTESIAN_POINT('',(0.0377427761229737,0.0258207077978531,0.02545));
#4647=CARTESIAN_POINT('',(0.0377427761229737,0.0258207077978531,0.02645));
#4648=CARTESIAN_POINT('',(0.0379134681805677,0.0256658850698766,0.02545));
#4649=CARTESIAN_POINT('',(0.0379134681805677,0.0256658850698766,0.02645));
#4650=CARTESIAN_POINT('',(0.0376074997644042,0.0262824665840429,0.02545));
#4651=CARTESIAN_POINT('',(0.0376074997644042,0.0262824665840429,0.02545));
#4652=CARTESIAN_POINT('',(0.0376074997644042,0.0262824665840429,0.02545));
#4653=CARTESIAN_POINT('',(0.0376574300941767,0.0258981191618413,0.02545));
#4654=CARTESIAN_POINT('',(0.0379134681805677,0.0256658850698766,0.02545));
#4655=CARTESIAN_POINT('',(0.0388574997644042,0.0262824665840429,0.02545));
#4656=CARTESIAN_POINT('',(0.0401074997644042,0.0262824665840429,0.02545));
#4657=CARTESIAN_POINT('',(0.0401074997644042,0.0262824665840429,0.02545));
#4658=CARTESIAN_POINT('',(0.0388574997644042,0.0262824665840429,0.02545));
#4659=CARTESIAN_POINT('',(0.0401074997644042,0.0264967025338803,0.02545));
#4660=CARTESIAN_POINT('',(0.0401074997644042,0.0267109384837177,0.02545));
#4661=CARTESIAN_POINT('',(0.0401074997644042,0.0267109384837177,0.02545));
#4662=CARTESIAN_POINT('',(0.0401074997644042,0.0264967025338803,0.02545));
#4663=CARTESIAN_POINT('',(0.0396447733361645,0.0281513704391288,0.02545));
#4664=CARTESIAN_POINT('',(0.0396447733361645,0.0281513704391288,0.02645));
#4665=CARTESIAN_POINT('',(0.0399532576216576,0.0278126957216803,0.02545));
#4666=CARTESIAN_POINT('',(0.0399532576216576,0.0278126957216803,0.02645));
#4667=CARTESIAN_POINT('',(0.0401074997644042,0.0273325517365433,0.02545));
#4668=CARTESIAN_POINT('',(0.0401074997644042,0.0273325517365433,0.02645));
#4669=CARTESIAN_POINT('',(0.0401074997644042,0.0267109384837177,0.02545));
#4670=CARTESIAN_POINT('',(0.0401074997644042,0.0267109384837177,0.02645));
#4671=CARTESIAN_POINT('',(0.0396447733361645,0.0281513704391288,0.02545));
#4672=CARTESIAN_POINT('',(0.0396447733361645,0.0281513704391288,0.02545));
#4673=CARTESIAN_POINT('',(0.0396447733361645,0.0281513704391288,0.02545));
#4674=CARTESIAN_POINT('',(0.0401074997644042,0.027643358362956,0.02545));
#4675=CARTESIAN_POINT('',(0.0401074997644042,0.0267109384837177,0.02545));
#4676=CARTESIAN_POINT('',(0.0383761946088074,0.0286593825153016,0.02545));
#4677=CARTESIAN_POINT('',(0.0383761946088074,0.0286593825153016,0.02645));
#4678=CARTESIAN_POINT('',(0.0389134294748857,0.0286593825153016,0.02545));
#4679=CARTESIAN_POINT('',(0.0389134294748857,0.0286593825153016,0.02645));
#4680=CARTESIAN_POINT('',(0.0393362890506714,0.0284900451565773,0.02545));
#4681=CARTESIAN_POINT('',(0.0393362890506714,0.0284900451565773,0.02645));
#4682=CARTESIAN_POINT('',(0.0396447733361645,0.0281513704391288,0.02545));
#4683=CARTESIAN_POINT('',(0.0396447733361645,0.0281513704391288,0.02645));
#4684=CARTESIAN_POINT('',(0.0383761946088074,0.0286593825153016,0.02545));
#4685=CARTESIAN_POINT('',(0.0383761946088074,0.0286593825153016,0.02545));
#4686=CARTESIAN_POINT('',(0.0383761946088074,0.0286593825153016,0.02545));
#4687=CARTESIAN_POINT('',(0.0391820469079249,0.0286593825153016,0.02545));
#4688=CARTESIAN_POINT('',(0.0396447733361645,0.0281513704391288,0.02545));
#4689=CARTESIAN_POINT('',(0.0374205513203726,0.0284068279402899,0.02545));
#4690=CARTESIAN_POINT('',(0.0374205513203726,0.0284068279402899,0.02645));
#4691=CARTESIAN_POINT('',(0.0377000063443702,0.0285751976569644,0.02545));
#4692=CARTESIAN_POINT('',(0.0377000063443702,0.0285751976569644,0.02645));
#4693=CARTESIAN_POINT('',(0.0380185541071817,0.0286593825153016,0.02545));
#4694=CARTESIAN_POINT('',(0.0380185541071817,0.0286593825153016,0.02645));
#4695=CARTESIAN_POINT('',(0.0383761946088074,0.0286593825153016,0.02545));
#4696=CARTESIAN_POINT('',(0.0383761946088074,0.0286593825153016,0.02645));
#4697=CARTESIAN_POINT('',(0.0374205513203726,0.0284068279402899,0.02545));
#4698=CARTESIAN_POINT('',(0.0374205513203726,0.0284068279402899,0.02545));
#4699=CARTESIAN_POINT('',(0.0374205513203726,0.0284068279402899,0.02545));
#4700=CARTESIAN_POINT('',(0.0378397338563689,0.0286593825153016,0.02545));
#4701=CARTESIAN_POINT('',(0.0383761946088074,0.0286593825153016,0.02545));
#4702=CARTESIAN_POINT('',(0.0367726182037911,0.0276880634256592,0.02545));
#4703=CARTESIAN_POINT('',(0.0367726182037911,0.0276880634256592,0.02645));
#4704=CARTESIAN_POINT('',(0.0369251185908479,0.027998870052072,0.02545));
#4705=CARTESIAN_POINT('',(0.0369251185908479,0.027998870052072,0.02645));
#4706=CARTESIAN_POINT('',(0.0371410962963751,0.0282384582236155,0.02545));
#4707=CARTESIAN_POINT('',(0.0371410962963751,0.0282384582236155,0.02645));
#4708=CARTESIAN_POINT('',(0.0374205513203726,0.0284068279402899,0.02545));
#4709=CARTESIAN_POINT('',(0.0374205513203726,0.0284068279402899,0.02645));
#4710=CARTESIAN_POINT('',(0.0367726182037911,0.0276880634256592,0.02545));
#4711=CARTESIAN_POINT('',(0.0367726182037911,0.0276880634256592,0.02545));
#4712=CARTESIAN_POINT('',(0.0367726182037911,0.0276880634256592,0.02545));
#4713=CARTESIAN_POINT('',(0.0370013687843764,0.0281542733652783,0.02545));
#4714=CARTESIAN_POINT('',(0.0374205513203726,0.0284068279402899,0.02545));
#4715=CARTESIAN_POINT('',(0.0365438676232059,0.02663081772199,0.02545));
#4716=CARTESIAN_POINT('',(0.0365438676232059,0.02663081772199,0.02645));
#4717=CARTESIAN_POINT('',(0.0365438676232059,0.02702484156469,0.02545));
#4718=CARTESIAN_POINT('',(0.0365438676232059,0.02702484156469,0.02645));
#4719=CARTESIAN_POINT('',(0.0366201178167343,0.0273772567992465,0.02545));
#4720=CARTESIAN_POINT('',(0.0366201178167343,0.0273772567992465,0.02645));
#4721=CARTESIAN_POINT('',(0.0367726182037911,0.0276880634256592,0.02545));
#4722=CARTESIAN_POINT('',(0.0367726182037911,0.0276880634256592,0.02645));
#4723=CARTESIAN_POINT('',(0.0365438676232059,0.02663081772199,0.02545));
#4724=CARTESIAN_POINT('',(0.0365438676232059,0.02663081772199,0.02545));
#4725=CARTESIAN_POINT('',(0.0365438676232059,0.02663081772199,0.02545));
#4726=CARTESIAN_POINT('',(0.0365438676232059,0.0272218534860401,0.02545));
#4727=CARTESIAN_POINT('',(0.0367726182037911,0.0276880634256592,0.02545));
#4728=CARTESIAN_POINT('',(0.0365438676232059,0.0265797262217577,0.02545));
#4729=CARTESIAN_POINT('',(0.0365438676232059,0.0265286347215255,0.02545));
#4730=CARTESIAN_POINT('',(0.0365438676232059,0.0265286347215255,0.02545));
#4731=CARTESIAN_POINT('',(0.0365438676232059,0.0265797262217577,0.02545));
#4732=CARTESIAN_POINT('',(0.0370861342279435,0.02511723202761,0.02545));
#4733=CARTESIAN_POINT('',(0.0370861342279435,0.02511723202761,0.02645));
#4734=CARTESIAN_POINT('',(0.0367246231581184,0.0254706149042163,0.02545));
#4735=CARTESIAN_POINT('',(0.0367246231581184,0.0254706149042163,0.02645));
#4736=CARTESIAN_POINT('',(0.0365438676232059,0.0259410824688548,0.02545));
#4737=CARTESIAN_POINT('',(0.0365438676232059,0.0259410824688548,0.02645));
#4738=CARTESIAN_POINT('',(0.0365438676232059,0.0265286347215255,0.02545));
#4739=CARTESIAN_POINT('',(0.0365438676232059,0.0265286347215255,0.02645));
#4740=CARTESIAN_POINT('',(0.0370861342279435,0.02511723202761,0.02545));
#4741=CARTESIAN_POINT('',(0.0365438676232059,0.0256473063425194,0.02545));
#4742=CARTESIAN_POINT('',(0.0365438676232059,0.0265286347215255,0.02545));
#4743=CARTESIAN_POINT('',(0.0378664407769448,0.0275998144707126,0.02545));
#4744=CARTESIAN_POINT('',(0.0378664407769448,0.0275998144707126,0.02645));
#4745=CARTESIAN_POINT('',(0.0377371637990845,0.027459312845074,0.02545));
#4746=CARTESIAN_POINT('',(0.0377371637990845,0.027459312845074,0.02645));
#4747=CARTESIAN_POINT('',(0.0376543336396171,0.0272586238839345,0.02545));
#4748=CARTESIAN_POINT('',(0.0376543336396171,0.0272586238839345,0.02645));
#4749=CARTESIAN_POINT('',(0.0376179502985426,0.0269977475872941,0.02545));
#4750=CARTESIAN_POINT('',(0.0376179502985426,0.0269977475872941,0.02645));
#4751=CARTESIAN_POINT('',(0.0378664407769448,0.0275998144707126,0.02645));
#4752=CARTESIAN_POINT('',(0.0376725253101544,0.0273890620322546,0.02645));
#4753=CARTESIAN_POINT('',(0.0376179502985426,0.0269977475872941,0.02645));
#4754=CARTESIAN_POINT('',(0.0378664407769448,0.0275998144707126,0.02545));
#4755=CARTESIAN_POINT('',(0.0376725253101544,0.0273890620322546,0.02545));
#4756=CARTESIAN_POINT('',(0.0376179502985426,0.0269977475872941,0.02545));
#4757=CARTESIAN_POINT('',(-0.00170437052558439,0.010016044985772,0.02545));
#4758=CARTESIAN_POINT('',(0.0226266590769913,0.0299436370438664,0.02545));
#4759=CARTESIAN_POINT('',(0.022082650716564,0.0299436370438664,0.02545));
#4760=CARTESIAN_POINT('',(0.022082650716564,0.0299436370438664,0.02545));
#4761=CARTESIAN_POINT('',(0.0226266590769913,0.0299436370438664,0.02545));
#4762=CARTESIAN_POINT('',(0.0231706674374186,0.0299436370438664,0.02545));
#4763=CARTESIAN_POINT('',(0.0231706674374186,0.0299436370438664,0.02545));
#4764=CARTESIAN_POINT('',(0.022082650716564,0.0281147935696443,0.02545));
#4765=CARTESIAN_POINT('',(0.022082650716564,0.0262859500954223,0.02545));
#4766=CARTESIAN_POINT('',(0.022082650716564,0.0262859500954223,0.02545));
#4767=CARTESIAN_POINT('',(0.022082650716564,0.0281147935696443,0.02545));
#4768=CARTESIAN_POINT('',(0.0218974440282221,0.025676335604015,0.02545));
#4769=CARTESIAN_POINT('',(0.0218974440282221,0.025676335604015,0.02645));
#4770=CARTESIAN_POINT('',(0.0220209151537834,0.0258187725137534,0.02545));
#4771=CARTESIAN_POINT('',(0.0220209151537834,0.0258187725137534,0.02645));
#4772=CARTESIAN_POINT('',(0.022082650716564,0.0260219773442225,0.02545));
#4773=CARTESIAN_POINT('',(0.022082650716564,0.0260219773442225,0.02645));
#4774=CARTESIAN_POINT('',(0.022082650716564,0.0262859500954223,0.02545));
#4775=CARTESIAN_POINT('',(0.022082650716564,0.0262859500954223,0.02645));
#4776=CARTESIAN_POINT('',(0.0218974440282221,0.025676335604015,0.02545));
#4777=CARTESIAN_POINT('',(0.0218974440282221,0.025676335604015,0.02545));
#4778=CARTESIAN_POINT('',(0.0218974440282221,0.025676335604015,0.02545));
#4779=CARTESIAN_POINT('',(0.022082650716564,0.0258899909686225,0.02545));
#4780=CARTESIAN_POINT('',(0.022082650716564,0.0262859500954223,0.02545));
#4781=CARTESIAN_POINT('',(0.0213998824861878,0.0254626802394075,0.02545));
#4782=CARTESIAN_POINT('',(0.0213998824861878,0.0254626802394075,0.02645));
#4783=CARTESIAN_POINT('',(0.0216081190553161,0.0254626802394075,0.02545));
#4784=CARTESIAN_POINT('',(0.0216081190553161,0.0254626802394075,0.02645));
#4785=CARTESIAN_POINT('',(0.0217739729026609,0.0255338986942767,0.02545));
#4786=CARTESIAN_POINT('',(0.0217739729026609,0.0255338986942767,0.02645));
#4787=CARTESIAN_POINT('',(0.0218974440282221,0.025676335604015,0.02545));
#4788=CARTESIAN_POINT('',(0.0218974440282221,0.025676335604015,0.02645));
#4789=CARTESIAN_POINT('',(0.0213998824861878,0.0254626802394075,0.02545));
#4790=CARTESIAN_POINT('',(0.0213998824861878,0.0254626802394075,0.02545));
#4791=CARTESIAN_POINT('',(0.0213998824861878,0.0254626802394075,0.02545));
#4792=CARTESIAN_POINT('',(0.0217122373398803,0.0254626802394075,0.02545));
#4793=CARTESIAN_POINT('',(0.0218974440282221,0.025676335604015,0.02545));
#4794=CARTESIAN_POINT('',(0.020884903387256,0.0256473063425194,0.02545));
#4795=CARTESIAN_POINT('',(0.020884903387256,0.0256473063425194,0.02645));
#4796=CARTESIAN_POINT('',(0.0209936663536595,0.0255242222737781,0.02545));
#4797=CARTESIAN_POINT('',(0.0209936663536595,0.0255242222737781,0.02645));
#4798=CARTESIAN_POINT('',(0.0211653260533034,0.0254626802394075,0.02545));
#4799=CARTESIAN_POINT('',(0.0211653260533034,0.0254626802394075,0.02645));
#4800=CARTESIAN_POINT('',(0.0213998824861878,0.0254626802394075,0.02545));
#4801=CARTESIAN_POINT('',(0.0213998824861878,0.0254626802394075,0.02645));
#4802=CARTESIAN_POINT('',(0.020884903387256,0.0256473063425194,0.02545));
#4803=CARTESIAN_POINT('',(0.020884903387256,0.0256473063425194,0.02545));
#4804=CARTESIAN_POINT('',(0.020884903387256,0.0256473063425194,0.02545));
#4805=CARTESIAN_POINT('',(0.0210480478368613,0.0254626802394075,0.02545));
#4806=CARTESIAN_POINT('',(0.0213998824861878,0.0254626802394075,0.02545));
#4807=CARTESIAN_POINT('',(0.0207217589376508,0.0262209245496722,0.02545));
#4808=CARTESIAN_POINT('',(0.0207217589376508,0.0262209245496722,0.02645));
#4809=CARTESIAN_POINT('',(0.0207217589376508,0.0259615964803117,0.02545));
#4810=CARTESIAN_POINT('',(0.0207217589376508,0.0259615964803117,0.02645));
#4811=CARTESIAN_POINT('',(0.0207761404208526,0.0257703904112607,0.02545));
#4812=CARTESIAN_POINT('',(0.0207761404208526,0.0257703904112607,0.02645));
#4813=CARTESIAN_POINT('',(0.020884903387256,0.0256473063425194,0.02545));
#4814=CARTESIAN_POINT('',(0.020884903387256,0.0256473063425194,0.02645));
#4815=CARTESIAN_POINT('',(0.0207217589376508,0.0262209245496722,0.02545));
#4816=CARTESIAN_POINT('',(0.0207217589376508,0.0262209245496722,0.02545));
#4817=CARTESIAN_POINT('',(0.0207217589376508,0.0262209245496722,0.02545));
#4818=CARTESIAN_POINT('',(0.0207217589376508,0.0258319324456313,0.02545));
#4819=CARTESIAN_POINT('',(0.020884903387256,0.0256473063425194,0.02545));
#4820=CARTESIAN_POINT('',(0.0201736864806142,0.0262209245496722,0.02545));
#4821=CARTESIAN_POINT('',(0.0196256140235775,0.0262209245496722,0.02545));
#4822=CARTESIAN_POINT('',(0.0196256140235775,0.0262209245496722,0.02545));
#4823=CARTESIAN_POINT('',(0.0201736864806142,0.0262209245496722,0.02545));
#4824=CARTESIAN_POINT('',(0.0200935657188864,0.0250138878566857,0.02545));
#4825=CARTESIAN_POINT('',(0.0200935657188864,0.0250138878566857,0.02645));
#4826=CARTESIAN_POINT('',(0.0197815979220138,0.0252983746193425,0.02545));
#4827=CARTESIAN_POINT('',(0.0197815979220138,0.0252983746193425,0.02645));
#4828=CARTESIAN_POINT('',(0.0196256140235775,0.0257007201836713,0.02545));
#4829=CARTESIAN_POINT('',(0.0196256140235775,0.0257007201836713,0.02645));
#4830=CARTESIAN_POINT('',(0.0196256140235775,0.0262209245496722,0.02545));
#4831=CARTESIAN_POINT('',(0.0196256140235775,0.0262209245496722,0.02645));
#4832=CARTESIAN_POINT('',(0.0200935657188864,0.0250138878566857,0.02545));
#4833=CARTESIAN_POINT('',(0.0200935657188864,0.0250138878566857,0.02545));
#4834=CARTESIAN_POINT('',(0.0200935657188864,0.0250138878566857,0.02545));
#4835=CARTESIAN_POINT('',(0.0196256140235775,0.0254406180006709,0.02545));
#4836=CARTESIAN_POINT('',(0.0196256140235775,0.0262209245496722,0.02545));
#4837=CARTESIAN_POINT('',(0.0213998824861878,0.0245871577127005,0.02545));
#4838=CARTESIAN_POINT('',(0.0213998824861878,0.0245871577127005,0.02645));
#4839=CARTESIAN_POINT('',(0.0208409724381927,0.0245871577127005,0.02545));
#4840=CARTESIAN_POINT('',(0.0208409724381927,0.0245871577127005,0.02645));
#4841=CARTESIAN_POINT('',(0.0204055335157589,0.0247294010940289,0.02545));
#4842=CARTESIAN_POINT('',(0.0204055335157589,0.0247294010940289,0.02645));
#4843=CARTESIAN_POINT('',(0.0200935657188864,0.0250138878566857,0.02545));
#4844=CARTESIAN_POINT('',(0.0200935657188864,0.0250138878566857,0.02645));
#4845=CARTESIAN_POINT('',(0.0213998824861878,0.0245871577127005,0.02545));
#4846=CARTESIAN_POINT('',(0.0213998824861878,0.0245871577127005,0.02545));
#4847=CARTESIAN_POINT('',(0.0213998824861878,0.0245871577127005,0.02545));
#4848=CARTESIAN_POINT('',(0.0205615174141952,0.0245871577127005,0.02545));
#4849=CARTESIAN_POINT('',(0.0200935657188864,0.0250138878566857,0.02545));
#4850=CARTESIAN_POINT('',(0.0223183683199082,0.0247979101511586,0.02545));
#4851=CARTESIAN_POINT('',(0.0223183683199082,0.0247979101511586,0.02645));
#4852=CARTESIAN_POINT('',(0.0220474285459493,0.0246574085255199,0.02545));
#4853=CARTESIAN_POINT('',(0.0220474285459493,0.0246574085255199,0.02645));
#4854=CARTESIAN_POINT('',(0.0217412666013759,0.0245871577127005,0.02545));
#4855=CARTESIAN_POINT('',(0.0217412666013759,0.0245871577127005,0.02645));
#4856=CARTESIAN_POINT('',(0.0213998824861878,0.0245871577127005,0.02545));
#4857=CARTESIAN_POINT('',(0.0213998824861878,0.0245871577127005,0.02645));
#4858=CARTESIAN_POINT('',(0.0223183683199082,0.0247979101511586,0.02545));
#4859=CARTESIAN_POINT('',(0.0223183683199082,0.0247979101511586,0.02545));
#4860=CARTESIAN_POINT('',(0.0223183683199082,0.0247979101511586,0.02545));
#4861=CARTESIAN_POINT('',(0.02191195865897,0.0245871577127005,0.02545));
#4862=CARTESIAN_POINT('',(0.0213998824861878,0.0245871577127005,0.02545));
#4863=CARTESIAN_POINT('',(0.0216359660842163,0.0261484658181747,0.02545));
#4864=CARTESIAN_POINT('',(0.0229477227091325,0.0253953323527377,0.02545));
#4865=CARTESIAN_POINT('',(0.0229477227091325,0.0253953323527377,0.02545));
#4866=CARTESIAN_POINT('',(0.0216359660842163,0.0261484658181747,0.02545));
#4867=CARTESIAN_POINT('',(0.0231706674374186,0.0262859500954223,0.02545));
#4868=CARTESIAN_POINT('',(0.0231706674374186,0.0262859500954223,0.02645));
#4869=CARTESIAN_POINT('',(0.0231706674374186,0.0259499847757134,0.02545));
#4870=CARTESIAN_POINT('',(0.0231706674374186,0.0259499847757134,0.02645));
#4871=CARTESIAN_POINT('',(0.0230963525279899,0.0256531121948185,0.02545));
#4872=CARTESIAN_POINT('',(0.0230963525279899,0.0256531121948185,0.02645));
#4873=CARTESIAN_POINT('',(0.0229477227091325,0.0253953323527377,0.02545));
#4874=CARTESIAN_POINT('',(0.0229477227091325,0.0253953323527377,0.02645));
#4875=CARTESIAN_POINT('',(0.0231706674374186,0.0262859500954223,0.02545));
#4876=CARTESIAN_POINT('',(0.0231706674374186,0.0262859500954223,0.02545));
#4877=CARTESIAN_POINT('',(0.0231706674374186,0.0262859500954223,0.02545));
#4878=CARTESIAN_POINT('',(0.0231706674374186,0.0257820021158589,0.02545));
#4879=CARTESIAN_POINT('',(0.0229477227091325,0.0253953323527377,0.02545));
#4880=CARTESIAN_POINT('',(0.0231706674374186,0.0281147935696443,0.02545));
#4881=CARTESIAN_POINT('',(0.0231706674374186,0.0281147935696443,0.02545));
#4882=CARTESIAN_POINT('',(-0.00170437052558439,0.010016044985772,0.02545));
#4883=CARTESIAN_POINT('',(-0.00170733649999999,0.010016057485772,0.02645));
#4884=CARTESIAN_POINT('',(-0.00170733649999999,0.010016057485772,0.02645));
#4885=CARTESIAN_POINT('',(-0.0465,0.0193,-0.107263351670756));
#4886=CARTESIAN_POINT('',(-0.0465,0.0193,0.02445));
#4887=CARTESIAN_POINT('',(-0.0434,0.0193,0.02445));
#4888=CARTESIAN_POINT('',(0.0465,0.0192,-0.107263351670756));
#4889=CARTESIAN_POINT('',(0.0465,0.0192,0.02445));
#4890=CARTESIAN_POINT('',(0.0496,0.0192,0.02445));
#4891=CARTESIAN_POINT('',(-0.0465,0.0193,0.013148));
#4892=CARTESIAN_POINT('',(-0.0465,0.0193,0.01815));
#4893=CARTESIAN_POINT('',(-0.0449,0.0193,0.01815));
#4894=CARTESIAN_POINT('',(-0.0465,0.0193,0.01815));
#4895=CARTESIAN_POINT('',(-0.0464999902757393,0.0193,0.01815));
#4896=CARTESIAN_POINT('',(-0.0434000916509533,0.0193,0.01815));
#4897=CARTESIAN_POINT('',(-0.0464999902757393,0.0193,0.0198));
#4898=CARTESIAN_POINT('',(-0.0474607751106046,0.0142915190474637,0.02445));
#4899=CARTESIAN_POINT('',(-0.0474607751106046,0.0142915190474637,0.0206833333333333));
#4900=CARTESIAN_POINT('',(-0.0474607751106045,0.0142915190474636,0.0169166666666667));
#4901=CARTESIAN_POINT('',(-0.0474607751106046,0.0142915190474637,0.01315));
#4902=CARTESIAN_POINT('',(-0.0485164255333343,0.0144879770638843,0.02445));
#4903=CARTESIAN_POINT('',(-0.0485164255333344,0.0144879770638843,0.0206833333333334));
#4904=CARTESIAN_POINT('',(-0.0485164255333343,0.0144879770638844,0.0169166666666666));
#4905=CARTESIAN_POINT('',(-0.0485164255333345,0.0144879770638844,0.01315));
#4906=CARTESIAN_POINT('',(-0.0499874859110411,0.0153127145942144,0.02445));
#4907=CARTESIAN_POINT('',(-0.0499874859110411,0.0153127145942143,0.0206833333333333));
#4908=CARTESIAN_POINT('',(-0.049987485911041,0.0153127145942144,0.0169166666666666));
#4909=CARTESIAN_POINT('',(-0.049987485911041,0.0153127145942144,0.01315));
#4910=CARTESIAN_POINT('',(-0.0513001763432097,0.0172583445609272,0.02445));
#4911=CARTESIAN_POINT('',(-0.0513001763432098,0.0172583445609274,0.0206833333333334));
#4912=CARTESIAN_POINT('',(-0.0513001763432097,0.0172583445609272,0.0169166666666667));
#4913=CARTESIAN_POINT('',(-0.0513001763432097,0.0172583445609272,0.01315));
#4914=CARTESIAN_POINT('',(-0.0517937096148546,0.0193923247072414,0.02445));
#4915=CARTESIAN_POINT('',(-0.0517937096148546,0.0193923247072413,0.0206833333333333));
#4916=CARTESIAN_POINT('',(-0.0517937096148546,0.0193923247072414,0.0169166666666667));
#4917=CARTESIAN_POINT('',(-0.0517937096148546,0.0193923247072414,0.01315));
#4918=CARTESIAN_POINT('',(-0.0511177996637931,0.0220839634553058,0.02445));
#4919=CARTESIAN_POINT('',(-0.0511177996637932,0.0220839634553058,0.0206833333333333));
#4920=CARTESIAN_POINT('',(-0.0511177996637931,0.0220839634553058,0.0169166666666667));
#4921=CARTESIAN_POINT('',(-0.0511177996637931,0.0220839634553057,0.01315));
#4922=CARTESIAN_POINT('',(-0.0487811067487192,0.02424834384151,0.02445));
#4923=CARTESIAN_POINT('',(-0.0487811067487191,0.02424834384151,0.0206833333333333));
#4924=CARTESIAN_POINT('',(-0.0487811067487191,0.02424834384151,0.0169166666666667));
#4925=CARTESIAN_POINT('',(-0.0487811067487191,0.02424834384151,0.01315));
#4926=CARTESIAN_POINT('',(-0.0456130850324171,0.0246192813076091,0.02445));
#4927=CARTESIAN_POINT('',(-0.0456130850324172,0.0246192813076092,0.0206833333333333));
#4928=CARTESIAN_POINT('',(-0.0456130850324171,0.0246192813076091,0.0169166666666666));
#4929=CARTESIAN_POINT('',(-0.0456130850324171,0.0246192813076091,0.01315));
#4930=CARTESIAN_POINT('',(-0.0431290812162805,0.0233819350746723,0.02445));
#4931=CARTESIAN_POINT('',(-0.0431290812162804,0.0233819350746722,0.0206833333333333));
#4932=CARTESIAN_POINT('',(-0.0431290812162806,0.0233819350746723,0.0169166666666667));
#4933=CARTESIAN_POINT('',(-0.0431290812162806,0.0233819350746723,0.01315));
#4934=CARTESIAN_POINT('',(-0.0418296488345586,0.0216234702248859,0.02445));
#4935=CARTESIAN_POINT('',(-0.0418296488345586,0.0216234702248859,0.0206833333333333));
#4936=CARTESIAN_POINT('',(-0.0418296488345586,0.0216234702248858,0.0169166666666667));
#4937=CARTESIAN_POINT('',(-0.0418296488345586,0.0216234702248858,0.01315));
#4938=CARTESIAN_POINT('',(-0.0412026650928096,0.0193585599623734,0.02445));
#4939=CARTESIAN_POINT('',(-0.0412026650928095,0.0193585599623735,0.0206833333333333));
#4940=CARTESIAN_POINT('',(-0.0412026650928095,0.0193585599623734,0.0169166666666666));
#4941=CARTESIAN_POINT('',(-0.0412026650928095,0.0193585599623735,0.01315));
#4942=CARTESIAN_POINT('',(-0.0415328356186458,0.0177040217721561,0.02445));
#4943=CARTESIAN_POINT('',(-0.0415328356186459,0.0177040217721556,0.0206833333333334));
#4944=CARTESIAN_POINT('',(-0.0415328356186458,0.0177040217721559,0.0169166666666667));
#4945=CARTESIAN_POINT('',(-0.0415328356186459,0.0177040217721558,0.01315));
#4946=CARTESIAN_POINT('',(-0.0420694764379972,0.0167743463722094,0.02445));
#4947=CARTESIAN_POINT('',(-0.0420694764379973,0.0167743463722094,0.0206833333333333));
#4948=CARTESIAN_POINT('',(-0.0420694764379972,0.0167743463722094,0.0169166666666667));
#4949=CARTESIAN_POINT('',(-0.0420694764379972,0.0167743463722094,0.01315));
#4950=CARTESIAN_POINT('',(0.0513344525450684,0.0212024958108166,0.02445));
#4951=CARTESIAN_POINT('',(0.0513344525450685,0.0212024958108164,0.0206833333333334));
#4952=CARTESIAN_POINT('',(0.0513344525450685,0.0212024958108165,0.0169166666666667));
#4953=CARTESIAN_POINT('',(0.0513344525450685,0.0212024958108165,0.01315));
#4954=CARTESIAN_POINT('',(0.0517327737274658,0.0192,0.02445));
#4955=CARTESIAN_POINT('',(0.0517327737274658,0.0192,0.0206833333333333));
#4956=CARTESIAN_POINT('',(0.0517327737274658,0.0192,0.0169166666666667));
#4957=CARTESIAN_POINT('',(0.0517327737274658,0.0192,0.01315));
#4958=CARTESIAN_POINT('',(0.0513344525450684,0.0171975041891835,0.02445));
#4959=CARTESIAN_POINT('',(0.0513344525450684,0.0171975041891835,0.0206833333333333));
#4960=CARTESIAN_POINT('',(0.0513344525450684,0.0171975041891835,0.0169166666666667));
#4961=CARTESIAN_POINT('',(0.0513344525450684,0.0171975041891835,0.01315));
#4962=CARTESIAN_POINT('',(0.0502001297871059,0.0154998702128942,0.02445));
#4963=CARTESIAN_POINT('',(0.0502001297871059,0.0154998702128941,0.0206833333333334));
#4964=CARTESIAN_POINT('',(0.0502001297871058,0.0154998702128942,0.0169166666666667));
#4965=CARTESIAN_POINT('',(0.0502001297871059,0.0154998702128942,0.01315));
#4966=CARTESIAN_POINT('',(0.0485024958108165,0.0143655474549315,0.02445));
#4967=CARTESIAN_POINT('',(0.0485024958108165,0.0143655474549316,0.0206833333333333));
#4968=CARTESIAN_POINT('',(0.0485024958108165,0.0143655474549315,0.0169166666666667));
#4969=CARTESIAN_POINT('',(0.0485024958108165,0.0143655474549315,0.01315));
#4970=CARTESIAN_POINT('',(0.0465,0.0139672262725343,0.02445));
#4971=CARTESIAN_POINT('',(0.0465,0.0139672262725343,0.0206833333333333));
#4972=CARTESIAN_POINT('',(0.0465,0.0139672262725343,0.0169166666666667));
#4973=CARTESIAN_POINT('',(0.0465,0.0139672262725343,0.01315));
#4974=CARTESIAN_POINT('',(0.0444975041891836,0.0143655474549315,0.02445));
#4975=CARTESIAN_POINT('',(0.0444975041891835,0.0143655474549315,0.0206833333333333));
#4976=CARTESIAN_POINT('',(0.0444975041891836,0.0143655474549315,0.0169166666666667));
#4977=CARTESIAN_POINT('',(0.0444975041891835,0.0143655474549315,0.01315));
#4978=CARTESIAN_POINT('',(0.0427998702128941,0.0154998702128942,0.02445));
#4979=CARTESIAN_POINT('',(0.0427998702128941,0.0154998702128942,0.0206833333333333));
#4980=CARTESIAN_POINT('',(0.0427998702128941,0.0154998702128942,0.0169166666666667));
#4981=CARTESIAN_POINT('',(0.0427998702128941,0.0154998702128942,0.01315));
#4982=CARTESIAN_POINT('',(0.0416655474549316,0.0171975041891836,0.02445));
#4983=CARTESIAN_POINT('',(0.0416655474549316,0.0171975041891835,0.0206833333333333));
#4984=CARTESIAN_POINT('',(0.0416655474549316,0.0171975041891836,0.0169166666666667));
#4985=CARTESIAN_POINT('',(0.0416655474549316,0.0171975041891835,0.01315));
#4986=CARTESIAN_POINT('',(0.0412672262725342,0.0192000000000001,0.02445));
#4987=CARTESIAN_POINT('',(0.0412672262725342,0.0192000000000001,0.0206833333333333));
#4988=CARTESIAN_POINT('',(0.0412672262725342,0.0192,0.0169166666666667));
#4989=CARTESIAN_POINT('',(0.0412672262725342,0.0192000000000001,0.01315));
#4990=CARTESIAN_POINT('',(0.0416655474549316,0.0212024958108165,0.02445));
#4991=CARTESIAN_POINT('',(0.0416655474549316,0.0212024958108165,0.0206833333333333));
#4992=CARTESIAN_POINT('',(0.0416655474549316,0.0212024958108165,0.0169166666666666));
#4993=CARTESIAN_POINT('',(0.0416655474549316,0.0212024958108165,0.01315));
#4994=CARTESIAN_POINT('',(0.0427998702128941,0.0229001297871059,0.02445));
#4995=CARTESIAN_POINT('',(0.0427998702128941,0.0229001297871059,0.0206833333333333));
#4996=CARTESIAN_POINT('',(0.0427998702128941,0.0229001297871058,0.0169166666666667));
#4997=CARTESIAN_POINT('',(0.0427998702128941,0.0229001297871059,0.01315));
#4998=CARTESIAN_POINT('',(0.0444975041891835,0.0240344525450684,0.02445));
#4999=CARTESIAN_POINT('',(0.0444975041891835,0.0240344525450684,0.0206833333333333));
#5000=CARTESIAN_POINT('',(0.0444975041891836,0.0240344525450685,0.0169166666666667));
#5001=CARTESIAN_POINT('',(0.0444975041891835,0.0240344525450684,0.01315));
#5002=CARTESIAN_POINT('',(0.0465,0.0244327737274658,0.02445));
#5003=CARTESIAN_POINT('',(0.0465,0.0244327737274658,0.0206833333333333));
#5004=CARTESIAN_POINT('',(0.0465,0.0244327737274658,0.0169166666666667));
#5005=CARTESIAN_POINT('',(0.0465,0.0244327737274658,0.01315));
#5006=CARTESIAN_POINT('',(0.0485024958108166,0.0240344525450684,0.02445));
#5007=CARTESIAN_POINT('',(0.0485024958108167,0.0240344525450684,0.0206833333333333));
#5008=CARTESIAN_POINT('',(0.0485024958108166,0.0240344525450685,0.0169166666666667));
#5009=CARTESIAN_POINT('',(0.0485024958108166,0.0240344525450684,0.01315));
#5010=CARTESIAN_POINT('',(0.0502001297871059,0.0229001297871058,0.02445));
#5011=CARTESIAN_POINT('',(0.0502001297871058,0.0229001297871059,0.0206833333333333));
#5012=CARTESIAN_POINT('',(0.0502001297871059,0.0229001297871058,0.0169166666666667));
#5013=CARTESIAN_POINT('',(0.0502001297871058,0.0229001297871059,0.01315));
#5014=CARTESIAN_POINT('',(0.0513344525450684,0.0212024958108166,0.02445));
#5015=CARTESIAN_POINT('',(0.0513344525450685,0.0212024958108164,0.0206833333333334));
#5016=CARTESIAN_POINT('',(0.0513344525450685,0.0212024958108165,0.0169166666666667));
#5017=CARTESIAN_POINT('',(0.0513344525450685,0.0212024958108165,0.01315));
#5018=CARTESIAN_POINT('',(0.0517327737274658,0.0192,0.02445));
#5019=CARTESIAN_POINT('',(0.0517327737274658,0.0192,0.0206833333333333));
#5020=CARTESIAN_POINT('',(0.0517327737274658,0.0192,0.0169166666666667));
#5021=CARTESIAN_POINT('',(0.0517327737274658,0.0192,0.01315));
#5022=CARTESIAN_POINT('',(0.0513344525450684,0.0171975041891835,0.02445));
#5023=CARTESIAN_POINT('',(0.0513344525450684,0.0171975041891835,0.0206833333333333));
#5024=CARTESIAN_POINT('',(0.0513344525450684,0.0171975041891835,0.0169166666666667));
#5025=CARTESIAN_POINT('',(0.0513344525450684,0.0171975041891835,0.01315));
#5026=CARTESIAN_POINT('',(0.0515284455775086,0.0202369590159438,0.01315));
#5027=CARTESIAN_POINT('',(0.0516330717214542,0.0192340082681078,0.01315));
#5028=CARTESIAN_POINT('',(0.0515388925437522,0.018233373608659,0.01315));
#5029=CARTESIAN_POINT('',(0.051261920939545,0.0172838593404846,0.01315));
#5030=CARTESIAN_POINT('',(0.0507969864759136,0.0163931791686101,0.01315));
#5031=CARTESIAN_POINT('',(0.050166865948649,0.0156080069415626,0.01315));
#5032=CARTESIAN_POINT('',(0.0493958166014502,0.0149624726947662,0.01315));
#5033=CARTESIAN_POINT('',(0.0485131478295686,0.0144781829835506,0.01315));
#5034=CARTESIAN_POINT('',(0.0475537544547314,0.0141768542327726,0.01315));
#5035=CARTESIAN_POINT('',(0.0465529448996045,0.014067211579982,0.01315));
#5036=CARTESIAN_POINT('',(0.0455512675202687,0.0141559640652844,0.01315));
#5037=CARTESIAN_POINT('',(0.0445846816161318,0.0144376606980856,0.01315));
#5038=CARTESIAN_POINT('',(0.0436932164964267,0.0149029826404148,0.01315));
#5039=CARTESIAN_POINT('',(0.0429080081965553,0.0155331328052962,0.01315));
#5040=CARTESIAN_POINT('',(0.0422624728168138,0.016304183155688,0.01315));
#5041=CARTESIAN_POINT('',(0.041778182967738,0.0171868522027454,0.01315));
#5042=CARTESIAN_POINT('',(0.0414768542375159,0.0181462455348424,0.01315));
#5043=CARTESIAN_POINT('',(0.0413672115787178,0.0191470551030993,0.01315));
#5044=CARTESIAN_POINT('',(0.0414559640656233,0.0201487324790067,0.01315));
#5045=CARTESIAN_POINT('',(0.0417376606979943,0.0211153183840613,0.01315));
#5046=CARTESIAN_POINT('',(0.0422029826404425,0.02200678350353,0.01315));
#5047=CARTESIAN_POINT('',(0.0428331328052821,0.0227919918034369,0.01315));
#5048=CARTESIAN_POINT('',(0.0436041831557123,0.0234375271832502,0.01315));
#5049=CARTESIAN_POINT('',(0.0444868522026531,0.023921817032011,0.01315));
#5050=CARTESIAN_POINT('',(0.0454462455351867,0.0242231457634203,0.01315));
#5051=CARTESIAN_POINT('',(0.0464470551018056,0.0243327884177879,0.01315));
#5052=CARTESIAN_POINT('',(0.0474487324838344,0.0242440359474155,0.01315));
#5053=CARTESIAN_POINT('',(0.0484153183660303,0.0239623392533462,0.01315));
#5054=CARTESIAN_POINT('',(0.0493067835708209,0.0234970175411585,0.01315));
#5055=CARTESIAN_POINT('',(0.0500919915522944,0.0228668665169777,0.01315));
#5056=CARTESIAN_POINT('',(0.0507375281205395,0.0220958193736426,0.01315));
#5057=CARTESIAN_POINT('',(0.0512218135340096,0.0212131383576487,0.01315));
#5058=CARTESIAN_POINT('',(0.0515284455775086,0.0202369590159438,0.01315));
#5059=CARTESIAN_POINT('',(0.0516330717214542,0.0192340082681078,0.01315));
#5060=CARTESIAN_POINT('',(0.0515388925437522,0.018233373608659,0.01315));
#5061=CARTESIAN_POINT('',(0.0516,0.0192,0.01315));
#5062=CARTESIAN_POINT('',(0.0465,0.0192,0.013148));
#5063=CARTESIAN_POINT('',(0.0465,0.0192,0.01315));
#5064=CARTESIAN_POINT('',(0.0481,0.0192,0.01315));
#5065=CARTESIAN_POINT('',(0.0465,0.0192,0.01815));
#5066=CARTESIAN_POINT('',(0.0481,0.0192,0.01815));
#5067=CARTESIAN_POINT('',(-1.28376313485862E-17,0.0055,0.01315));
#5068=CARTESIAN_POINT('',(0.0465,0.0192,0.01815));
#5069=CARTESIAN_POINT('',(0.0465000097242607,0.0192,0.01815));
#5070=CARTESIAN_POINT('',(0.0495999083490467,0.0192,0.01815));
#5071=CARTESIAN_POINT('',(0.0465000097242607,0.0192,0.0198));
#5072=CARTESIAN_POINT('',(-0.02555625,-0.00706778606358778,0.02645));
#5073=CARTESIAN_POINT('',(-0.02555625,0.0114230320635878,0.02645));
#5074=CARTESIAN_POINT('',(-0.02155625,-0.0190875,0.02645));
#5075=CARTESIAN_POINT('',(0.02994375,-0.0190875,0.02645));
#5076=CARTESIAN_POINT('',(-0.02155625,0.0133625,0.02645));
#5077=CARTESIAN_POINT('',(0.02994375,0.0133625,0.02645));
#5078=CARTESIAN_POINT('',(0.0128433675287197,0.04216,0.02645));
#5079=CARTESIAN_POINT('',(-0.0128433675287197,0.04216,0.02645));
#5080=CARTESIAN_POINT('',(-0.0224566324712803,0.0449278850284561,0.02645));
#5081=CARTESIAN_POINT('',(-0.0566351508768359,-0.0104422968527751,0.02645));
#5082=CARTESIAN_POINT('',(-0.0572,0.0139498623920219,0.02645));
#5083=MECHANICAL_DESIGN_GEOMETRIC_PRESENTATION_REPRESENTATION('',(#2818),
#5084);
#5084=(
GEOMETRIC_REPRESENTATION_CONTEXT(3)
GLOBAL_UNCERTAINTY_ASSIGNED_CONTEXT((#5085))
GLOBAL_UNIT_ASSIGNED_CONTEXT((#5088,#5087,#5086))
REPRESENTATION_CONTEXT('JoyKey lid','TOP_LEVEL_ASSEMBLY_PART')
);
#5085=UNCERTAINTY_MEASURE_WITH_UNIT(LENGTH_MEASURE(2.E-5),#5088,
'DISTANCE_ACCURACY_VALUE','Maximum Tolerance applied to model');
#5086=(
NAMED_UNIT(*)
SI_UNIT($,.STERADIAN.)
SOLID_ANGLE_UNIT()
);
#5087=(
NAMED_UNIT(*)
PLANE_ANGLE_UNIT()
SI_UNIT($,.RADIAN.)
);
#5088=(
LENGTH_UNIT()
NAMED_UNIT(*)
SI_UNIT($,.METRE.)
);
#5089=PRODUCT_DEFINITION_SHAPE('','',#5090);
#5090=PRODUCT_DEFINITION('','',#5092,#5091);
#5091=PRODUCT_DEFINITION_CONTEXT('',#5098,'design');
#5092=PRODUCT_DEFINITION_FORMATION_WITH_SPECIFIED_SOURCE('','',#5094,
 .NOT_KNOWN.);
#5093=PRODUCT_RELATED_PRODUCT_CATEGORY('','',(#5094));
#5094=PRODUCT('JoyKey lid','JoyKey lid','JoyKey lid',(#5096));
#5095=PRODUCT_CATEGORY('','');
#5096=PRODUCT_CONTEXT('',#5098,'mechanical');
#5097=APPLICATION_PROTOCOL_DEFINITION('international standard',
'ap242_managed_model_based_3d_engineering',2011,#5098);
#5098=APPLICATION_CONTEXT('managed model based 3d engineering');
ENDSEC;
END-ISO-10303-21;
