ISO-10303-21;
HEADER;
/* Generated by software containing ST-Developer
 * from STEP Tools, Inc. (www.steptools.com) 
 */
/* OPTION: using custom renumber hook */

FILE_DESCRIPTION(
/* description */ ('STEP AP242',
'CAx-IF Rec.Pracs.---Representation and Presentation of Product Manufa
cturing Information (PMI)---4.0---2014-10-13',
'CAx-IF Rec.Pracs.---3D Tessellated Geometry---0.4---2014-09-14','2;1'),

/* implementation_level */ '2;1');

FILE_NAME(
/* name */ 'Case - JoyKey Case',
/* time_stamp */ '2025-07-11T19:35:34Z',
/* author */ (''),
/* organization */ (''),
/* preprocessor_version */ 'ST-DEVELOPER v20',
/* originating_system */ 'ONSHAPE BY PTC INC, 1.200',
/* authorisation */ '  ');

FILE_SCHEMA (('AP242_MANAGED_MODEL_BASED_3D_ENGINEERING_MIM_LF { 1 0 10303 442 1 1 4 }'));
ENDSEC;

DATA;
#10=SHAPE_REPRESENTATION_RELATIONSHIP('','',#5900,#11);
#11=ADVANCED_BREP_SHAPE_REPRESENTATION('',(#5898),#10888);
#12=(
BOUNDED_SURFACE()
B_SPLINE_SURFACE(3,2,((#9388,#9389,#9390),(#9391,#9392,#9393),(#9394,#9395,
#9396),(#9397,#9398,#9399)),.UNSPECIFIED.,.F.,.F.,.F.)
B_SPLINE_SURFACE_WITH_KNOTS((4,4),(3,3),(2.04161778522146,2.58550942795522),
(0.,1.),.PIECEWISE_BEZIER_KNOTS.)
GEOMETRIC_REPRESENTATION_ITEM()
RATIONAL_B_SPLINE_SURFACE(((1.,0.749168432614109,1.),(1.,0.763729522322229,
1.),(1.,0.775778628746175,1.),(1.,0.784019910864259,1.)))
REPRESENTATION_ITEM('')
SURFACE()
);
#13=(
BOUNDED_SURFACE()
B_SPLINE_SURFACE(3,2,((#9405,#9406,#9407),(#9408,#9409,#9410),(#9411,#9412,
#9413),(#9414,#9415,#9416)),.UNSPECIFIED.,.F.,.F.,.F.)
B_SPLINE_SURFACE_WITH_KNOTS((4,4),(3,3),(0.556083225634569,1.09997486836833),
(0.,1.),.PIECEWISE_BEZIER_KNOTS.)
GEOMETRIC_REPRESENTATION_ITEM()
RATIONAL_B_SPLINE_SURFACE(((1.,0.78401991086426,1.),(1.,0.775778628745525,
1.),(1.,0.763729522323978,1.),(1.,0.74916843261411,1.)))
REPRESENTATION_ITEM('')
SURFACE()
);
#14=(
BOUNDED_SURFACE()
B_SPLINE_SURFACE(3,2,((#9425,#9426,#9427),(#9428,#9429,#9430),(#9431,#9432,
#9433),(#9434,#9435,#9436),(#9437,#9438,#9439),(#9440,#9441,#9442),(#9443,
#9444,#9445)),.UNSPECIFIED.,.F.,.F.,.F.)
B_SPLINE_SURFACE_WITH_KNOTS((4,1,1,1,4),(3,3),(2.47198095326695E-17,0.00289591626502707,
0.00579183253005411,0.00868774879508116,0.0115836650601082),(0.,1.),
 .UNSPECIFIED.)
GEOMETRIC_REPRESENTATION_ITEM()
RATIONAL_B_SPLINE_SURFACE(((1.,0.707106781186548,1.),(1.,0.758668223536193,
1.),(1.,0.845420279839401,1.),(1.,0.936288670884819,1.),(1.,0.98821999987909,
1.),(1.,0.999999999999893,1.),(1.,1.,1.)))
REPRESENTATION_ITEM('')
SURFACE()
);
#15=(
BOUNDED_SURFACE()
B_SPLINE_SURFACE(3,2,((#9449,#9450,#9451),(#9452,#9453,#9454),(#9455,#9456,
#9457),(#9458,#9459,#9460),(#9461,#9462,#9463),(#9464,#9465,#9466),(#9467,
#9468,#9469),(#9470,#9471,#9472),(#9473,#9474,#9475),(#9476,#9477,#9478),
(#9479,#9480,#9481),(#9482,#9483,#9484),(#9485,#9486,#9487),(#9488,#9489,
#9490),(#9491,#9492,#9493)),.UNSPECIFIED.,.F.,.F.,.F.)
B_SPLINE_SURFACE_WITH_KNOTS((4,1,1,1,1,1,1,1,1,1,1,1,4),(3,3),(-1.90819582357449E-17,
0.000976940899524726,0.0014654113492871,0.00195388179904947,0.00293082269857422,
0.00390776359809896,0.00488470449762371,0.00586164539714845,0.00781552719619794,
0.00976940899524743,0.0117232907942969,0.0136771725933464,0.0156310543923959),
(0.,1.),.UNSPECIFIED.)
GEOMETRIC_REPRESENTATION_ITEM()
RATIONAL_B_SPLINE_SURFACE(((1.,0.70710678118655,1.),(1.,0.684129082849718,
1.),(1.,0.635755320893411,1.),(1.,0.55486362703731,1.),(1.,0.493067003340807,
1.),(1.,0.455728819480471,1.),(1.,0.441140845648975,1.),(1.,0.440812802061725,
1.),(1.,0.450669744759991,1.),(1.,0.475892057361106,1.),(1.,0.523595825589816,
1.),(1.,0.589522033658295,1.),(1.,0.659519320103545,1.),(1.,0.694471265639621,
1.),(1.,0.707106781186549,1.)))
REPRESENTATION_ITEM('')
SURFACE()
);
#16=(
BOUNDED_SURFACE()
B_SPLINE_SURFACE(3,2,((#9495,#9496,#9497),(#9498,#9499,#9500),(#9501,#9502,
#9503),(#9504,#9505,#9506),(#9507,#9508,#9509),(#9510,#9511,#9512),(#9513,
#9514,#9515)),.UNSPECIFIED.,.F.,.F.,.F.)
B_SPLINE_SURFACE_WITH_KNOTS((4,1,1,1,4),(3,3),(2.12503625807159E-17,0.00221926851733334,
0.00443853703466665,0.00665780555199997,0.00887707406933328),(0.,1.),
 .UNSPECIFIED.)
GEOMETRIC_REPRESENTATION_ITEM()
RATIONAL_B_SPLINE_SURFACE(((1.,0.707106781186547,1.),(1.,0.722337322632508,
1.),(1.,0.743482815926357,1.),(1.,0.749452975787098,1.),(1.,0.740107608325113,
1.),(1.,0.734395053136475,1.),(1.,0.733357159063263,1.)))
REPRESENTATION_ITEM('')
SURFACE()
);
#17=(
BOUNDED_SURFACE()
B_SPLINE_SURFACE(3,2,((#9517,#9518,#9519),(#9520,#9521,#9522),(#9523,#9524,
#9525),(#9526,#9527,#9528)),.UNSPECIFIED.,.F.,.F.,.F.)
B_SPLINE_SURFACE_WITH_KNOTS((4,4),(3,3),(0.00973303938799951,0.0101560234590212),
(0.,1.),.PIECEWISE_BEZIER_KNOTS.)
GEOMETRIC_REPRESENTATION_ITEM()
RATIONAL_B_SPLINE_SURFACE(((1.,0.733357159063263,1.),(1.,0.732953281884324,
1.),(1.,0.732299928160454,1.),(1.,0.731430791900189,1.)))
REPRESENTATION_ITEM('')
SURFACE()
);
#18=(
BOUNDED_SURFACE()
B_SPLINE_SURFACE(3,2,((#9534,#9535,#9536),(#9537,#9538,#9539),(#9540,#9541,
#9542),(#9543,#9544,#9545),(#9546,#9547,#9548),(#9549,#9550,#9551),(#9552,
#9553,#9554)),.UNSPECIFIED.,.F.,.F.,.F.)
B_SPLINE_SURFACE_WITH_KNOTS((4,1,1,1,4),(3,3),(6.41952149126562,6.77813652694283,
7.13675156262005,7.49536659829727,7.85398163397448),(0.,1.),
 .UNSPECIFIED.)
GEOMETRIC_REPRESENTATION_ITEM()
RATIONAL_B_SPLINE_SURFACE(((1.,0.713607971647485,1.),(1.,0.724886014579106,
1.),(1.,0.777214990124836,1.),(1.,0.889338483319305,1.),(1.,0.977984883713231,
1.),(1.,0.999999999999521,1.),(1.,1.,1.)))
REPRESENTATION_ITEM('')
SURFACE()
);
#19=(
BOUNDED_SURFACE()
B_SPLINE_SURFACE(3,2,((#9555,#9556,#9557),(#9558,#9559,#9560),(#9561,#9562,
#9563),(#9564,#9565,#9566),(#9567,#9568,#9569),(#9570,#9571,#9572),(#9573,
#9574,#9575)),.UNSPECIFIED.,.F.,.F.,.F.)
B_SPLINE_SURFACE_WITH_KNOTS((4,1,1,1,4),(3,3),(-3.33934269125535E-17,0.00289591626502702,
0.00579183253005408,0.00868774879508113,0.0115836650601082),(0.,1.),
 .UNSPECIFIED.)
GEOMETRIC_REPRESENTATION_ITEM()
RATIONAL_B_SPLINE_SURFACE(((1.,0.707106781186548,1.),(1.,0.758668223532331,
1.),(1.,0.845420279841191,1.),(1.,0.936288670884337,1.),(1.,0.988219999879228,
1.),(1.,0.999999999999893,1.),(1.,1.,1.)))
REPRESENTATION_ITEM('')
SURFACE()
);
#20=(
BOUNDED_SURFACE()
B_SPLINE_SURFACE(3,2,((#9579,#9580,#9581),(#9582,#9583,#9584),(#9585,#9586,
#9587),(#9588,#9589,#9590),(#9591,#9592,#9593),(#9594,#9595,#9596),(#9597,
#9598,#9599),(#9600,#9601,#9602),(#9603,#9604,#9605),(#9606,#9607,#9608),
(#9609,#9610,#9611),(#9612,#9613,#9614),(#9615,#9616,#9617),(#9618,#9619,
#9620),(#9621,#9622,#9623)),.UNSPECIFIED.,.F.,.F.,.F.)
B_SPLINE_SURFACE_WITH_KNOTS((4,1,1,1,1,1,1,1,1,1,1,1,4),(3,3),(-2.34187669256869E-17,
0.00193198887750731,0.00386397775501464,0.00579596663252197,0.0077279555100293,
0.00965994438753663,0.0106259388262903,0.011591933265044,0.0125579277037976,
0.0135239221425513,0.0140069193619281,0.014489916581305,0.0154559110200586),
(0.,1.),.UNSPECIFIED.)
GEOMETRIC_REPRESENTATION_ITEM()
RATIONAL_B_SPLINE_SURFACE(((1.,0.707106781186548,1.),(1.,0.694404120411337,
1.),(1.,0.659916902856291,1.),(1.,0.58904577691244,1.),(1.,0.522867342748111,
1.),(1.,0.475409498586335,1.),(1.,0.450319883069103,1.),(1.,0.440692622626017,
1.),(1.,0.441307173575269,1.),(1.,0.456626004893027,1.),(1.,0.494458491800711,
1.),(1.,0.557321813003285,1.),(1.,0.636620786359313,1.),(1.,0.684340571287272,
1.),(1.,0.707106781186544,1.)))
REPRESENTATION_ITEM('')
SURFACE()
);
#21=(
BOUNDED_SURFACE()
B_SPLINE_SURFACE(3,2,((#9625,#9626,#9627),(#9628,#9629,#9630),(#9631,#9632,
#9633),(#9634,#9635,#9636),(#9637,#9638,#9639),(#9640,#9641,#9642),(#9643,
#9644,#9645)),.UNSPECIFIED.,.F.,.F.,.F.)
B_SPLINE_SURFACE_WITH_KNOTS((4,1,1,1,4),(3,3),(3.90312782094782E-18,0.00221876893937352,
0.00443753787874703,0.00665630681812055,0.00887507575749407),(0.,1.),
 .UNSPECIFIED.)
GEOMETRIC_REPRESENTATION_ITEM()
RATIONAL_B_SPLINE_SURFACE(((1.,0.733357159063263,1.),(1.,0.734394705355429,
1.),(1.,0.740084066609057,1.),(1.,0.749435295486011,1.),(1.,0.743554241496946,
1.),(1.,0.722338388701832,1.),(1.,0.707106781186548,1.)))
REPRESENTATION_ITEM('')
SURFACE()
);
#22=(
BOUNDED_SURFACE()
B_SPLINE_SURFACE(3,2,((#9647,#9648,#9649),(#9650,#9651,#9652),(#9653,#9654,
#9655),(#9656,#9657,#9658)),.UNSPECIFIED.,.F.,.F.,.F.)
B_SPLINE_SURFACE_WITH_KNOTS((4,4),(3,3),(0.00973303938799951,0.0101560234590211),
(0.,1.),.PIECEWISE_BEZIER_KNOTS.)
GEOMETRIC_REPRESENTATION_ITEM()
RATIONAL_B_SPLINE_SURFACE(((1.,0.733357159063263,1.),(1.,0.732953281884435,
1.),(1.,0.732299928160509,1.),(1.,0.731430791900189,1.)))
REPRESENTATION_ITEM('')
SURFACE()
);
#23=(
BOUNDED_SURFACE()
B_SPLINE_SURFACE(3,2,((#9664,#9665,#9666),(#9667,#9668,#9669),(#9670,#9671,
#9672),(#9673,#9674,#9675),(#9676,#9677,#9678),(#9679,#9680,#9681),(#9682,
#9683,#9684)),.UNSPECIFIED.,.F.,.F.,.F.)
B_SPLINE_SURFACE_WITH_KNOTS((4,1,1,1,4),(3,3),(6.41952149126467,6.77813652694212,
7.13675156261958,7.49536659829703,7.85398163397448),(0.,1.),
 .UNSPECIFIED.)
GEOMETRIC_REPRESENTATION_ITEM()
RATIONAL_B_SPLINE_SURFACE(((1.,0.713607971647396,1.),(1.,0.724886014578441,
1.),(1.,0.777214990124852,1.),(1.,0.889338483319103,1.),(1.,0.977984883713218,
1.),(1.,0.999999999999521,1.),(1.,1.,1.)))
REPRESENTATION_ITEM('')
SURFACE()
);
#24=(
BOUNDED_SURFACE()
B_SPLINE_SURFACE(3,2,((#9685,#9686,#9687),(#9688,#9689,#9690),(#9691,#9692,
#9693),(#9694,#9695,#9696),(#9697,#9698,#9699),(#9700,#9701,#9702),(#9703,
#9704,#9705),(#9706,#9707,#9708),(#9709,#9710,#9711),(#9712,#9713,#9714),
(#9715,#9716,#9717),(#9718,#9719,#9720),(#9721,#9722,#9723),(#9724,#9725,
#9726),(#9727,#9728,#9729),(#9730,#9731,#9732),(#9733,#9734,#9735),(#9736,
#9737,#9738),(#9739,#9740,#9741)),.UNSPECIFIED.,.F.,.F.,.F.)
B_SPLINE_SURFACE_WITH_KNOTS((4,1,1,1,1,1,1,1,1,1,1,1,1,1,1,1,4),(3,3),(1.73472347597681E-18,
0.000409288617530598,0.000818577235061193,0.00122786585259179,0.00163715447012238,
0.00245573170518358,0.00327430894024477,0.00409288617530596,0.00491146341036715,
0.00654861788048953,0.00818577235061192,0.0098229268207343,0.0106415040557955,
0.0114600812908567,0.0122786585259179,0.0126879471434485,0.0130972357609791),
(0.,1.),.UNSPECIFIED.)
GEOMETRIC_REPRESENTATION_ITEM()
RATIONAL_B_SPLINE_SURFACE(((1.,0.707106781186547,1.),(1.,0.707106781186547,
1.),(1.,0.707106781186548,1.),(1.,0.707106781186548,1.),(1.,0.707106781186547,
1.),(1.,0.707106781186548,1.),(1.,0.707106781186547,1.),(1.,0.707106781186548,
1.),(1.,0.707106781186548,1.),(1.,0.707106781186548,1.),(1.,0.707106781186547,
1.),(1.,0.707106781186548,1.),(1.,0.707106781186548,1.),(1.,0.707106781186548,
1.),(1.,0.707106781186547,1.),(1.,0.707106781186546,1.),(1.,0.707106781186548,
1.),(1.,0.707106781186548,1.),(1.,0.707106781186548,1.)))
REPRESENTATION_ITEM('')
SURFACE()
);
#25=(
BOUNDED_SURFACE()
B_SPLINE_SURFACE(3,2,((#9752,#9753,#9754),(#9755,#9756,#9757),(#9758,#9759,
#9760),(#9761,#9762,#9763),(#9764,#9765,#9766),(#9767,#9768,#9769),(#9770,
#9771,#9772),(#9773,#9774,#9775),(#9776,#9777,#9778)),.UNSPECIFIED.,.F.,
 .F.,.F.)
B_SPLINE_SURFACE_WITH_KNOTS((4,1,1,1,1,1,4),(3,3),(-7.37257477290143E-18,
0.00185805989126103,0.00371611978252207,0.00464514972815259,0.00557417967378311,
0.00650320961941363,0.00743223956504415),(0.,1.),.UNSPECIFIED.)
GEOMETRIC_REPRESENTATION_ITEM()
RATIONAL_B_SPLINE_SURFACE(((1.,0.707106781186549,1.),(1.,0.732164688522853,
1.),(1.,0.781008442914889,1.),(1.,0.844739602164352,1.),(1.,0.900292885197317,
1.),(1.,0.94424289254415,1.),(1.,0.990104338571965,1.),(1.,1.00000000317296,
1.),(1.,1.,1.)))
REPRESENTATION_ITEM('')
SURFACE()
);
#26=(
BOUNDED_SURFACE()
B_SPLINE_SURFACE(3,2,((#9790,#9791,#9792),(#9793,#9794,#9795),(#9796,#9797,
#9798),(#9799,#9800,#9801),(#9802,#9803,#9804),(#9805,#9806,#9807),(#9808,
#9809,#9810)),.UNSPECIFIED.,.F.,.F.,.F.)
B_SPLINE_SURFACE_WITH_KNOTS((4,1,1,1,4),(3,3),(-7.15573433840433E-18,0.00192925351328661,
0.00385850702657322,0.00578776053985984,0.00771701405314645),(0.,1.),
 .UNSPECIFIED.)
GEOMETRIC_REPRESENTATION_ITEM()
RATIONAL_B_SPLINE_SURFACE(((1.,0.707106781186548,1.),(1.,0.729446236180928,
1.),(1.,0.781503393534392,1.),(1.,0.87859856438394,1.),(1.,0.972327543150427,
1.),(1.,0.999999999999108,1.),(1.,1.,1.)))
REPRESENTATION_ITEM('')
SURFACE()
);
#27=(
BOUNDED_SURFACE()
B_SPLINE_SURFACE(3,2,((#9811,#9812,#9813),(#9814,#9815,#9816),(#9817,#9818,
#9819),(#9820,#9821,#9822),(#9823,#9824,#9825),(#9826,#9827,#9828),(#9829,
#9830,#9831),(#9832,#9833,#9834),(#9835,#9836,#9837),(#9838,#9839,#9840),
(#9841,#9842,#9843),(#9844,#9845,#9846),(#9847,#9848,#9849),(#9850,#9851,
#9852),(#9853,#9854,#9855),(#9856,#9857,#9858),(#9859,#9860,#9861),(#9862,
#9863,#9864),(#9865,#9866,#9867)),.UNSPECIFIED.,.F.,.F.,.F.)
B_SPLINE_SURFACE_WITH_KNOTS((4,1,1,1,1,1,1,1,1,1,1,1,1,1,1,1,4),(3,3),(-4.33680868994202E-18,
0.000409288617530594,0.000818577235061192,0.00122786585259179,0.00163715447012239,
0.00245573170518359,0.00327430894024478,0.00409288617530598,0.00491146341036718,
0.00654861788048957,0.00818577235061196,0.00982292682073436,0.0106415040557956,
0.0114600812908568,0.0122786585259179,0.0126879471434485,0.0130972357609791),
(0.,1.),.UNSPECIFIED.)
GEOMETRIC_REPRESENTATION_ITEM()
RATIONAL_B_SPLINE_SURFACE(((1.,0.707106781186551,1.),(1.,0.707106781186551,
1.),(1.,0.707106781186546,1.),(1.,0.707106781186548,1.),(1.,0.707106781186547,
1.),(1.,0.707106781186548,1.),(1.,0.707106781186548,1.),(1.,0.707106781186548,
1.),(1.,0.707106781186547,1.),(1.,0.707106781186548,1.),(1.,0.707106781186547,
1.),(1.,0.707106781186547,1.),(1.,0.707106781186549,1.),(1.,0.707106781186548,
1.),(1.,0.707106781186548,1.),(1.,0.707106781186549,1.),(1.,0.707106781186547,
1.),(1.,0.707106781186548,1.),(1.,0.707106781186548,1.)))
REPRESENTATION_ITEM('')
SURFACE()
);
#28=(
BOUNDED_SURFACE()
B_SPLINE_SURFACE(3,2,((#9878,#9879,#9880),(#9881,#9882,#9883),(#9884,#9885,
#9886),(#9887,#9888,#9889),(#9890,#9891,#9892),(#9893,#9894,#9895),(#9896,
#9897,#9898),(#9899,#9900,#9901),(#9902,#9903,#9904)),.UNSPECIFIED.,.F.,
 .F.,.F.)
B_SPLINE_SURFACE_WITH_KNOTS((4,1,1,1,1,1,4),(3,3),(-1.0842021724855E-17,
0.00185805989126103,0.00371611978252207,0.00464514972815259,0.00557417967378311,
0.00650320961941363,0.00743223956504415),(0.,1.),.UNSPECIFIED.)
GEOMETRIC_REPRESENTATION_ITEM()
RATIONAL_B_SPLINE_SURFACE(((1.,0.707106781186549,1.),(1.,0.732164688522923,
1.),(1.,0.781008442914853,1.),(1.,0.844739602164356,1.),(1.,0.900292885197317,
1.),(1.,0.944242892544152,1.),(1.,0.990104338571965,1.),(1.,1.00000000317296,
1.),(1.,1.,1.)))
REPRESENTATION_ITEM('')
SURFACE()
);
#29=(
BOUNDED_SURFACE()
B_SPLINE_SURFACE(3,2,((#9916,#9917,#9918),(#9919,#9920,#9921),(#9922,#9923,
#9924),(#9925,#9926,#9927),(#9928,#9929,#9930),(#9931,#9932,#9933),(#9934,
#9935,#9936)),.UNSPECIFIED.,.F.,.F.,.F.)
B_SPLINE_SURFACE_WITH_KNOTS((4,1,1,1,4),(3,3),(-1.01915004213637E-17,0.0019292535132866,
0.00385850702657321,0.00578776053985982,0.00771701405314643),(0.,1.),
 .UNSPECIFIED.)
GEOMETRIC_REPRESENTATION_ITEM()
RATIONAL_B_SPLINE_SURFACE(((1.,0.707106781186548,1.),(1.,0.729446236180747,
1.),(1.,0.781503393534475,1.),(1.,0.878598564383917,1.),(1.,0.972327543150434,
1.),(1.,0.999999999999107,1.),(1.,1.,1.)))
REPRESENTATION_ITEM('')
SURFACE()
);
#30=(
BOUNDED_SURFACE()
B_SPLINE_SURFACE(3,2,((#9948,#9949,#9950),(#9951,#9952,#9953),(#9954,#9955,
#9956),(#9957,#9958,#9959),(#9960,#9961,#9962)),.UNSPECIFIED.,.F.,.F.,.F.)
B_SPLINE_SURFACE_WITH_KNOTS((4,1,4),(3,3),(-4.77048955893622E-18,0.00330083312733928,
0.00660166625467857),(0.,1.),.UNSPECIFIED.)
GEOMETRIC_REPRESENTATION_ITEM()
RATIONAL_B_SPLINE_SURFACE(((1.,0.796889399838323,1.),(1.,0.818377483081968,
1.),(1.,0.86390804885951,1.),(1.,0.9152774047358,1.),(1.,0.939077940035758,
1.)))
REPRESENTATION_ITEM('')
SURFACE()
);
#31=(
BOUNDED_SURFACE()
B_SPLINE_SURFACE(3,2,((#9965,#9966,#9967),(#9968,#9969,#9970),(#9971,#9972,
#9973),(#9974,#9975,#9976),(#9977,#9978,#9979)),.UNSPECIFIED.,.F.,.F.,.F.)
B_SPLINE_SURFACE_WITH_KNOTS((4,1,4),(3,3),(-9.97465998686664E-18,0.00330083312733928,
0.00660166625467858),(0.,1.),.UNSPECIFIED.)
GEOMETRIC_REPRESENTATION_ITEM()
RATIONAL_B_SPLINE_SURFACE(((1.,0.796889399838324,1.),(1.,0.818377483080726,
1.),(1.,0.86390804886013,1.),(1.,0.9152774047358,1.),(1.,0.939077940035758,
1.)))
REPRESENTATION_ITEM('')
SURFACE()
);
#32=(
BOUNDED_SURFACE()
B_SPLINE_SURFACE(3,2,((#9986,#9987,#9988),(#9989,#9990,#9991),(#9992,#9993,
#9994),(#9995,#9996,#9997),(#9998,#9999,#10000)),.UNSPECIFIED.,.F.,.F.,
 .F.)
B_SPLINE_SURFACE_WITH_KNOTS((4,1,4),(3,3),(0.0106004961215243,0.0126018187156583,
0.0146031413097924),(0.,1.),.UNSPECIFIED.)
GEOMETRIC_REPRESENTATION_ITEM()
RATIONAL_B_SPLINE_SURFACE(((1.,0.792005509622707,1.),(1.,0.792005509650349,
1.),(1.,0.795741436452671,1.),(1.,0.773749444650329,1.),(1.,0.749168432614108,
1.)))
REPRESENTATION_ITEM('')
SURFACE()
);
#33=(
BOUNDED_SURFACE()
B_SPLINE_SURFACE(3,2,((#10007,#10008,#10009),(#10010,#10011,#10012),(#10013,
#10014,#10015),(#10016,#10017,#10018),(#10019,#10020,#10021)),
 .UNSPECIFIED.,.F.,.F.,.F.)
B_SPLINE_SURFACE_WITH_KNOTS((4,1,4),(3,3),(0.0105552042194425,0.0125532117673948,
0.014551219315347),(0.,1.),.UNSPECIFIED.)
GEOMETRIC_REPRESENTATION_ITEM()
RATIONAL_B_SPLINE_SURFACE(((1.,0.749168432614108,1.),(1.,0.773849204507529,
1.),(1.,0.79567392937331,1.),(1.,0.792005509642176,1.),(1.,0.792005509622707,
1.)))
REPRESENTATION_ITEM('')
SURFACE()
);
#34=TOROIDAL_SURFACE('',#6136,0.007,0.005);
#35=TOROIDAL_SURFACE('',#6143,0.007,0.005);
#36=TOROIDAL_SURFACE('',#6189,0.003,0.002);
#37=TOROIDAL_SURFACE('',#6191,0.003,0.002);
#38=TOROIDAL_SURFACE('',#6197,0.011,0.002);
#39=TOROIDAL_SURFACE('',#6198,0.011,0.002);
#40=TOROIDAL_SURFACE('',#6205,0.0202,0.002);
#41=TOROIDAL_SURFACE('',#6210,0.0202,0.002);
#42=TOROIDAL_SURFACE('',#6215,0.002,0.002);
#43=TOROIDAL_SURFACE('',#6218,0.007,0.002);
#44=TOROIDAL_SURFACE('',#6222,0.002,0.002);
#45=TOROIDAL_SURFACE('',#6225,0.007,0.002);
#46=TOROIDAL_SURFACE('',#6230,0.003,0.002);
#47=TOROIDAL_SURFACE('',#6233,0.003,0.002);
#48=B_SPLINE_SURFACE_WITH_KNOTS('',3,1,((#8983,#8984),(#8985,#8986),(#8987,
#8988),(#8989,#8990),(#8991,#8992),(#8993,#8994),(#8995,#8996),(#8997,#8998),
(#8999,#9000),(#9001,#9002),(#9003,#9004)),.SURF_OF_LINEAR_EXTRUSION.,.F.,
 .F.,.F.,(4,1,1,1,1,1,1,1,4),(2,2),(-4.48929806502463E-16,0.125,0.25,0.375,
0.5,0.625,0.75,0.875,1.),(0.,1.),.UNSPECIFIED.);
#49=B_SPLINE_SURFACE_WITH_KNOTS('',3,1,((#9035,#9036),(#9037,#9038),(#9039,
#9040),(#9041,#9042)),.SURF_OF_LINEAR_EXTRUSION.,.F.,.F.,.F.,(4,4),(2,2),
(0.,1.),(0.,1.),.PIECEWISE_BEZIER_KNOTS.);
#50=B_SPLINE_SURFACE_WITH_KNOTS('',3,1,((#9066,#9067),(#9068,#9069),(#9070,
#9071),(#9072,#9073),(#9074,#9075),(#9076,#9077),(#9078,#9079),(#9080,#9081),
(#9082,#9083),(#9084,#9085),(#9086,#9087)),.SURF_OF_LINEAR_EXTRUSION.,.F.,
 .F.,.F.,(4,1,1,1,1,1,1,1,4),(2,2),(0.,0.125,0.25,0.375,0.5,0.625,0.75,
0.875,1.),(0.,1.),.UNSPECIFIED.);
#51=B_SPLINE_SURFACE_WITH_KNOTS('',3,1,((#9105,#9106),(#9107,#9108),(#9109,
#9110),(#9111,#9112)),.SURF_OF_LINEAR_EXTRUSION.,.F.,.F.,.F.,(4,4),(2,2),
(-2.73869468769839E-16,1.),(0.,1.),.PIECEWISE_BEZIER_KNOTS.);
#52=B_SPLINE_SURFACE_WITH_KNOTS('',3,1,((#10024,#10025),(#10026,#10027),
(#10028,#10029),(#10030,#10031)),.SURF_OF_LINEAR_EXTRUSION.,.F.,.F.,.F.,
(4,4),(2,2),(0.,1.),(0.,1.),.PIECEWISE_BEZIER_KNOTS.);
#53=B_SPLINE_SURFACE_WITH_KNOTS('',3,1,((#10044,#10045),(#10046,#10047),
(#10048,#10049),(#10050,#10051)),.SURF_OF_LINEAR_EXTRUSION.,.F.,.F.,.F.,
(4,4),(2,2),(0.,1.),(0.,1.),.PIECEWISE_BEZIER_KNOTS.);
#54=B_SPLINE_SURFACE_WITH_KNOTS('',3,1,((#10061,#10062),(#10063,#10064),
(#10065,#10066),(#10067,#10068)),.SURF_OF_LINEAR_EXTRUSION.,.F.,.F.,.F.,
(4,4),(2,2),(0.,1.),(0.,1.),.PIECEWISE_BEZIER_KNOTS.);
#55=B_SPLINE_SURFACE_WITH_KNOTS('',3,1,((#10078,#10079),(#10080,#10081),
(#10082,#10083),(#10084,#10085)),.SURF_OF_LINEAR_EXTRUSION.,.F.,.F.,.F.,
(4,4),(2,2),(0.,1.),(0.,1.),.PIECEWISE_BEZIER_KNOTS.);
#56=B_SPLINE_SURFACE_WITH_KNOTS('',3,1,((#10095,#10096),(#10097,#10098),
(#10099,#10100),(#10101,#10102)),.SURF_OF_LINEAR_EXTRUSION.,.F.,.F.,.F.,
(4,4),(2,2),(0.,1.),(0.,1.),.PIECEWISE_BEZIER_KNOTS.);
#57=B_SPLINE_SURFACE_WITH_KNOTS('',3,1,((#10112,#10113),(#10114,#10115),
(#10116,#10117),(#10118,#10119)),.SURF_OF_LINEAR_EXTRUSION.,.F.,.F.,.F.,
(4,4),(2,2),(0.,1.),(0.,1.),.PIECEWISE_BEZIER_KNOTS.);
#58=B_SPLINE_SURFACE_WITH_KNOTS('',3,1,((#10129,#10130),(#10131,#10132),
(#10133,#10134),(#10135,#10136)),.SURF_OF_LINEAR_EXTRUSION.,.F.,.F.,.F.,
(4,4),(2,2),(0.,1.),(0.,1.),.PIECEWISE_BEZIER_KNOTS.);
#59=B_SPLINE_SURFACE_WITH_KNOTS('',3,1,((#10146,#10147),(#10148,#10149),
(#10150,#10151),(#10152,#10153)),.SURF_OF_LINEAR_EXTRUSION.,.F.,.F.,.F.,
(4,4),(2,2),(0.,1.),(0.,1.),.PIECEWISE_BEZIER_KNOTS.);
#60=B_SPLINE_SURFACE_WITH_KNOTS('',3,1,((#10165,#10166),(#10167,#10168),
(#10169,#10170),(#10171,#10172)),.SURF_OF_LINEAR_EXTRUSION.,.F.,.F.,.F.,
(4,4),(2,2),(0.,1.),(0.,1.),.PIECEWISE_BEZIER_KNOTS.);
#61=B_SPLINE_SURFACE_WITH_KNOTS('',3,1,((#10178,#10179),(#10180,#10181),
(#10182,#10183),(#10184,#10185)),.SURF_OF_LINEAR_EXTRUSION.,.F.,.F.,.F.,
(4,4),(2,2),(0.,1.),(0.,1.),.PIECEWISE_BEZIER_KNOTS.);
#62=B_SPLINE_SURFACE_WITH_KNOTS('',3,1,((#10191,#10192),(#10193,#10194),
(#10195,#10196),(#10197,#10198)),.SURF_OF_LINEAR_EXTRUSION.,.F.,.F.,.F.,
(4,4),(2,2),(0.,1.),(0.,1.),.PIECEWISE_BEZIER_KNOTS.);
#63=B_SPLINE_SURFACE_WITH_KNOTS('',3,1,((#10204,#10205),(#10206,#10207),
(#10208,#10209),(#10210,#10211)),.SURF_OF_LINEAR_EXTRUSION.,.F.,.F.,.F.,
(4,4),(2,2),(0.,1.),(0.,1.),.PIECEWISE_BEZIER_KNOTS.);
#64=B_SPLINE_SURFACE_WITH_KNOTS('',3,1,((#10221,#10222),(#10223,#10224),
(#10225,#10226),(#10227,#10228)),.SURF_OF_LINEAR_EXTRUSION.,.F.,.F.,.F.,
(4,4),(2,2),(0.,1.),(0.,1.),.PIECEWISE_BEZIER_KNOTS.);
#65=B_SPLINE_SURFACE_WITH_KNOTS('',3,1,((#10234,#10235),(#10236,#10237),
(#10238,#10239),(#10240,#10241)),.SURF_OF_LINEAR_EXTRUSION.,.F.,.F.,.F.,
(4,4),(2,2),(0.,1.),(0.,1.),.PIECEWISE_BEZIER_KNOTS.);
#66=B_SPLINE_SURFACE_WITH_KNOTS('',3,1,((#10247,#10248),(#10249,#10250),
(#10251,#10252),(#10253,#10254)),.SURF_OF_LINEAR_EXTRUSION.,.F.,.F.,.F.,
(4,4),(2,2),(0.,1.),(0.,1.),.PIECEWISE_BEZIER_KNOTS.);
#67=B_SPLINE_SURFACE_WITH_KNOTS('',3,1,((#10260,#10261),(#10262,#10263),
(#10264,#10265),(#10266,#10267)),.SURF_OF_LINEAR_EXTRUSION.,.F.,.F.,.F.,
(4,4),(2,2),(0.,1.),(0.,1.),.PIECEWISE_BEZIER_KNOTS.);
#68=B_SPLINE_SURFACE_WITH_KNOTS('',3,1,((#10271,#10272),(#10273,#10274),
(#10275,#10276),(#10277,#10278)),.SURF_OF_LINEAR_EXTRUSION.,.F.,.F.,.F.,
(4,4),(2,2),(0.,1.),(0.,1.),.PIECEWISE_BEZIER_KNOTS.);
#69=B_SPLINE_SURFACE_WITH_KNOTS('',3,1,((#10308,#10309),(#10310,#10311),
(#10312,#10313),(#10314,#10315)),.SURF_OF_LINEAR_EXTRUSION.,.F.,.F.,.F.,
(4,4),(2,2),(0.,1.),(0.,1.),.PIECEWISE_BEZIER_KNOTS.);
#70=B_SPLINE_SURFACE_WITH_KNOTS('',3,1,((#10321,#10322),(#10323,#10324),
(#10325,#10326),(#10327,#10328)),.SURF_OF_LINEAR_EXTRUSION.,.F.,.F.,.F.,
(4,4),(2,2),(0.,1.),(0.,1.),.PIECEWISE_BEZIER_KNOTS.);
#71=B_SPLINE_SURFACE_WITH_KNOTS('',3,1,((#10346,#10347),(#10348,#10349),
(#10350,#10351),(#10352,#10353)),.SURF_OF_LINEAR_EXTRUSION.,.F.,.F.,.F.,
(4,4),(2,2),(0.,1.),(0.,1.),.PIECEWISE_BEZIER_KNOTS.);
#72=B_SPLINE_SURFACE_WITH_KNOTS('',3,1,((#10445,#10446),(#10447,#10448),
(#10449,#10450),(#10451,#10452)),.SURF_OF_LINEAR_EXTRUSION.,.F.,.F.,.F.,
(4,4),(2,2),(0.,1.),(0.,1.),.PIECEWISE_BEZIER_KNOTS.);
#73=B_SPLINE_SURFACE_WITH_KNOTS('',3,1,((#10458,#10459),(#10460,#10461),
(#10462,#10463),(#10464,#10465)),.SURF_OF_LINEAR_EXTRUSION.,.F.,.F.,.F.,
(4,4),(2,2),(0.,1.),(0.,1.),.PIECEWISE_BEZIER_KNOTS.);
#74=B_SPLINE_SURFACE_WITH_KNOTS('',3,1,((#10483,#10484),(#10485,#10486),
(#10487,#10488),(#10489,#10490)),.SURF_OF_LINEAR_EXTRUSION.,.F.,.F.,.F.,
(4,4),(2,2),(0.,1.),(0.,1.),.PIECEWISE_BEZIER_KNOTS.);
#75=B_SPLINE_SURFACE_WITH_KNOTS('',3,1,((#10507,#10508),(#10509,#10510),
(#10511,#10512),(#10513,#10514)),.SURF_OF_LINEAR_EXTRUSION.,.F.,.F.,.F.,
(4,4),(2,2),(0.,1.),(0.,1.),.PIECEWISE_BEZIER_KNOTS.);
#76=B_SPLINE_SURFACE_WITH_KNOTS('',3,1,((#10527,#10528),(#10529,#10530),
(#10531,#10532),(#10533,#10534)),.SURF_OF_LINEAR_EXTRUSION.,.F.,.F.,.F.,
(4,4),(2,2),(0.,1.),(0.,1.),.PIECEWISE_BEZIER_KNOTS.);
#77=B_SPLINE_SURFACE_WITH_KNOTS('',3,1,((#10544,#10545),(#10546,#10547),
(#10548,#10549),(#10550,#10551)),.SURF_OF_LINEAR_EXTRUSION.,.F.,.F.,.F.,
(4,4),(2,2),(0.,1.),(0.,1.),.PIECEWISE_BEZIER_KNOTS.);
#78=B_SPLINE_SURFACE_WITH_KNOTS('',3,1,((#10573,#10574),(#10575,#10576),
(#10577,#10578),(#10579,#10580)),.SURF_OF_LINEAR_EXTRUSION.,.F.,.F.,.F.,
(4,4),(2,2),(0.,1.),(0.,1.),.PIECEWISE_BEZIER_KNOTS.);
#79=B_SPLINE_SURFACE_WITH_KNOTS('',3,1,((#10588,#10589),(#10590,#10591),
(#10592,#10593),(#10594,#10595)),.SURF_OF_LINEAR_EXTRUSION.,.F.,.F.,.F.,
(4,4),(2,2),(0.,1.),(0.,1.),.PIECEWISE_BEZIER_KNOTS.);
#80=B_SPLINE_SURFACE_WITH_KNOTS('',3,1,((#10601,#10602),(#10603,#10604),
(#10605,#10606),(#10607,#10608)),.SURF_OF_LINEAR_EXTRUSION.,.F.,.F.,.F.,
(4,4),(2,2),(0.,1.),(0.,1.),.PIECEWISE_BEZIER_KNOTS.);
#81=B_SPLINE_SURFACE_WITH_KNOTS('',3,1,((#10618,#10619),(#10620,#10621),
(#10622,#10623),(#10624,#10625)),.SURF_OF_LINEAR_EXTRUSION.,.F.,.F.,.F.,
(4,4),(2,2),(0.,1.),(0.,1.),.PIECEWISE_BEZIER_KNOTS.);
#82=B_SPLINE_SURFACE_WITH_KNOTS('',3,1,((#10631,#10632),(#10633,#10634),
(#10635,#10636),(#10637,#10638)),.SURF_OF_LINEAR_EXTRUSION.,.F.,.F.,.F.,
(4,4),(2,2),(0.,1.),(0.,1.),.PIECEWISE_BEZIER_KNOTS.);
#83=B_SPLINE_SURFACE_WITH_KNOTS('',3,1,((#10644,#10645),(#10646,#10647),
(#10648,#10649),(#10650,#10651)),.SURF_OF_LINEAR_EXTRUSION.,.F.,.F.,.F.,
(4,4),(2,2),(0.,1.),(0.,1.),.PIECEWISE_BEZIER_KNOTS.);
#84=B_SPLINE_SURFACE_WITH_KNOTS('',3,1,((#10665,#10666),(#10667,#10668),
(#10669,#10670),(#10671,#10672)),.SURF_OF_LINEAR_EXTRUSION.,.F.,.F.,.F.,
(4,4),(2,2),(0.,1.),(0.,1.),.PIECEWISE_BEZIER_KNOTS.);
#85=B_SPLINE_SURFACE_WITH_KNOTS('',3,1,((#10678,#10679),(#10680,#10681),
(#10682,#10683),(#10684,#10685)),.SURF_OF_LINEAR_EXTRUSION.,.F.,.F.,.F.,
(4,4),(2,2),(0.,1.),(0.,1.),.PIECEWISE_BEZIER_KNOTS.);
#86=B_SPLINE_SURFACE_WITH_KNOTS('',3,1,((#10691,#10692),(#10693,#10694),
(#10695,#10696),(#10697,#10698)),.SURF_OF_LINEAR_EXTRUSION.,.F.,.F.,.F.,
(4,4),(2,2),(0.,1.),(0.,1.),.PIECEWISE_BEZIER_KNOTS.);
#87=B_SPLINE_SURFACE_WITH_KNOTS('',3,1,((#10704,#10705),(#10706,#10707),
(#10708,#10709),(#10710,#10711)),.SURF_OF_LINEAR_EXTRUSION.,.F.,.F.,.F.,
(4,4),(2,2),(0.,1.),(0.,1.),.PIECEWISE_BEZIER_KNOTS.);
#88=B_SPLINE_SURFACE_WITH_KNOTS('',3,1,((#10717,#10718),(#10719,#10720),
(#10721,#10722),(#10723,#10724)),.SURF_OF_LINEAR_EXTRUSION.,.F.,.F.,.F.,
(4,4),(2,2),(0.,1.),(0.,1.),.PIECEWISE_BEZIER_KNOTS.);
#89=B_SPLINE_SURFACE_WITH_KNOTS('',3,1,((#10734,#10735),(#10736,#10737),
(#10738,#10739),(#10740,#10741)),.SURF_OF_LINEAR_EXTRUSION.,.F.,.F.,.F.,
(4,4),(2,2),(0.,1.),(0.,1.),.PIECEWISE_BEZIER_KNOTS.);
#90=B_SPLINE_SURFACE_WITH_KNOTS('',3,1,((#10745,#10746),(#10747,#10748),
(#10749,#10750),(#10751,#10752)),.SURF_OF_LINEAR_EXTRUSION.,.F.,.F.,.F.,
(4,4),(2,2),(0.,1.),(0.,1.),.PIECEWISE_BEZIER_KNOTS.);
#91=B_SPLINE_SURFACE_WITH_KNOTS('',3,1,((#10770,#10771),(#10772,#10773),
(#10774,#10775),(#10776,#10777)),.SURF_OF_LINEAR_EXTRUSION.,.F.,.F.,.F.,
(4,4),(2,2),(0.,1.),(0.,1.),.PIECEWISE_BEZIER_KNOTS.);
#92=B_SPLINE_SURFACE_WITH_KNOTS('',3,1,((#10783,#10784),(#10785,#10786),
(#10787,#10788),(#10789,#10790)),.SURF_OF_LINEAR_EXTRUSION.,.F.,.F.,.F.,
(4,4),(2,2),(0.,1.),(0.,1.),.PIECEWISE_BEZIER_KNOTS.);
#93=B_SPLINE_SURFACE_WITH_KNOTS('',3,1,((#10796,#10797),(#10798,#10799),
(#10800,#10801),(#10802,#10803)),.SURF_OF_LINEAR_EXTRUSION.,.F.,.F.,.F.,
(4,4),(2,2),(0.,1.),(0.,1.),.PIECEWISE_BEZIER_KNOTS.);
#94=B_SPLINE_SURFACE_WITH_KNOTS('',3,1,((#10809,#10810),(#10811,#10812),
(#10813,#10814),(#10815,#10816)),.SURF_OF_LINEAR_EXTRUSION.,.F.,.F.,.F.,
(4,4),(2,2),(0.,1.),(0.,1.),.PIECEWISE_BEZIER_KNOTS.);
#95=B_SPLINE_SURFACE_WITH_KNOTS('',3,1,((#10826,#10827),(#10828,#10829),
(#10830,#10831),(#10832,#10833)),.SURF_OF_LINEAR_EXTRUSION.,.F.,.F.,.F.,
(4,4),(2,2),(0.,1.),(0.,1.),.PIECEWISE_BEZIER_KNOTS.);
#96=B_SPLINE_SURFACE_WITH_KNOTS('',3,1,((#10839,#10840),(#10841,#10842),
(#10843,#10844),(#10845,#10846)),.SURF_OF_LINEAR_EXTRUSION.,.F.,.F.,.F.,
(4,4),(2,2),(0.,1.),(0.,1.),.PIECEWISE_BEZIER_KNOTS.);
#97=B_SPLINE_SURFACE_WITH_KNOTS('',3,1,((#10852,#10853),(#10854,#10855),
(#10856,#10857),(#10858,#10859)),.SURF_OF_LINEAR_EXTRUSION.,.F.,.F.,.F.,
(4,4),(2,2),(0.,1.),(0.,1.),.PIECEWISE_BEZIER_KNOTS.);
#98=B_SPLINE_SURFACE_WITH_KNOTS('',3,1,((#10869,#10870),(#10871,#10872),
(#10873,#10874),(#10875,#10876)),.SURF_OF_LINEAR_EXTRUSION.,.F.,.F.,.F.,
(4,4),(2,2),(0.,1.),(0.,1.),.PIECEWISE_BEZIER_KNOTS.);
#99=ELLIPSE('',#5913,0.00951417271500376,0.009);
#100=ELLIPSE('',#5916,0.00951417271500376,0.009);
#101=ELLIPSE('',#6126,0.0058309518948453,0.005);
#102=ELLIPSE('',#6129,0.0058309518948453,0.005);
#103=ELLIPSE('',#6130,0.0058309518948453,0.005);
#104=ELLIPSE('',#6132,0.0058309518948453,0.005);
#105=ELLIPSE('',#6160,0.0114245123506836,0.011);
#106=ELLIPSE('',#6162,0.0114245123506836,0.011);
#107=CYLINDRICAL_SURFACE('',#5912,0.009);
#108=CYLINDRICAL_SURFACE('',#5952,0.0202);
#109=CYLINDRICAL_SURFACE('',#5959,0.0222);
#110=CYLINDRICAL_SURFACE('',#5974,0.0222);
#111=CYLINDRICAL_SURFACE('',#5979,0.0202);
#112=CYLINDRICAL_SURFACE('',#5998,0.00235);
#113=CYLINDRICAL_SURFACE('',#6000,0.00235);
#114=CYLINDRICAL_SURFACE('',#6006,0.01);
#115=CYLINDRICAL_SURFACE('',#6007,0.01);
#116=CYLINDRICAL_SURFACE('',#6008,0.012);
#117=CYLINDRICAL_SURFACE('',#6014,0.012);
#118=CYLINDRICAL_SURFACE('',#6058,0.00435);
#119=CYLINDRICAL_SURFACE('',#6065,0.00435);
#120=CYLINDRICAL_SURFACE('',#6087,0.00425);
#121=CYLINDRICAL_SURFACE('',#6089,0.00425);
#122=CYLINDRICAL_SURFACE('',#6091,0.00425);
#123=CYLINDRICAL_SURFACE('',#6094,0.00425);
#124=CYLINDRICAL_SURFACE('',#6095,0.004);
#125=CYLINDRICAL_SURFACE('',#6097,0.006);
#126=CYLINDRICAL_SURFACE('',#6098,0.006);
#127=CYLINDRICAL_SURFACE('',#6099,0.004);
#128=CYLINDRICAL_SURFACE('',#6123,0.012);
#129=CYLINDRICAL_SURFACE('',#6124,0.012);
#130=CYLINDRICAL_SURFACE('',#6125,0.005);
#131=CYLINDRICAL_SURFACE('',#6128,0.005);
#132=CYLINDRICAL_SURFACE('',#6131,0.005);
#133=CYLINDRICAL_SURFACE('',#6134,0.005);
#134=CYLINDRICAL_SURFACE('',#6139,0.005);
#135=CYLINDRICAL_SURFACE('',#6146,0.005);
#136=CYLINDRICAL_SURFACE('',#6147,0.002);
#137=CYLINDRICAL_SURFACE('',#6148,0.002);
#138=CYLINDRICAL_SURFACE('',#6149,0.002);
#139=CYLINDRICAL_SURFACE('',#6150,0.002);
#140=CYLINDRICAL_SURFACE('',#6151,0.002);
#141=CYLINDRICAL_SURFACE('',#6152,0.002);
#142=CYLINDRICAL_SURFACE('',#6153,0.002);
#143=CYLINDRICAL_SURFACE('',#6154,0.002);
#144=CYLINDRICAL_SURFACE('',#6155,0.002);
#145=CYLINDRICAL_SURFACE('',#6156,0.002);
#146=CYLINDRICAL_SURFACE('',#6157,0.002);
#147=CYLINDRICAL_SURFACE('',#6158,0.002);
#148=CYLINDRICAL_SURFACE('',#6177,0.001);
#149=CYLINDRICAL_SURFACE('',#6180,0.001);
#150=CYLINDRICAL_SURFACE('',#6183,0.001);
#151=CYLINDRICAL_SURFACE('',#6186,0.001);
#152=CYLINDRICAL_SURFACE('',#6193,0.002);
#153=CYLINDRICAL_SURFACE('',#6195,0.002);
#154=CYLINDRICAL_SURFACE('',#6201,0.002);
#155=CYLINDRICAL_SURFACE('',#6219,0.002);
#156=CYLINDRICAL_SURFACE('',#6226,0.002);
#157=CYLINDRICAL_SURFACE('',#6228,0.002);
#158=CYLINDRICAL_SURFACE('',#6231,0.002);
#159=CYLINDRICAL_SURFACE('',#6234,0.019);
#160=CYLINDRICAL_SURFACE('',#6235,0.005);
#161=CYLINDRICAL_SURFACE('',#6237,0.005);
#162=CYLINDRICAL_SURFACE('',#6239,0.005);
#163=CYLINDRICAL_SURFACE('',#6240,0.005);
#164=CYLINDRICAL_SURFACE('',#6241,0.005);
#165=CYLINDRICAL_SURFACE('',#6242,0.005);
#166=CYLINDRICAL_SURFACE('',#6253,0.002286909627413);
#167=CYLINDRICAL_SURFACE('',#6280,0.00228690962741225);
#168=CYLINDRICAL_SURFACE('',#6296,0.00211772642685336);
#169=CIRCLE('',#5903,0.0202);
#170=CIRCLE('',#5904,0.0202);
#171=CIRCLE('',#5905,0.00235);
#172=CIRCLE('',#5906,0.007);
#173=CIRCLE('',#5907,0.007);
#174=CIRCLE('',#5908,0.00235);
#175=CIRCLE('',#5909,0.002286909627413);
#176=CIRCLE('',#5910,0.00228690962741225);
#177=CIRCLE('',#5911,0.00211772642685336);
#178=CIRCLE('',#5914,0.009);
#179=CIRCLE('',#5915,0.009);
#180=CIRCLE('',#5918,0.0202);
#181=CIRCLE('',#5919,0.0222);
#182=CIRCLE('',#5920,0.0222);
#183=CIRCLE('',#5921,0.012);
#184=CIRCLE('',#5922,0.0202);
#185=CIRCLE('',#5924,0.00425);
#186=CIRCLE('',#5925,0.00425);
#187=CIRCLE('',#5926,0.00425);
#188=CIRCLE('',#5927,0.00425);
#189=CIRCLE('',#5931,0.001);
#190=CIRCLE('',#5933,0.00425);
#191=CIRCLE('',#5934,0.00425);
#192=CIRCLE('',#5935,0.00425);
#193=CIRCLE('',#5936,0.00425);
#194=CIRCLE('',#5943,0.01);
#195=CIRCLE('',#5944,0.01);
#196=CIRCLE('',#5945,0.012);
#197=CIRCLE('',#5946,0.012);
#198=CIRCLE('',#5947,0.005);
#199=CIRCLE('',#5948,0.005);
#200=CIRCLE('',#5949,0.005);
#201=CIRCLE('',#5950,0.005);
#202=CIRCLE('',#5951,0.012);
#203=CIRCLE('',#5953,0.0202000000000003);
#204=CIRCLE('',#5954,0.0202);
#205=CIRCLE('',#5955,0.0202);
#206=CIRCLE('',#5956,0.0202);
#207=CIRCLE('',#5957,0.0202);
#208=CIRCLE('',#5960,0.0222);
#209=CIRCLE('',#5961,0.0222);
#210=CIRCLE('',#5964,0.002);
#211=CIRCLE('',#5965,0.01);
#212=CIRCLE('',#5966,0.01);
#213=CIRCLE('',#5967,0.002);
#214=CIRCLE('',#5968,0.00435);
#215=CIRCLE('',#5969,0.002);
#216=CIRCLE('',#5970,0.002);
#217=CIRCLE('',#5971,0.002);
#218=CIRCLE('',#5972,0.002);
#219=CIRCLE('',#5973,0.00435);
#220=CIRCLE('',#5975,0.0222);
#221=CIRCLE('',#5977,0.002);
#222=CIRCLE('',#5980,0.0202);
#223=CIRCLE('',#5981,0.0202);
#224=CIRCLE('',#5982,0.0202);
#225=CIRCLE('',#5983,0.0202000000000003);
#226=CIRCLE('',#5986,0.002);
#227=CIRCLE('',#5989,0.006);
#228=CIRCLE('',#5991,0.006);
#229=CIRCLE('',#5999,0.00235);
#230=CIRCLE('',#6001,0.00235);
#231=CIRCLE('',#6003,0.005);
#232=CIRCLE('',#6004,0.019);
#233=CIRCLE('',#6009,0.012);
#234=CIRCLE('',#6011,0.019);
#235=CIRCLE('',#6012,0.005);
#236=CIRCLE('',#6015,0.012);
#237=CIRCLE('',#6017,0.003);
#238=CIRCLE('',#6018,0.011);
#239=CIRCLE('',#6020,0.002);
#240=CIRCLE('',#6022,0.003);
#241=CIRCLE('',#6032,0.003);
#242=CIRCLE('',#6033,0.011);
#243=CIRCLE('',#6035,0.002);
#244=CIRCLE('',#6037,0.003);
#245=CIRCLE('',#6045,0.002);
#246=CIRCLE('',#6046,0.002);
#247=CIRCLE('',#6047,0.002);
#248=CIRCLE('',#6048,0.002);
#249=CIRCLE('',#6053,0.002);
#250=CIRCLE('',#6054,0.002);
#251=CIRCLE('',#6055,0.002);
#252=CIRCLE('',#6056,0.002);
#253=CIRCLE('',#6059,0.00435);
#254=CIRCLE('',#6062,0.002);
#255=CIRCLE('',#6063,0.002);
#256=CIRCLE('',#6066,0.00435);
#257=CIRCLE('',#6069,0.002);
#258=CIRCLE('',#6070,0.002);
#259=CIRCLE('',#6073,0.006);
#260=CIRCLE('',#6074,0.006);
#261=CIRCLE('',#6084,0.001);
#262=CIRCLE('',#6085,0.001);
#263=CIRCLE('',#6096,0.004);
#264=CIRCLE('',#6100,0.004);
#265=CIRCLE('',#6102,0.007);
#266=CIRCLE('',#6103,0.002);
#267=CIRCLE('',#6105,0.007);
#268=CIRCLE('',#6106,0.002);
#269=CIRCLE('',#6121,0.012);
#270=CIRCLE('',#6122,0.012);
#271=CIRCLE('',#6127,0.005);
#272=CIRCLE('',#6133,0.005);
#273=CIRCLE('',#6135,0.005);
#274=CIRCLE('',#6137,0.005);
#275=CIRCLE('',#6138,0.005);
#276=CIRCLE('',#6140,0.005);
#277=CIRCLE('',#6141,0.005);
#278=CIRCLE('',#6142,0.005);
#279=CIRCLE('',#6144,0.005);
#280=CIRCLE('',#6145,0.005);
#281=CIRCLE('',#6171,0.001);
#282=CIRCLE('',#6178,0.001);
#283=CIRCLE('',#6181,0.001);
#284=CIRCLE('',#6184,0.001);
#285=CIRCLE('',#6187,0.001);
#286=CIRCLE('',#6190,0.002);
#287=CIRCLE('',#6192,0.002);
#288=CIRCLE('',#6194,0.002);
#289=CIRCLE('',#6196,0.002);
#290=CIRCLE('',#6199,0.002);
#291=CIRCLE('',#6200,0.002);
#292=CIRCLE('',#6202,0.002);
#293=CIRCLE('',#6203,0.002);
#294=CIRCLE('',#6204,0.002);
#295=CIRCLE('',#6206,0.002);
#296=CIRCLE('',#6207,0.002);
#297=CIRCLE('',#6208,0.002);
#298=CIRCLE('',#6209,0.002);
#299=CIRCLE('',#6211,0.002);
#300=CIRCLE('',#6212,0.002);
#301=CIRCLE('',#6213,0.002);
#302=CIRCLE('',#6214,0.002);
#303=CIRCLE('',#6216,0.002);
#304=CIRCLE('',#6217,0.002);
#305=CIRCLE('',#6220,0.002);
#306=CIRCLE('',#6221,0.002);
#307=CIRCLE('',#6223,0.002);
#308=CIRCLE('',#6224,0.002);
#309=CIRCLE('',#6227,0.002);
#310=CIRCLE('',#6229,0.002);
#311=CIRCLE('',#6232,0.002);
#312=CIRCLE('',#6236,0.005);
#313=CIRCLE('',#6238,0.005);
#314=CIRCLE('',#6254,0.002286909627413);
#315=CIRCLE('',#6281,0.00228690962741225);
#316=CIRCLE('',#6297,0.00211772642685336);
#317=LINE('',#7650,#852);
#318=LINE('',#7672,#853);
#319=LINE('',#7674,#854);
#320=LINE('',#7688,#855);
#321=LINE('',#7697,#856);
#322=LINE('',#7700,#857);
#323=LINE('',#7702,#858);
#324=LINE('',#7704,#859);
#325=LINE('',#7706,#860);
#326=LINE('',#7708,#861);
#327=LINE('',#7710,#862);
#328=LINE('',#7712,#863);
#329=LINE('',#7714,#864);
#330=LINE('',#7716,#865);
#331=LINE('',#7718,#866);
#332=LINE('',#7720,#867);
#333=LINE('',#7722,#868);
#334=LINE('',#7744,#869);
#335=LINE('',#7762,#870);
#336=LINE('',#7763,#871);
#337=LINE('',#7766,#872);
#338=LINE('',#7768,#873);
#339=LINE('',#7770,#874);
#340=LINE('',#7771,#875);
#341=LINE('',#7776,#876);
#342=LINE('',#7786,#877);
#343=LINE('',#7794,#878);
#344=LINE('',#7796,#879);
#345=LINE('',#7798,#880);
#346=LINE('',#7806,#881);
#347=LINE('',#7816,#882);
#348=LINE('',#7820,#883);
#349=LINE('',#7824,#884);
#350=LINE('',#7828,#885);
#351=LINE('',#7832,#886);
#352=LINE('',#7835,#887);
#353=LINE('',#7838,#888);
#354=LINE('',#7840,#889);
#355=LINE('',#7842,#890);
#356=LINE('',#7843,#891);
#357=LINE('',#7846,#892);
#358=LINE('',#7848,#893);
#359=LINE('',#7850,#894);
#360=LINE('',#7851,#895);
#361=LINE('',#7854,#896);
#362=LINE('',#7856,#897);
#363=LINE('',#7858,#898);
#364=LINE('',#7866,#899);
#365=LINE('',#7868,#900);
#366=LINE('',#7878,#901);
#367=LINE('',#7880,#902);
#368=LINE('',#7882,#903);
#369=LINE('',#7884,#904);
#370=LINE('',#7885,#905);
#371=LINE('',#7888,#906);
#372=LINE('',#7890,#907);
#373=LINE('',#7892,#908);
#374=LINE('',#7900,#909);
#375=LINE('',#7902,#910);
#376=LINE('',#7912,#911);
#377=LINE('',#7914,#912);
#378=LINE('',#7916,#913);
#379=LINE('',#7918,#914);
#380=LINE('',#7919,#915);
#381=LINE('',#7922,#916);
#382=LINE('',#7942,#917);
#383=LINE('',#7960,#918);
#384=LINE('',#7973,#919);
#385=LINE('',#7985,#920);
#386=LINE('',#7990,#921);
#387=LINE('',#7994,#922);
#388=LINE('',#8002,#923);
#389=LINE('',#8004,#924);
#390=LINE('',#8006,#925);
#391=LINE('',#8010,#926);
#392=LINE('',#8014,#927);
#393=LINE('',#8018,#928);
#394=LINE('',#8022,#929);
#395=LINE('',#8024,#930);
#396=LINE('',#8026,#931);
#397=LINE('',#8034,#932);
#398=LINE('',#8036,#933);
#399=LINE('',#8038,#934);
#400=LINE('',#8040,#935);
#401=LINE('',#8043,#936);
#402=LINE('',#8045,#937);
#403=LINE('',#8047,#938);
#404=LINE('',#8051,#939);
#405=LINE('',#8054,#940);
#406=LINE('',#8056,#941);
#407=LINE('',#8058,#942);
#408=LINE('',#8060,#943);
#409=LINE('',#8065,#944);
#410=LINE('',#8069,#945);
#411=LINE('',#8073,#946);
#412=LINE('',#8076,#947);
#413=LINE('',#8079,#948);
#414=LINE('',#8081,#949);
#415=LINE('',#8083,#950);
#416=LINE('',#8085,#951);
#417=LINE('',#8087,#952);
#418=LINE('',#8089,#953);
#419=LINE('',#8091,#954);
#420=LINE('',#8093,#955);
#421=LINE('',#8096,#956);
#422=LINE('',#8098,#957);
#423=LINE('',#8100,#958);
#424=LINE('',#8102,#959);
#425=LINE('',#8104,#960);
#426=LINE('',#8106,#961);
#427=LINE('',#8108,#962);
#428=LINE('',#8110,#963);
#429=LINE('',#8112,#964);
#430=LINE('',#8114,#965);
#431=LINE('',#8117,#966);
#432=LINE('',#8118,#967);
#433=LINE('',#8120,#968);
#434=LINE('',#8123,#969);
#435=LINE('',#8125,#970);
#436=LINE('',#8127,#971);
#437=LINE('',#8128,#972);
#438=LINE('',#8130,#973);
#439=LINE('',#8132,#974);
#440=LINE('',#8133,#975);
#441=LINE('',#8135,#976);
#442=LINE('',#8138,#977);
#443=LINE('',#8140,#978);
#444=LINE('',#8143,#979);
#445=LINE('',#8145,#980);
#446=LINE('',#8147,#981);
#447=LINE('',#8149,#982);
#448=LINE('',#8151,#983);
#449=LINE('',#8153,#984);
#450=LINE('',#8155,#985);
#451=LINE('',#8158,#986);
#452=LINE('',#8162,#987);
#453=LINE('',#8167,#988);
#454=LINE('',#8171,#989);
#455=LINE('',#8175,#990);
#456=LINE('',#8179,#991);
#457=LINE('',#8183,#992);
#458=LINE('',#8188,#993);
#459=LINE('',#8208,#994);
#460=LINE('',#8214,#995);
#461=LINE('',#8215,#996);
#462=LINE('',#8219,#997);
#463=LINE('',#8222,#998);
#464=LINE('',#8224,#999);
#465=LINE('',#8226,#1000);
#466=LINE('',#8228,#1001);
#467=LINE('',#8230,#1002);
#468=LINE('',#8232,#1003);
#469=LINE('',#8233,#1004);
#470=LINE('',#8235,#1005);
#471=LINE('',#8236,#1006);
#472=LINE('',#8284,#1007);
#473=LINE('',#8288,#1008);
#474=LINE('',#8289,#1009);
#475=LINE('',#8291,#1010);
#476=LINE('',#8293,#1011);
#477=LINE('',#8294,#1012);
#478=LINE('',#8296,#1013);
#479=LINE('',#8298,#1014);
#480=LINE('',#8301,#1015);
#481=LINE('',#8303,#1016);
#482=LINE('',#8305,#1017);
#483=LINE('',#8306,#1018);
#484=LINE('',#8309,#1019);
#485=LINE('',#8311,#1020);
#486=LINE('',#8313,#1021);
#487=LINE('',#8314,#1022);
#488=LINE('',#8320,#1023);
#489=LINE('',#8322,#1024);
#490=LINE('',#8323,#1025);
#491=LINE('',#8327,#1026);
#492=LINE('',#8331,#1027);
#493=LINE('',#8335,#1028);
#494=LINE('',#8339,#1029);
#495=LINE('',#8343,#1030);
#496=LINE('',#8345,#1031);
#497=LINE('',#8347,#1032);
#498=LINE('',#8349,#1033);
#499=LINE('',#8351,#1034);
#500=LINE('',#8353,#1035);
#501=LINE('',#8355,#1036);
#502=LINE('',#8357,#1037);
#503=LINE('',#8359,#1038);
#504=LINE('',#8364,#1039);
#505=LINE('',#8378,#1040);
#506=LINE('',#8426,#1041);
#507=LINE('',#8430,#1042);
#508=LINE('',#8432,#1043);
#509=LINE('',#8434,#1044);
#510=LINE('',#8436,#1045);
#511=LINE('',#8438,#1046);
#512=LINE('',#8450,#1047);
#513=LINE('',#8456,#1048);
#514=LINE('',#8476,#1049);
#515=LINE('',#8480,#1050);
#516=LINE('',#8482,#1051);
#517=LINE('',#8484,#1052);
#518=LINE('',#8486,#1053);
#519=LINE('',#8488,#1054);
#520=LINE('',#8492,#1055);
#521=LINE('',#8494,#1056);
#522=LINE('',#8497,#1057);
#523=LINE('',#8499,#1058);
#524=LINE('',#8501,#1059);
#525=LINE('',#8506,#1060);
#526=LINE('',#8508,#1061);
#527=LINE('',#8510,#1062);
#528=LINE('',#8514,#1063);
#529=LINE('',#8516,#1064);
#530=LINE('',#8518,#1065);
#531=LINE('',#8521,#1066);
#532=LINE('',#8529,#1067);
#533=LINE('',#8531,#1068);
#534=LINE('',#8534,#1069);
#535=LINE('',#8541,#1070);
#536=LINE('',#8543,#1071);
#537=LINE('',#8545,#1072);
#538=LINE('',#8547,#1073);
#539=LINE('',#8554,#1074);
#540=LINE('',#8561,#1075);
#541=LINE('',#8563,#1076);
#542=LINE('',#8565,#1077);
#543=LINE('',#8576,#1078);
#544=LINE('',#8586,#1079);
#545=LINE('',#8588,#1080);
#546=LINE('',#8590,#1081);
#547=LINE('',#8601,#1082);
#548=LINE('',#8611,#1083);
#549=LINE('',#8613,#1084);
#550=LINE('',#8638,#1085);
#551=LINE('',#8640,#1086);
#552=LINE('',#8641,#1087);
#553=LINE('',#8643,#1088);
#554=LINE('',#8645,#1089);
#555=LINE('',#8646,#1090);
#556=LINE('',#8648,#1091);
#557=LINE('',#8650,#1092);
#558=LINE('',#8652,#1093);
#559=LINE('',#8654,#1094);
#560=LINE('',#8658,#1095);
#561=LINE('',#8663,#1096);
#562=LINE('',#8665,#1097);
#563=LINE('',#8669,#1098);
#564=LINE('',#8673,#1099);
#565=LINE('',#8682,#1100);
#566=LINE('',#8684,#1101);
#567=LINE('',#8692,#1102);
#568=LINE('',#8694,#1103);
#569=LINE('',#8696,#1104);
#570=LINE('',#8699,#1105);
#571=LINE('',#8701,#1106);
#572=LINE('',#8703,#1107);
#573=LINE('',#8705,#1108);
#574=LINE('',#8707,#1109);
#575=LINE('',#8710,#1110);
#576=LINE('',#8712,#1111);
#577=LINE('',#8714,#1112);
#578=LINE('',#8716,#1113);
#579=LINE('',#8718,#1114);
#580=LINE('',#8720,#1115);
#581=LINE('',#8722,#1116);
#582=LINE('',#8724,#1117);
#583=LINE('',#8726,#1118);
#584=LINE('',#8728,#1119);
#585=LINE('',#8729,#1120);
#586=LINE('',#8731,#1121);
#587=LINE('',#8733,#1122);
#588=LINE('',#8734,#1123);
#589=LINE('',#8738,#1124);
#590=LINE('',#8742,#1125);
#591=LINE('',#8744,#1126);
#592=LINE('',#8753,#1127);
#593=LINE('',#8755,#1128);
#594=LINE('',#8765,#1129);
#595=LINE('',#8766,#1130);
#596=LINE('',#8768,#1131);
#597=LINE('',#8771,#1132);
#598=LINE('',#8772,#1133);
#599=LINE('',#8774,#1134);
#600=LINE('',#8776,#1135);
#601=LINE('',#8778,#1136);
#602=LINE('',#8780,#1137);
#603=LINE('',#8782,#1138);
#604=LINE('',#8791,#1139);
#605=LINE('',#8794,#1140);
#606=LINE('',#8800,#1141);
#607=LINE('',#8802,#1142);
#608=LINE('',#8805,#1143);
#609=LINE('',#8812,#1144);
#610=LINE('',#8814,#1145);
#611=LINE('',#8816,#1146);
#612=LINE('',#8818,#1147);
#613=LINE('',#8832,#1148);
#614=LINE('',#8835,#1149);
#615=LINE('',#8836,#1150);
#616=LINE('',#8840,#1151);
#617=LINE('',#8842,#1152);
#618=LINE('',#8844,#1153);
#619=LINE('',#8849,#1154);
#620=LINE('',#8851,#1155);
#621=LINE('',#8853,#1156);
#622=LINE('',#8857,#1157);
#623=LINE('',#8859,#1158);
#624=LINE('',#8861,#1159);
#625=LINE('',#8866,#1160);
#626=LINE('',#8868,#1161);
#627=LINE('',#8870,#1162);
#628=LINE('',#8891,#1163);
#629=LINE('',#8911,#1164);
#630=LINE('',#8913,#1165);
#631=LINE('',#8915,#1166);
#632=LINE('',#8916,#1167);
#633=LINE('',#8918,#1168);
#634=LINE('',#8920,#1169);
#635=LINE('',#8922,#1170);
#636=LINE('',#8923,#1171);
#637=LINE('',#8924,#1172);
#638=LINE('',#8925,#1173);
#639=LINE('',#8928,#1174);
#640=LINE('',#8932,#1175);
#641=LINE('',#8934,#1176);
#642=LINE('',#8936,#1177);
#643=LINE('',#8938,#1178);
#644=LINE('',#8939,#1179);
#645=LINE('',#8941,#1180);
#646=LINE('',#8947,#1181);
#647=LINE('',#8949,#1182);
#648=LINE('',#8951,#1183);
#649=LINE('',#8952,#1184);
#650=LINE('',#8954,#1185);
#651=LINE('',#8955,#1186);
#652=LINE('',#8957,#1187);
#653=LINE('',#8958,#1188);
#654=LINE('',#8960,#1189);
#655=LINE('',#8962,#1190);
#656=LINE('',#8969,#1191);
#657=LINE('',#8971,#1192);
#658=LINE('',#8977,#1193);
#659=LINE('',#8979,#1194);
#660=LINE('',#8981,#1195);
#661=LINE('',#9019,#1196);
#662=LINE('',#9021,#1197);
#663=LINE('',#9032,#1198);
#664=LINE('',#9088,#1199);
#665=LINE('',#9126,#1200);
#666=LINE('',#9147,#1201);
#667=LINE('',#9154,#1202);
#668=LINE('',#9177,#1203);
#669=LINE('',#9183,#1204);
#670=LINE('',#9184,#1205);
#671=LINE('',#9186,#1206);
#672=LINE('',#9188,#1207);
#673=LINE('',#9191,#1208);
#674=LINE('',#9192,#1209);
#675=LINE('',#9194,#1210);
#676=LINE('',#9196,#1211);
#677=LINE('',#9199,#1212);
#678=LINE('',#9200,#1213);
#679=LINE('',#9202,#1214);
#680=LINE('',#9204,#1215);
#681=LINE('',#9206,#1216);
#682=LINE('',#9208,#1217);
#683=LINE('',#9210,#1218);
#684=LINE('',#9279,#1219);
#685=LINE('',#9280,#1220);
#686=LINE('',#9282,#1221);
#687=LINE('',#9286,#1222);
#688=LINE('',#9288,#1223);
#689=LINE('',#9290,#1224);
#690=LINE('',#9292,#1225);
#691=LINE('',#9295,#1226);
#692=LINE('',#9297,#1227);
#693=LINE('',#9299,#1228);
#694=LINE('',#9301,#1229);
#695=LINE('',#9303,#1230);
#696=LINE('',#9305,#1231);
#697=LINE('',#9307,#1232);
#698=LINE('',#9309,#1233);
#699=LINE('',#9311,#1234);
#700=LINE('',#9312,#1235);
#701=LINE('',#9318,#1236);
#702=LINE('',#9320,#1237);
#703=LINE('',#9322,#1238);
#704=LINE('',#9324,#1239);
#705=LINE('',#9326,#1240);
#706=LINE('',#9328,#1241);
#707=LINE('',#9330,#1242);
#708=LINE('',#9944,#1243);
#709=LINE('',#9945,#1244);
#710=LINE('',#10037,#1245);
#711=LINE('',#10043,#1246);
#712=LINE('',#10056,#1247);
#713=LINE('',#10073,#1248);
#714=LINE('',#10090,#1249);
#715=LINE('',#10107,#1250);
#716=LINE('',#10124,#1251);
#717=LINE('',#10141,#1252);
#718=LINE('',#10154,#1253);
#719=LINE('',#10160,#1254);
#720=LINE('',#10162,#1255);
#721=LINE('',#10164,#1256);
#722=LINE('',#10173,#1257);
#723=LINE('',#10186,#1258);
#724=LINE('',#10199,#1259);
#725=LINE('',#10212,#1260);
#726=LINE('',#10218,#1261);
#727=LINE('',#10220,#1262);
#728=LINE('',#10229,#1263);
#729=LINE('',#10242,#1264);
#730=LINE('',#10255,#1265);
#731=LINE('',#10287,#1266);
#732=LINE('',#10289,#1267);
#733=LINE('',#10291,#1268);
#734=LINE('',#10293,#1269);
#735=LINE('',#10295,#1270);
#736=LINE('',#10297,#1271);
#737=LINE('',#10299,#1272);
#738=LINE('',#10301,#1273);
#739=LINE('',#10303,#1274);
#740=LINE('',#10305,#1275);
#741=LINE('',#10307,#1276);
#742=LINE('',#10316,#1277);
#743=LINE('',#10329,#1278);
#744=LINE('',#10335,#1279);
#745=LINE('',#10337,#1280);
#746=LINE('',#10339,#1281);
#747=LINE('',#10341,#1282);
#748=LINE('',#10343,#1283);
#749=LINE('',#10354,#1284);
#750=LINE('',#10360,#1285);
#751=LINE('',#10362,#1286);
#752=LINE('',#10364,#1287);
#753=LINE('',#10366,#1288);
#754=LINE('',#10368,#1289);
#755=LINE('',#10371,#1290);
#756=LINE('',#10373,#1291);
#757=LINE('',#10375,#1292);
#758=LINE('',#10377,#1293);
#759=LINE('',#10379,#1294);
#760=LINE('',#10381,#1295);
#761=LINE('',#10383,#1296);
#762=LINE('',#10385,#1297);
#763=LINE('',#10387,#1298);
#764=LINE('',#10389,#1299);
#765=LINE('',#10391,#1300);
#766=LINE('',#10393,#1301);
#767=LINE('',#10395,#1302);
#768=LINE('',#10397,#1303);
#769=LINE('',#10399,#1304);
#770=LINE('',#10401,#1305);
#771=LINE('',#10403,#1306);
#772=LINE('',#10405,#1307);
#773=LINE('',#10407,#1308);
#774=LINE('',#10409,#1309);
#775=LINE('',#10411,#1310);
#776=LINE('',#10413,#1311);
#777=LINE('',#10415,#1312);
#778=LINE('',#10417,#1313);
#779=LINE('',#10419,#1314);
#780=LINE('',#10421,#1315);
#781=LINE('',#10424,#1316);
#782=LINE('',#10426,#1317);
#783=LINE('',#10428,#1318);
#784=LINE('',#10430,#1319);
#785=LINE('',#10432,#1320);
#786=LINE('',#10434,#1321);
#787=LINE('',#10436,#1322);
#788=LINE('',#10438,#1323);
#789=LINE('',#10440,#1324);
#790=LINE('',#10442,#1325);
#791=LINE('',#10444,#1326);
#792=LINE('',#10453,#1327);
#793=LINE('',#10466,#1328);
#794=LINE('',#10472,#1329);
#795=LINE('',#10474,#1330);
#796=LINE('',#10476,#1331);
#797=LINE('',#10478,#1332);
#798=LINE('',#10480,#1333);
#799=LINE('',#10491,#1334);
#800=LINE('',#10497,#1335);
#801=LINE('',#10499,#1336);
#802=LINE('',#10501,#1337);
#803=LINE('',#10503,#1338);
#804=LINE('',#10505,#1339);
#805=LINE('',#10520,#1340);
#806=LINE('',#10526,#1341);
#807=LINE('',#10539,#1342);
#808=LINE('',#10556,#1343);
#809=LINE('',#10562,#1344);
#810=LINE('',#10564,#1345);
#811=LINE('',#10566,#1346);
#812=LINE('',#10568,#1347);
#813=LINE('',#10570,#1348);
#814=LINE('',#10572,#1349);
#815=LINE('',#10581,#1350);
#816=LINE('',#10587,#1351);
#817=LINE('',#10596,#1352);
#818=LINE('',#10609,#1353);
#819=LINE('',#10615,#1354);
#820=LINE('',#10617,#1355);
#821=LINE('',#10626,#1356);
#822=LINE('',#10639,#1357);
#823=LINE('',#10652,#1358);
#824=LINE('',#10658,#1359);
#825=LINE('',#10660,#1360);
#826=LINE('',#10662,#1361);
#827=LINE('',#10664,#1362);
#828=LINE('',#10673,#1363);
#829=LINE('',#10686,#1364);
#830=LINE('',#10699,#1365);
#831=LINE('',#10712,#1366);
#832=LINE('',#10725,#1367);
#833=LINE('',#10731,#1368);
#834=LINE('',#10733,#1369);
#835=LINE('',#10761,#1370);
#836=LINE('',#10763,#1371);
#837=LINE('',#10765,#1372);
#838=LINE('',#10767,#1373);
#839=LINE('',#10769,#1374);
#840=LINE('',#10778,#1375);
#841=LINE('',#10791,#1376);
#842=LINE('',#10804,#1377);
#843=LINE('',#10817,#1378);
#844=LINE('',#10823,#1379);
#845=LINE('',#10825,#1380);
#846=LINE('',#10834,#1381);
#847=LINE('',#10847,#1382);
#848=LINE('',#10860,#1383);
#849=LINE('',#10866,#1384);
#850=LINE('',#10877,#1385);
#851=LINE('',#10883,#1386);
#852=VECTOR('',#6306,1.);
#853=VECTOR('',#6307,1.);
#854=VECTOR('',#6308,1.);
#855=VECTOR('',#6309,1.);
#856=VECTOR('',#6310,1.);
#857=VECTOR('',#6311,1.);
#858=VECTOR('',#6312,1.);
#859=VECTOR('',#6313,1.);
#860=VECTOR('',#6314,1.);
#861=VECTOR('',#6315,1.);
#862=VECTOR('',#6316,1.);
#863=VECTOR('',#6317,1.);
#864=VECTOR('',#6318,1.);
#865=VECTOR('',#6319,1.);
#866=VECTOR('',#6320,1.);
#867=VECTOR('',#6321,1.);
#868=VECTOR('',#6322,1.);
#869=VECTOR('',#6323,1.);
#870=VECTOR('',#6324,1.);
#871=VECTOR('',#6325,1.);
#872=VECTOR('',#6326,1.);
#873=VECTOR('',#6327,1.);
#874=VECTOR('',#6328,1.);
#875=VECTOR('',#6329,1.);
#876=VECTOR('',#6332,1.);
#877=VECTOR('',#6333,1.);
#878=VECTOR('',#6334,1.);
#879=VECTOR('',#6335,1.);
#880=VECTOR('',#6336,1.);
#881=VECTOR('',#6337,1.);
#882=VECTOR('',#6338,1.);
#883=VECTOR('',#6341,1.);
#884=VECTOR('',#6344,1.);
#885=VECTOR('',#6347,1.);
#886=VECTOR('',#6350,1.);
#887=VECTOR('',#6353,1.);
#888=VECTOR('',#6354,1.);
#889=VECTOR('',#6355,1.);
#890=VECTOR('',#6356,1.);
#891=VECTOR('',#6357,1.);
#892=VECTOR('',#6358,1.);
#893=VECTOR('',#6359,1.);
#894=VECTOR('',#6360,1.);
#895=VECTOR('',#6361,1.);
#896=VECTOR('',#6362,1.);
#897=VECTOR('',#6363,1.);
#898=VECTOR('',#6364,1.);
#899=VECTOR('',#6367,1.);
#900=VECTOR('',#6368,1.);
#901=VECTOR('',#6369,1.);
#902=VECTOR('',#6370,1.);
#903=VECTOR('',#6371,1.);
#904=VECTOR('',#6372,1.);
#905=VECTOR('',#6373,1.);
#906=VECTOR('',#6374,1.);
#907=VECTOR('',#6375,1.);
#908=VECTOR('',#6376,1.);
#909=VECTOR('',#6379,1.);
#910=VECTOR('',#6380,1.);
#911=VECTOR('',#6381,1.);
#912=VECTOR('',#6382,1.);
#913=VECTOR('',#6383,1.);
#914=VECTOR('',#6384,1.);
#915=VECTOR('',#6385,1.);
#916=VECTOR('',#6386,1.);
#917=VECTOR('',#6389,1.);
#918=VECTOR('',#6390,1.);
#919=VECTOR('',#6397,1.);
#920=VECTOR('',#6402,1.);
#921=VECTOR('',#6407,1.);
#922=VECTOR('',#6410,1.);
#923=VECTOR('',#6417,1.);
#924=VECTOR('',#6420,1.);
#925=VECTOR('',#6421,1.);
#926=VECTOR('',#6424,1.);
#927=VECTOR('',#6427,1.);
#928=VECTOR('',#6430,1.);
#929=VECTOR('',#6433,1.);
#930=VECTOR('',#6434,1.);
#931=VECTOR('',#6437,1.);
#932=VECTOR('',#6438,1.);
#933=VECTOR('',#6439,1.);
#934=VECTOR('',#6440,1.);
#935=VECTOR('',#6443,1.);
#936=VECTOR('',#6444,1.);
#937=VECTOR('',#6445,1.);
#938=VECTOR('',#6446,1.);
#939=VECTOR('',#6451,1.);
#940=VECTOR('',#6452,1.);
#941=VECTOR('',#6453,1.);
#942=VECTOR('',#6454,1.);
#943=VECTOR('',#6457,1.);
#944=VECTOR('',#6460,1.);
#945=VECTOR('',#6463,1.);
#946=VECTOR('',#6466,1.);
#947=VECTOR('',#6469,1.);
#948=VECTOR('',#6470,1.);
#949=VECTOR('',#6471,1.);
#950=VECTOR('',#6472,1.);
#951=VECTOR('',#6473,1.);
#952=VECTOR('',#6474,1.);
#953=VECTOR('',#6475,1.);
#954=VECTOR('',#6476,1.);
#955=VECTOR('',#6479,1.);
#956=VECTOR('',#6480,1.);
#957=VECTOR('',#6481,1.);
#958=VECTOR('',#6482,1.);
#959=VECTOR('',#6485,1.);
#960=VECTOR('',#6486,1.);
#961=VECTOR('',#6487,1.);
#962=VECTOR('',#6490,1.);
#963=VECTOR('',#6491,1.);
#964=VECTOR('',#6492,1.);
#965=VECTOR('',#6495,1.);
#966=VECTOR('',#6496,1.);
#967=VECTOR('',#6497,1.);
#968=VECTOR('',#6500,1.);
#969=VECTOR('',#6501,1.);
#970=VECTOR('',#6502,1.);
#971=VECTOR('',#6503,1.);
#972=VECTOR('',#6504,1.);
#973=VECTOR('',#6505,1.);
#974=VECTOR('',#6506,1.);
#975=VECTOR('',#6507,1.);
#976=VECTOR('',#6510,1.);
#977=VECTOR('',#6511,1.);
#978=VECTOR('',#6512,1.);
#979=VECTOR('',#6515,1.);
#980=VECTOR('',#6516,1.);
#981=VECTOR('',#6517,1.);
#982=VECTOR('',#6518,1.);
#983=VECTOR('',#6519,1.);
#984=VECTOR('',#6520,1.);
#985=VECTOR('',#6521,1.);
#986=VECTOR('',#6524,1.);
#987=VECTOR('',#6527,1.);
#988=VECTOR('',#6532,1.);
#989=VECTOR('',#6535,1.);
#990=VECTOR('',#6538,1.);
#991=VECTOR('',#6541,1.);
#992=VECTOR('',#6546,1.);
#993=VECTOR('',#6549,1.);
#994=VECTOR('',#6552,1.);
#995=VECTOR('',#6557,1.);
#996=VECTOR('',#6558,1.);
#997=VECTOR('',#6563,1.);
#998=VECTOR('',#6564,1.);
#999=VECTOR('',#6565,1.);
#1000=VECTOR('',#6566,1.);
#1001=VECTOR('',#6567,1.);
#1002=VECTOR('',#6568,1.);
#1003=VECTOR('',#6569,1.);
#1004=VECTOR('',#6570,1.);
#1005=VECTOR('',#6571,1.);
#1006=VECTOR('',#6572,1.);
#1007=VECTOR('',#6577,1.);
#1008=VECTOR('',#6580,1.);
#1009=VECTOR('',#6581,1.);
#1010=VECTOR('',#6584,1.);
#1011=VECTOR('',#6585,1.);
#1012=VECTOR('',#6586,1.);
#1013=VECTOR('',#6587,1.);
#1014=VECTOR('',#6590,1.);
#1015=VECTOR('',#6591,1.);
#1016=VECTOR('',#6592,1.);
#1017=VECTOR('',#6593,1.);
#1018=VECTOR('',#6594,1.);
#1019=VECTOR('',#6595,1.);
#1020=VECTOR('',#6596,1.);
#1021=VECTOR('',#6597,1.);
#1022=VECTOR('',#6598,1.);
#1023=VECTOR('',#6603,1.);
#1024=VECTOR('',#6604,1.);
#1025=VECTOR('',#6605,1.);
#1026=VECTOR('',#6608,1.);
#1027=VECTOR('',#6611,1.);
#1028=VECTOR('',#6614,1.);
#1029=VECTOR('',#6617,1.);
#1030=VECTOR('',#6620,1.);
#1031=VECTOR('',#6621,1.);
#1032=VECTOR('',#6622,1.);
#1033=VECTOR('',#6623,1.);
#1034=VECTOR('',#6624,1.);
#1035=VECTOR('',#6625,1.);
#1036=VECTOR('',#6626,1.);
#1037=VECTOR('',#6627,1.);
#1038=VECTOR('',#6628,1.);
#1039=VECTOR('',#6633,1.);
#1040=VECTOR('',#6638,1.);
#1041=VECTOR('',#6641,1.);
#1042=VECTOR('',#6646,1.);
#1043=VECTOR('',#6647,1.);
#1044=VECTOR('',#6650,1.);
#1045=VECTOR('',#6651,1.);
#1046=VECTOR('',#6652,1.);
#1047=VECTOR('',#6655,1.);
#1048=VECTOR('',#6660,1.);
#1049=VECTOR('',#6663,1.);
#1050=VECTOR('',#6666,1.);
#1051=VECTOR('',#6669,1.);
#1052=VECTOR('',#6670,1.);
#1053=VECTOR('',#6671,1.);
#1054=VECTOR('',#6674,1.);
#1055=VECTOR('',#6677,1.);
#1056=VECTOR('',#6680,1.);
#1057=VECTOR('',#6681,1.);
#1058=VECTOR('',#6682,1.);
#1059=VECTOR('',#6683,1.);
#1060=VECTOR('',#6688,1.);
#1061=VECTOR('',#6689,1.);
#1062=VECTOR('',#6690,1.);
#1063=VECTOR('',#6695,1.);
#1064=VECTOR('',#6696,1.);
#1065=VECTOR('',#6699,1.);
#1066=VECTOR('',#6700,1.);
#1067=VECTOR('',#6701,1.);
#1068=VECTOR('',#6704,1.);
#1069=VECTOR('',#6705,1.);
#1070=VECTOR('',#6706,1.);
#1071=VECTOR('',#6709,1.);
#1072=VECTOR('',#6710,1.);
#1073=VECTOR('',#6711,1.);
#1074=VECTOR('',#6714,1.);
#1075=VECTOR('',#6715,1.);
#1076=VECTOR('',#6716,1.);
#1077=VECTOR('',#6719,1.);
#1078=VECTOR('',#6720,1.);
#1079=VECTOR('',#6721,1.);
#1080=VECTOR('',#6722,1.);
#1081=VECTOR('',#6725,1.);
#1082=VECTOR('',#6726,1.);
#1083=VECTOR('',#6727,1.);
#1084=VECTOR('',#6728,1.);
#1085=VECTOR('',#6743,1.);
#1086=VECTOR('',#6744,1.);
#1087=VECTOR('',#6745,1.);
#1088=VECTOR('',#6746,1.);
#1089=VECTOR('',#6747,1.);
#1090=VECTOR('',#6748,1.);
#1091=VECTOR('',#6751,1.);
#1092=VECTOR('',#6754,1.);
#1093=VECTOR('',#6757,1.);
#1094=VECTOR('',#6760,1.);
#1095=VECTOR('',#6763,1.);
#1096=VECTOR('',#6770,1.);
#1097=VECTOR('',#6773,1.);
#1098=VECTOR('',#6778,1.);
#1099=VECTOR('',#6783,1.);
#1100=VECTOR('',#6786,1.);
#1101=VECTOR('',#6787,1.);
#1102=VECTOR('',#6792,1.);
#1103=VECTOR('',#6793,1.);
#1104=VECTOR('',#6796,1.);
#1105=VECTOR('',#6799,1.);
#1106=VECTOR('',#6802,1.);
#1107=VECTOR('',#6803,1.);
#1108=VECTOR('',#6804,1.);
#1109=VECTOR('',#6807,1.);
#1110=VECTOR('',#6808,1.);
#1111=VECTOR('',#6809,1.);
#1112=VECTOR('',#6810,1.);
#1113=VECTOR('',#6813,1.);
#1114=VECTOR('',#6814,1.);
#1115=VECTOR('',#6815,1.);
#1116=VECTOR('',#6818,1.);
#1117=VECTOR('',#6819,1.);
#1118=VECTOR('',#6820,1.);
#1119=VECTOR('',#6823,1.);
#1120=VECTOR('',#6824,1.);
#1121=VECTOR('',#6827,1.);
#1122=VECTOR('',#6828,1.);
#1123=VECTOR('',#6829,1.);
#1124=VECTOR('',#6836,1.);
#1125=VECTOR('',#6839,1.);
#1126=VECTOR('',#6840,1.);
#1127=VECTOR('',#6845,1.);
#1128=VECTOR('',#6846,1.);
#1129=VECTOR('',#6853,1.);
#1130=VECTOR('',#6854,1.);
#1131=VECTOR('',#6857,1.);
#1132=VECTOR('',#6858,1.);
#1133=VECTOR('',#6859,1.);
#1134=VECTOR('',#6862,1.);
#1135=VECTOR('',#6863,1.);
#1136=VECTOR('',#6866,1.);
#1137=VECTOR('',#6867,1.);
#1138=VECTOR('',#6870,1.);
#1139=VECTOR('',#6887,1.);
#1140=VECTOR('',#6888,1.);
#1141=VECTOR('',#6889,1.);
#1142=VECTOR('',#6892,1.);
#1143=VECTOR('',#6893,1.);
#1144=VECTOR('',#6894,1.);
#1145=VECTOR('',#6897,1.);
#1146=VECTOR('',#6898,1.);
#1147=VECTOR('',#6899,1.);
#1148=VECTOR('',#6912,1.);
#1149=VECTOR('',#6913,1.);
#1150=VECTOR('',#6914,1.);
#1151=VECTOR('',#6919,1.);
#1152=VECTOR('',#6922,1.);
#1153=VECTOR('',#6923,1.);
#1154=VECTOR('',#6932,1.);
#1155=VECTOR('',#6933,1.);
#1156=VECTOR('',#6934,1.);
#1157=VECTOR('',#6939,1.);
#1158=VECTOR('',#6942,1.);
#1159=VECTOR('',#6943,1.);
#1160=VECTOR('',#6952,1.);
#1161=VECTOR('',#6953,1.);
#1162=VECTOR('',#6954,1.);
#1163=VECTOR('',#6959,1.);
#1164=VECTOR('',#6962,1.);
#1165=VECTOR('',#6965,1.);
#1166=VECTOR('',#6966,1.);
#1167=VECTOR('',#6967,1.);
#1168=VECTOR('',#6970,1.);
#1169=VECTOR('',#6971,1.);
#1170=VECTOR('',#6974,1.);
#1171=VECTOR('',#6975,1.);
#1172=VECTOR('',#6976,1.);
#1173=VECTOR('',#6977,1.);
#1174=VECTOR('',#6982,1.);
#1175=VECTOR('',#6989,1.);
#1176=VECTOR('',#6990,1.);
#1177=VECTOR('',#6991,1.);
#1178=VECTOR('',#6992,1.);
#1179=VECTOR('',#6993,1.);
#1180=VECTOR('',#6994,1.);
#1181=VECTOR('',#7001,1.);
#1182=VECTOR('',#7002,1.);
#1183=VECTOR('',#7005,1.);
#1184=VECTOR('',#7006,1.);
#1185=VECTOR('',#7007,1.);
#1186=VECTOR('',#7008,1.);
#1187=VECTOR('',#7011,1.);
#1188=VECTOR('',#7012,1.);
#1189=VECTOR('',#7015,1.);
#1190=VECTOR('',#7018,1.);
#1191=VECTOR('',#7021,1.);
#1192=VECTOR('',#7022,1.);
#1193=VECTOR('',#7025,1.);
#1194=VECTOR('',#7028,1.);
#1195=VECTOR('',#7031,1.);
#1196=VECTOR('',#7034,1.);
#1197=VECTOR('',#7037,1.);
#1198=VECTOR('',#7038,1.);
#1199=VECTOR('',#7043,1.);
#1200=VECTOR('',#7046,1.);
#1201=VECTOR('',#7049,1.);
#1202=VECTOR('',#7056,1.);
#1203=VECTOR('',#7061,1.);
#1204=VECTOR('',#7068,1.);
#1205=VECTOR('',#7069,1.);
#1206=VECTOR('',#7072,1.);
#1207=VECTOR('',#7075,1.);
#1208=VECTOR('',#7080,1.);
#1209=VECTOR('',#7081,1.);
#1210=VECTOR('',#7084,1.);
#1211=VECTOR('',#7087,1.);
#1212=VECTOR('',#7092,1.);
#1213=VECTOR('',#7093,1.);
#1214=VECTOR('',#7096,1.);
#1215=VECTOR('',#7097,1.);
#1216=VECTOR('',#7100,1.);
#1217=VECTOR('',#7101,1.);
#1218=VECTOR('',#7104,1.);
#1219=VECTOR('',#7189,1.);
#1220=VECTOR('',#7190,1.);
#1221=VECTOR('',#7193,1.);
#1222=VECTOR('',#7196,1.);
#1223=VECTOR('',#7199,1.);
#1224=VECTOR('',#7200,1.);
#1225=VECTOR('',#7201,1.);
#1226=VECTOR('',#7206,1.);
#1227=VECTOR('',#7207,1.);
#1228=VECTOR('',#7210,1.);
#1229=VECTOR('',#7211,1.);
#1230=VECTOR('',#7212,1.);
#1231=VECTOR('',#7215,1.);
#1232=VECTOR('',#7216,1.);
#1233=VECTOR('',#7217,1.);
#1234=VECTOR('',#7220,1.);
#1235=VECTOR('',#7221,1.);
#1236=VECTOR('',#7230,1.);
#1237=VECTOR('',#7231,1.);
#1238=VECTOR('',#7234,1.);
#1239=VECTOR('',#7235,1.);
#1240=VECTOR('',#7236,1.);
#1241=VECTOR('',#7239,1.);
#1242=VECTOR('',#7242,1.);
#1243=VECTOR('',#7361,1.);
#1244=VECTOR('',#7362,1.);
#1245=VECTOR('',#7379,1.);
#1246=VECTOR('',#7380,1.);
#1247=VECTOR('',#7381,1.);
#1248=VECTOR('',#7382,1.);
#1249=VECTOR('',#7383,1.);
#1250=VECTOR('',#7384,1.);
#1251=VECTOR('',#7385,1.);
#1252=VECTOR('',#7386,1.);
#1253=VECTOR('',#7387,1.);
#1254=VECTOR('',#7388,1.);
#1255=VECTOR('',#7391,1.);
#1256=VECTOR('',#7392,1.);
#1257=VECTOR('',#7393,1.);
#1258=VECTOR('',#7394,1.);
#1259=VECTOR('',#7395,1.);
#1260=VECTOR('',#7396,1.);
#1261=VECTOR('',#7399,1.);
#1262=VECTOR('',#7400,1.);
#1263=VECTOR('',#7401,1.);
#1264=VECTOR('',#7402,1.);
#1265=VECTOR('',#7403,1.);
#1266=VECTOR('',#7408,1.);
#1267=VECTOR('',#7409,1.);
#1268=VECTOR('',#7410,1.);
#1269=VECTOR('',#7413,1.);
#1270=VECTOR('',#7414,1.);
#1271=VECTOR('',#7417,1.);
#1272=VECTOR('',#7418,1.);
#1273=VECTOR('',#7421,1.);
#1274=VECTOR('',#7422,1.);
#1275=VECTOR('',#7425,1.);
#1276=VECTOR('',#7426,1.);
#1277=VECTOR('',#7427,1.);
#1278=VECTOR('',#7428,1.);
#1279=VECTOR('',#7431,1.);
#1280=VECTOR('',#7432,1.);
#1281=VECTOR('',#7435,1.);
#1282=VECTOR('',#7436,1.);
#1283=VECTOR('',#7439,1.);
#1284=VECTOR('',#7442,1.);
#1285=VECTOR('',#7445,1.);
#1286=VECTOR('',#7446,1.);
#1287=VECTOR('',#7449,1.);
#1288=VECTOR('',#7450,1.);
#1289=VECTOR('',#7453,1.);
#1290=VECTOR('',#7458,1.);
#1291=VECTOR('',#7459,1.);
#1292=VECTOR('',#7460,1.);
#1293=VECTOR('',#7463,1.);
#1294=VECTOR('',#7464,1.);
#1295=VECTOR('',#7467,1.);
#1296=VECTOR('',#7468,1.);
#1297=VECTOR('',#7471,1.);
#1298=VECTOR('',#7472,1.);
#1299=VECTOR('',#7475,1.);
#1300=VECTOR('',#7476,1.);
#1301=VECTOR('',#7479,1.);
#1302=VECTOR('',#7480,1.);
#1303=VECTOR('',#7483,1.);
#1304=VECTOR('',#7484,1.);
#1305=VECTOR('',#7487,1.);
#1306=VECTOR('',#7488,1.);
#1307=VECTOR('',#7491,1.);
#1308=VECTOR('',#7492,1.);
#1309=VECTOR('',#7495,1.);
#1310=VECTOR('',#7496,1.);
#1311=VECTOR('',#7499,1.);
#1312=VECTOR('',#7500,1.);
#1313=VECTOR('',#7503,1.);
#1314=VECTOR('',#7504,1.);
#1315=VECTOR('',#7507,1.);
#1316=VECTOR('',#7512,1.);
#1317=VECTOR('',#7513,1.);
#1318=VECTOR('',#7514,1.);
#1319=VECTOR('',#7517,1.);
#1320=VECTOR('',#7518,1.);
#1321=VECTOR('',#7521,1.);
#1322=VECTOR('',#7522,1.);
#1323=VECTOR('',#7525,1.);
#1324=VECTOR('',#7526,1.);
#1325=VECTOR('',#7529,1.);
#1326=VECTOR('',#7530,1.);
#1327=VECTOR('',#7531,1.);
#1328=VECTOR('',#7532,1.);
#1329=VECTOR('',#7535,1.);
#1330=VECTOR('',#7536,1.);
#1331=VECTOR('',#7539,1.);
#1332=VECTOR('',#7540,1.);
#1333=VECTOR('',#7543,1.);
#1334=VECTOR('',#7546,1.);
#1335=VECTOR('',#7549,1.);
#1336=VECTOR('',#7550,1.);
#1337=VECTOR('',#7553,1.);
#1338=VECTOR('',#7554,1.);
#1339=VECTOR('',#7557,1.);
#1340=VECTOR('',#7560,1.);
#1341=VECTOR('',#7561,1.);
#1342=VECTOR('',#7562,1.);
#1343=VECTOR('',#7563,1.);
#1344=VECTOR('',#7566,1.);
#1345=VECTOR('',#7567,1.);
#1346=VECTOR('',#7568,1.);
#1347=VECTOR('',#7571,1.);
#1348=VECTOR('',#7572,1.);
#1349=VECTOR('',#7573,1.);
#1350=VECTOR('',#7574,1.);
#1351=VECTOR('',#7575,1.);
#1352=VECTOR('',#7576,1.);
#1353=VECTOR('',#7577,1.);
#1354=VECTOR('',#7580,1.);
#1355=VECTOR('',#7581,1.);
#1356=VECTOR('',#7582,1.);
#1357=VECTOR('',#7583,1.);
#1358=VECTOR('',#7584,1.);
#1359=VECTOR('',#7587,1.);
#1360=VECTOR('',#7588,1.);
#1361=VECTOR('',#7591,1.);
#1362=VECTOR('',#7592,1.);
#1363=VECTOR('',#7593,1.);
#1364=VECTOR('',#7594,1.);
#1365=VECTOR('',#7595,1.);
#1366=VECTOR('',#7596,1.);
#1367=VECTOR('',#7597,1.);
#1368=VECTOR('',#7600,1.);
#1369=VECTOR('',#7601,1.);
#1370=VECTOR('',#7606,1.);
#1371=VECTOR('',#7607,1.);
#1372=VECTOR('',#7608,1.);
#1373=VECTOR('',#7611,1.);
#1374=VECTOR('',#7612,1.);
#1375=VECTOR('',#7613,1.);
#1376=VECTOR('',#7614,1.);
#1377=VECTOR('',#7615,1.);
#1378=VECTOR('',#7616,1.);
#1379=VECTOR('',#7619,1.);
#1380=VECTOR('',#7620,1.);
#1381=VECTOR('',#7621,1.);
#1382=VECTOR('',#7622,1.);
#1383=VECTOR('',#7623,1.);
#1384=VECTOR('',#7626,1.);
#1385=VECTOR('',#7629,1.);
#1386=VECTOR('',#7632,1.);
#1387=ORIENTED_EDGE('',*,*,#3113,.T.);
#1388=ORIENTED_EDGE('',*,*,#3114,.T.);
#1389=ORIENTED_EDGE('',*,*,#3115,.T.);
#1390=ORIENTED_EDGE('',*,*,#3116,.T.);
#1391=ORIENTED_EDGE('',*,*,#3117,.T.);
#1392=ORIENTED_EDGE('',*,*,#3118,.T.);
#1393=ORIENTED_EDGE('',*,*,#3119,.T.);
#1394=ORIENTED_EDGE('',*,*,#3120,.T.);
#1395=ORIENTED_EDGE('',*,*,#3121,.T.);
#1396=ORIENTED_EDGE('',*,*,#3122,.T.);
#1397=ORIENTED_EDGE('',*,*,#3123,.T.);
#1398=ORIENTED_EDGE('',*,*,#3124,.T.);
#1399=ORIENTED_EDGE('',*,*,#3125,.T.);
#1400=ORIENTED_EDGE('',*,*,#3126,.T.);
#1401=ORIENTED_EDGE('',*,*,#3127,.T.);
#1402=ORIENTED_EDGE('',*,*,#3128,.T.);
#1403=ORIENTED_EDGE('',*,*,#3129,.T.);
#1404=ORIENTED_EDGE('',*,*,#3130,.T.);
#1405=ORIENTED_EDGE('',*,*,#3131,.T.);
#1406=ORIENTED_EDGE('',*,*,#3132,.T.);
#1407=ORIENTED_EDGE('',*,*,#3133,.T.);
#1408=ORIENTED_EDGE('',*,*,#3134,.T.);
#1409=ORIENTED_EDGE('',*,*,#3135,.T.);
#1410=ORIENTED_EDGE('',*,*,#3136,.T.);
#1411=ORIENTED_EDGE('',*,*,#3137,.T.);
#1412=ORIENTED_EDGE('',*,*,#3138,.T.);
#1413=ORIENTED_EDGE('',*,*,#3139,.T.);
#1414=ORIENTED_EDGE('',*,*,#3140,.T.);
#1415=ORIENTED_EDGE('',*,*,#3141,.T.);
#1416=ORIENTED_EDGE('',*,*,#3142,.T.);
#1417=ORIENTED_EDGE('',*,*,#3143,.T.);
#1418=ORIENTED_EDGE('',*,*,#3144,.T.);
#1419=ORIENTED_EDGE('',*,*,#3145,.T.);
#1420=ORIENTED_EDGE('',*,*,#3146,.T.);
#1421=ORIENTED_EDGE('',*,*,#3147,.T.);
#1422=ORIENTED_EDGE('',*,*,#3148,.T.);
#1423=ORIENTED_EDGE('',*,*,#3149,.T.);
#1424=ORIENTED_EDGE('',*,*,#3150,.T.);
#1425=ORIENTED_EDGE('',*,*,#3151,.T.);
#1426=ORIENTED_EDGE('',*,*,#3152,.T.);
#1427=ORIENTED_EDGE('',*,*,#3153,.T.);
#1428=ORIENTED_EDGE('',*,*,#3154,.T.);
#1429=ORIENTED_EDGE('',*,*,#3155,.T.);
#1430=ORIENTED_EDGE('',*,*,#3156,.T.);
#1431=ORIENTED_EDGE('',*,*,#3157,.T.);
#1432=ORIENTED_EDGE('',*,*,#3158,.T.);
#1433=ORIENTED_EDGE('',*,*,#3159,.F.);
#1434=ORIENTED_EDGE('',*,*,#3160,.T.);
#1435=ORIENTED_EDGE('',*,*,#3161,.T.);
#1436=ORIENTED_EDGE('',*,*,#3162,.T.);
#1437=ORIENTED_EDGE('',*,*,#3163,.T.);
#1438=ORIENTED_EDGE('',*,*,#3164,.T.);
#1439=ORIENTED_EDGE('',*,*,#3165,.T.);
#1440=ORIENTED_EDGE('',*,*,#3166,.T.);
#1441=ORIENTED_EDGE('',*,*,#3167,.T.);
#1442=ORIENTED_EDGE('',*,*,#3168,.T.);
#1443=ORIENTED_EDGE('',*,*,#3169,.T.);
#1444=ORIENTED_EDGE('',*,*,#3170,.T.);
#1445=ORIENTED_EDGE('',*,*,#3171,.T.);
#1446=ORIENTED_EDGE('',*,*,#3172,.T.);
#1447=ORIENTED_EDGE('',*,*,#3173,.T.);
#1448=ORIENTED_EDGE('',*,*,#3174,.T.);
#1449=ORIENTED_EDGE('',*,*,#3175,.T.);
#1450=ORIENTED_EDGE('',*,*,#3176,.T.);
#1451=ORIENTED_EDGE('',*,*,#3177,.T.);
#1452=ORIENTED_EDGE('',*,*,#3178,.T.);
#1453=ORIENTED_EDGE('',*,*,#3179,.F.);
#1454=ORIENTED_EDGE('',*,*,#3180,.F.);
#1455=ORIENTED_EDGE('',*,*,#3181,.F.);
#1456=ORIENTED_EDGE('',*,*,#3182,.F.);
#1457=ORIENTED_EDGE('',*,*,#3183,.T.);
#1458=ORIENTED_EDGE('',*,*,#3184,.T.);
#1459=ORIENTED_EDGE('',*,*,#3185,.F.);
#1460=ORIENTED_EDGE('',*,*,#3186,.F.);
#1461=ORIENTED_EDGE('',*,*,#3187,.T.);
#1462=ORIENTED_EDGE('',*,*,#3188,.T.);
#1463=ORIENTED_EDGE('',*,*,#3189,.T.);
#1464=ORIENTED_EDGE('',*,*,#3190,.T.);
#1465=ORIENTED_EDGE('',*,*,#3191,.T.);
#1466=ORIENTED_EDGE('',*,*,#3192,.T.);
#1467=ORIENTED_EDGE('',*,*,#3193,.T.);
#1468=ORIENTED_EDGE('',*,*,#3194,.T.);
#1469=ORIENTED_EDGE('',*,*,#3195,.T.);
#1470=ORIENTED_EDGE('',*,*,#3196,.T.);
#1471=ORIENTED_EDGE('',*,*,#3197,.T.);
#1472=ORIENTED_EDGE('',*,*,#3198,.T.);
#1473=ORIENTED_EDGE('',*,*,#3199,.T.);
#1474=ORIENTED_EDGE('',*,*,#3200,.T.);
#1475=ORIENTED_EDGE('',*,*,#3201,.T.);
#1476=ORIENTED_EDGE('',*,*,#3202,.T.);
#1477=ORIENTED_EDGE('',*,*,#3203,.T.);
#1478=ORIENTED_EDGE('',*,*,#3204,.T.);
#1479=ORIENTED_EDGE('',*,*,#3205,.T.);
#1480=ORIENTED_EDGE('',*,*,#3206,.T.);
#1481=ORIENTED_EDGE('',*,*,#3207,.T.);
#1482=ORIENTED_EDGE('',*,*,#3208,.T.);
#1483=ORIENTED_EDGE('',*,*,#3209,.T.);
#1484=ORIENTED_EDGE('',*,*,#3210,.T.);
#1485=ORIENTED_EDGE('',*,*,#3211,.T.);
#1486=ORIENTED_EDGE('',*,*,#3212,.T.);
#1487=ORIENTED_EDGE('',*,*,#3213,.T.);
#1488=ORIENTED_EDGE('',*,*,#3214,.T.);
#1489=ORIENTED_EDGE('',*,*,#3215,.T.);
#1490=ORIENTED_EDGE('',*,*,#3216,.T.);
#1491=ORIENTED_EDGE('',*,*,#3217,.T.);
#1492=ORIENTED_EDGE('',*,*,#3218,.T.);
#1493=ORIENTED_EDGE('',*,*,#3219,.T.);
#1494=ORIENTED_EDGE('',*,*,#3220,.T.);
#1495=ORIENTED_EDGE('',*,*,#3221,.T.);
#1496=ORIENTED_EDGE('',*,*,#3222,.T.);
#1497=ORIENTED_EDGE('',*,*,#3223,.T.);
#1498=ORIENTED_EDGE('',*,*,#3224,.T.);
#1499=ORIENTED_EDGE('',*,*,#3225,.T.);
#1500=ORIENTED_EDGE('',*,*,#3226,.T.);
#1501=ORIENTED_EDGE('',*,*,#3227,.T.);
#1502=ORIENTED_EDGE('',*,*,#3228,.F.);
#1503=ORIENTED_EDGE('',*,*,#3229,.T.);
#1504=ORIENTED_EDGE('',*,*,#3230,.T.);
#1505=ORIENTED_EDGE('',*,*,#3231,.F.);
#1506=ORIENTED_EDGE('',*,*,#3232,.T.);
#1507=ORIENTED_EDGE('',*,*,#3233,.T.);
#1508=ORIENTED_EDGE('',*,*,#3234,.F.);
#1509=ORIENTED_EDGE('',*,*,#3235,.T.);
#1510=ORIENTED_EDGE('',*,*,#3236,.T.);
#1511=ORIENTED_EDGE('',*,*,#3237,.T.);
#1512=ORIENTED_EDGE('',*,*,#3238,.F.);
#1513=ORIENTED_EDGE('',*,*,#3239,.F.);
#1514=ORIENTED_EDGE('',*,*,#3240,.F.);
#1515=ORIENTED_EDGE('',*,*,#3241,.F.);
#1516=ORIENTED_EDGE('',*,*,#3242,.T.);
#1517=ORIENTED_EDGE('',*,*,#3243,.T.);
#1518=ORIENTED_EDGE('',*,*,#3231,.T.);
#1519=ORIENTED_EDGE('',*,*,#3244,.T.);
#1520=ORIENTED_EDGE('',*,*,#3245,.T.);
#1521=ORIENTED_EDGE('',*,*,#3246,.T.);
#1522=ORIENTED_EDGE('',*,*,#3247,.F.);
#1523=ORIENTED_EDGE('',*,*,#3248,.T.);
#1524=ORIENTED_EDGE('',*,*,#3249,.F.);
#1525=ORIENTED_EDGE('',*,*,#3250,.T.);
#1526=ORIENTED_EDGE('',*,*,#3251,.F.);
#1527=ORIENTED_EDGE('',*,*,#3252,.T.);
#1528=ORIENTED_EDGE('',*,*,#3253,.T.);
#1529=ORIENTED_EDGE('',*,*,#3254,.T.);
#1530=ORIENTED_EDGE('',*,*,#3255,.F.);
#1531=ORIENTED_EDGE('',*,*,#3256,.T.);
#1532=ORIENTED_EDGE('',*,*,#3257,.T.);
#1533=ORIENTED_EDGE('',*,*,#3258,.T.);
#1534=ORIENTED_EDGE('',*,*,#3259,.T.);
#1535=ORIENTED_EDGE('',*,*,#3260,.T.);
#1536=ORIENTED_EDGE('',*,*,#3261,.F.);
#1537=ORIENTED_EDGE('',*,*,#3262,.T.);
#1538=ORIENTED_EDGE('',*,*,#3263,.T.);
#1539=ORIENTED_EDGE('',*,*,#3264,.F.);
#1540=ORIENTED_EDGE('',*,*,#3265,.T.);
#1541=ORIENTED_EDGE('',*,*,#3266,.T.);
#1542=ORIENTED_EDGE('',*,*,#3267,.F.);
#1543=ORIENTED_EDGE('',*,*,#3268,.F.);
#1544=ORIENTED_EDGE('',*,*,#3269,.T.);
#1545=ORIENTED_EDGE('',*,*,#3270,.F.);
#1546=ORIENTED_EDGE('',*,*,#3271,.T.);
#1547=ORIENTED_EDGE('',*,*,#3272,.F.);
#1548=ORIENTED_EDGE('',*,*,#3273,.T.);
#1549=ORIENTED_EDGE('',*,*,#3274,.F.);
#1550=ORIENTED_EDGE('',*,*,#3275,.T.);
#1551=ORIENTED_EDGE('',*,*,#3276,.F.);
#1552=ORIENTED_EDGE('',*,*,#3277,.F.);
#1553=ORIENTED_EDGE('',*,*,#3278,.T.);
#1554=ORIENTED_EDGE('',*,*,#3279,.T.);
#1555=ORIENTED_EDGE('',*,*,#3280,.F.);
#1556=ORIENTED_EDGE('',*,*,#3281,.T.);
#1557=ORIENTED_EDGE('',*,*,#3282,.T.);
#1558=ORIENTED_EDGE('',*,*,#3283,.F.);
#1559=ORIENTED_EDGE('',*,*,#3284,.F.);
#1560=ORIENTED_EDGE('',*,*,#3285,.F.);
#1561=ORIENTED_EDGE('',*,*,#3286,.F.);
#1562=ORIENTED_EDGE('',*,*,#3287,.F.);
#1563=ORIENTED_EDGE('',*,*,#3288,.F.);
#1564=ORIENTED_EDGE('',*,*,#3289,.F.);
#1565=ORIENTED_EDGE('',*,*,#3280,.T.);
#1566=ORIENTED_EDGE('',*,*,#3290,.F.);
#1567=ORIENTED_EDGE('',*,*,#3291,.F.);
#1568=ORIENTED_EDGE('',*,*,#3278,.F.);
#1569=ORIENTED_EDGE('',*,*,#3292,.T.);
#1570=ORIENTED_EDGE('',*,*,#3293,.T.);
#1571=ORIENTED_EDGE('',*,*,#3294,.T.);
#1572=ORIENTED_EDGE('',*,*,#3295,.T.);
#1573=ORIENTED_EDGE('',*,*,#3296,.T.);
#1574=ORIENTED_EDGE('',*,*,#3263,.F.);
#1575=ORIENTED_EDGE('',*,*,#3297,.T.);
#1576=ORIENTED_EDGE('',*,*,#3298,.T.);
#1577=ORIENTED_EDGE('',*,*,#3299,.F.);
#1578=ORIENTED_EDGE('',*,*,#3300,.F.);
#1579=ORIENTED_EDGE('',*,*,#3301,.T.);
#1580=ORIENTED_EDGE('',*,*,#3302,.F.);
#1581=ORIENTED_EDGE('',*,*,#3295,.F.);
#1582=ORIENTED_EDGE('',*,*,#3303,.F.);
#1583=ORIENTED_EDGE('',*,*,#3304,.F.);
#1584=ORIENTED_EDGE('',*,*,#3293,.F.);
#1585=ORIENTED_EDGE('',*,*,#3305,.F.);
#1586=ORIENTED_EDGE('',*,*,#3306,.F.);
#1587=ORIENTED_EDGE('',*,*,#3307,.T.);
#1588=ORIENTED_EDGE('',*,*,#3308,.T.);
#1589=ORIENTED_EDGE('',*,*,#3309,.T.);
#1590=ORIENTED_EDGE('',*,*,#3261,.T.);
#1591=ORIENTED_EDGE('',*,*,#3310,.F.);
#1592=ORIENTED_EDGE('',*,*,#3311,.F.);
#1593=ORIENTED_EDGE('',*,*,#3312,.F.);
#1594=ORIENTED_EDGE('',*,*,#3313,.T.);
#1595=ORIENTED_EDGE('',*,*,#3314,.T.);
#1596=ORIENTED_EDGE('',*,*,#3315,.T.);
#1597=ORIENTED_EDGE('',*,*,#3316,.T.);
#1598=ORIENTED_EDGE('',*,*,#3285,.T.);
#1599=ORIENTED_EDGE('',*,*,#3317,.T.);
#1600=ORIENTED_EDGE('',*,*,#3318,.T.);
#1601=ORIENTED_EDGE('',*,*,#3319,.F.);
#1602=ORIENTED_EDGE('',*,*,#3320,.F.);
#1603=ORIENTED_EDGE('',*,*,#3321,.F.);
#1604=ORIENTED_EDGE('',*,*,#3258,.F.);
#1605=ORIENTED_EDGE('',*,*,#3322,.T.);
#1606=ORIENTED_EDGE('',*,*,#3323,.T.);
#1607=ORIENTED_EDGE('',*,*,#3324,.T.);
#1608=ORIENTED_EDGE('',*,*,#3325,.F.);
#1609=ORIENTED_EDGE('',*,*,#3326,.T.);
#1610=ORIENTED_EDGE('',*,*,#3327,.T.);
#1611=ORIENTED_EDGE('',*,*,#3328,.T.);
#1612=ORIENTED_EDGE('',*,*,#3329,.F.);
#1613=ORIENTED_EDGE('',*,*,#3330,.F.);
#1614=ORIENTED_EDGE('',*,*,#3331,.T.);
#1615=ORIENTED_EDGE('',*,*,#3332,.T.);
#1616=ORIENTED_EDGE('',*,*,#3333,.T.);
#1617=ORIENTED_EDGE('',*,*,#3334,.F.);
#1618=ORIENTED_EDGE('',*,*,#3335,.T.);
#1619=ORIENTED_EDGE('',*,*,#3336,.T.);
#1620=ORIENTED_EDGE('',*,*,#3337,.F.);
#1621=ORIENTED_EDGE('',*,*,#3338,.F.);
#1622=ORIENTED_EDGE('',*,*,#3339,.F.);
#1623=ORIENTED_EDGE('',*,*,#3340,.F.);
#1624=ORIENTED_EDGE('',*,*,#3242,.F.);
#1625=ORIENTED_EDGE('',*,*,#3341,.T.);
#1626=ORIENTED_EDGE('',*,*,#3342,.F.);
#1627=ORIENTED_EDGE('',*,*,#3343,.T.);
#1628=ORIENTED_EDGE('',*,*,#3344,.T.);
#1629=ORIENTED_EDGE('',*,*,#3345,.T.);
#1630=ORIENTED_EDGE('',*,*,#3346,.T.);
#1631=ORIENTED_EDGE('',*,*,#3347,.T.);
#1632=ORIENTED_EDGE('',*,*,#3348,.T.);
#1633=ORIENTED_EDGE('',*,*,#3349,.T.);
#1634=ORIENTED_EDGE('',*,*,#3331,.F.);
#1635=ORIENTED_EDGE('',*,*,#3350,.F.);
#1636=ORIENTED_EDGE('',*,*,#3351,.T.);
#1637=ORIENTED_EDGE('',*,*,#3318,.F.);
#1638=ORIENTED_EDGE('',*,*,#3352,.T.);
#1639=ORIENTED_EDGE('',*,*,#3353,.T.);
#1640=ORIENTED_EDGE('',*,*,#3354,.T.);
#1641=ORIENTED_EDGE('',*,*,#3355,.T.);
#1642=ORIENTED_EDGE('',*,*,#3356,.T.);
#1643=ORIENTED_EDGE('',*,*,#3357,.T.);
#1644=ORIENTED_EDGE('',*,*,#3358,.T.);
#1645=ORIENTED_EDGE('',*,*,#3359,.T.);
#1646=ORIENTED_EDGE('',*,*,#3360,.F.);
#1647=ORIENTED_EDGE('',*,*,#3361,.T.);
#1648=ORIENTED_EDGE('',*,*,#3362,.F.);
#1649=ORIENTED_EDGE('',*,*,#3240,.T.);
#1650=ORIENTED_EDGE('',*,*,#3363,.T.);
#1651=ORIENTED_EDGE('',*,*,#3360,.T.);
#1652=ORIENTED_EDGE('',*,*,#3364,.T.);
#1653=ORIENTED_EDGE('',*,*,#3365,.F.);
#1654=ORIENTED_EDGE('',*,*,#3320,.T.);
#1655=ORIENTED_EDGE('',*,*,#3366,.F.);
#1656=ORIENTED_EDGE('',*,*,#3367,.T.);
#1657=ORIENTED_EDGE('',*,*,#3368,.T.);
#1658=ORIENTED_EDGE('',*,*,#3369,.T.);
#1659=ORIENTED_EDGE('',*,*,#3370,.T.);
#1660=ORIENTED_EDGE('',*,*,#3371,.T.);
#1661=ORIENTED_EDGE('',*,*,#3372,.F.);
#1662=ORIENTED_EDGE('',*,*,#3373,.F.);
#1663=ORIENTED_EDGE('',*,*,#3374,.F.);
#1664=ORIENTED_EDGE('',*,*,#3375,.F.);
#1665=ORIENTED_EDGE('',*,*,#3376,.T.);
#1666=ORIENTED_EDGE('',*,*,#3377,.T.);
#1667=ORIENTED_EDGE('',*,*,#3343,.F.);
#1668=ORIENTED_EDGE('',*,*,#3378,.T.);
#1669=ORIENTED_EDGE('',*,*,#3379,.T.);
#1670=ORIENTED_EDGE('',*,*,#3380,.T.);
#1671=ORIENTED_EDGE('',*,*,#3290,.T.);
#1672=ORIENTED_EDGE('',*,*,#3279,.F.);
#1673=ORIENTED_EDGE('',*,*,#3294,.F.);
#1674=ORIENTED_EDGE('',*,*,#3304,.T.);
#1675=ORIENTED_EDGE('',*,*,#3381,.F.);
#1676=ORIENTED_EDGE('',*,*,#3382,.T.);
#1677=ORIENTED_EDGE('',*,*,#3383,.F.);
#1678=ORIENTED_EDGE('',*,*,#3384,.T.);
#1679=ORIENTED_EDGE('',*,*,#3385,.F.);
#1680=ORIENTED_EDGE('',*,*,#3386,.T.);
#1681=ORIENTED_EDGE('',*,*,#3387,.T.);
#1682=ORIENTED_EDGE('',*,*,#3388,.T.);
#1683=ORIENTED_EDGE('',*,*,#3389,.F.);
#1684=ORIENTED_EDGE('',*,*,#3390,.T.);
#1685=ORIENTED_EDGE('',*,*,#3391,.T.);
#1686=ORIENTED_EDGE('',*,*,#3392,.F.);
#1687=ORIENTED_EDGE('',*,*,#3393,.T.);
#1688=ORIENTED_EDGE('',*,*,#3394,.F.);
#1689=ORIENTED_EDGE('',*,*,#3395,.F.);
#1690=ORIENTED_EDGE('',*,*,#3396,.T.);
#1691=ORIENTED_EDGE('',*,*,#3397,.T.);
#1692=ORIENTED_EDGE('',*,*,#3398,.T.);
#1693=ORIENTED_EDGE('',*,*,#3399,.F.);
#1694=ORIENTED_EDGE('',*,*,#3400,.T.);
#1695=ORIENTED_EDGE('',*,*,#3347,.F.);
#1696=ORIENTED_EDGE('',*,*,#3401,.T.);
#1697=ORIENTED_EDGE('',*,*,#3402,.F.);
#1698=ORIENTED_EDGE('',*,*,#3403,.F.);
#1699=ORIENTED_EDGE('',*,*,#3238,.T.);
#1700=ORIENTED_EDGE('',*,*,#3404,.T.);
#1701=ORIENTED_EDGE('',*,*,#3405,.F.);
#1702=ORIENTED_EDGE('',*,*,#3406,.T.);
#1703=ORIENTED_EDGE('',*,*,#3407,.T.);
#1704=ORIENTED_EDGE('',*,*,#3408,.T.);
#1705=ORIENTED_EDGE('',*,*,#3409,.T.);
#1706=ORIENTED_EDGE('',*,*,#3410,.T.);
#1707=ORIENTED_EDGE('',*,*,#3411,.T.);
#1708=ORIENTED_EDGE('',*,*,#3412,.T.);
#1709=ORIENTED_EDGE('',*,*,#3413,.T.);
#1710=ORIENTED_EDGE('',*,*,#3414,.F.);
#1711=ORIENTED_EDGE('',*,*,#3334,.T.);
#1712=ORIENTED_EDGE('',*,*,#3415,.T.);
#1713=ORIENTED_EDGE('',*,*,#3416,.T.);
#1714=ORIENTED_EDGE('',*,*,#3417,.T.);
#1715=ORIENTED_EDGE('',*,*,#3337,.T.);
#1716=ORIENTED_EDGE('',*,*,#3418,.T.);
#1717=ORIENTED_EDGE('',*,*,#3419,.F.);
#1718=ORIENTED_EDGE('',*,*,#3420,.F.);
#1719=ORIENTED_EDGE('',*,*,#3421,.T.);
#1720=ORIENTED_EDGE('',*,*,#3422,.T.);
#1721=ORIENTED_EDGE('',*,*,#3236,.F.);
#1722=ORIENTED_EDGE('',*,*,#3423,.T.);
#1723=ORIENTED_EDGE('',*,*,#3424,.F.);
#1724=ORIENTED_EDGE('',*,*,#3425,.F.);
#1725=ORIENTED_EDGE('',*,*,#3426,.T.);
#1726=ORIENTED_EDGE('',*,*,#3427,.F.);
#1727=ORIENTED_EDGE('',*,*,#3428,.F.);
#1728=ORIENTED_EDGE('',*,*,#3429,.F.);
#1729=ORIENTED_EDGE('',*,*,#3430,.T.);
#1730=ORIENTED_EDGE('',*,*,#3431,.F.);
#1731=ORIENTED_EDGE('',*,*,#3432,.F.);
#1732=ORIENTED_EDGE('',*,*,#3433,.T.);
#1733=ORIENTED_EDGE('',*,*,#3426,.F.);
#1734=ORIENTED_EDGE('',*,*,#3434,.T.);
#1735=ORIENTED_EDGE('',*,*,#3435,.T.);
#1736=ORIENTED_EDGE('',*,*,#3436,.F.);
#1737=ORIENTED_EDGE('',*,*,#3437,.T.);
#1738=ORIENTED_EDGE('',*,*,#3429,.T.);
#1739=ORIENTED_EDGE('',*,*,#3438,.F.);
#1740=ORIENTED_EDGE('',*,*,#3439,.T.);
#1741=ORIENTED_EDGE('',*,*,#3440,.T.);
#1742=ORIENTED_EDGE('',*,*,#3441,.F.);
#1743=ORIENTED_EDGE('',*,*,#3442,.F.);
#1744=ORIENTED_EDGE('',*,*,#3443,.F.);
#1745=ORIENTED_EDGE('',*,*,#3444,.F.);
#1746=ORIENTED_EDGE('',*,*,#3445,.T.);
#1747=ORIENTED_EDGE('',*,*,#3446,.T.);
#1748=ORIENTED_EDGE('',*,*,#3419,.T.);
#1749=ORIENTED_EDGE('',*,*,#3447,.T.);
#1750=ORIENTED_EDGE('',*,*,#3448,.F.);
#1751=ORIENTED_EDGE('',*,*,#3449,.F.);
#1752=ORIENTED_EDGE('',*,*,#3450,.F.);
#1753=ORIENTED_EDGE('',*,*,#3451,.T.);
#1754=ORIENTED_EDGE('',*,*,#3436,.T.);
#1755=ORIENTED_EDGE('',*,*,#3452,.F.);
#1756=ORIENTED_EDGE('',*,*,#3453,.T.);
#1757=ORIENTED_EDGE('',*,*,#3454,.F.);
#1758=ORIENTED_EDGE('',*,*,#3455,.T.);
#1759=ORIENTED_EDGE('',*,*,#3456,.F.);
#1760=ORIENTED_EDGE('',*,*,#3457,.T.);
#1761=ORIENTED_EDGE('',*,*,#3391,.F.);
#1762=ORIENTED_EDGE('',*,*,#3458,.T.);
#1763=ORIENTED_EDGE('',*,*,#3459,.T.);
#1764=ORIENTED_EDGE('',*,*,#3460,.T.);
#1765=ORIENTED_EDGE('',*,*,#3461,.T.);
#1766=ORIENTED_EDGE('',*,*,#3329,.T.);
#1767=ORIENTED_EDGE('',*,*,#3462,.T.);
#1768=ORIENTED_EDGE('',*,*,#3463,.T.);
#1769=ORIENTED_EDGE('',*,*,#3464,.T.);
#1770=ORIENTED_EDGE('',*,*,#3465,.F.);
#1771=ORIENTED_EDGE('',*,*,#3466,.T.);
#1772=ORIENTED_EDGE('',*,*,#3467,.T.);
#1773=ORIENTED_EDGE('',*,*,#3468,.T.);
#1774=ORIENTED_EDGE('',*,*,#3469,.T.);
#1775=ORIENTED_EDGE('',*,*,#3470,.F.);
#1776=ORIENTED_EDGE('',*,*,#3471,.T.);
#1777=ORIENTED_EDGE('',*,*,#3472,.T.);
#1778=ORIENTED_EDGE('',*,*,#3473,.T.);
#1779=ORIENTED_EDGE('',*,*,#3474,.T.);
#1780=ORIENTED_EDGE('',*,*,#3475,.T.);
#1781=ORIENTED_EDGE('',*,*,#3476,.F.);
#1782=ORIENTED_EDGE('',*,*,#3477,.F.);
#1783=ORIENTED_EDGE('',*,*,#3178,.F.);
#1784=ORIENTED_EDGE('',*,*,#3478,.T.);
#1785=ORIENTED_EDGE('',*,*,#3479,.F.);
#1786=ORIENTED_EDGE('',*,*,#3172,.F.);
#1787=ORIENTED_EDGE('',*,*,#3480,.T.);
#1788=ORIENTED_EDGE('',*,*,#3481,.T.);
#1789=ORIENTED_EDGE('',*,*,#3308,.F.);
#1790=ORIENTED_EDGE('',*,*,#3482,.T.);
#1791=ORIENTED_EDGE('',*,*,#3483,.T.);
#1792=ORIENTED_EDGE('',*,*,#3432,.T.);
#1793=ORIENTED_EDGE('',*,*,#3484,.T.);
#1794=ORIENTED_EDGE('',*,*,#3485,.T.);
#1795=ORIENTED_EDGE('',*,*,#3389,.T.);
#1796=ORIENTED_EDGE('',*,*,#3486,.T.);
#1797=ORIENTED_EDGE('',*,*,#3487,.F.);
#1798=ORIENTED_EDGE('',*,*,#3488,.T.);
#1799=ORIENTED_EDGE('',*,*,#3383,.T.);
#1800=ORIENTED_EDGE('',*,*,#3489,.F.);
#1801=ORIENTED_EDGE('',*,*,#3340,.T.);
#1802=ORIENTED_EDGE('',*,*,#3490,.T.);
#1803=ORIENTED_EDGE('',*,*,#3423,.F.);
#1804=ORIENTED_EDGE('',*,*,#3243,.F.);
#1805=ORIENTED_EDGE('',*,*,#3382,.F.);
#1806=ORIENTED_EDGE('',*,*,#3491,.F.);
#1807=ORIENTED_EDGE('',*,*,#3262,.F.);
#1808=ORIENTED_EDGE('',*,*,#3309,.F.);
#1809=ORIENTED_EDGE('',*,*,#3489,.T.);
#1810=ORIENTED_EDGE('',*,*,#3378,.F.);
#1811=ORIENTED_EDGE('',*,*,#3352,.F.);
#1812=ORIENTED_EDGE('',*,*,#3317,.F.);
#1813=ORIENTED_EDGE('',*,*,#3288,.T.);
#1814=ORIENTED_EDGE('',*,*,#3492,.T.);
#1815=ORIENTED_EDGE('',*,*,#3465,.T.);
#1816=ORIENTED_EDGE('',*,*,#3493,.T.);
#1817=ORIENTED_EDGE('',*,*,#3494,.T.);
#1818=ORIENTED_EDGE('',*,*,#3495,.F.);
#1819=ORIENTED_EDGE('',*,*,#3330,.T.);
#1820=ORIENTED_EDGE('',*,*,#3496,.F.);
#1821=ORIENTED_EDGE('',*,*,#3497,.T.);
#1822=ORIENTED_EDGE('',*,*,#3306,.T.);
#1823=ORIENTED_EDGE('',*,*,#3495,.T.);
#1824=ORIENTED_EDGE('',*,*,#3498,.T.);
#1825=ORIENTED_EDGE('',*,*,#3406,.F.);
#1826=ORIENTED_EDGE('',*,*,#3414,.T.);
#1827=ORIENTED_EDGE('',*,*,#3499,.T.);
#1828=ORIENTED_EDGE('',*,*,#3363,.F.);
#1829=ORIENTED_EDGE('',*,*,#3239,.T.);
#1830=ORIENTED_EDGE('',*,*,#3365,.T.);
#1831=ORIENTED_EDGE('',*,*,#3500,.T.);
#1832=ORIENTED_EDGE('',*,*,#3501,.F.);
#1833=ORIENTED_EDGE('',*,*,#3259,.F.);
#1834=ORIENTED_EDGE('',*,*,#3321,.T.);
#1835=ORIENTED_EDGE('',*,*,#3476,.T.);
#1836=ORIENTED_EDGE('',*,*,#3502,.T.);
#1837=ORIENTED_EDGE('',*,*,#3503,.T.);
#1838=ORIENTED_EDGE('',*,*,#3504,.T.);
#1839=ORIENTED_EDGE('',*,*,#3505,.T.);
#1840=ORIENTED_EDGE('',*,*,#3506,.F.);
#1841=ORIENTED_EDGE('',*,*,#3507,.F.);
#1842=ORIENTED_EDGE('',*,*,#3506,.T.);
#1843=ORIENTED_EDGE('',*,*,#3508,.T.);
#1844=ORIENTED_EDGE('',*,*,#3255,.T.);
#1845=ORIENTED_EDGE('',*,*,#3509,.T.);
#1846=ORIENTED_EDGE('',*,*,#3510,.F.);
#1847=ORIENTED_EDGE('',*,*,#3511,.F.);
#1848=ORIENTED_EDGE('',*,*,#3512,.T.);
#1849=ORIENTED_EDGE('',*,*,#3513,.T.);
#1850=ORIENTED_EDGE('',*,*,#3472,.F.);
#1851=ORIENTED_EDGE('',*,*,#3514,.F.);
#1852=ORIENTED_EDGE('',*,*,#3510,.T.);
#1853=ORIENTED_EDGE('',*,*,#3287,.T.);
#1854=ORIENTED_EDGE('',*,*,#3515,.T.);
#1855=ORIENTED_EDGE('',*,*,#3516,.F.);
#1856=ORIENTED_EDGE('',*,*,#3517,.F.);
#1857=ORIENTED_EDGE('',*,*,#3518,.T.);
#1858=ORIENTED_EDGE('',*,*,#3519,.T.);
#1859=ORIENTED_EDGE('',*,*,#3520,.F.);
#1860=ORIENTED_EDGE('',*,*,#3521,.F.);
#1861=ORIENTED_EDGE('',*,*,#3522,.F.);
#1862=ORIENTED_EDGE('',*,*,#3518,.F.);
#1863=ORIENTED_EDGE('',*,*,#3523,.T.);
#1864=ORIENTED_EDGE('',*,*,#3524,.T.);
#1865=ORIENTED_EDGE('',*,*,#3525,.F.);
#1866=ORIENTED_EDGE('',*,*,#3524,.F.);
#1867=ORIENTED_EDGE('',*,*,#3526,.T.);
#1868=ORIENTED_EDGE('',*,*,#3527,.T.);
#1869=ORIENTED_EDGE('',*,*,#3520,.T.);
#1870=ORIENTED_EDGE('',*,*,#3528,.T.);
#1871=ORIENTED_EDGE('',*,*,#3527,.F.);
#1872=ORIENTED_EDGE('',*,*,#3529,.F.);
#1873=ORIENTED_EDGE('',*,*,#3516,.T.);
#1874=ORIENTED_EDGE('',*,*,#3530,.T.);
#1875=ORIENTED_EDGE('',*,*,#3531,.F.);
#1876=ORIENTED_EDGE('',*,*,#3291,.T.);
#1877=ORIENTED_EDGE('',*,*,#3380,.F.);
#1878=ORIENTED_EDGE('',*,*,#3532,.T.);
#1879=ORIENTED_EDGE('',*,*,#3521,.T.);
#1880=ORIENTED_EDGE('',*,*,#3529,.T.);
#1881=ORIENTED_EDGE('',*,*,#3526,.F.);
#1882=ORIENTED_EDGE('',*,*,#3523,.F.);
#1883=ORIENTED_EDGE('',*,*,#3477,.T.);
#1884=ORIENTED_EDGE('',*,*,#3507,.T.);
#1885=ORIENTED_EDGE('',*,*,#3511,.T.);
#1886=ORIENTED_EDGE('',*,*,#3514,.T.);
#1887=ORIENTED_EDGE('',*,*,#3522,.T.);
#1888=ORIENTED_EDGE('',*,*,#3525,.T.);
#1889=ORIENTED_EDGE('',*,*,#3528,.F.);
#1890=ORIENTED_EDGE('',*,*,#3519,.F.);
#1891=ORIENTED_EDGE('',*,*,#3379,.F.);
#1892=ORIENTED_EDGE('',*,*,#3492,.F.);
#1893=ORIENTED_EDGE('',*,*,#3517,.T.);
#1894=ORIENTED_EDGE('',*,*,#3532,.F.);
#1895=ORIENTED_EDGE('',*,*,#3533,.T.);
#1896=ORIENTED_EDGE('',*,*,#3534,.T.);
#1897=ORIENTED_EDGE('',*,*,#3466,.F.);
#1898=ORIENTED_EDGE('',*,*,#3535,.T.);
#1899=ORIENTED_EDGE('',*,*,#3536,.T.);
#1900=ORIENTED_EDGE('',*,*,#3537,.T.);
#1901=ORIENTED_EDGE('',*,*,#3538,.T.);
#1902=ORIENTED_EDGE('',*,*,#3536,.F.);
#1903=ORIENTED_EDGE('',*,*,#3539,.T.);
#1904=ORIENTED_EDGE('',*,*,#3540,.T.);
#1905=ORIENTED_EDGE('',*,*,#3541,.T.);
#1906=ORIENTED_EDGE('',*,*,#3464,.F.);
#1907=ORIENTED_EDGE('',*,*,#3542,.T.);
#1908=ORIENTED_EDGE('',*,*,#3470,.T.);
#1909=ORIENTED_EDGE('',*,*,#3543,.T.);
#1910=ORIENTED_EDGE('',*,*,#3544,.T.);
#1911=ORIENTED_EDGE('',*,*,#3540,.F.);
#1912=ORIENTED_EDGE('',*,*,#3545,.T.);
#1913=ORIENTED_EDGE('',*,*,#3546,.F.);
#1914=ORIENTED_EDGE('',*,*,#3547,.F.);
#1915=ORIENTED_EDGE('',*,*,#3298,.F.);
#1916=ORIENTED_EDGE('',*,*,#3548,.T.);
#1917=ORIENTED_EDGE('',*,*,#3549,.F.);
#1918=ORIENTED_EDGE('',*,*,#3548,.F.);
#1919=ORIENTED_EDGE('',*,*,#3301,.F.);
#1920=ORIENTED_EDGE('',*,*,#3550,.T.);
#1921=ORIENTED_EDGE('',*,*,#3551,.T.);
#1922=ORIENTED_EDGE('',*,*,#3552,.T.);
#1923=ORIENTED_EDGE('',*,*,#3550,.F.);
#1924=ORIENTED_EDGE('',*,*,#3300,.T.);
#1925=ORIENTED_EDGE('',*,*,#3547,.T.);
#1926=ORIENTED_EDGE('',*,*,#3553,.T.);
#1927=ORIENTED_EDGE('',*,*,#3551,.F.);
#1928=ORIENTED_EDGE('',*,*,#3299,.T.);
#1929=ORIENTED_EDGE('',*,*,#3535,.F.);
#1930=ORIENTED_EDGE('',*,*,#3471,.F.);
#1931=ORIENTED_EDGE('',*,*,#3545,.F.);
#1932=ORIENTED_EDGE('',*,*,#3539,.F.);
#1933=ORIENTED_EDGE('',*,*,#3546,.T.);
#1934=ORIENTED_EDGE('',*,*,#3549,.T.);
#1935=ORIENTED_EDGE('',*,*,#3552,.F.);
#1936=ORIENTED_EDGE('',*,*,#3553,.F.);
#1937=ORIENTED_EDGE('',*,*,#3491,.T.);
#1938=ORIENTED_EDGE('',*,*,#3381,.T.);
#1939=ORIENTED_EDGE('',*,*,#3303,.T.);
#1940=ORIENTED_EDGE('',*,*,#3297,.F.);
#1941=ORIENTED_EDGE('',*,*,#3450,.T.);
#1942=ORIENTED_EDGE('',*,*,#3554,.T.);
#1943=ORIENTED_EDGE('',*,*,#3454,.T.);
#1944=ORIENTED_EDGE('',*,*,#3555,.T.);
#1945=ORIENTED_EDGE('',*,*,#3459,.F.);
#1946=ORIENTED_EDGE('',*,*,#3556,.T.);
#1947=ORIENTED_EDGE('',*,*,#3484,.F.);
#1948=ORIENTED_EDGE('',*,*,#3431,.T.);
#1949=ORIENTED_EDGE('',*,*,#3557,.T.);
#1950=ORIENTED_EDGE('',*,*,#3558,.F.);
#1951=ORIENTED_EDGE('',*,*,#3559,.T.);
#1952=ORIENTED_EDGE('',*,*,#3399,.T.);
#1953=ORIENTED_EDGE('',*,*,#3560,.T.);
#1954=ORIENTED_EDGE('',*,*,#3561,.T.);
#1955=ORIENTED_EDGE('',*,*,#3562,.T.);
#1956=ORIENTED_EDGE('',*,*,#3563,.T.);
#1957=ORIENTED_EDGE('',*,*,#3564,.F.);
#1958=ORIENTED_EDGE('',*,*,#3565,.T.);
#1959=ORIENTED_EDGE('',*,*,#3416,.F.);
#1960=ORIENTED_EDGE('',*,*,#3566,.T.);
#1961=ORIENTED_EDGE('',*,*,#3567,.T.);
#1962=ORIENTED_EDGE('',*,*,#3568,.T.);
#1963=ORIENTED_EDGE('',*,*,#3569,.F.);
#1964=ORIENTED_EDGE('',*,*,#3558,.T.);
#1965=ORIENTED_EDGE('',*,*,#3570,.T.);
#1966=ORIENTED_EDGE('',*,*,#3562,.F.);
#1967=ORIENTED_EDGE('',*,*,#3571,.T.);
#1968=ORIENTED_EDGE('',*,*,#3567,.F.);
#1969=ORIENTED_EDGE('',*,*,#3572,.T.);
#1970=ORIENTED_EDGE('',*,*,#3332,.F.);
#1971=ORIENTED_EDGE('',*,*,#3349,.F.);
#1972=ORIENTED_EDGE('',*,*,#3573,.T.);
#1973=ORIENTED_EDGE('',*,*,#3574,.T.);
#1974=ORIENTED_EDGE('',*,*,#3575,.T.);
#1975=ORIENTED_EDGE('',*,*,#3376,.F.);
#1976=ORIENTED_EDGE('',*,*,#3576,.F.);
#1977=ORIENTED_EDGE('',*,*,#3577,.F.);
#1978=ORIENTED_EDGE('',*,*,#3576,.T.);
#1979=ORIENTED_EDGE('',*,*,#3403,.T.);
#1980=ORIENTED_EDGE('',*,*,#3578,.F.);
#1981=ORIENTED_EDGE('',*,*,#3402,.T.);
#1982=ORIENTED_EDGE('',*,*,#3579,.T.);
#1983=ORIENTED_EDGE('',*,*,#3580,.F.);
#1984=ORIENTED_EDGE('',*,*,#3578,.T.);
#1985=ORIENTED_EDGE('',*,*,#3479,.T.);
#1986=ORIENTED_EDGE('',*,*,#3345,.F.);
#1987=ORIENTED_EDGE('',*,*,#3581,.T.);
#1988=ORIENTED_EDGE('',*,*,#3574,.F.);
#1989=ORIENTED_EDGE('',*,*,#3577,.T.);
#1990=ORIENTED_EDGE('',*,*,#3580,.T.);
#1991=ORIENTED_EDGE('',*,*,#3582,.T.);
#1992=ORIENTED_EDGE('',*,*,#3385,.T.);
#1993=ORIENTED_EDGE('',*,*,#3583,.T.);
#1994=ORIENTED_EDGE('',*,*,#3584,.F.);
#1995=ORIENTED_EDGE('',*,*,#3585,.T.);
#1996=ORIENTED_EDGE('',*,*,#3585,.F.);
#1997=ORIENTED_EDGE('',*,*,#3586,.T.);
#1998=ORIENTED_EDGE('',*,*,#3587,.T.);
#1999=ORIENTED_EDGE('',*,*,#3386,.F.);
#2000=ORIENTED_EDGE('',*,*,#3588,.T.);
#2001=ORIENTED_EDGE('',*,*,#3589,.T.);
#2002=ORIENTED_EDGE('',*,*,#3387,.F.);
#2003=ORIENTED_EDGE('',*,*,#3587,.F.);
#2004=ORIENTED_EDGE('',*,*,#3481,.F.);
#2005=ORIENTED_EDGE('',*,*,#3586,.F.);
#2006=ORIENTED_EDGE('',*,*,#3584,.T.);
#2007=ORIENTED_EDGE('',*,*,#3590,.T.);
#2008=ORIENTED_EDGE('',*,*,#3487,.T.);
#2009=ORIENTED_EDGE('',*,*,#3591,.T.);
#2010=ORIENTED_EDGE('',*,*,#3588,.F.);
#2011=ORIENTED_EDGE('',*,*,#3444,.T.);
#2012=ORIENTED_EDGE('',*,*,#3592,.T.);
#2013=ORIENTED_EDGE('',*,*,#3593,.F.);
#2014=ORIENTED_EDGE('',*,*,#3594,.F.);
#2015=ORIENTED_EDGE('',*,*,#3393,.F.);
#2016=ORIENTED_EDGE('',*,*,#3595,.T.);
#2017=ORIENTED_EDGE('',*,*,#3596,.T.);
#2018=ORIENTED_EDGE('',*,*,#3435,.F.);
#2019=ORIENTED_EDGE('',*,*,#3597,.T.);
#2020=ORIENTED_EDGE('',*,*,#3593,.T.);
#2021=ORIENTED_EDGE('',*,*,#3598,.F.);
#2022=ORIENTED_EDGE('',*,*,#3599,.F.);
#2023=ORIENTED_EDGE('',*,*,#3397,.F.);
#2024=ORIENTED_EDGE('',*,*,#3600,.F.);
#2025=ORIENTED_EDGE('',*,*,#3442,.T.);
#2026=ORIENTED_EDGE('',*,*,#3601,.F.);
#2027=ORIENTED_EDGE('',*,*,#3602,.F.);
#2028=ORIENTED_EDGE('',*,*,#3603,.T.);
#2029=ORIENTED_EDGE('',*,*,#3441,.T.);
#2030=ORIENTED_EDGE('',*,*,#3604,.F.);
#2031=ORIENTED_EDGE('',*,*,#3605,.F.);
#2032=ORIENTED_EDGE('',*,*,#3601,.T.);
#2033=ORIENTED_EDGE('',*,*,#3440,.F.);
#2034=ORIENTED_EDGE('',*,*,#3606,.F.);
#2035=ORIENTED_EDGE('',*,*,#3607,.T.);
#2036=ORIENTED_EDGE('',*,*,#3448,.T.);
#2037=ORIENTED_EDGE('',*,*,#3608,.F.);
#2038=ORIENTED_EDGE('',*,*,#3446,.F.);
#2039=ORIENTED_EDGE('',*,*,#3609,.T.);
#2040=ORIENTED_EDGE('',*,*,#3604,.T.);
#2041=ORIENTED_EDGE('',*,*,#3445,.F.);
#2042=ORIENTED_EDGE('',*,*,#3594,.T.);
#2043=ORIENTED_EDGE('',*,*,#3597,.F.);
#2044=ORIENTED_EDGE('',*,*,#3434,.F.);
#2045=ORIENTED_EDGE('',*,*,#3425,.T.);
#2046=ORIENTED_EDGE('',*,*,#3602,.T.);
#2047=ORIENTED_EDGE('',*,*,#3605,.T.);
#2048=ORIENTED_EDGE('',*,*,#3609,.F.);
#2049=ORIENTED_EDGE('',*,*,#3439,.F.);
#2050=ORIENTED_EDGE('',*,*,#3603,.F.);
#2051=ORIENTED_EDGE('',*,*,#3610,.T.);
#2052=ORIENTED_EDGE('',*,*,#3606,.T.);
#2053=ORIENTED_EDGE('',*,*,#3610,.F.);
#2054=ORIENTED_EDGE('',*,*,#3424,.T.);
#2055=ORIENTED_EDGE('',*,*,#3490,.F.);
#2056=ORIENTED_EDGE('',*,*,#3339,.T.);
#2057=ORIENTED_EDGE('',*,*,#3607,.F.);
#2058=ORIENTED_EDGE('',*,*,#3338,.T.);
#2059=ORIENTED_EDGE('',*,*,#3420,.T.);
#2060=ORIENTED_EDGE('',*,*,#3449,.T.);
#2061=ORIENTED_EDGE('',*,*,#3312,.T.);
#2062=ORIENTED_EDGE('',*,*,#3611,.T.);
#2063=ORIENTED_EDGE('',*,*,#3612,.T.);
#2064=ORIENTED_EDGE('',*,*,#3613,.F.);
#2065=ORIENTED_EDGE('',*,*,#3614,.F.);
#2066=ORIENTED_EDGE('',*,*,#3284,.T.);
#2067=ORIENTED_EDGE('',*,*,#3615,.F.);
#2068=ORIENTED_EDGE('',*,*,#3616,.T.);
#2069=ORIENTED_EDGE('',*,*,#3617,.F.);
#2070=ORIENTED_EDGE('',*,*,#3618,.F.);
#2071=ORIENTED_EDGE('',*,*,#3615,.T.);
#2072=ORIENTED_EDGE('',*,*,#3283,.T.);
#2073=ORIENTED_EDGE('',*,*,#3619,.F.);
#2074=ORIENTED_EDGE('',*,*,#3620,.F.);
#2075=ORIENTED_EDGE('',*,*,#3314,.F.);
#2076=ORIENTED_EDGE('',*,*,#3621,.F.);
#2077=ORIENTED_EDGE('',*,*,#3619,.T.);
#2078=ORIENTED_EDGE('',*,*,#3282,.F.);
#2079=ORIENTED_EDGE('',*,*,#3622,.T.);
#2080=ORIENTED_EDGE('',*,*,#3623,.T.);
#2081=ORIENTED_EDGE('',*,*,#3266,.F.);
#2082=ORIENTED_EDGE('',*,*,#3624,.F.);
#2083=ORIENTED_EDGE('',*,*,#3625,.T.);
#2084=ORIENTED_EDGE('',*,*,#3270,.T.);
#2085=ORIENTED_EDGE('',*,*,#3626,.F.);
#2086=ORIENTED_EDGE('',*,*,#3250,.F.);
#2087=ORIENTED_EDGE('',*,*,#3251,.T.);
#2088=ORIENTED_EDGE('',*,*,#3626,.T.);
#2089=ORIENTED_EDGE('',*,*,#3269,.F.);
#2090=ORIENTED_EDGE('',*,*,#3627,.F.);
#2091=ORIENTED_EDGE('',*,*,#3628,.F.);
#2092=ORIENTED_EDGE('',*,*,#3629,.T.);
#2093=ORIENTED_EDGE('',*,*,#3252,.F.);
#2094=ORIENTED_EDGE('',*,*,#3627,.T.);
#2095=ORIENTED_EDGE('',*,*,#3276,.T.);
#2096=ORIENTED_EDGE('',*,*,#3630,.F.);
#2097=ORIENTED_EDGE('',*,*,#3631,.T.);
#2098=ORIENTED_EDGE('',*,*,#3628,.T.);
#2099=ORIENTED_EDGE('',*,*,#3275,.F.);
#2100=ORIENTED_EDGE('',*,*,#3246,.F.);
#2101=ORIENTED_EDGE('',*,*,#3632,.T.);
#2102=ORIENTED_EDGE('',*,*,#3630,.T.);
#2103=ORIENTED_EDGE('',*,*,#3274,.T.);
#2104=ORIENTED_EDGE('',*,*,#3633,.F.);
#2105=ORIENTED_EDGE('',*,*,#3249,.T.);
#2106=ORIENTED_EDGE('',*,*,#3634,.T.);
#2107=ORIENTED_EDGE('',*,*,#3271,.F.);
#2108=ORIENTED_EDGE('',*,*,#3625,.F.);
#2109=ORIENTED_EDGE('',*,*,#3247,.T.);
#2110=ORIENTED_EDGE('',*,*,#3633,.T.);
#2111=ORIENTED_EDGE('',*,*,#3273,.F.);
#2112=ORIENTED_EDGE('',*,*,#3635,.F.);
#2113=ORIENTED_EDGE('',*,*,#3635,.T.);
#2114=ORIENTED_EDGE('',*,*,#3272,.T.);
#2115=ORIENTED_EDGE('',*,*,#3634,.F.);
#2116=ORIENTED_EDGE('',*,*,#3248,.F.);
#2117=ORIENTED_EDGE('',*,*,#3461,.F.);
#2118=ORIENTED_EDGE('',*,*,#3636,.T.);
#2119=ORIENTED_EDGE('',*,*,#3456,.T.);
#2120=ORIENTED_EDGE('',*,*,#3637,.T.);
#2121=ORIENTED_EDGE('',*,*,#3452,.T.);
#2122=ORIENTED_EDGE('',*,*,#3438,.T.);
#2123=ORIENTED_EDGE('',*,*,#3428,.T.);
#2124=ORIENTED_EDGE('',*,*,#3638,.F.);
#2125=ORIENTED_EDGE('',*,*,#3595,.F.);
#2126=ORIENTED_EDGE('',*,*,#3392,.T.);
#2127=ORIENTED_EDGE('',*,*,#3639,.T.);
#2128=ORIENTED_EDGE('',*,*,#3640,.T.);
#2129=ORIENTED_EDGE('',*,*,#3641,.F.);
#2130=ORIENTED_EDGE('',*,*,#3642,.T.);
#2131=ORIENTED_EDGE('',*,*,#3641,.T.);
#2132=ORIENTED_EDGE('',*,*,#3643,.T.);
#2133=ORIENTED_EDGE('',*,*,#3169,.F.);
#2134=ORIENTED_EDGE('',*,*,#3644,.T.);
#2135=ORIENTED_EDGE('',*,*,#3433,.F.);
#2136=ORIENTED_EDGE('',*,*,#3596,.F.);
#2137=ORIENTED_EDGE('',*,*,#3638,.T.);
#2138=ORIENTED_EDGE('',*,*,#3427,.T.);
#2139=ORIENTED_EDGE('',*,*,#3560,.F.);
#2140=ORIENTED_EDGE('',*,*,#3398,.F.);
#2141=ORIENTED_EDGE('',*,*,#3599,.T.);
#2142=ORIENTED_EDGE('',*,*,#3645,.T.);
#2143=ORIENTED_EDGE('',*,*,#3335,.F.);
#2144=ORIENTED_EDGE('',*,*,#3417,.F.);
#2145=ORIENTED_EDGE('',*,*,#3569,.T.);
#2146=ORIENTED_EDGE('',*,*,#3646,.T.);
#2147=ORIENTED_EDGE('',*,*,#3564,.T.);
#2148=ORIENTED_EDGE('',*,*,#3647,.T.);
#2149=ORIENTED_EDGE('',*,*,#3592,.F.);
#2150=ORIENTED_EDGE('',*,*,#3443,.T.);
#2151=ORIENTED_EDGE('',*,*,#3608,.T.);
#2152=ORIENTED_EDGE('',*,*,#3447,.F.);
#2153=ORIENTED_EDGE('',*,*,#3418,.F.);
#2154=ORIENTED_EDGE('',*,*,#3336,.F.);
#2155=ORIENTED_EDGE('',*,*,#3645,.F.);
#2156=ORIENTED_EDGE('',*,*,#3598,.T.);
#2157=ORIENTED_EDGE('',*,*,#3159,.T.);
#2158=ORIENTED_EDGE('',*,*,#3648,.T.);
#2159=ORIENTED_EDGE('',*,*,#3649,.F.);
#2160=ORIENTED_EDGE('',*,*,#3650,.T.);
#2161=ORIENTED_EDGE('',*,*,#3649,.T.);
#2162=ORIENTED_EDGE('',*,*,#3651,.T.);
#2163=ORIENTED_EDGE('',*,*,#3652,.T.);
#2164=ORIENTED_EDGE('',*,*,#3653,.T.);
#2165=ORIENTED_EDGE('',*,*,#3654,.T.);
#2166=ORIENTED_EDGE('',*,*,#3655,.T.);
#2167=ORIENTED_EDGE('',*,*,#3656,.T.);
#2168=ORIENTED_EDGE('',*,*,#3657,.T.);
#2169=ORIENTED_EDGE('',*,*,#3658,.T.);
#2170=ORIENTED_EDGE('',*,*,#3659,.T.);
#2171=ORIENTED_EDGE('',*,*,#3660,.T.);
#2172=ORIENTED_EDGE('',*,*,#3661,.T.);
#2173=ORIENTED_EDGE('',*,*,#3373,.T.);
#2174=ORIENTED_EDGE('',*,*,#3662,.T.);
#2175=ORIENTED_EDGE('',*,*,#3153,.F.);
#2176=ORIENTED_EDGE('',*,*,#3663,.F.);
#2177=ORIENTED_EDGE('',*,*,#3374,.T.);
#2178=ORIENTED_EDGE('',*,*,#3663,.T.);
#2179=ORIENTED_EDGE('',*,*,#3156,.F.);
#2180=ORIENTED_EDGE('',*,*,#3664,.F.);
#2181=ORIENTED_EDGE('',*,*,#3375,.T.);
#2182=ORIENTED_EDGE('',*,*,#3664,.T.);
#2183=ORIENTED_EDGE('',*,*,#3155,.F.);
#2184=ORIENTED_EDGE('',*,*,#3665,.F.);
#2185=ORIENTED_EDGE('',*,*,#3372,.T.);
#2186=ORIENTED_EDGE('',*,*,#3665,.T.);
#2187=ORIENTED_EDGE('',*,*,#3154,.F.);
#2188=ORIENTED_EDGE('',*,*,#3662,.F.);
#2189=ORIENTED_EDGE('',*,*,#3666,.T.);
#2190=ORIENTED_EDGE('',*,*,#3180,.T.);
#2191=ORIENTED_EDGE('',*,*,#3667,.F.);
#2192=ORIENTED_EDGE('',*,*,#3368,.F.);
#2193=ORIENTED_EDGE('',*,*,#3668,.T.);
#2194=ORIENTED_EDGE('',*,*,#3181,.T.);
#2195=ORIENTED_EDGE('',*,*,#3666,.F.);
#2196=ORIENTED_EDGE('',*,*,#3371,.F.);
#2197=ORIENTED_EDGE('',*,*,#3667,.T.);
#2198=ORIENTED_EDGE('',*,*,#3179,.T.);
#2199=ORIENTED_EDGE('',*,*,#3669,.F.);
#2200=ORIENTED_EDGE('',*,*,#3369,.F.);
#2201=ORIENTED_EDGE('',*,*,#3669,.T.);
#2202=ORIENTED_EDGE('',*,*,#3182,.T.);
#2203=ORIENTED_EDGE('',*,*,#3668,.F.);
#2204=ORIENTED_EDGE('',*,*,#3370,.F.);
#2205=ORIENTED_EDGE('',*,*,#3395,.T.);
#2206=ORIENTED_EDGE('',*,*,#3670,.T.);
#2207=ORIENTED_EDGE('',*,*,#3183,.F.);
#2208=ORIENTED_EDGE('',*,*,#3671,.F.);
#2209=ORIENTED_EDGE('',*,*,#3671,.T.);
#2210=ORIENTED_EDGE('',*,*,#3186,.T.);
#2211=ORIENTED_EDGE('',*,*,#3672,.F.);
#2212=ORIENTED_EDGE('',*,*,#3673,.F.);
#2213=ORIENTED_EDGE('',*,*,#3396,.F.);
#2214=ORIENTED_EDGE('',*,*,#3672,.T.);
#2215=ORIENTED_EDGE('',*,*,#3185,.T.);
#2216=ORIENTED_EDGE('',*,*,#3674,.F.);
#2217=ORIENTED_EDGE('',*,*,#3675,.F.);
#2218=ORIENTED_EDGE('',*,*,#3394,.T.);
#2219=ORIENTED_EDGE('',*,*,#3676,.T.);
#2220=ORIENTED_EDGE('',*,*,#3674,.T.);
#2221=ORIENTED_EDGE('',*,*,#3184,.F.);
#2222=ORIENTED_EDGE('',*,*,#3670,.F.);
#2223=ORIENTED_EDGE('',*,*,#3600,.T.);
#2224=ORIENTED_EDGE('',*,*,#3673,.T.);
#2225=ORIENTED_EDGE('',*,*,#3675,.T.);
#2226=ORIENTED_EDGE('',*,*,#3676,.F.);
#2227=ORIENTED_EDGE('',*,*,#3342,.T.);
#2228=ORIENTED_EDGE('',*,*,#3677,.F.);
#2229=ORIENTED_EDGE('',*,*,#3361,.F.);
#2230=ORIENTED_EDGE('',*,*,#3367,.F.);
#2231=ORIENTED_EDGE('',*,*,#3678,.F.);
#2232=ORIENTED_EDGE('',*,*,#3350,.T.);
#2233=ORIENTED_EDGE('',*,*,#3241,.T.);
#2234=ORIENTED_EDGE('',*,*,#3362,.T.);
#2235=ORIENTED_EDGE('',*,*,#3677,.T.);
#2236=ORIENTED_EDGE('',*,*,#3341,.F.);
#2237=ORIENTED_EDGE('',*,*,#3678,.T.);
#2238=ORIENTED_EDGE('',*,*,#3366,.T.);
#2239=ORIENTED_EDGE('',*,*,#3319,.T.);
#2240=ORIENTED_EDGE('',*,*,#3351,.F.);
#2241=ORIENTED_EDGE('',*,*,#3679,.T.);
#2242=ORIENTED_EDGE('',*,*,#3680,.T.);
#2243=ORIENTED_EDGE('',*,*,#3163,.F.);
#2244=ORIENTED_EDGE('',*,*,#3681,.T.);
#2245=ORIENTED_EDGE('',*,*,#3652,.F.);
#2246=ORIENTED_EDGE('',*,*,#3164,.F.);
#2247=ORIENTED_EDGE('',*,*,#3682,.T.);
#2248=ORIENTED_EDGE('',*,*,#3353,.F.);
#2249=ORIENTED_EDGE('',*,*,#3499,.F.);
#2250=ORIENTED_EDGE('',*,*,#3413,.F.);
#2251=ORIENTED_EDGE('',*,*,#3683,.T.);
#2252=ORIENTED_EDGE('',*,*,#3165,.F.);
#2253=ORIENTED_EDGE('',*,*,#3684,.T.);
#2254=ORIENTED_EDGE('',*,*,#3685,.T.);
#2255=ORIENTED_EDGE('',*,*,#3639,.F.);
#2256=ORIENTED_EDGE('',*,*,#3686,.T.);
#2257=ORIENTED_EDGE('',*,*,#3171,.F.);
#2258=ORIENTED_EDGE('',*,*,#3687,.T.);
#2259=ORIENTED_EDGE('',*,*,#3498,.F.);
#2260=ORIENTED_EDGE('',*,*,#3688,.F.);
#2261=ORIENTED_EDGE('',*,*,#3173,.F.);
#2262=ORIENTED_EDGE('',*,*,#3480,.F.);
#2263=ORIENTED_EDGE('',*,*,#3688,.T.);
#2264=ORIENTED_EDGE('',*,*,#3494,.F.);
#2265=ORIENTED_EDGE('',*,*,#3689,.F.);
#2266=ORIENTED_EDGE('',*,*,#3690,.F.);
#2267=ORIENTED_EDGE('',*,*,#3174,.F.);
#2268=ORIENTED_EDGE('',*,*,#3245,.F.);
#2269=ORIENTED_EDGE('',*,*,#3691,.T.);
#2270=ORIENTED_EDGE('',*,*,#3474,.F.);
#2271=ORIENTED_EDGE('',*,*,#3692,.F.);
#2272=ORIENTED_EDGE('',*,*,#3175,.F.);
#2273=ORIENTED_EDGE('',*,*,#3690,.T.);
#2274=ORIENTED_EDGE('',*,*,#3468,.F.);
#2275=ORIENTED_EDGE('',*,*,#3693,.T.);
#2276=ORIENTED_EDGE('',*,*,#3253,.F.);
#2277=ORIENTED_EDGE('',*,*,#3629,.F.);
#2278=ORIENTED_EDGE('',*,*,#3631,.F.);
#2279=ORIENTED_EDGE('',*,*,#3632,.F.);
#2280=ORIENTED_EDGE('',*,*,#3692,.T.);
#2281=ORIENTED_EDGE('',*,*,#3694,.T.);
#2282=ORIENTED_EDGE('',*,*,#3500,.F.);
#2283=ORIENTED_EDGE('',*,*,#3695,.F.);
#2284=ORIENTED_EDGE('',*,*,#3176,.F.);
#2285=ORIENTED_EDGE('',*,*,#3364,.F.);
#2286=ORIENTED_EDGE('',*,*,#3696,.T.);
#2287=ORIENTED_EDGE('',*,*,#3157,.F.);
#2288=ORIENTED_EDGE('',*,*,#3478,.F.);
#2289=ORIENTED_EDGE('',*,*,#3177,.F.);
#2290=ORIENTED_EDGE('',*,*,#3695,.T.);
#2291=ORIENTED_EDGE('',*,*,#3581,.F.);
#2292=ORIENTED_EDGE('',*,*,#3344,.F.);
#2293=ORIENTED_EDGE('',*,*,#3377,.F.);
#2294=ORIENTED_EDGE('',*,*,#3575,.F.);
#2295=ORIENTED_EDGE('',*,*,#3582,.F.);
#2296=ORIENTED_EDGE('',*,*,#3579,.F.);
#2297=ORIENTED_EDGE('',*,*,#3401,.F.);
#2298=ORIENTED_EDGE('',*,*,#3346,.F.);
#2299=ORIENTED_EDGE('',*,*,#3573,.F.);
#2300=ORIENTED_EDGE('',*,*,#3348,.F.);
#2301=ORIENTED_EDGE('',*,*,#3400,.F.);
#2302=ORIENTED_EDGE('',*,*,#3559,.F.);
#2303=ORIENTED_EDGE('',*,*,#3572,.F.);
#2304=ORIENTED_EDGE('',*,*,#3566,.F.);
#2305=ORIENTED_EDGE('',*,*,#3415,.F.);
#2306=ORIENTED_EDGE('',*,*,#3333,.F.);
#2307=ORIENTED_EDGE('',*,*,#3570,.F.);
#2308=ORIENTED_EDGE('',*,*,#3561,.F.);
#2309=ORIENTED_EDGE('',*,*,#3647,.F.);
#2310=ORIENTED_EDGE('',*,*,#3563,.F.);
#2311=ORIENTED_EDGE('',*,*,#3571,.F.);
#2312=ORIENTED_EDGE('',*,*,#3565,.F.);
#2313=ORIENTED_EDGE('',*,*,#3646,.F.);
#2314=ORIENTED_EDGE('',*,*,#3568,.F.);
#2315=ORIENTED_EDGE('',*,*,#3590,.F.);
#2316=ORIENTED_EDGE('',*,*,#3583,.F.);
#2317=ORIENTED_EDGE('',*,*,#3384,.F.);
#2318=ORIENTED_EDGE('',*,*,#3488,.F.);
#2319=ORIENTED_EDGE('',*,*,#3591,.F.);
#2320=ORIENTED_EDGE('',*,*,#3486,.F.);
#2321=ORIENTED_EDGE('',*,*,#3388,.F.);
#2322=ORIENTED_EDGE('',*,*,#3589,.F.);
#2323=ORIENTED_EDGE('',*,*,#3557,.F.);
#2324=ORIENTED_EDGE('',*,*,#3430,.F.);
#2325=ORIENTED_EDGE('',*,*,#3437,.F.);
#2326=ORIENTED_EDGE('',*,*,#3451,.F.);
#2327=ORIENTED_EDGE('',*,*,#3554,.F.);
#2328=ORIENTED_EDGE('',*,*,#3453,.F.);
#2329=ORIENTED_EDGE('',*,*,#3637,.F.);
#2330=ORIENTED_EDGE('',*,*,#3455,.F.);
#2331=ORIENTED_EDGE('',*,*,#3556,.F.);
#2332=ORIENTED_EDGE('',*,*,#3458,.F.);
#2333=ORIENTED_EDGE('',*,*,#3390,.F.);
#2334=ORIENTED_EDGE('',*,*,#3485,.F.);
#2335=ORIENTED_EDGE('',*,*,#3555,.F.);
#2336=ORIENTED_EDGE('',*,*,#3457,.F.);
#2337=ORIENTED_EDGE('',*,*,#3636,.F.);
#2338=ORIENTED_EDGE('',*,*,#3460,.F.);
#2339=ORIENTED_EDGE('',*,*,#3697,.T.);
#2340=ORIENTED_EDGE('',*,*,#3698,.T.);
#2341=ORIENTED_EDGE('',*,*,#3327,.F.);
#2342=ORIENTED_EDGE('',*,*,#3699,.T.);
#2343=ORIENTED_EDGE('',*,*,#3323,.F.);
#2344=ORIENTED_EDGE('',*,*,#3700,.T.);
#2345=ORIENTED_EDGE('',*,*,#3701,.T.);
#2346=ORIENTED_EDGE('',*,*,#3702,.T.);
#2347=ORIENTED_EDGE('',*,*,#3325,.T.);
#2348=ORIENTED_EDGE('',*,*,#3703,.T.);
#2349=ORIENTED_EDGE('',*,*,#3704,.T.);
#2350=ORIENTED_EDGE('',*,*,#3705,.T.);
#2351=ORIENTED_EDGE('',*,*,#3620,.T.);
#2352=ORIENTED_EDGE('',*,*,#3621,.T.);
#2353=ORIENTED_EDGE('',*,*,#3313,.F.);
#2354=ORIENTED_EDGE('',*,*,#3616,.F.);
#2355=ORIENTED_EDGE('',*,*,#3296,.F.);
#2356=ORIENTED_EDGE('',*,*,#3302,.T.);
#2357=ORIENTED_EDGE('',*,*,#3706,.F.);
#2358=ORIENTED_EDGE('',*,*,#3707,.T.);
#2359=ORIENTED_EDGE('',*,*,#3310,.T.);
#2360=ORIENTED_EDGE('',*,*,#3260,.F.);
#2361=ORIENTED_EDGE('',*,*,#3708,.T.);
#2362=ORIENTED_EDGE('',*,*,#3611,.F.);
#2363=ORIENTED_EDGE('',*,*,#3311,.T.);
#2364=ORIENTED_EDGE('',*,*,#3707,.F.);
#2365=ORIENTED_EDGE('',*,*,#3709,.F.);
#2366=ORIENTED_EDGE('',*,*,#3710,.T.);
#2367=ORIENTED_EDGE('',*,*,#3711,.F.);
#2368=ORIENTED_EDGE('',*,*,#3710,.F.);
#2369=ORIENTED_EDGE('',*,*,#3712,.T.);
#2370=ORIENTED_EDGE('',*,*,#3713,.T.);
#2371=ORIENTED_EDGE('',*,*,#3714,.F.);
#2372=ORIENTED_EDGE('',*,*,#3713,.F.);
#2373=ORIENTED_EDGE('',*,*,#3715,.T.);
#2374=ORIENTED_EDGE('',*,*,#3613,.T.);
#2375=ORIENTED_EDGE('',*,*,#3292,.F.);
#2376=ORIENTED_EDGE('',*,*,#3277,.T.);
#2377=ORIENTED_EDGE('',*,*,#3614,.T.);
#2378=ORIENTED_EDGE('',*,*,#3715,.F.);
#2379=ORIENTED_EDGE('',*,*,#3712,.F.);
#2380=ORIENTED_EDGE('',*,*,#3709,.T.);
#2381=ORIENTED_EDGE('',*,*,#3706,.T.);
#2382=ORIENTED_EDGE('',*,*,#3305,.T.);
#2383=ORIENTED_EDGE('',*,*,#3716,.F.);
#2384=ORIENTED_EDGE('',*,*,#3612,.F.);
#2385=ORIENTED_EDGE('',*,*,#3708,.F.);
#2386=ORIENTED_EDGE('',*,*,#3711,.T.);
#2387=ORIENTED_EDGE('',*,*,#3714,.T.);
#2388=ORIENTED_EDGE('',*,*,#3515,.F.);
#2389=ORIENTED_EDGE('',*,*,#3286,.T.);
#2390=ORIENTED_EDGE('',*,*,#3316,.F.);
#2391=ORIENTED_EDGE('',*,*,#3717,.F.);
#2392=ORIENTED_EDGE('',*,*,#3718,.T.);
#2393=ORIENTED_EDGE('',*,*,#3530,.F.);
#2394=ORIENTED_EDGE('',*,*,#3289,.T.);
#2395=ORIENTED_EDGE('',*,*,#3531,.T.);
#2396=ORIENTED_EDGE('',*,*,#3718,.F.);
#2397=ORIENTED_EDGE('',*,*,#3719,.F.);
#2398=ORIENTED_EDGE('',*,*,#3720,.T.);
#2399=ORIENTED_EDGE('',*,*,#3721,.T.);
#2400=ORIENTED_EDGE('',*,*,#3622,.F.);
#2401=ORIENTED_EDGE('',*,*,#3281,.F.);
#2402=ORIENTED_EDGE('',*,*,#3267,.T.);
#2403=ORIENTED_EDGE('',*,*,#3623,.F.);
#2404=ORIENTED_EDGE('',*,*,#3721,.F.);
#2405=ORIENTED_EDGE('',*,*,#3722,.T.);
#2406=ORIENTED_EDGE('',*,*,#3268,.T.);
#2407=ORIENTED_EDGE('',*,*,#3722,.F.);
#2408=ORIENTED_EDGE('',*,*,#3720,.F.);
#2409=ORIENTED_EDGE('',*,*,#3723,.T.);
#2410=ORIENTED_EDGE('',*,*,#3265,.F.);
#2411=ORIENTED_EDGE('',*,*,#3723,.F.);
#2412=ORIENTED_EDGE('',*,*,#3719,.T.);
#2413=ORIENTED_EDGE('',*,*,#3717,.T.);
#2414=ORIENTED_EDGE('',*,*,#3315,.F.);
#2415=ORIENTED_EDGE('',*,*,#3624,.T.);
#2416=ORIENTED_EDGE('',*,*,#3724,.F.);
#2417=ORIENTED_EDGE('',*,*,#3716,.T.);
#2418=ORIENTED_EDGE('',*,*,#3724,.T.);
#2419=ORIENTED_EDGE('',*,*,#3725,.F.);
#2420=ORIENTED_EDGE('',*,*,#3618,.T.);
#2421=ORIENTED_EDGE('',*,*,#3725,.T.);
#2422=ORIENTED_EDGE('',*,*,#3726,.F.);
#2423=ORIENTED_EDGE('',*,*,#3617,.T.);
#2424=ORIENTED_EDGE('',*,*,#3726,.T.);
#2425=ORIENTED_EDGE('',*,*,#3727,.F.);
#2426=ORIENTED_EDGE('',*,*,#3264,.T.);
#2427=ORIENTED_EDGE('',*,*,#3727,.T.);
#2428=ORIENTED_EDGE('',*,*,#3475,.F.);
#2429=ORIENTED_EDGE('',*,*,#3691,.F.);
#2430=ORIENTED_EDGE('',*,*,#3728,.F.);
#2431=ORIENTED_EDGE('',*,*,#3502,.F.);
#2432=ORIENTED_EDGE('',*,*,#3467,.F.);
#2433=ORIENTED_EDGE('',*,*,#3534,.F.);
#2434=ORIENTED_EDGE('',*,*,#3729,.F.);
#2435=ORIENTED_EDGE('',*,*,#3693,.F.);
#2436=ORIENTED_EDGE('',*,*,#3728,.T.);
#2437=ORIENTED_EDGE('',*,*,#3244,.F.);
#2438=ORIENTED_EDGE('',*,*,#3730,.F.);
#2439=ORIENTED_EDGE('',*,*,#3503,.F.);
#2440=ORIENTED_EDGE('',*,*,#3729,.T.);
#2441=ORIENTED_EDGE('',*,*,#3533,.F.);
#2442=ORIENTED_EDGE('',*,*,#3731,.F.);
#2443=ORIENTED_EDGE('',*,*,#3254,.F.);
#2444=ORIENTED_EDGE('',*,*,#3730,.T.);
#2445=ORIENTED_EDGE('',*,*,#3230,.F.);
#2446=ORIENTED_EDGE('',*,*,#3732,.F.);
#2447=ORIENTED_EDGE('',*,*,#3733,.T.);
#2448=ORIENTED_EDGE('',*,*,#3504,.F.);
#2449=ORIENTED_EDGE('',*,*,#3538,.F.);
#2450=ORIENTED_EDGE('',*,*,#3734,.T.);
#2451=ORIENTED_EDGE('',*,*,#3735,.F.);
#2452=ORIENTED_EDGE('',*,*,#3232,.F.);
#2453=ORIENTED_EDGE('',*,*,#3731,.T.);
#2454=ORIENTED_EDGE('',*,*,#3701,.F.);
#2455=ORIENTED_EDGE('',*,*,#3736,.T.);
#2456=ORIENTED_EDGE('',*,*,#3732,.T.);
#2457=ORIENTED_EDGE('',*,*,#3229,.F.);
#2458=ORIENTED_EDGE('',*,*,#3737,.T.);
#2459=ORIENTED_EDGE('',*,*,#3735,.T.);
#2460=ORIENTED_EDGE('',*,*,#3738,.T.);
#2461=ORIENTED_EDGE('',*,*,#3697,.F.);
#2462=ORIENTED_EDGE('',*,*,#3739,.T.);
#2463=ORIENTED_EDGE('',*,*,#3233,.F.);
#2464=ORIENTED_EDGE('',*,*,#3704,.F.);
#2465=ORIENTED_EDGE('',*,*,#3740,.T.);
#2466=ORIENTED_EDGE('',*,*,#3235,.F.);
#2467=ORIENTED_EDGE('',*,*,#3741,.T.);
#2468=ORIENTED_EDGE('',*,*,#3696,.F.);
#2469=ORIENTED_EDGE('',*,*,#3359,.F.);
#2470=ORIENTED_EDGE('',*,*,#3742,.F.);
#2471=ORIENTED_EDGE('',*,*,#3742,.T.);
#2472=ORIENTED_EDGE('',*,*,#3358,.F.);
#2473=ORIENTED_EDGE('',*,*,#3743,.F.);
#2474=ORIENTED_EDGE('',*,*,#3158,.F.);
#2475=ORIENTED_EDGE('',*,*,#3743,.T.);
#2476=ORIENTED_EDGE('',*,*,#3357,.F.);
#2477=ORIENTED_EDGE('',*,*,#3744,.F.);
#2478=ORIENTED_EDGE('',*,*,#3648,.F.);
#2479=ORIENTED_EDGE('',*,*,#3744,.T.);
#2480=ORIENTED_EDGE('',*,*,#3356,.F.);
#2481=ORIENTED_EDGE('',*,*,#3745,.F.);
#2482=ORIENTED_EDGE('',*,*,#3651,.F.);
#2483=ORIENTED_EDGE('',*,*,#3745,.T.);
#2484=ORIENTED_EDGE('',*,*,#3355,.F.);
#2485=ORIENTED_EDGE('',*,*,#3746,.F.);
#2486=ORIENTED_EDGE('',*,*,#3679,.F.);
#2487=ORIENTED_EDGE('',*,*,#3682,.F.);
#2488=ORIENTED_EDGE('',*,*,#3680,.F.);
#2489=ORIENTED_EDGE('',*,*,#3746,.T.);
#2490=ORIENTED_EDGE('',*,*,#3354,.F.);
#2491=ORIENTED_EDGE('',*,*,#3407,.F.);
#2492=ORIENTED_EDGE('',*,*,#3687,.F.);
#2493=ORIENTED_EDGE('',*,*,#3747,.F.);
#2494=ORIENTED_EDGE('',*,*,#3747,.T.);
#2495=ORIENTED_EDGE('',*,*,#3170,.F.);
#2496=ORIENTED_EDGE('',*,*,#3748,.F.);
#2497=ORIENTED_EDGE('',*,*,#3408,.F.);
#2498=ORIENTED_EDGE('',*,*,#3748,.T.);
#2499=ORIENTED_EDGE('',*,*,#3643,.F.);
#2500=ORIENTED_EDGE('',*,*,#3749,.F.);
#2501=ORIENTED_EDGE('',*,*,#3409,.F.);
#2502=ORIENTED_EDGE('',*,*,#3749,.T.);
#2503=ORIENTED_EDGE('',*,*,#3640,.F.);
#2504=ORIENTED_EDGE('',*,*,#3750,.F.);
#2505=ORIENTED_EDGE('',*,*,#3410,.F.);
#2506=ORIENTED_EDGE('',*,*,#3750,.T.);
#2507=ORIENTED_EDGE('',*,*,#3685,.F.);
#2508=ORIENTED_EDGE('',*,*,#3751,.F.);
#2509=ORIENTED_EDGE('',*,*,#3411,.F.);
#2510=ORIENTED_EDGE('',*,*,#3684,.F.);
#2511=ORIENTED_EDGE('',*,*,#3683,.F.);
#2512=ORIENTED_EDGE('',*,*,#3412,.F.);
#2513=ORIENTED_EDGE('',*,*,#3751,.T.);
#2514=ORIENTED_EDGE('',*,*,#3752,.F.);
#2515=ORIENTED_EDGE('',*,*,#3650,.F.);
#2516=ORIENTED_EDGE('',*,*,#3753,.F.);
#2517=ORIENTED_EDGE('',*,*,#3656,.F.);
#2518=ORIENTED_EDGE('',*,*,#3753,.T.);
#2519=ORIENTED_EDGE('',*,*,#3653,.F.);
#2520=ORIENTED_EDGE('',*,*,#3754,.F.);
#2521=ORIENTED_EDGE('',*,*,#3657,.F.);
#2522=ORIENTED_EDGE('',*,*,#3160,.F.);
#2523=ORIENTED_EDGE('',*,*,#3752,.T.);
#2524=ORIENTED_EDGE('',*,*,#3755,.F.);
#2525=ORIENTED_EDGE('',*,*,#3754,.T.);
#2526=ORIENTED_EDGE('',*,*,#3681,.F.);
#2527=ORIENTED_EDGE('',*,*,#3756,.F.);
#2528=ORIENTED_EDGE('',*,*,#3654,.F.);
#2529=ORIENTED_EDGE('',*,*,#3755,.T.);
#2530=ORIENTED_EDGE('',*,*,#3655,.F.);
#2531=ORIENTED_EDGE('',*,*,#3757,.F.);
#2532=ORIENTED_EDGE('',*,*,#3161,.F.);
#2533=ORIENTED_EDGE('',*,*,#3756,.T.);
#2534=ORIENTED_EDGE('',*,*,#3162,.F.);
#2535=ORIENTED_EDGE('',*,*,#3757,.T.);
#2536=ORIENTED_EDGE('',*,*,#3758,.F.);
#2537=ORIENTED_EDGE('',*,*,#3658,.F.);
#2538=ORIENTED_EDGE('',*,*,#3759,.F.);
#2539=ORIENTED_EDGE('',*,*,#3644,.F.);
#2540=ORIENTED_EDGE('',*,*,#3759,.T.);
#2541=ORIENTED_EDGE('',*,*,#3661,.F.);
#2542=ORIENTED_EDGE('',*,*,#3760,.F.);
#2543=ORIENTED_EDGE('',*,*,#3642,.F.);
#2544=ORIENTED_EDGE('',*,*,#3758,.T.);
#2545=ORIENTED_EDGE('',*,*,#3168,.F.);
#2546=ORIENTED_EDGE('',*,*,#3761,.F.);
#2547=ORIENTED_EDGE('',*,*,#3760,.T.);
#2548=ORIENTED_EDGE('',*,*,#3660,.F.);
#2549=ORIENTED_EDGE('',*,*,#3762,.F.);
#2550=ORIENTED_EDGE('',*,*,#3686,.F.);
#2551=ORIENTED_EDGE('',*,*,#3761,.T.);
#2552=ORIENTED_EDGE('',*,*,#3167,.F.);
#2553=ORIENTED_EDGE('',*,*,#3763,.F.);
#2554=ORIENTED_EDGE('',*,*,#3659,.F.);
#2555=ORIENTED_EDGE('',*,*,#3166,.F.);
#2556=ORIENTED_EDGE('',*,*,#3762,.T.);
#2557=ORIENTED_EDGE('',*,*,#3763,.T.);
#2558=ORIENTED_EDGE('',*,*,#3541,.F.);
#2559=ORIENTED_EDGE('',*,*,#3544,.F.);
#2560=ORIENTED_EDGE('',*,*,#3764,.F.);
#2561=ORIENTED_EDGE('',*,*,#3493,.F.);
#2562=ORIENTED_EDGE('',*,*,#3469,.F.);
#2563=ORIENTED_EDGE('',*,*,#3689,.T.);
#2564=ORIENTED_EDGE('',*,*,#3764,.T.);
#2565=ORIENTED_EDGE('',*,*,#3543,.F.);
#2566=ORIENTED_EDGE('',*,*,#3509,.F.);
#2567=ORIENTED_EDGE('',*,*,#3501,.T.);
#2568=ORIENTED_EDGE('',*,*,#3765,.F.);
#2569=ORIENTED_EDGE('',*,*,#3512,.F.);
#2570=ORIENTED_EDGE('',*,*,#3765,.T.);
#2571=ORIENTED_EDGE('',*,*,#3694,.F.);
#2572=ORIENTED_EDGE('',*,*,#3473,.F.);
#2573=ORIENTED_EDGE('',*,*,#3513,.F.);
#2574=ORIENTED_EDGE('',*,*,#3405,.T.);
#2575=ORIENTED_EDGE('',*,*,#3766,.T.);
#2576=ORIENTED_EDGE('',*,*,#3421,.F.);
#2577=ORIENTED_EDGE('',*,*,#3483,.F.);
#2578=ORIENTED_EDGE('',*,*,#3767,.T.);
#2579=ORIENTED_EDGE('',*,*,#3496,.T.);
#2580=ORIENTED_EDGE('',*,*,#3328,.F.);
#2581=ORIENTED_EDGE('',*,*,#3698,.F.);
#2582=ORIENTED_EDGE('',*,*,#3768,.F.);
#2583=ORIENTED_EDGE('',*,*,#3462,.F.);
#2584=ORIENTED_EDGE('',*,*,#3542,.F.);
#2585=ORIENTED_EDGE('',*,*,#3463,.F.);
#2586=ORIENTED_EDGE('',*,*,#3768,.T.);
#2587=ORIENTED_EDGE('',*,*,#3738,.F.);
#2588=ORIENTED_EDGE('',*,*,#3734,.F.);
#2589=ORIENTED_EDGE('',*,*,#3537,.F.);
#2590=ORIENTED_EDGE('',*,*,#3322,.F.);
#2591=ORIENTED_EDGE('',*,*,#3257,.F.);
#2592=ORIENTED_EDGE('',*,*,#3769,.F.);
#2593=ORIENTED_EDGE('',*,*,#3700,.F.);
#2594=ORIENTED_EDGE('',*,*,#3733,.F.);
#2595=ORIENTED_EDGE('',*,*,#3736,.F.);
#2596=ORIENTED_EDGE('',*,*,#3769,.T.);
#2597=ORIENTED_EDGE('',*,*,#3256,.F.);
#2598=ORIENTED_EDGE('',*,*,#3508,.F.);
#2599=ORIENTED_EDGE('',*,*,#3505,.F.);
#2600=ORIENTED_EDGE('',*,*,#3324,.F.);
#2601=ORIENTED_EDGE('',*,*,#3702,.F.);
#2602=ORIENTED_EDGE('',*,*,#3770,.F.);
#2603=ORIENTED_EDGE('',*,*,#3703,.F.);
#2604=ORIENTED_EDGE('',*,*,#3737,.F.);
#2605=ORIENTED_EDGE('',*,*,#3228,.T.);
#2606=ORIENTED_EDGE('',*,*,#3740,.F.);
#2607=ORIENTED_EDGE('',*,*,#3770,.T.);
#2608=ORIENTED_EDGE('',*,*,#3326,.F.);
#2609=ORIENTED_EDGE('',*,*,#3705,.F.);
#2610=ORIENTED_EDGE('',*,*,#3771,.F.);
#2611=ORIENTED_EDGE('',*,*,#3699,.F.);
#2612=ORIENTED_EDGE('',*,*,#3739,.F.);
#2613=ORIENTED_EDGE('',*,*,#3771,.T.);
#2614=ORIENTED_EDGE('',*,*,#3741,.F.);
#2615=ORIENTED_EDGE('',*,*,#3234,.T.);
#2616=ORIENTED_EDGE('',*,*,#3422,.F.);
#2617=ORIENTED_EDGE('',*,*,#3766,.F.);
#2618=ORIENTED_EDGE('',*,*,#3404,.F.);
#2619=ORIENTED_EDGE('',*,*,#3237,.F.);
#2620=ORIENTED_EDGE('',*,*,#3482,.F.);
#2621=ORIENTED_EDGE('',*,*,#3307,.F.);
#2622=ORIENTED_EDGE('',*,*,#3497,.F.);
#2623=ORIENTED_EDGE('',*,*,#3767,.F.);
#2624=ORIENTED_EDGE('',*,*,#3772,.F.);
#2625=ORIENTED_EDGE('',*,*,#3773,.F.);
#2626=ORIENTED_EDGE('',*,*,#3774,.T.);
#2627=ORIENTED_EDGE('',*,*,#3775,.T.);
#2628=ORIENTED_EDGE('',*,*,#3776,.F.);
#2629=ORIENTED_EDGE('',*,*,#3777,.F.);
#2630=ORIENTED_EDGE('',*,*,#3778,.T.);
#2631=ORIENTED_EDGE('',*,*,#3773,.T.);
#2632=ORIENTED_EDGE('',*,*,#3779,.F.);
#2633=ORIENTED_EDGE('',*,*,#3780,.F.);
#2634=ORIENTED_EDGE('',*,*,#3781,.T.);
#2635=ORIENTED_EDGE('',*,*,#3777,.T.);
#2636=ORIENTED_EDGE('',*,*,#3782,.F.);
#2637=ORIENTED_EDGE('',*,*,#3783,.F.);
#2638=ORIENTED_EDGE('',*,*,#3784,.T.);
#2639=ORIENTED_EDGE('',*,*,#3780,.T.);
#2640=ORIENTED_EDGE('',*,*,#3785,.F.);
#2641=ORIENTED_EDGE('',*,*,#3786,.F.);
#2642=ORIENTED_EDGE('',*,*,#3787,.T.);
#2643=ORIENTED_EDGE('',*,*,#3783,.T.);
#2644=ORIENTED_EDGE('',*,*,#3788,.F.);
#2645=ORIENTED_EDGE('',*,*,#3789,.F.);
#2646=ORIENTED_EDGE('',*,*,#3790,.T.);
#2647=ORIENTED_EDGE('',*,*,#3786,.T.);
#2648=ORIENTED_EDGE('',*,*,#3791,.F.);
#2649=ORIENTED_EDGE('',*,*,#3792,.F.);
#2650=ORIENTED_EDGE('',*,*,#3793,.T.);
#2651=ORIENTED_EDGE('',*,*,#3789,.T.);
#2652=ORIENTED_EDGE('',*,*,#3142,.F.);
#2653=ORIENTED_EDGE('',*,*,#3794,.F.);
#2654=ORIENTED_EDGE('',*,*,#3795,.T.);
#2655=ORIENTED_EDGE('',*,*,#3796,.T.);
#2656=ORIENTED_EDGE('',*,*,#3152,.F.);
#2657=ORIENTED_EDGE('',*,*,#3797,.F.);
#2658=ORIENTED_EDGE('',*,*,#3798,.T.);
#2659=ORIENTED_EDGE('',*,*,#3794,.T.);
#2660=ORIENTED_EDGE('',*,*,#3151,.F.);
#2661=ORIENTED_EDGE('',*,*,#3799,.F.);
#2662=ORIENTED_EDGE('',*,*,#3800,.T.);
#2663=ORIENTED_EDGE('',*,*,#3797,.T.);
#2664=ORIENTED_EDGE('',*,*,#3150,.F.);
#2665=ORIENTED_EDGE('',*,*,#3801,.F.);
#2666=ORIENTED_EDGE('',*,*,#3802,.T.);
#2667=ORIENTED_EDGE('',*,*,#3799,.T.);
#2668=ORIENTED_EDGE('',*,*,#3149,.F.);
#2669=ORIENTED_EDGE('',*,*,#3803,.F.);
#2670=ORIENTED_EDGE('',*,*,#3804,.T.);
#2671=ORIENTED_EDGE('',*,*,#3801,.T.);
#2672=ORIENTED_EDGE('',*,*,#3148,.F.);
#2673=ORIENTED_EDGE('',*,*,#3805,.F.);
#2674=ORIENTED_EDGE('',*,*,#3806,.T.);
#2675=ORIENTED_EDGE('',*,*,#3803,.T.);
#2676=ORIENTED_EDGE('',*,*,#3147,.F.);
#2677=ORIENTED_EDGE('',*,*,#3807,.F.);
#2678=ORIENTED_EDGE('',*,*,#3808,.T.);
#2679=ORIENTED_EDGE('',*,*,#3805,.T.);
#2680=ORIENTED_EDGE('',*,*,#3146,.F.);
#2681=ORIENTED_EDGE('',*,*,#3809,.F.);
#2682=ORIENTED_EDGE('',*,*,#3810,.T.);
#2683=ORIENTED_EDGE('',*,*,#3807,.T.);
#2684=ORIENTED_EDGE('',*,*,#3145,.F.);
#2685=ORIENTED_EDGE('',*,*,#3811,.F.);
#2686=ORIENTED_EDGE('',*,*,#3812,.T.);
#2687=ORIENTED_EDGE('',*,*,#3809,.T.);
#2688=ORIENTED_EDGE('',*,*,#3144,.F.);
#2689=ORIENTED_EDGE('',*,*,#3813,.F.);
#2690=ORIENTED_EDGE('',*,*,#3814,.T.);
#2691=ORIENTED_EDGE('',*,*,#3811,.T.);
#2692=ORIENTED_EDGE('',*,*,#3143,.F.);
#2693=ORIENTED_EDGE('',*,*,#3796,.F.);
#2694=ORIENTED_EDGE('',*,*,#3815,.T.);
#2695=ORIENTED_EDGE('',*,*,#3813,.T.);
#2696=ORIENTED_EDGE('',*,*,#3816,.F.);
#2697=ORIENTED_EDGE('',*,*,#3775,.F.);
#2698=ORIENTED_EDGE('',*,*,#3817,.T.);
#2699=ORIENTED_EDGE('',*,*,#3792,.T.);
#2700=ORIENTED_EDGE('',*,*,#3795,.F.);
#2701=ORIENTED_EDGE('',*,*,#3798,.F.);
#2702=ORIENTED_EDGE('',*,*,#3800,.F.);
#2703=ORIENTED_EDGE('',*,*,#3802,.F.);
#2704=ORIENTED_EDGE('',*,*,#3804,.F.);
#2705=ORIENTED_EDGE('',*,*,#3806,.F.);
#2706=ORIENTED_EDGE('',*,*,#3808,.F.);
#2707=ORIENTED_EDGE('',*,*,#3810,.F.);
#2708=ORIENTED_EDGE('',*,*,#3812,.F.);
#2709=ORIENTED_EDGE('',*,*,#3814,.F.);
#2710=ORIENTED_EDGE('',*,*,#3815,.F.);
#2711=ORIENTED_EDGE('',*,*,#3774,.F.);
#2712=ORIENTED_EDGE('',*,*,#3778,.F.);
#2713=ORIENTED_EDGE('',*,*,#3781,.F.);
#2714=ORIENTED_EDGE('',*,*,#3784,.F.);
#2715=ORIENTED_EDGE('',*,*,#3787,.F.);
#2716=ORIENTED_EDGE('',*,*,#3790,.F.);
#2717=ORIENTED_EDGE('',*,*,#3793,.F.);
#2718=ORIENTED_EDGE('',*,*,#3817,.F.);
#2719=ORIENTED_EDGE('',*,*,#3187,.F.);
#2720=ORIENTED_EDGE('',*,*,#3818,.F.);
#2721=ORIENTED_EDGE('',*,*,#3819,.T.);
#2722=ORIENTED_EDGE('',*,*,#3820,.T.);
#2723=ORIENTED_EDGE('',*,*,#3200,.F.);
#2724=ORIENTED_EDGE('',*,*,#3821,.F.);
#2725=ORIENTED_EDGE('',*,*,#3822,.T.);
#2726=ORIENTED_EDGE('',*,*,#3818,.T.);
#2727=ORIENTED_EDGE('',*,*,#3199,.F.);
#2728=ORIENTED_EDGE('',*,*,#3823,.F.);
#2729=ORIENTED_EDGE('',*,*,#3824,.T.);
#2730=ORIENTED_EDGE('',*,*,#3821,.T.);
#2731=ORIENTED_EDGE('',*,*,#3198,.F.);
#2732=ORIENTED_EDGE('',*,*,#3825,.F.);
#2733=ORIENTED_EDGE('',*,*,#3826,.T.);
#2734=ORIENTED_EDGE('',*,*,#3823,.T.);
#2735=ORIENTED_EDGE('',*,*,#3197,.F.);
#2736=ORIENTED_EDGE('',*,*,#3827,.F.);
#2737=ORIENTED_EDGE('',*,*,#3828,.T.);
#2738=ORIENTED_EDGE('',*,*,#3825,.T.);
#2739=ORIENTED_EDGE('',*,*,#3196,.F.);
#2740=ORIENTED_EDGE('',*,*,#3829,.F.);
#2741=ORIENTED_EDGE('',*,*,#3830,.T.);
#2742=ORIENTED_EDGE('',*,*,#3827,.T.);
#2743=ORIENTED_EDGE('',*,*,#3195,.F.);
#2744=ORIENTED_EDGE('',*,*,#3831,.F.);
#2745=ORIENTED_EDGE('',*,*,#3832,.T.);
#2746=ORIENTED_EDGE('',*,*,#3829,.T.);
#2747=ORIENTED_EDGE('',*,*,#3194,.F.);
#2748=ORIENTED_EDGE('',*,*,#3833,.F.);
#2749=ORIENTED_EDGE('',*,*,#3834,.T.);
#2750=ORIENTED_EDGE('',*,*,#3831,.T.);
#2751=ORIENTED_EDGE('',*,*,#3193,.F.);
#2752=ORIENTED_EDGE('',*,*,#3835,.F.);
#2753=ORIENTED_EDGE('',*,*,#3836,.T.);
#2754=ORIENTED_EDGE('',*,*,#3833,.T.);
#2755=ORIENTED_EDGE('',*,*,#3192,.F.);
#2756=ORIENTED_EDGE('',*,*,#3837,.F.);
#2757=ORIENTED_EDGE('',*,*,#3838,.T.);
#2758=ORIENTED_EDGE('',*,*,#3835,.T.);
#2759=ORIENTED_EDGE('',*,*,#3191,.F.);
#2760=ORIENTED_EDGE('',*,*,#3839,.F.);
#2761=ORIENTED_EDGE('',*,*,#3840,.T.);
#2762=ORIENTED_EDGE('',*,*,#3837,.T.);
#2763=ORIENTED_EDGE('',*,*,#3190,.F.);
#2764=ORIENTED_EDGE('',*,*,#3841,.F.);
#2765=ORIENTED_EDGE('',*,*,#3842,.T.);
#2766=ORIENTED_EDGE('',*,*,#3839,.T.);
#2767=ORIENTED_EDGE('',*,*,#3189,.F.);
#2768=ORIENTED_EDGE('',*,*,#3843,.F.);
#2769=ORIENTED_EDGE('',*,*,#3844,.T.);
#2770=ORIENTED_EDGE('',*,*,#3841,.T.);
#2771=ORIENTED_EDGE('',*,*,#3188,.F.);
#2772=ORIENTED_EDGE('',*,*,#3820,.F.);
#2773=ORIENTED_EDGE('',*,*,#3845,.T.);
#2774=ORIENTED_EDGE('',*,*,#3843,.T.);
#2775=ORIENTED_EDGE('',*,*,#3819,.F.);
#2776=ORIENTED_EDGE('',*,*,#3822,.F.);
#2777=ORIENTED_EDGE('',*,*,#3824,.F.);
#2778=ORIENTED_EDGE('',*,*,#3826,.F.);
#2779=ORIENTED_EDGE('',*,*,#3828,.F.);
#2780=ORIENTED_EDGE('',*,*,#3830,.F.);
#2781=ORIENTED_EDGE('',*,*,#3832,.F.);
#2782=ORIENTED_EDGE('',*,*,#3834,.F.);
#2783=ORIENTED_EDGE('',*,*,#3836,.F.);
#2784=ORIENTED_EDGE('',*,*,#3838,.F.);
#2785=ORIENTED_EDGE('',*,*,#3840,.F.);
#2786=ORIENTED_EDGE('',*,*,#3842,.F.);
#2787=ORIENTED_EDGE('',*,*,#3844,.F.);
#2788=ORIENTED_EDGE('',*,*,#3845,.F.);
#2789=ORIENTED_EDGE('',*,*,#3129,.F.);
#2790=ORIENTED_EDGE('',*,*,#3846,.F.);
#2791=ORIENTED_EDGE('',*,*,#3847,.T.);
#2792=ORIENTED_EDGE('',*,*,#3848,.T.);
#2793=ORIENTED_EDGE('',*,*,#3141,.F.);
#2794=ORIENTED_EDGE('',*,*,#3849,.F.);
#2795=ORIENTED_EDGE('',*,*,#3850,.T.);
#2796=ORIENTED_EDGE('',*,*,#3846,.T.);
#2797=ORIENTED_EDGE('',*,*,#3140,.F.);
#2798=ORIENTED_EDGE('',*,*,#3851,.F.);
#2799=ORIENTED_EDGE('',*,*,#3852,.T.);
#2800=ORIENTED_EDGE('',*,*,#3849,.T.);
#2801=ORIENTED_EDGE('',*,*,#3139,.F.);
#2802=ORIENTED_EDGE('',*,*,#3853,.F.);
#2803=ORIENTED_EDGE('',*,*,#3854,.T.);
#2804=ORIENTED_EDGE('',*,*,#3851,.T.);
#2805=ORIENTED_EDGE('',*,*,#3138,.F.);
#2806=ORIENTED_EDGE('',*,*,#3855,.F.);
#2807=ORIENTED_EDGE('',*,*,#3856,.T.);
#2808=ORIENTED_EDGE('',*,*,#3853,.T.);
#2809=ORIENTED_EDGE('',*,*,#3137,.F.);
#2810=ORIENTED_EDGE('',*,*,#3857,.F.);
#2811=ORIENTED_EDGE('',*,*,#3858,.T.);
#2812=ORIENTED_EDGE('',*,*,#3855,.T.);
#2813=ORIENTED_EDGE('',*,*,#3136,.F.);
#2814=ORIENTED_EDGE('',*,*,#3859,.F.);
#2815=ORIENTED_EDGE('',*,*,#3860,.T.);
#2816=ORIENTED_EDGE('',*,*,#3857,.T.);
#2817=ORIENTED_EDGE('',*,*,#3135,.F.);
#2818=ORIENTED_EDGE('',*,*,#3861,.F.);
#2819=ORIENTED_EDGE('',*,*,#3862,.T.);
#2820=ORIENTED_EDGE('',*,*,#3859,.T.);
#2821=ORIENTED_EDGE('',*,*,#3134,.F.);
#2822=ORIENTED_EDGE('',*,*,#3863,.F.);
#2823=ORIENTED_EDGE('',*,*,#3864,.T.);
#2824=ORIENTED_EDGE('',*,*,#3861,.T.);
#2825=ORIENTED_EDGE('',*,*,#3133,.F.);
#2826=ORIENTED_EDGE('',*,*,#3865,.F.);
#2827=ORIENTED_EDGE('',*,*,#3866,.T.);
#2828=ORIENTED_EDGE('',*,*,#3863,.T.);
#2829=ORIENTED_EDGE('',*,*,#3132,.F.);
#2830=ORIENTED_EDGE('',*,*,#3867,.F.);
#2831=ORIENTED_EDGE('',*,*,#3868,.T.);
#2832=ORIENTED_EDGE('',*,*,#3865,.T.);
#2833=ORIENTED_EDGE('',*,*,#3131,.F.);
#2834=ORIENTED_EDGE('',*,*,#3869,.F.);
#2835=ORIENTED_EDGE('',*,*,#3870,.T.);
#2836=ORIENTED_EDGE('',*,*,#3867,.T.);
#2837=ORIENTED_EDGE('',*,*,#3130,.F.);
#2838=ORIENTED_EDGE('',*,*,#3848,.F.);
#2839=ORIENTED_EDGE('',*,*,#3871,.T.);
#2840=ORIENTED_EDGE('',*,*,#3869,.T.);
#2841=ORIENTED_EDGE('',*,*,#3847,.F.);
#2842=ORIENTED_EDGE('',*,*,#3850,.F.);
#2843=ORIENTED_EDGE('',*,*,#3852,.F.);
#2844=ORIENTED_EDGE('',*,*,#3854,.F.);
#2845=ORIENTED_EDGE('',*,*,#3856,.F.);
#2846=ORIENTED_EDGE('',*,*,#3858,.F.);
#2847=ORIENTED_EDGE('',*,*,#3860,.F.);
#2848=ORIENTED_EDGE('',*,*,#3862,.F.);
#2849=ORIENTED_EDGE('',*,*,#3864,.F.);
#2850=ORIENTED_EDGE('',*,*,#3866,.F.);
#2851=ORIENTED_EDGE('',*,*,#3868,.F.);
#2852=ORIENTED_EDGE('',*,*,#3870,.F.);
#2853=ORIENTED_EDGE('',*,*,#3871,.F.);
#2854=ORIENTED_EDGE('',*,*,#3201,.F.);
#2855=ORIENTED_EDGE('',*,*,#3872,.F.);
#2856=ORIENTED_EDGE('',*,*,#3873,.T.);
#2857=ORIENTED_EDGE('',*,*,#3874,.T.);
#2858=ORIENTED_EDGE('',*,*,#3214,.F.);
#2859=ORIENTED_EDGE('',*,*,#3875,.F.);
#2860=ORIENTED_EDGE('',*,*,#3876,.T.);
#2861=ORIENTED_EDGE('',*,*,#3872,.T.);
#2862=ORIENTED_EDGE('',*,*,#3213,.F.);
#2863=ORIENTED_EDGE('',*,*,#3877,.F.);
#2864=ORIENTED_EDGE('',*,*,#3878,.T.);
#2865=ORIENTED_EDGE('',*,*,#3875,.T.);
#2866=ORIENTED_EDGE('',*,*,#3212,.F.);
#2867=ORIENTED_EDGE('',*,*,#3879,.F.);
#2868=ORIENTED_EDGE('',*,*,#3880,.T.);
#2869=ORIENTED_EDGE('',*,*,#3877,.T.);
#2870=ORIENTED_EDGE('',*,*,#3211,.F.);
#2871=ORIENTED_EDGE('',*,*,#3881,.F.);
#2872=ORIENTED_EDGE('',*,*,#3882,.T.);
#2873=ORIENTED_EDGE('',*,*,#3879,.T.);
#2874=ORIENTED_EDGE('',*,*,#3210,.F.);
#2875=ORIENTED_EDGE('',*,*,#3883,.F.);
#2876=ORIENTED_EDGE('',*,*,#3884,.T.);
#2877=ORIENTED_EDGE('',*,*,#3881,.T.);
#2878=ORIENTED_EDGE('',*,*,#3209,.F.);
#2879=ORIENTED_EDGE('',*,*,#3885,.F.);
#2880=ORIENTED_EDGE('',*,*,#3886,.T.);
#2881=ORIENTED_EDGE('',*,*,#3883,.T.);
#2882=ORIENTED_EDGE('',*,*,#3208,.F.);
#2883=ORIENTED_EDGE('',*,*,#3887,.F.);
#2884=ORIENTED_EDGE('',*,*,#3888,.T.);
#2885=ORIENTED_EDGE('',*,*,#3885,.T.);
#2886=ORIENTED_EDGE('',*,*,#3207,.F.);
#2887=ORIENTED_EDGE('',*,*,#3889,.F.);
#2888=ORIENTED_EDGE('',*,*,#3890,.T.);
#2889=ORIENTED_EDGE('',*,*,#3887,.T.);
#2890=ORIENTED_EDGE('',*,*,#3206,.F.);
#2891=ORIENTED_EDGE('',*,*,#3891,.F.);
#2892=ORIENTED_EDGE('',*,*,#3892,.T.);
#2893=ORIENTED_EDGE('',*,*,#3889,.T.);
#2894=ORIENTED_EDGE('',*,*,#3205,.F.);
#2895=ORIENTED_EDGE('',*,*,#3893,.F.);
#2896=ORIENTED_EDGE('',*,*,#3894,.T.);
#2897=ORIENTED_EDGE('',*,*,#3891,.T.);
#2898=ORIENTED_EDGE('',*,*,#3204,.F.);
#2899=ORIENTED_EDGE('',*,*,#3895,.F.);
#2900=ORIENTED_EDGE('',*,*,#3896,.T.);
#2901=ORIENTED_EDGE('',*,*,#3893,.T.);
#2902=ORIENTED_EDGE('',*,*,#3203,.F.);
#2903=ORIENTED_EDGE('',*,*,#3897,.F.);
#2904=ORIENTED_EDGE('',*,*,#3898,.T.);
#2905=ORIENTED_EDGE('',*,*,#3895,.T.);
#2906=ORIENTED_EDGE('',*,*,#3202,.F.);
#2907=ORIENTED_EDGE('',*,*,#3874,.F.);
#2908=ORIENTED_EDGE('',*,*,#3899,.T.);
#2909=ORIENTED_EDGE('',*,*,#3897,.T.);
#2910=ORIENTED_EDGE('',*,*,#3873,.F.);
#2911=ORIENTED_EDGE('',*,*,#3876,.F.);
#2912=ORIENTED_EDGE('',*,*,#3878,.F.);
#2913=ORIENTED_EDGE('',*,*,#3880,.F.);
#2914=ORIENTED_EDGE('',*,*,#3882,.F.);
#2915=ORIENTED_EDGE('',*,*,#3884,.F.);
#2916=ORIENTED_EDGE('',*,*,#3886,.F.);
#2917=ORIENTED_EDGE('',*,*,#3888,.F.);
#2918=ORIENTED_EDGE('',*,*,#3890,.F.);
#2919=ORIENTED_EDGE('',*,*,#3892,.F.);
#2920=ORIENTED_EDGE('',*,*,#3894,.F.);
#2921=ORIENTED_EDGE('',*,*,#3896,.F.);
#2922=ORIENTED_EDGE('',*,*,#3898,.F.);
#2923=ORIENTED_EDGE('',*,*,#3899,.F.);
#2924=ORIENTED_EDGE('',*,*,#3900,.F.);
#2925=ORIENTED_EDGE('',*,*,#3901,.F.);
#2926=ORIENTED_EDGE('',*,*,#3902,.T.);
#2927=ORIENTED_EDGE('',*,*,#3903,.T.);
#2928=ORIENTED_EDGE('',*,*,#3904,.F.);
#2929=ORIENTED_EDGE('',*,*,#3905,.F.);
#2930=ORIENTED_EDGE('',*,*,#3906,.T.);
#2931=ORIENTED_EDGE('',*,*,#3901,.T.);
#2932=ORIENTED_EDGE('',*,*,#3907,.F.);
#2933=ORIENTED_EDGE('',*,*,#3908,.F.);
#2934=ORIENTED_EDGE('',*,*,#3909,.T.);
#2935=ORIENTED_EDGE('',*,*,#3905,.T.);
#2936=ORIENTED_EDGE('',*,*,#3910,.F.);
#2937=ORIENTED_EDGE('',*,*,#3911,.F.);
#2938=ORIENTED_EDGE('',*,*,#3912,.T.);
#2939=ORIENTED_EDGE('',*,*,#3908,.T.);
#2940=ORIENTED_EDGE('',*,*,#3913,.F.);
#2941=ORIENTED_EDGE('',*,*,#3914,.F.);
#2942=ORIENTED_EDGE('',*,*,#3915,.T.);
#2943=ORIENTED_EDGE('',*,*,#3911,.T.);
#2944=ORIENTED_EDGE('',*,*,#3113,.F.);
#2945=ORIENTED_EDGE('',*,*,#3916,.F.);
#2946=ORIENTED_EDGE('',*,*,#3917,.T.);
#2947=ORIENTED_EDGE('',*,*,#3918,.T.);
#2948=ORIENTED_EDGE('',*,*,#3128,.F.);
#2949=ORIENTED_EDGE('',*,*,#3919,.F.);
#2950=ORIENTED_EDGE('',*,*,#3920,.T.);
#2951=ORIENTED_EDGE('',*,*,#3916,.T.);
#2952=ORIENTED_EDGE('',*,*,#3127,.F.);
#2953=ORIENTED_EDGE('',*,*,#3921,.F.);
#2954=ORIENTED_EDGE('',*,*,#3922,.T.);
#2955=ORIENTED_EDGE('',*,*,#3919,.T.);
#2956=ORIENTED_EDGE('',*,*,#3126,.F.);
#2957=ORIENTED_EDGE('',*,*,#3923,.F.);
#2958=ORIENTED_EDGE('',*,*,#3924,.T.);
#2959=ORIENTED_EDGE('',*,*,#3921,.T.);
#2960=ORIENTED_EDGE('',*,*,#3125,.F.);
#2961=ORIENTED_EDGE('',*,*,#3925,.F.);
#2962=ORIENTED_EDGE('',*,*,#3926,.T.);
#2963=ORIENTED_EDGE('',*,*,#3923,.T.);
#2964=ORIENTED_EDGE('',*,*,#3124,.F.);
#2965=ORIENTED_EDGE('',*,*,#3927,.F.);
#2966=ORIENTED_EDGE('',*,*,#3928,.T.);
#2967=ORIENTED_EDGE('',*,*,#3925,.T.);
#2968=ORIENTED_EDGE('',*,*,#3123,.F.);
#2969=ORIENTED_EDGE('',*,*,#3929,.F.);
#2970=ORIENTED_EDGE('',*,*,#3930,.T.);
#2971=ORIENTED_EDGE('',*,*,#3927,.T.);
#2972=ORIENTED_EDGE('',*,*,#3122,.F.);
#2973=ORIENTED_EDGE('',*,*,#3931,.F.);
#2974=ORIENTED_EDGE('',*,*,#3932,.T.);
#2975=ORIENTED_EDGE('',*,*,#3929,.T.);
#2976=ORIENTED_EDGE('',*,*,#3121,.F.);
#2977=ORIENTED_EDGE('',*,*,#3933,.F.);
#2978=ORIENTED_EDGE('',*,*,#3934,.T.);
#2979=ORIENTED_EDGE('',*,*,#3931,.T.);
#2980=ORIENTED_EDGE('',*,*,#3120,.F.);
#2981=ORIENTED_EDGE('',*,*,#3935,.F.);
#2982=ORIENTED_EDGE('',*,*,#3936,.T.);
#2983=ORIENTED_EDGE('',*,*,#3933,.T.);
#2984=ORIENTED_EDGE('',*,*,#3119,.F.);
#2985=ORIENTED_EDGE('',*,*,#3937,.F.);
#2986=ORIENTED_EDGE('',*,*,#3938,.T.);
#2987=ORIENTED_EDGE('',*,*,#3935,.T.);
#2988=ORIENTED_EDGE('',*,*,#3118,.F.);
#2989=ORIENTED_EDGE('',*,*,#3939,.F.);
#2990=ORIENTED_EDGE('',*,*,#3940,.T.);
#2991=ORIENTED_EDGE('',*,*,#3937,.T.);
#2992=ORIENTED_EDGE('',*,*,#3117,.F.);
#2993=ORIENTED_EDGE('',*,*,#3941,.F.);
#2994=ORIENTED_EDGE('',*,*,#3942,.T.);
#2995=ORIENTED_EDGE('',*,*,#3939,.T.);
#2996=ORIENTED_EDGE('',*,*,#3116,.F.);
#2997=ORIENTED_EDGE('',*,*,#3943,.F.);
#2998=ORIENTED_EDGE('',*,*,#3944,.T.);
#2999=ORIENTED_EDGE('',*,*,#3941,.T.);
#3000=ORIENTED_EDGE('',*,*,#3115,.F.);
#3001=ORIENTED_EDGE('',*,*,#3945,.F.);
#3002=ORIENTED_EDGE('',*,*,#3946,.T.);
#3003=ORIENTED_EDGE('',*,*,#3943,.T.);
#3004=ORIENTED_EDGE('',*,*,#3114,.F.);
#3005=ORIENTED_EDGE('',*,*,#3918,.F.);
#3006=ORIENTED_EDGE('',*,*,#3947,.T.);
#3007=ORIENTED_EDGE('',*,*,#3945,.T.);
#3008=ORIENTED_EDGE('',*,*,#3948,.F.);
#3009=ORIENTED_EDGE('',*,*,#3903,.F.);
#3010=ORIENTED_EDGE('',*,*,#3949,.T.);
#3011=ORIENTED_EDGE('',*,*,#3914,.T.);
#3012=ORIENTED_EDGE('',*,*,#3917,.F.);
#3013=ORIENTED_EDGE('',*,*,#3920,.F.);
#3014=ORIENTED_EDGE('',*,*,#3922,.F.);
#3015=ORIENTED_EDGE('',*,*,#3924,.F.);
#3016=ORIENTED_EDGE('',*,*,#3926,.F.);
#3017=ORIENTED_EDGE('',*,*,#3928,.F.);
#3018=ORIENTED_EDGE('',*,*,#3930,.F.);
#3019=ORIENTED_EDGE('',*,*,#3932,.F.);
#3020=ORIENTED_EDGE('',*,*,#3934,.F.);
#3021=ORIENTED_EDGE('',*,*,#3936,.F.);
#3022=ORIENTED_EDGE('',*,*,#3938,.F.);
#3023=ORIENTED_EDGE('',*,*,#3940,.F.);
#3024=ORIENTED_EDGE('',*,*,#3942,.F.);
#3025=ORIENTED_EDGE('',*,*,#3944,.F.);
#3026=ORIENTED_EDGE('',*,*,#3946,.F.);
#3027=ORIENTED_EDGE('',*,*,#3947,.F.);
#3028=ORIENTED_EDGE('',*,*,#3902,.F.);
#3029=ORIENTED_EDGE('',*,*,#3906,.F.);
#3030=ORIENTED_EDGE('',*,*,#3909,.F.);
#3031=ORIENTED_EDGE('',*,*,#3912,.F.);
#3032=ORIENTED_EDGE('',*,*,#3915,.F.);
#3033=ORIENTED_EDGE('',*,*,#3949,.F.);
#3034=ORIENTED_EDGE('',*,*,#3215,.F.);
#3035=ORIENTED_EDGE('',*,*,#3950,.F.);
#3036=ORIENTED_EDGE('',*,*,#3951,.T.);
#3037=ORIENTED_EDGE('',*,*,#3952,.T.);
#3038=ORIENTED_EDGE('',*,*,#3227,.F.);
#3039=ORIENTED_EDGE('',*,*,#3953,.F.);
#3040=ORIENTED_EDGE('',*,*,#3954,.T.);
#3041=ORIENTED_EDGE('',*,*,#3950,.T.);
#3042=ORIENTED_EDGE('',*,*,#3226,.F.);
#3043=ORIENTED_EDGE('',*,*,#3955,.F.);
#3044=ORIENTED_EDGE('',*,*,#3956,.T.);
#3045=ORIENTED_EDGE('',*,*,#3953,.T.);
#3046=ORIENTED_EDGE('',*,*,#3225,.F.);
#3047=ORIENTED_EDGE('',*,*,#3957,.F.);
#3048=ORIENTED_EDGE('',*,*,#3958,.T.);
#3049=ORIENTED_EDGE('',*,*,#3955,.T.);
#3050=ORIENTED_EDGE('',*,*,#3224,.F.);
#3051=ORIENTED_EDGE('',*,*,#3959,.F.);
#3052=ORIENTED_EDGE('',*,*,#3960,.T.);
#3053=ORIENTED_EDGE('',*,*,#3957,.T.);
#3054=ORIENTED_EDGE('',*,*,#3223,.F.);
#3055=ORIENTED_EDGE('',*,*,#3961,.F.);
#3056=ORIENTED_EDGE('',*,*,#3962,.T.);
#3057=ORIENTED_EDGE('',*,*,#3959,.T.);
#3058=ORIENTED_EDGE('',*,*,#3222,.F.);
#3059=ORIENTED_EDGE('',*,*,#3963,.F.);
#3060=ORIENTED_EDGE('',*,*,#3964,.T.);
#3061=ORIENTED_EDGE('',*,*,#3961,.T.);
#3062=ORIENTED_EDGE('',*,*,#3221,.F.);
#3063=ORIENTED_EDGE('',*,*,#3965,.F.);
#3064=ORIENTED_EDGE('',*,*,#3966,.T.);
#3065=ORIENTED_EDGE('',*,*,#3963,.T.);
#3066=ORIENTED_EDGE('',*,*,#3220,.F.);
#3067=ORIENTED_EDGE('',*,*,#3967,.F.);
#3068=ORIENTED_EDGE('',*,*,#3968,.T.);
#3069=ORIENTED_EDGE('',*,*,#3965,.T.);
#3070=ORIENTED_EDGE('',*,*,#3219,.F.);
#3071=ORIENTED_EDGE('',*,*,#3969,.F.);
#3072=ORIENTED_EDGE('',*,*,#3970,.T.);
#3073=ORIENTED_EDGE('',*,*,#3967,.T.);
#3074=ORIENTED_EDGE('',*,*,#3218,.F.);
#3075=ORIENTED_EDGE('',*,*,#3971,.F.);
#3076=ORIENTED_EDGE('',*,*,#3972,.T.);
#3077=ORIENTED_EDGE('',*,*,#3969,.T.);
#3078=ORIENTED_EDGE('',*,*,#3217,.F.);
#3079=ORIENTED_EDGE('',*,*,#3973,.F.);
#3080=ORIENTED_EDGE('',*,*,#3974,.T.);
#3081=ORIENTED_EDGE('',*,*,#3971,.T.);
#3082=ORIENTED_EDGE('',*,*,#3216,.F.);
#3083=ORIENTED_EDGE('',*,*,#3952,.F.);
#3084=ORIENTED_EDGE('',*,*,#3975,.T.);
#3085=ORIENTED_EDGE('',*,*,#3973,.T.);
#3086=ORIENTED_EDGE('',*,*,#3951,.F.);
#3087=ORIENTED_EDGE('',*,*,#3954,.F.);
#3088=ORIENTED_EDGE('',*,*,#3956,.F.);
#3089=ORIENTED_EDGE('',*,*,#3958,.F.);
#3090=ORIENTED_EDGE('',*,*,#3960,.F.);
#3091=ORIENTED_EDGE('',*,*,#3962,.F.);
#3092=ORIENTED_EDGE('',*,*,#3964,.F.);
#3093=ORIENTED_EDGE('',*,*,#3966,.F.);
#3094=ORIENTED_EDGE('',*,*,#3968,.F.);
#3095=ORIENTED_EDGE('',*,*,#3970,.F.);
#3096=ORIENTED_EDGE('',*,*,#3972,.F.);
#3097=ORIENTED_EDGE('',*,*,#3974,.F.);
#3098=ORIENTED_EDGE('',*,*,#3975,.F.);
#3099=ORIENTED_EDGE('',*,*,#3772,.T.);
#3100=ORIENTED_EDGE('',*,*,#3816,.T.);
#3101=ORIENTED_EDGE('',*,*,#3791,.T.);
#3102=ORIENTED_EDGE('',*,*,#3788,.T.);
#3103=ORIENTED_EDGE('',*,*,#3785,.T.);
#3104=ORIENTED_EDGE('',*,*,#3782,.T.);
#3105=ORIENTED_EDGE('',*,*,#3779,.T.);
#3106=ORIENTED_EDGE('',*,*,#3776,.T.);
#3107=ORIENTED_EDGE('',*,*,#3900,.T.);
#3108=ORIENTED_EDGE('',*,*,#3948,.T.);
#3109=ORIENTED_EDGE('',*,*,#3913,.T.);
#3110=ORIENTED_EDGE('',*,*,#3910,.T.);
#3111=ORIENTED_EDGE('',*,*,#3907,.T.);
#3112=ORIENTED_EDGE('',*,*,#3904,.T.);
#3113=EDGE_CURVE('',#3976,#3977,#4538,.T.);
#3114=EDGE_CURVE('',#3977,#3978,#4539,.T.);
#3115=EDGE_CURVE('',#3978,#3979,#317,.T.);
#3116=EDGE_CURVE('',#3979,#3980,#4540,.T.);
#3117=EDGE_CURVE('',#3980,#3981,#4541,.T.);
#3118=EDGE_CURVE('',#3981,#3982,#4542,.T.);
#3119=EDGE_CURVE('',#3982,#3983,#4543,.T.);
#3120=EDGE_CURVE('',#3983,#3984,#4544,.T.);
#3121=EDGE_CURVE('',#3984,#3985,#318,.T.);
#3122=EDGE_CURVE('',#3985,#3986,#319,.T.);
#3123=EDGE_CURVE('',#3986,#3987,#4545,.T.);
#3124=EDGE_CURVE('',#3987,#3988,#4546,.T.);
#3125=EDGE_CURVE('',#3988,#3989,#4547,.T.);
#3126=EDGE_CURVE('',#3989,#3990,#320,.T.);
#3127=EDGE_CURVE('',#3990,#3991,#4548,.T.);
#3128=EDGE_CURVE('',#3991,#3976,#4549,.T.);
#3129=EDGE_CURVE('',#3992,#3993,#321,.T.);
#3130=EDGE_CURVE('',#3993,#3994,#322,.T.);
#3131=EDGE_CURVE('',#3994,#3995,#323,.T.);
#3132=EDGE_CURVE('',#3995,#3996,#324,.T.);
#3133=EDGE_CURVE('',#3996,#3997,#325,.T.);
#3134=EDGE_CURVE('',#3997,#3998,#326,.T.);
#3135=EDGE_CURVE('',#3998,#3999,#327,.T.);
#3136=EDGE_CURVE('',#3999,#4000,#328,.T.);
#3137=EDGE_CURVE('',#4000,#4001,#329,.T.);
#3138=EDGE_CURVE('',#4001,#4002,#330,.T.);
#3139=EDGE_CURVE('',#4002,#4003,#331,.T.);
#3140=EDGE_CURVE('',#4003,#4004,#332,.T.);
#3141=EDGE_CURVE('',#4004,#3992,#333,.T.);
#3142=EDGE_CURVE('',#4005,#4006,#4550,.T.);
#3143=EDGE_CURVE('',#4006,#4007,#4551,.T.);
#3144=EDGE_CURVE('',#4007,#4008,#4552,.T.);
#3145=EDGE_CURVE('',#4008,#4009,#4553,.T.);
#3146=EDGE_CURVE('',#4009,#4010,#4554,.T.);
#3147=EDGE_CURVE('',#4010,#4011,#334,.T.);
#3148=EDGE_CURVE('',#4011,#4012,#4555,.T.);
#3149=EDGE_CURVE('',#4012,#4013,#4556,.T.);
#3150=EDGE_CURVE('',#4013,#4014,#4557,.T.);
#3151=EDGE_CURVE('',#4014,#4015,#4558,.T.);
#3152=EDGE_CURVE('',#4015,#4005,#335,.T.);
#3153=EDGE_CURVE('',#4016,#4017,#336,.T.);
#3154=EDGE_CURVE('',#4017,#4018,#337,.T.);
#3155=EDGE_CURVE('',#4018,#4019,#338,.T.);
#3156=EDGE_CURVE('',#4019,#4016,#339,.T.);
#3157=EDGE_CURVE('',#4020,#4021,#340,.T.);
#3158=EDGE_CURVE('',#4021,#4022,#169,.F.);
#3159=EDGE_CURVE('',#4023,#4022,#341,.T.);
#3160=EDGE_CURVE('',#4023,#4024,#4559,.F.);
#3161=EDGE_CURVE('',#4024,#4025,#342,.F.);
#3162=EDGE_CURVE('',#4025,#4026,#4560,.T.);
#3163=EDGE_CURVE('',#4026,#4027,#343,.F.);
#3164=EDGE_CURVE('',#4027,#4028,#344,.T.);
#3165=EDGE_CURVE('',#4028,#4029,#345,.F.);
#3166=EDGE_CURVE('',#4029,#4030,#4561,.F.);
#3167=EDGE_CURVE('',#4030,#4031,#346,.T.);
#3168=EDGE_CURVE('',#4031,#4032,#4562,.T.);
#3169=EDGE_CURVE('',#4032,#4033,#347,.T.);
#3170=EDGE_CURVE('',#4033,#4034,#170,.F.);
#3171=EDGE_CURVE('',#4034,#4035,#348,.T.);
#3172=EDGE_CURVE('',#4035,#4036,#171,.T.);
#3173=EDGE_CURVE('',#4036,#4037,#349,.T.);
#3174=EDGE_CURVE('',#4037,#4038,#172,.F.);
#3175=EDGE_CURVE('',#4038,#4039,#350,.T.);
#3176=EDGE_CURVE('',#4039,#4040,#173,.F.);
#3177=EDGE_CURVE('',#4040,#4041,#351,.T.);
#3178=EDGE_CURVE('',#4041,#4020,#174,.T.);
#3179=EDGE_CURVE('',#4042,#4043,#352,.T.);
#3180=EDGE_CURVE('',#4044,#4042,#353,.T.);
#3181=EDGE_CURVE('',#4045,#4044,#354,.T.);
#3182=EDGE_CURVE('',#4043,#4045,#355,.T.);
#3183=EDGE_CURVE('',#4046,#4047,#356,.T.);
#3184=EDGE_CURVE('',#4047,#4048,#357,.T.);
#3185=EDGE_CURVE('',#4049,#4048,#358,.T.);
#3186=EDGE_CURVE('',#4046,#4049,#359,.T.);
#3187=EDGE_CURVE('',#4050,#4051,#360,.T.);
#3188=EDGE_CURVE('',#4051,#4052,#361,.T.);
#3189=EDGE_CURVE('',#4052,#4053,#362,.T.);
#3190=EDGE_CURVE('',#4053,#4054,#363,.T.);
#3191=EDGE_CURVE('',#4054,#4055,#4563,.T.);
#3192=EDGE_CURVE('',#4055,#4056,#175,.F.);
#3193=EDGE_CURVE('',#4056,#4057,#364,.T.);
#3194=EDGE_CURVE('',#4057,#4058,#365,.T.);
#3195=EDGE_CURVE('',#4058,#4059,#4564,.T.);
#3196=EDGE_CURVE('',#4059,#4060,#4565,.T.);
#3197=EDGE_CURVE('',#4060,#4061,#366,.T.);
#3198=EDGE_CURVE('',#4061,#4062,#367,.T.);
#3199=EDGE_CURVE('',#4062,#4063,#368,.T.);
#3200=EDGE_CURVE('',#4063,#4050,#369,.T.);
#3201=EDGE_CURVE('',#4064,#4065,#370,.T.);
#3202=EDGE_CURVE('',#4065,#4066,#371,.T.);
#3203=EDGE_CURVE('',#4066,#4067,#372,.T.);
#3204=EDGE_CURVE('',#4067,#4068,#373,.T.);
#3205=EDGE_CURVE('',#4068,#4069,#4566,.T.);
#3206=EDGE_CURVE('',#4069,#4070,#176,.F.);
#3207=EDGE_CURVE('',#4070,#4071,#374,.T.);
#3208=EDGE_CURVE('',#4071,#4072,#375,.T.);
#3209=EDGE_CURVE('',#4072,#4073,#4567,.T.);
#3210=EDGE_CURVE('',#4073,#4074,#4568,.T.);
#3211=EDGE_CURVE('',#4074,#4075,#376,.T.);
#3212=EDGE_CURVE('',#4075,#4076,#377,.T.);
#3213=EDGE_CURVE('',#4076,#4077,#378,.T.);
#3214=EDGE_CURVE('',#4077,#4064,#379,.T.);
#3215=EDGE_CURVE('',#4078,#4079,#380,.T.);
#3216=EDGE_CURVE('',#4079,#4080,#381,.T.);
#3217=EDGE_CURVE('',#4080,#4081,#4569,.T.);
#3218=EDGE_CURVE('',#4081,#4082,#177,.F.);
#3219=EDGE_CURVE('',#4082,#4083,#4570,.T.);
#3220=EDGE_CURVE('',#4083,#4084,#4571,.T.);
#3221=EDGE_CURVE('',#4084,#4085,#4572,.T.);
#3222=EDGE_CURVE('',#4085,#4086,#382,.T.);
#3223=EDGE_CURVE('',#4086,#4087,#4573,.T.);
#3224=EDGE_CURVE('',#4087,#4088,#4574,.T.);
#3225=EDGE_CURVE('',#4088,#4089,#4575,.T.);
#3226=EDGE_CURVE('',#4089,#4090,#4576,.T.);
#3227=EDGE_CURVE('',#4090,#4078,#383,.T.);
#3228=EDGE_CURVE('',#4091,#4092,#4577,.T.);
#3229=EDGE_CURVE('',#4091,#4093,#99,.F.);
#3230=EDGE_CURVE('',#4093,#4094,#178,.F.);
#3231=EDGE_CURVE('',#4095,#4094,#384,.T.);
#3232=EDGE_CURVE('',#4095,#4096,#179,.T.);
#3233=EDGE_CURVE('',#4096,#4097,#100,.F.);
#3234=EDGE_CURVE('',#4098,#4097,#4578,.T.);
#3235=EDGE_CURVE('',#4098,#4092,#385,.F.);
#3236=EDGE_CURVE('',#4099,#4100,#180,.T.);
#3237=EDGE_CURVE('',#4100,#4101,#386,.F.);
#3238=EDGE_CURVE('',#4102,#4101,#181,.T.);
#3239=EDGE_CURVE('',#4103,#4102,#387,.T.);
#3240=EDGE_CURVE('',#4104,#4103,#182,.T.);
#3241=EDGE_CURVE('',#4105,#4104,#183,.T.);
#3242=EDGE_CURVE('',#4105,#4106,#184,.T.);
#3243=EDGE_CURVE('',#4106,#4099,#388,.T.);
#3244=EDGE_CURVE('',#4094,#4107,#389,.F.);
#3245=EDGE_CURVE('',#4107,#4108,#390,.F.);
#3246=EDGE_CURVE('',#4108,#4109,#185,.F.);
#3247=EDGE_CURVE('',#4110,#4109,#391,.T.);
#3248=EDGE_CURVE('',#4110,#4111,#186,.F.);
#3249=EDGE_CURVE('',#4112,#4111,#392,.T.);
#3250=EDGE_CURVE('',#4112,#4113,#187,.F.);
#3251=EDGE_CURVE('',#4114,#4113,#393,.T.);
#3252=EDGE_CURVE('',#4114,#4115,#188,.F.);
#3253=EDGE_CURVE('',#4115,#4116,#394,.F.);
#3254=EDGE_CURVE('',#4116,#4095,#395,.T.);
#3255=EDGE_CURVE('',#4117,#4118,#396,.T.);
#3256=EDGE_CURVE('',#4117,#4119,#4579,.T.);
#3257=EDGE_CURVE('',#4119,#4120,#397,.T.);
#3258=EDGE_CURVE('',#4120,#4121,#398,.T.);
#3259=EDGE_CURVE('',#4121,#4118,#399,.T.);
#3260=EDGE_CURVE('',#4122,#4123,#400,.T.);
#3261=EDGE_CURVE('',#4124,#4123,#401,.T.);
#3262=EDGE_CURVE('',#4124,#4125,#402,.T.);
#3263=EDGE_CURVE('',#4125,#4122,#403,.T.);
#3264=EDGE_CURVE('',#4126,#4126,#189,.T.);
#3265=EDGE_CURVE('',#4127,#4128,#404,.T.);
#3266=EDGE_CURVE('',#4128,#4129,#405,.T.);
#3267=EDGE_CURVE('',#4130,#4129,#406,.T.);
#3268=EDGE_CURVE('',#4127,#4130,#407,.T.);
#3269=EDGE_CURVE('',#4131,#4132,#408,.T.);
#3270=EDGE_CURVE('',#4133,#4132,#190,.T.);
#3271=EDGE_CURVE('',#4133,#4134,#409,.T.);
#3272=EDGE_CURVE('',#4135,#4134,#191,.T.);
#3273=EDGE_CURVE('',#4135,#4136,#410,.T.);
#3274=EDGE_CURVE('',#4137,#4136,#192,.T.);
#3275=EDGE_CURVE('',#4137,#4138,#411,.T.);
#3276=EDGE_CURVE('',#4131,#4138,#193,.T.);
#3277=EDGE_CURVE('',#4139,#4140,#412,.T.);
#3278=EDGE_CURVE('',#4139,#4141,#413,.T.);
#3279=EDGE_CURVE('',#4141,#4142,#414,.T.);
#3280=EDGE_CURVE('',#4143,#4142,#415,.T.);
#3281=EDGE_CURVE('',#4143,#4144,#416,.T.);
#3282=EDGE_CURVE('',#4144,#4145,#417,.T.);
#3283=EDGE_CURVE('',#4146,#4145,#418,.T.);
#3284=EDGE_CURVE('',#4140,#4146,#419,.T.);
#3285=EDGE_CURVE('',#4147,#4148,#420,.T.);
#3286=EDGE_CURVE('',#4149,#4147,#421,.T.);
#3287=EDGE_CURVE('',#4150,#4149,#422,.T.);
#3288=EDGE_CURVE('',#4148,#4150,#423,.T.);
#3289=EDGE_CURVE('',#4143,#4151,#424,.T.);
#3290=EDGE_CURVE('',#4152,#4142,#425,.T.);
#3291=EDGE_CURVE('',#4151,#4152,#426,.F.);
#3292=EDGE_CURVE('',#4139,#4153,#427,.T.);
#3293=EDGE_CURVE('',#4153,#4154,#428,.F.);
#3294=EDGE_CURVE('',#4154,#4141,#429,.T.);
#3295=EDGE_CURVE('',#4155,#4156,#430,.F.);
#3296=EDGE_CURVE('',#4156,#4122,#431,.T.);
#3297=EDGE_CURVE('',#4125,#4155,#432,.T.);
#3298=EDGE_CURVE('',#4157,#4158,#433,.T.);
#3299=EDGE_CURVE('',#4159,#4158,#434,.T.);
#3300=EDGE_CURVE('',#4160,#4159,#435,.T.);
#3301=EDGE_CURVE('',#4160,#4157,#436,.T.);
#3302=EDGE_CURVE('',#4156,#4161,#437,.T.);
#3303=EDGE_CURVE('',#4162,#4155,#438,.F.);
#3304=EDGE_CURVE('',#4154,#4162,#439,.T.);
#3305=EDGE_CURVE('',#4161,#4153,#440,.T.);
#3306=EDGE_CURVE('',#4163,#4164,#441,.T.);
#3307=EDGE_CURVE('',#4163,#4165,#442,.T.);
#3308=EDGE_CURVE('',#4165,#4166,#443,.T.);
#3309=EDGE_CURVE('',#4166,#4124,#194,.F.);
#3310=EDGE_CURVE('',#4167,#4123,#444,.T.);
#3311=EDGE_CURVE('',#4168,#4167,#445,.T.);
#3312=EDGE_CURVE('',#4169,#4168,#446,.T.);
#3313=EDGE_CURVE('',#4169,#4170,#447,.T.);
#3314=EDGE_CURVE('',#4170,#4171,#448,.T.);
#3315=EDGE_CURVE('',#4171,#4172,#449,.T.);
#3316=EDGE_CURVE('',#4172,#4147,#450,.T.);
#3317=EDGE_CURVE('',#4148,#4173,#195,.F.);
#3318=EDGE_CURVE('',#4173,#4174,#451,.F.);
#3319=EDGE_CURVE('',#4175,#4174,#196,.T.);
#3320=EDGE_CURVE('',#4176,#4175,#452,.T.);
#3321=EDGE_CURVE('',#4121,#4176,#197,.F.);
#3322=EDGE_CURVE('',#4120,#4177,#198,.F.);
#3323=EDGE_CURVE('',#4177,#4178,#453,.T.);
#3324=EDGE_CURVE('',#4178,#4179,#199,.T.);
#3325=EDGE_CURVE('',#4180,#4179,#454,.T.);
#3326=EDGE_CURVE('',#4180,#4181,#200,.T.);
#3327=EDGE_CURVE('',#4181,#4182,#455,.T.);
#3328=EDGE_CURVE('',#4182,#4183,#201,.F.);
#3329=EDGE_CURVE('',#4184,#4183,#456,.T.);
#3330=EDGE_CURVE('',#4164,#4184,#202,.F.);
#3331=EDGE_CURVE('',#4185,#4186,#457,.T.);
#3332=EDGE_CURVE('',#4186,#4187,#203,.F.);
#3333=EDGE_CURVE('',#4187,#4188,#458,.T.);
#3334=EDGE_CURVE('',#4189,#4188,#204,.T.);
#3335=EDGE_CURVE('',#4189,#4190,#4580,.T.);
#3336=EDGE_CURVE('',#4190,#4191,#4581,.T.);
#3337=EDGE_CURVE('',#4192,#4191,#459,.T.);
#3338=EDGE_CURVE('',#4193,#4192,#205,.T.);
#3339=EDGE_CURVE('',#4194,#4193,#206,.T.);
#3340=EDGE_CURVE('',#4106,#4194,#460,.T.);
#3341=EDGE_CURVE('',#4105,#4195,#461,.F.);
#3342=EDGE_CURVE('',#4185,#4195,#207,.F.);
#3343=EDGE_CURVE('',#4196,#4197,#462,.T.);
#3344=EDGE_CURVE('',#4197,#4198,#463,.F.);
#3345=EDGE_CURVE('',#4198,#4199,#464,.T.);
#3346=EDGE_CURVE('',#4199,#4200,#465,.T.);
#3347=EDGE_CURVE('',#4200,#4201,#466,.T.);
#3348=EDGE_CURVE('',#4201,#4202,#467,.F.);
#3349=EDGE_CURVE('',#4202,#4186,#468,.T.);
#3350=EDGE_CURVE('',#4203,#4185,#469,.T.);
#3351=EDGE_CURVE('',#4203,#4174,#470,.T.);
#3352=EDGE_CURVE('',#4173,#4196,#471,.T.);
#3353=EDGE_CURVE('',#4204,#4205,#4582,.F.);
#3354=EDGE_CURVE('',#4205,#4206,#4583,.T.);
#3355=EDGE_CURVE('',#4206,#4207,#4584,.T.);
#3356=EDGE_CURVE('',#4207,#4208,#4585,.T.);
#3357=EDGE_CURVE('',#4208,#4209,#4586,.T.);
#3358=EDGE_CURVE('',#4209,#4210,#208,.T.);
#3359=EDGE_CURVE('',#4210,#4211,#4587,.T.);
#3360=EDGE_CURVE('',#4212,#4211,#472,.T.);
#3361=EDGE_CURVE('',#4212,#4213,#209,.F.);
#3362=EDGE_CURVE('',#4104,#4213,#473,.F.);
#3363=EDGE_CURVE('',#4103,#4204,#474,.T.);
#3364=EDGE_CURVE('',#4211,#4214,#475,.F.);
#3365=EDGE_CURVE('',#4176,#4214,#476,.T.);
#3366=EDGE_CURVE('',#4215,#4175,#477,.T.);
#3367=EDGE_CURVE('',#4215,#4212,#478,.T.);
#3368=EDGE_CURVE('',#4216,#4217,#479,.T.);
#3369=EDGE_CURVE('',#4217,#4218,#480,.T.);
#3370=EDGE_CURVE('',#4218,#4219,#481,.T.);
#3371=EDGE_CURVE('',#4219,#4216,#482,.T.);
#3372=EDGE_CURVE('',#4220,#4221,#483,.T.);
#3373=EDGE_CURVE('',#4222,#4220,#484,.T.);
#3374=EDGE_CURVE('',#4223,#4222,#485,.T.);
#3375=EDGE_CURVE('',#4221,#4223,#486,.T.);
#3376=EDGE_CURVE('',#4224,#4225,#487,.T.);
#3377=EDGE_CURVE('',#4225,#4197,#210,.T.);
#3378=EDGE_CURVE('',#4196,#4226,#211,.T.);
#3379=EDGE_CURVE('',#4226,#4227,#488,.T.);
#3380=EDGE_CURVE('',#4227,#4152,#489,.T.);
#3381=EDGE_CURVE('',#4228,#4162,#490,.T.);
#3382=EDGE_CURVE('',#4228,#4229,#212,.T.);
#3383=EDGE_CURVE('',#4230,#4229,#491,.T.);
#3384=EDGE_CURVE('',#4230,#4231,#213,.T.);
#3385=EDGE_CURVE('',#4232,#4231,#492,.T.);
#3386=EDGE_CURVE('',#4232,#4233,#214,.T.);
#3387=EDGE_CURVE('',#4233,#4234,#493,.T.);
#3388=EDGE_CURVE('',#4234,#4235,#215,.T.);
#3389=EDGE_CURVE('',#4236,#4235,#494,.T.);
#3390=EDGE_CURVE('',#4236,#4237,#216,.T.);
#3391=EDGE_CURVE('',#4237,#4238,#495,.T.);
#3392=EDGE_CURVE('',#4239,#4238,#496,.T.);
#3393=EDGE_CURVE('',#4239,#4240,#497,.T.);
#3394=EDGE_CURVE('',#4241,#4240,#498,.T.);
#3395=EDGE_CURVE('',#4242,#4241,#499,.T.);
#3396=EDGE_CURVE('',#4242,#4243,#500,.T.);
#3397=EDGE_CURVE('',#4243,#4244,#501,.T.);
#3398=EDGE_CURVE('',#4244,#4245,#502,.T.);
#3399=EDGE_CURVE('',#4246,#4245,#503,.T.);
#3400=EDGE_CURVE('',#4246,#4201,#217,.T.);
#3401=EDGE_CURVE('',#4200,#4247,#218,.T.);
#3402=EDGE_CURVE('',#4248,#4247,#504,.T.);
#3403=EDGE_CURVE('',#4224,#4248,#219,.T.);
#3404=EDGE_CURVE('',#4101,#4249,#4588,.T.);
#3405=EDGE_CURVE('',#4250,#4249,#4589,.T.);
#3406=EDGE_CURVE('',#4250,#4251,#505,.T.);
#3407=EDGE_CURVE('',#4251,#4252,#4590,.F.);
#3408=EDGE_CURVE('',#4252,#4253,#220,.T.);
#3409=EDGE_CURVE('',#4253,#4254,#4591,.T.);
#3410=EDGE_CURVE('',#4254,#4255,#4592,.T.);
#3411=EDGE_CURVE('',#4255,#4256,#4593,.T.);
#3412=EDGE_CURVE('',#4256,#4257,#4594,.T.);
#3413=EDGE_CURVE('',#4257,#4258,#4595,.T.);
#3414=EDGE_CURVE('',#4102,#4258,#506,.T.);
#3415=EDGE_CURVE('',#4188,#4259,#221,.T.);
#3416=EDGE_CURVE('',#4259,#4260,#507,.T.);
#3417=EDGE_CURVE('',#4260,#4189,#508,.T.);
#3418=EDGE_CURVE('',#4191,#4261,#509,.F.);
#3419=EDGE_CURVE('',#4262,#4261,#510,.T.);
#3420=EDGE_CURVE('',#4192,#4262,#511,.T.);
#3421=EDGE_CURVE('',#4263,#4264,#4596,.T.);
#3422=EDGE_CURVE('',#4264,#4100,#4597,.T.);
#3423=EDGE_CURVE('',#4099,#4265,#512,.T.);
#3424=EDGE_CURVE('',#4266,#4265,#222,.T.);
#3425=EDGE_CURVE('',#4267,#4266,#223,.T.);
#3426=EDGE_CURVE('',#4267,#4268,#513,.T.);
#3427=EDGE_CURVE('',#4269,#4268,#4598,.T.);
#3428=EDGE_CURVE('',#4270,#4269,#4599,.T.);
#3429=EDGE_CURVE('',#4271,#4270,#224,.T.);
#3430=EDGE_CURVE('',#4271,#4272,#514,.F.);
#3431=EDGE_CURVE('',#4273,#4272,#225,.T.);
#3432=EDGE_CURVE('',#4263,#4273,#515,.T.);
#3433=EDGE_CURVE('',#4274,#4268,#516,.T.);
#3434=EDGE_CURVE('',#4267,#4275,#517,.T.);
#3435=EDGE_CURVE('',#4275,#4274,#518,.T.);
#3436=EDGE_CURVE('',#4276,#4277,#519,.T.);
#3437=EDGE_CURVE('',#4276,#4271,#226,.T.);
#3438=EDGE_CURVE('',#4277,#4270,#520,.T.);
#3439=EDGE_CURVE('',#4278,#4279,#521,.T.);
#3440=EDGE_CURVE('',#4279,#4280,#522,.T.);
#3441=EDGE_CURVE('',#4281,#4280,#523,.T.);
#3442=EDGE_CURVE('',#4278,#4281,#524,.T.);
#3443=EDGE_CURVE('',#4282,#4283,#227,.T.);
#3444=EDGE_CURVE('',#4284,#4282,#525,.T.);
#3445=EDGE_CURVE('',#4284,#4285,#526,.T.);
#3446=EDGE_CURVE('',#4285,#4283,#527,.T.);
#3447=EDGE_CURVE('',#4261,#4286,#228,.T.);
#3448=EDGE_CURVE('',#4287,#4286,#528,.T.);
#3449=EDGE_CURVE('',#4262,#4287,#529,.T.);
#3450=EDGE_CURVE('',#4288,#4289,#530,.T.);
#3451=EDGE_CURVE('',#4288,#4276,#531,.F.);
#3452=EDGE_CURVE('',#4290,#4277,#4600,.T.);
#3453=EDGE_CURVE('',#4290,#4289,#532,.F.);
#3454=EDGE_CURVE('',#4291,#4292,#533,.T.);
#3455=EDGE_CURVE('',#4291,#4293,#534,.T.);
#3456=EDGE_CURVE('',#4294,#4293,#4601,.T.);
#3457=EDGE_CURVE('',#4294,#4292,#535,.F.);
#3458=EDGE_CURVE('',#4237,#4295,#536,.F.);
#3459=EDGE_CURVE('',#4295,#4296,#537,.T.);
#3460=EDGE_CURVE('',#4296,#4297,#538,.T.);
#3461=EDGE_CURVE('',#4297,#4238,#4602,.T.);
#3462=EDGE_CURVE('',#4183,#4298,#539,.F.);
#3463=EDGE_CURVE('',#4298,#4299,#4603,.T.);
#3464=EDGE_CURVE('',#4299,#4300,#540,.T.);
#3465=EDGE_CURVE('',#4184,#4300,#541,.T.);
#3466=EDGE_CURVE('',#4301,#4302,#542,.T.);
#3467=EDGE_CURVE('',#4302,#4303,#4604,.T.);
#3468=EDGE_CURVE('',#4303,#4304,#543,.T.);
#3469=EDGE_CURVE('',#4304,#4305,#4605,.T.);
#3470=EDGE_CURVE('',#4306,#4305,#544,.T.);
#3471=EDGE_CURVE('',#4306,#4301,#545,.T.);
#3472=EDGE_CURVE('',#4307,#4308,#546,.T.);
#3473=EDGE_CURVE('',#4308,#4309,#4606,.T.);
#3474=EDGE_CURVE('',#4309,#4310,#547,.T.);
#3475=EDGE_CURVE('',#4310,#4311,#4607,.T.);
#3476=EDGE_CURVE('',#4312,#4311,#548,.T.);
#3477=EDGE_CURVE('',#4307,#4312,#549,.T.);
#3478=EDGE_CURVE('',#4041,#4020,#4608,.T.);
#3479=EDGE_CURVE('',#4313,#4313,#229,.F.);
#3480=EDGE_CURVE('',#4035,#4036,#4609,.T.);
#3481=EDGE_CURVE('',#4314,#4314,#230,.T.);
#3482=EDGE_CURVE('',#4165,#4315,#231,.F.);
#3483=EDGE_CURVE('',#4315,#4263,#232,.T.);
#3484=EDGE_CURVE('',#4273,#4316,#550,.T.);
#3485=EDGE_CURVE('',#4316,#4236,#551,.T.);
#3486=EDGE_CURVE('',#4235,#4317,#552,.F.);
#3487=EDGE_CURVE('',#4318,#4317,#553,.T.);
#3488=EDGE_CURVE('',#4318,#4230,#554,.T.);
#3489=EDGE_CURVE('',#4166,#4229,#555,.T.);
#3490=EDGE_CURVE('',#4194,#4265,#556,.T.);
#3491=EDGE_CURVE('',#4125,#4228,#557,.T.);
#3492=EDGE_CURVE('',#4150,#4226,#558,.T.);
#3493=EDGE_CURVE('',#4300,#4319,#559,.T.);
#3494=EDGE_CURVE('',#4319,#4320,#233,.T.);
#3495=EDGE_CURVE('',#4164,#4320,#560,.T.);
#3496=EDGE_CURVE('',#4321,#4250,#234,.T.);
#3497=EDGE_CURVE('',#4321,#4163,#235,.T.);
#3498=EDGE_CURVE('',#4320,#4251,#561,.F.);
#3499=EDGE_CURVE('',#4258,#4204,#562,.F.);
#3500=EDGE_CURVE('',#4214,#4322,#236,.T.);
#3501=EDGE_CURVE('',#4118,#4322,#563,.T.);
#3502=EDGE_CURVE('',#4311,#4323,#237,.F.);
#3503=EDGE_CURVE('',#4323,#4324,#564,.T.);
#3504=EDGE_CURVE('',#4324,#4325,#238,.T.);
#3505=EDGE_CURVE('',#4325,#4326,#4610,.T.);
#3506=EDGE_CURVE('',#4327,#4326,#565,.T.);
#3507=EDGE_CURVE('',#4312,#4327,#566,.T.);
#3508=EDGE_CURVE('',#4326,#4117,#4611,.T.);
#3509=EDGE_CURVE('',#4118,#4328,#239,.T.);
#3510=EDGE_CURVE('',#4329,#4328,#567,.T.);
#3511=EDGE_CURVE('',#4327,#4329,#568,.F.);
#3512=EDGE_CURVE('',#4328,#4330,#569,.T.);
#3513=EDGE_CURVE('',#4330,#4308,#240,.F.);
#3514=EDGE_CURVE('',#4329,#4307,#570,.F.);
#3515=EDGE_CURVE('',#4149,#4331,#571,.T.);
#3516=EDGE_CURVE('',#4332,#4331,#572,.F.);
#3517=EDGE_CURVE('',#4150,#4332,#573,.T.);
#3518=EDGE_CURVE('',#4333,#4334,#574,.T.);
#3519=EDGE_CURVE('',#4334,#4335,#575,.T.);
#3520=EDGE_CURVE('',#4336,#4335,#576,.T.);
#3521=EDGE_CURVE('',#4333,#4336,#577,.T.);
#3522=EDGE_CURVE('',#4334,#4337,#578,.T.);
#3523=EDGE_CURVE('',#4333,#4338,#579,.T.);
#3524=EDGE_CURVE('',#4338,#4337,#580,.T.);
#3525=EDGE_CURVE('',#4337,#4339,#581,.T.);
#3526=EDGE_CURVE('',#4338,#4340,#582,.T.);
#3527=EDGE_CURVE('',#4340,#4339,#583,.T.);
#3528=EDGE_CURVE('',#4335,#4339,#584,.T.);
#3529=EDGE_CURVE('',#4336,#4340,#585,.T.);
#3530=EDGE_CURVE('',#4331,#4341,#586,.T.);
#3531=EDGE_CURVE('',#4151,#4341,#587,.T.);
#3532=EDGE_CURVE('',#4227,#4332,#588,.F.);
#3533=EDGE_CURVE('',#4342,#4343,#589,.F.);
#3534=EDGE_CURVE('',#4343,#4302,#241,.T.);
#3535=EDGE_CURVE('',#4301,#4344,#590,.T.);
#3536=EDGE_CURVE('',#4344,#4345,#591,.T.);
#3537=EDGE_CURVE('',#4345,#4346,#4612,.T.);
#3538=EDGE_CURVE('',#4346,#4342,#242,.F.);
#3539=EDGE_CURVE('',#4344,#4347,#592,.F.);
#3540=EDGE_CURVE('',#4347,#4348,#593,.T.);
#3541=EDGE_CURVE('',#4348,#4300,#243,.F.);
#3542=EDGE_CURVE('',#4299,#4345,#4613,.T.);
#3543=EDGE_CURVE('',#4305,#4349,#244,.T.);
#3544=EDGE_CURVE('',#4349,#4348,#594,.F.);
#3545=EDGE_CURVE('',#4347,#4306,#595,.F.);
#3546=EDGE_CURVE('',#4350,#4351,#596,.T.);
#3547=EDGE_CURVE('',#4158,#4350,#597,.T.);
#3548=EDGE_CURVE('',#4157,#4351,#598,.T.);
#3549=EDGE_CURVE('',#4351,#4352,#599,.T.);
#3550=EDGE_CURVE('',#4160,#4352,#600,.T.);
#3551=EDGE_CURVE('',#4159,#4353,#601,.T.);
#3552=EDGE_CURVE('',#4353,#4352,#602,.T.);
#3553=EDGE_CURVE('',#4350,#4353,#603,.T.);
#3554=EDGE_CURVE('',#4289,#4291,#245,.T.);
#3555=EDGE_CURVE('',#4292,#4296,#246,.T.);
#3556=EDGE_CURVE('',#4295,#4316,#247,.F.);
#3557=EDGE_CURVE('',#4272,#4288,#248,.F.);
#3558=EDGE_CURVE('',#4354,#4355,#604,.T.);
#3559=EDGE_CURVE('',#4354,#4246,#605,.T.);
#3560=EDGE_CURVE('',#4245,#4356,#4614,.T.);
#3561=EDGE_CURVE('',#4356,#4355,#606,.F.);
#3562=EDGE_CURVE('',#4357,#4358,#607,.T.);
#3563=EDGE_CURVE('',#4358,#4359,#608,.T.);
#3564=EDGE_CURVE('',#4360,#4359,#4615,.T.);
#3565=EDGE_CURVE('',#4360,#4357,#609,.F.);
#3566=EDGE_CURVE('',#4259,#4361,#610,.F.);
#3567=EDGE_CURVE('',#4361,#4362,#611,.T.);
#3568=EDGE_CURVE('',#4362,#4363,#612,.T.);
#3569=EDGE_CURVE('',#4260,#4363,#4616,.T.);
#3570=EDGE_CURVE('',#4355,#4358,#249,.T.);
#3571=EDGE_CURVE('',#4357,#4362,#250,.T.);
#3572=EDGE_CURVE('',#4361,#4187,#251,.F.);
#3573=EDGE_CURVE('',#4202,#4354,#252,.F.);
#3574=EDGE_CURVE('',#4364,#4365,#613,.T.);
#3575=EDGE_CURVE('',#4365,#4225,#614,.T.);
#3576=EDGE_CURVE('',#4364,#4224,#615,.T.);
#3577=EDGE_CURVE('',#4364,#4366,#253,.T.);
#3578=EDGE_CURVE('',#4366,#4248,#616,.T.);
#3579=EDGE_CURVE('',#4247,#4367,#617,.F.);
#3580=EDGE_CURVE('',#4366,#4367,#618,.T.);
#3581=EDGE_CURVE('',#4198,#4365,#254,.F.);
#3582=EDGE_CURVE('',#4367,#4199,#255,.F.);
#3583=EDGE_CURVE('',#4231,#4368,#619,.F.);
#3584=EDGE_CURVE('',#4369,#4368,#620,.T.);
#3585=EDGE_CURVE('',#4369,#4232,#621,.T.);
#3586=EDGE_CURVE('',#4369,#4370,#256,.F.);
#3587=EDGE_CURVE('',#4370,#4233,#622,.T.);
#3588=EDGE_CURVE('',#4370,#4371,#623,.T.);
#3589=EDGE_CURVE('',#4371,#4234,#624,.T.);
#3590=EDGE_CURVE('',#4368,#4318,#257,.F.);
#3591=EDGE_CURVE('',#4317,#4371,#258,.F.);
#3592=EDGE_CURVE('',#4282,#4372,#625,.F.);
#3593=EDGE_CURVE('',#4373,#4372,#626,.T.);
#3594=EDGE_CURVE('',#4284,#4373,#627,.T.);
#3595=EDGE_CURVE('',#4239,#4374,#4617,.T.);
#3596=EDGE_CURVE('',#4374,#4274,#259,.T.);
#3597=EDGE_CURVE('',#4275,#4373,#628,.T.);
#3598=EDGE_CURVE('',#4375,#4372,#260,.F.);
#3599=EDGE_CURVE('',#4244,#4375,#4618,.T.);
#3600=EDGE_CURVE('',#4240,#4243,#629,.T.);
#3601=EDGE_CURVE('',#4376,#4281,#630,.T.);
#3602=EDGE_CURVE('',#4266,#4376,#631,.T.);
#3603=EDGE_CURVE('',#4266,#4278,#632,.T.);
#3604=EDGE_CURVE('',#4377,#4280,#633,.T.);
#3605=EDGE_CURVE('',#4376,#4377,#634,.T.);
#3606=EDGE_CURVE('',#4193,#4279,#635,.T.);
#3607=EDGE_CURVE('',#4193,#4287,#636,.T.);
#3608=EDGE_CURVE('',#4283,#4286,#637,.T.);
#3609=EDGE_CURVE('',#4285,#4377,#638,.T.);
#3610=EDGE_CURVE('',#4266,#4193,#639,.T.);
#3611=EDGE_CURVE('',#4168,#4378,#640,.T.);
#3612=EDGE_CURVE('',#4378,#4379,#641,.T.);
#3613=EDGE_CURVE('',#4380,#4379,#642,.T.);
#3614=EDGE_CURVE('',#4140,#4380,#643,.T.);
#3615=EDGE_CURVE('',#4381,#4146,#644,.T.);
#3616=EDGE_CURVE('',#4381,#4169,#645,.T.);
#3617=EDGE_CURVE('',#4382,#4382,#261,.F.);
#3618=EDGE_CURVE('',#4383,#4383,#262,.F.);
#3619=EDGE_CURVE('',#4384,#4145,#646,.T.);
#3620=EDGE_CURVE('',#4381,#4384,#647,.T.);
#3621=EDGE_CURVE('',#4384,#4170,#648,.T.);
#3622=EDGE_CURVE('',#4144,#4385,#649,.T.);
#3623=EDGE_CURVE('',#4385,#4129,#650,.T.);
#3624=EDGE_CURVE('',#4171,#4128,#651,.T.);
#3625=EDGE_CURVE('',#4112,#4133,#652,.T.);
#3626=EDGE_CURVE('',#4113,#4132,#653,.T.);
#3627=EDGE_CURVE('',#4114,#4131,#654,.T.);
#3628=EDGE_CURVE('',#4386,#4138,#655,.T.);
#3629=EDGE_CURVE('',#4386,#4115,#4619,.T.);
#3630=EDGE_CURVE('',#4387,#4137,#656,.T.);
#3631=EDGE_CURVE('',#4387,#4386,#657,.T.);
#3632=EDGE_CURVE('',#4108,#4387,#4620,.T.);
#3633=EDGE_CURVE('',#4109,#4136,#658,.T.);
#3634=EDGE_CURVE('',#4111,#4134,#659,.T.);
#3635=EDGE_CURVE('',#4110,#4135,#660,.T.);
#3636=EDGE_CURVE('',#4297,#4294,#4621,.T.);
#3637=EDGE_CURVE('',#4293,#4290,#4622,.T.);
#3638=EDGE_CURVE('',#4374,#4269,#661,.T.);
#3639=EDGE_CURVE('',#4388,#4389,#662,.T.);
#3640=EDGE_CURVE('',#4389,#4390,#4623,.T.);
#3641=EDGE_CURVE('',#4391,#4390,#663,.T.);
#3642=EDGE_CURVE('',#4391,#4388,#263,.T.);
#3643=EDGE_CURVE('',#4390,#4033,#4624,.T.);
#3644=EDGE_CURVE('',#4032,#4391,#4625,.T.);
#3645=EDGE_CURVE('',#4375,#4190,#664,.T.);
#3646=EDGE_CURVE('',#4363,#4360,#4626,.T.);
#3647=EDGE_CURVE('',#4359,#4356,#4627,.T.);
#3648=EDGE_CURVE('',#4022,#4392,#4628,.T.);
#3649=EDGE_CURVE('',#4393,#4392,#665,.T.);
#3650=EDGE_CURVE('',#4393,#4023,#4629,.T.);
#3651=EDGE_CURVE('',#4392,#4394,#4630,.T.);
#3652=EDGE_CURVE('',#4394,#4395,#666,.F.);
#3653=EDGE_CURVE('',#4395,#4393,#264,.T.);
#3654=EDGE_CURVE('',#4396,#4397,#265,.T.);
#3655=EDGE_CURVE('',#4397,#4398,#667,.T.);
#3656=EDGE_CURVE('',#4398,#4399,#4631,.T.);
#3657=EDGE_CURVE('',#4399,#4396,#266,.F.);
#3658=EDGE_CURVE('',#4400,#4401,#4632,.T.);
#3659=EDGE_CURVE('',#4401,#4402,#668,.F.);
#3660=EDGE_CURVE('',#4402,#4403,#267,.T.);
#3661=EDGE_CURVE('',#4403,#4400,#268,.F.);
#3662=EDGE_CURVE('',#4220,#4017,#669,.T.);
#3663=EDGE_CURVE('',#4222,#4016,#670,.T.);
#3664=EDGE_CURVE('',#4223,#4019,#671,.T.);
#3665=EDGE_CURVE('',#4221,#4018,#672,.T.);
#3666=EDGE_CURVE('',#4216,#4044,#673,.T.);
#3667=EDGE_CURVE('',#4217,#4042,#674,.T.);
#3668=EDGE_CURVE('',#4219,#4045,#675,.T.);
#3669=EDGE_CURVE('',#4218,#4043,#676,.T.);
#3670=EDGE_CURVE('',#4241,#4047,#677,.T.);
#3671=EDGE_CURVE('',#4242,#4046,#678,.T.);
#3672=EDGE_CURVE('',#4404,#4049,#679,.T.);
#3673=EDGE_CURVE('',#4243,#4404,#680,.T.);
#3674=EDGE_CURVE('',#4405,#4048,#681,.T.);
#3675=EDGE_CURVE('',#4404,#4405,#682,.T.);
#3676=EDGE_CURVE('',#4240,#4405,#683,.T.);
#3677=EDGE_CURVE('',#4213,#4195,#269,.F.);
#3678=EDGE_CURVE('',#4203,#4215,#270,.F.);
#3679=EDGE_CURVE('',#4394,#4406,#4633,.T.);
#3680=EDGE_CURVE('',#4406,#4027,#101,.F.);
#3681=EDGE_CURVE('',#4026,#4395,#271,.F.);
#3682=EDGE_CURVE('',#4027,#4205,#102,.T.);
#3683=EDGE_CURVE('',#4257,#4028,#103,.F.);
#3684=EDGE_CURVE('',#4028,#4407,#104,.T.);
#3685=EDGE_CURVE('',#4407,#4389,#4634,.T.);
#3686=EDGE_CURVE('',#4388,#4029,#272,.F.);
#3687=EDGE_CURVE('',#4034,#4251,#4635,.T.);
#3688=EDGE_CURVE('',#4037,#4320,#273,.T.);
#3689=EDGE_CURVE('',#4304,#4319,#274,.T.);
#3690=EDGE_CURVE('',#4038,#4304,#275,.T.);
#3691=EDGE_CURVE('',#4107,#4310,#276,.T.);
#3692=EDGE_CURVE('',#4039,#4309,#277,.T.);
#3693=EDGE_CURVE('',#4303,#4116,#278,.F.);
#3694=EDGE_CURVE('',#4309,#4322,#279,.T.);
#3695=EDGE_CURVE('',#4040,#4214,#280,.T.);
#3696=EDGE_CURVE('',#4211,#4021,#4636,.F.);
#3697=EDGE_CURVE('',#4408,#4409,#105,.F.);
#3698=EDGE_CURVE('',#4409,#4182,#684,.T.);
#3699=EDGE_CURVE('',#4181,#4408,#685,.F.);
#3700=EDGE_CURVE('',#4177,#4410,#686,.F.);
#3701=EDGE_CURVE('',#4410,#4411,#106,.F.);
#3702=EDGE_CURVE('',#4411,#4178,#687,.T.);
#3703=EDGE_CURVE('',#4179,#4412,#688,.F.);
#3704=EDGE_CURVE('',#4412,#4413,#689,.T.);
#3705=EDGE_CURVE('',#4413,#4180,#690,.T.);
#3706=EDGE_CURVE('',#4414,#4161,#691,.T.);
#3707=EDGE_CURVE('',#4414,#4167,#692,.T.);
#3708=EDGE_CURVE('',#4415,#4378,#693,.T.);
#3709=EDGE_CURVE('',#4416,#4414,#694,.T.);
#3710=EDGE_CURVE('',#4416,#4415,#695,.T.);
#3711=EDGE_CURVE('',#4415,#4417,#696,.T.);
#3712=EDGE_CURVE('',#4416,#4418,#697,.T.);
#3713=EDGE_CURVE('',#4418,#4417,#698,.T.);
#3714=EDGE_CURVE('',#4417,#4379,#699,.T.);
#3715=EDGE_CURVE('',#4418,#4380,#700,.T.);
#3716=EDGE_CURVE('',#4419,#4419,#281,.T.);
#3717=EDGE_CURVE('',#4420,#4172,#701,.T.);
#3718=EDGE_CURVE('',#4420,#4341,#702,.T.);
#3719=EDGE_CURVE('',#4421,#4420,#703,.T.);
#3720=EDGE_CURVE('',#4421,#4422,#704,.T.);
#3721=EDGE_CURVE('',#4422,#4385,#705,.T.);
#3722=EDGE_CURVE('',#4422,#4130,#706,.T.);
#3723=EDGE_CURVE('',#4421,#4127,#707,.T.);
#3724=EDGE_CURVE('',#4423,#4423,#282,.T.);
#3725=EDGE_CURVE('',#4424,#4424,#283,.T.);
#3726=EDGE_CURVE('',#4425,#4425,#284,.T.);
#3727=EDGE_CURVE('',#4426,#4426,#285,.T.);
#3728=EDGE_CURVE('',#4323,#4107,#286,.T.);
#3729=EDGE_CURVE('',#4116,#4343,#287,.T.);
#3730=EDGE_CURVE('',#4324,#4094,#288,.T.);
#3731=EDGE_CURVE('',#4095,#4342,#289,.T.);
#3732=EDGE_CURVE('',#4427,#4093,#4637,.T.);
#3733=EDGE_CURVE('',#4427,#4325,#4638,.T.);
#3734=EDGE_CURVE('',#4346,#4428,#4639,.T.);
#3735=EDGE_CURVE('',#4096,#4428,#4640,.F.);
#3736=EDGE_CURVE('',#4410,#4427,#4641,.T.);
#3737=EDGE_CURVE('',#4091,#4411,#290,.T.);
#3738=EDGE_CURVE('',#4428,#4409,#4642,.T.);
#3739=EDGE_CURVE('',#4408,#4097,#291,.T.);
#3740=EDGE_CURVE('',#4412,#4092,#292,.T.);
#3741=EDGE_CURVE('',#4098,#4413,#293,.T.);
#3742=EDGE_CURVE('',#4021,#4210,#294,.T.);
#3743=EDGE_CURVE('',#4022,#4209,#295,.T.);
#3744=EDGE_CURVE('',#4392,#4208,#296,.T.);
#3745=EDGE_CURVE('',#4394,#4207,#297,.T.);
#3746=EDGE_CURVE('',#4406,#4206,#4643,.F.);
#3747=EDGE_CURVE('',#4252,#4034,#298,.T.);
#3748=EDGE_CURVE('',#4253,#4033,#299,.T.);
#3749=EDGE_CURVE('',#4254,#4390,#300,.T.);
#3750=EDGE_CURVE('',#4255,#4389,#301,.T.);
#3751=EDGE_CURVE('',#4256,#4407,#4644,.T.);
#3752=EDGE_CURVE('',#4023,#4398,#4645,.F.);
#3753=EDGE_CURVE('',#4399,#4393,#302,.T.);
#3754=EDGE_CURVE('',#4396,#4395,#303,.T.);
#3755=EDGE_CURVE('',#4024,#4398,#304,.T.);
#3756=EDGE_CURVE('',#4397,#4026,#4646,.T.);
#3757=EDGE_CURVE('',#4025,#4397,#305,.T.);
#3758=EDGE_CURVE('',#4401,#4032,#4647,.T.);
#3759=EDGE_CURVE('',#4391,#4400,#306,.T.);
#3760=EDGE_CURVE('',#4388,#4403,#307,.T.);
#3761=EDGE_CURVE('',#4401,#4031,#308,.T.);
#3762=EDGE_CURVE('',#4029,#4402,#4648,.F.);
#3763=EDGE_CURVE('',#4402,#4030,#309,.T.);
#3764=EDGE_CURVE('',#4319,#4349,#310,.T.);
#3765=EDGE_CURVE('',#4330,#4322,#311,.T.);
#3766=EDGE_CURVE('',#4249,#4264,#708,.F.);
#3767=EDGE_CURVE('',#4315,#4321,#709,.T.);
#3768=EDGE_CURVE('',#4298,#4409,#312,.T.);
#3769=EDGE_CURVE('',#4410,#4119,#313,.T.);
#3770=EDGE_CURVE('',#4412,#4411,#4649,.T.);
#3771=EDGE_CURVE('',#4408,#4413,#4650,.T.);
#3772=EDGE_CURVE('',#4429,#4430,#4651,.T.);
#3773=EDGE_CURVE('',#4431,#4429,#710,.T.);
#3774=EDGE_CURVE('',#4431,#4432,#4652,.T.);
#3775=EDGE_CURVE('',#4432,#4430,#711,.T.);
#3776=EDGE_CURVE('',#4433,#4429,#4653,.T.);
#3777=EDGE_CURVE('',#4434,#4433,#712,.T.);
#3778=EDGE_CURVE('',#4434,#4431,#4654,.T.);
#3779=EDGE_CURVE('',#4435,#4433,#4655,.T.);
#3780=EDGE_CURVE('',#4436,#4435,#713,.T.);
#3781=EDGE_CURVE('',#4436,#4434,#4656,.T.);
#3782=EDGE_CURVE('',#4437,#4435,#4657,.T.);
#3783=EDGE_CURVE('',#4438,#4437,#714,.T.);
#3784=EDGE_CURVE('',#4438,#4436,#4658,.T.);
#3785=EDGE_CURVE('',#4439,#4437,#4659,.T.);
#3786=EDGE_CURVE('',#4440,#4439,#715,.T.);
#3787=EDGE_CURVE('',#4440,#4438,#4660,.T.);
#3788=EDGE_CURVE('',#4441,#4439,#4661,.T.);
#3789=EDGE_CURVE('',#4442,#4441,#716,.T.);
#3790=EDGE_CURVE('',#4442,#4440,#4662,.T.);
#3791=EDGE_CURVE('',#4443,#4441,#4663,.T.);
#3792=EDGE_CURVE('',#4444,#4443,#717,.T.);
#3793=EDGE_CURVE('',#4444,#4442,#4664,.T.);
#3794=EDGE_CURVE('',#4445,#4005,#718,.T.);
#3795=EDGE_CURVE('',#4445,#4446,#4665,.T.);
#3796=EDGE_CURVE('',#4446,#4006,#719,.T.);
#3797=EDGE_CURVE('',#4447,#4015,#720,.T.);
#3798=EDGE_CURVE('',#4447,#4445,#721,.T.);
#3799=EDGE_CURVE('',#4448,#4014,#722,.T.);
#3800=EDGE_CURVE('',#4448,#4447,#4666,.T.);
#3801=EDGE_CURVE('',#4449,#4013,#723,.T.);
#3802=EDGE_CURVE('',#4449,#4448,#4667,.T.);
#3803=EDGE_CURVE('',#4450,#4012,#724,.T.);
#3804=EDGE_CURVE('',#4450,#4449,#4668,.T.);
#3805=EDGE_CURVE('',#4451,#4011,#725,.T.);
#3806=EDGE_CURVE('',#4451,#4450,#4669,.T.);
#3807=EDGE_CURVE('',#4452,#4010,#726,.T.);
#3808=EDGE_CURVE('',#4452,#4451,#727,.T.);
#3809=EDGE_CURVE('',#4453,#4009,#728,.T.);
#3810=EDGE_CURVE('',#4453,#4452,#4670,.T.);
#3811=EDGE_CURVE('',#4454,#4008,#729,.T.);
#3812=EDGE_CURVE('',#4454,#4453,#4671,.T.);
#3813=EDGE_CURVE('',#4455,#4007,#730,.T.);
#3814=EDGE_CURVE('',#4455,#4454,#4672,.T.);
#3815=EDGE_CURVE('',#4446,#4455,#4673,.T.);
#3816=EDGE_CURVE('',#4430,#4443,#4674,.T.);
#3817=EDGE_CURVE('',#4432,#4444,#4675,.T.);
#3818=EDGE_CURVE('',#4456,#4050,#731,.T.);
#3819=EDGE_CURVE('',#4456,#4457,#732,.T.);
#3820=EDGE_CURVE('',#4457,#4051,#733,.T.);
#3821=EDGE_CURVE('',#4458,#4063,#734,.T.);
#3822=EDGE_CURVE('',#4458,#4456,#735,.T.);
#3823=EDGE_CURVE('',#4459,#4062,#736,.T.);
#3824=EDGE_CURVE('',#4459,#4458,#737,.T.);
#3825=EDGE_CURVE('',#4460,#4061,#738,.T.);
#3826=EDGE_CURVE('',#4460,#4459,#739,.T.);
#3827=EDGE_CURVE('',#4461,#4060,#740,.T.);
#3828=EDGE_CURVE('',#4461,#4460,#741,.T.);
#3829=EDGE_CURVE('',#4462,#4059,#742,.T.);
#3830=EDGE_CURVE('',#4462,#4461,#4676,.T.);
#3831=EDGE_CURVE('',#4463,#4058,#743,.T.);
#3832=EDGE_CURVE('',#4463,#4462,#4677,.T.);
#3833=EDGE_CURVE('',#4464,#4057,#744,.T.);
#3834=EDGE_CURVE('',#4464,#4463,#745,.T.);
#3835=EDGE_CURVE('',#4465,#4056,#746,.T.);
#3836=EDGE_CURVE('',#4465,#4464,#747,.T.);
#3837=EDGE_CURVE('',#4466,#4055,#748,.T.);
#3838=EDGE_CURVE('',#4466,#4465,#314,.F.);
#3839=EDGE_CURVE('',#4467,#4054,#749,.T.);
#3840=EDGE_CURVE('',#4467,#4466,#4678,.T.);
#3841=EDGE_CURVE('',#4468,#4053,#750,.T.);
#3842=EDGE_CURVE('',#4468,#4467,#751,.T.);
#3843=EDGE_CURVE('',#4469,#4052,#752,.T.);
#3844=EDGE_CURVE('',#4469,#4468,#753,.T.);
#3845=EDGE_CURVE('',#4457,#4469,#754,.T.);
#3846=EDGE_CURVE('',#4470,#3992,#755,.T.);
#3847=EDGE_CURVE('',#4470,#4471,#756,.T.);
#3848=EDGE_CURVE('',#4471,#3993,#757,.T.);
#3849=EDGE_CURVE('',#4472,#4004,#758,.T.);
#3850=EDGE_CURVE('',#4472,#4470,#759,.T.);
#3851=EDGE_CURVE('',#4473,#4003,#760,.T.);
#3852=EDGE_CURVE('',#4473,#4472,#761,.T.);
#3853=EDGE_CURVE('',#4474,#4002,#762,.T.);
#3854=EDGE_CURVE('',#4474,#4473,#763,.T.);
#3855=EDGE_CURVE('',#4475,#4001,#764,.T.);
#3856=EDGE_CURVE('',#4475,#4474,#765,.T.);
#3857=EDGE_CURVE('',#4476,#4000,#766,.T.);
#3858=EDGE_CURVE('',#4476,#4475,#767,.T.);
#3859=EDGE_CURVE('',#4477,#3999,#768,.T.);
#3860=EDGE_CURVE('',#4477,#4476,#769,.T.);
#3861=EDGE_CURVE('',#4478,#3998,#770,.T.);
#3862=EDGE_CURVE('',#4478,#4477,#771,.T.);
#3863=EDGE_CURVE('',#4479,#3997,#772,.T.);
#3864=EDGE_CURVE('',#4479,#4478,#773,.T.);
#3865=EDGE_CURVE('',#4480,#3996,#774,.T.);
#3866=EDGE_CURVE('',#4480,#4479,#775,.T.);
#3867=EDGE_CURVE('',#4481,#3995,#776,.T.);
#3868=EDGE_CURVE('',#4481,#4480,#777,.T.);
#3869=EDGE_CURVE('',#4482,#3994,#778,.T.);
#3870=EDGE_CURVE('',#4482,#4481,#779,.T.);
#3871=EDGE_CURVE('',#4471,#4482,#780,.T.);
#3872=EDGE_CURVE('',#4483,#4064,#781,.T.);
#3873=EDGE_CURVE('',#4483,#4484,#782,.T.);
#3874=EDGE_CURVE('',#4484,#4065,#783,.T.);
#3875=EDGE_CURVE('',#4485,#4077,#784,.T.);
#3876=EDGE_CURVE('',#4485,#4483,#785,.T.);
#3877=EDGE_CURVE('',#4486,#4076,#786,.T.);
#3878=EDGE_CURVE('',#4486,#4485,#787,.T.);
#3879=EDGE_CURVE('',#4487,#4075,#788,.T.);
#3880=EDGE_CURVE('',#4487,#4486,#789,.T.);
#3881=EDGE_CURVE('',#4488,#4074,#790,.T.);
#3882=EDGE_CURVE('',#4488,#4487,#791,.T.);
#3883=EDGE_CURVE('',#4489,#4073,#792,.T.);
#3884=EDGE_CURVE('',#4489,#4488,#4679,.T.);
#3885=EDGE_CURVE('',#4490,#4072,#793,.T.);
#3886=EDGE_CURVE('',#4490,#4489,#4680,.T.);
#3887=EDGE_CURVE('',#4491,#4071,#794,.T.);
#3888=EDGE_CURVE('',#4491,#4490,#795,.T.);
#3889=EDGE_CURVE('',#4492,#4070,#796,.T.);
#3890=EDGE_CURVE('',#4492,#4491,#797,.T.);
#3891=EDGE_CURVE('',#4493,#4069,#798,.T.);
#3892=EDGE_CURVE('',#4493,#4492,#315,.F.);
#3893=EDGE_CURVE('',#4494,#4068,#799,.T.);
#3894=EDGE_CURVE('',#4494,#4493,#4681,.T.);
#3895=EDGE_CURVE('',#4495,#4067,#800,.T.);
#3896=EDGE_CURVE('',#4495,#4494,#801,.T.);
#3897=EDGE_CURVE('',#4496,#4066,#802,.T.);
#3898=EDGE_CURVE('',#4496,#4495,#803,.T.);
#3899=EDGE_CURVE('',#4484,#4496,#804,.T.);
#3900=EDGE_CURVE('',#4497,#4498,#4682,.T.);
#3901=EDGE_CURVE('',#4499,#4497,#805,.T.);
#3902=EDGE_CURVE('',#4499,#4500,#4683,.T.);
#3903=EDGE_CURVE('',#4500,#4498,#806,.T.);
#3904=EDGE_CURVE('',#4501,#4497,#4684,.T.);
#3905=EDGE_CURVE('',#4502,#4501,#807,.T.);
#3906=EDGE_CURVE('',#4502,#4499,#4685,.T.);
#3907=EDGE_CURVE('',#4503,#4501,#4686,.T.);
#3908=EDGE_CURVE('',#4504,#4503,#808,.T.);
#3909=EDGE_CURVE('',#4504,#4502,#4687,.T.);
#3910=EDGE_CURVE('',#4505,#4503,#809,.T.);
#3911=EDGE_CURVE('',#4506,#4505,#810,.T.);
#3912=EDGE_CURVE('',#4506,#4504,#811,.T.);
#3913=EDGE_CURVE('',#4507,#4505,#812,.T.);
#3914=EDGE_CURVE('',#4508,#4507,#813,.T.);
#3915=EDGE_CURVE('',#4508,#4506,#814,.T.);
#3916=EDGE_CURVE('',#4509,#3976,#815,.T.);
#3917=EDGE_CURVE('',#4509,#4510,#4688,.T.);
#3918=EDGE_CURVE('',#4510,#3977,#816,.T.);
#3919=EDGE_CURVE('',#4511,#3991,#817,.T.);
#3920=EDGE_CURVE('',#4511,#4509,#4689,.T.);
#3921=EDGE_CURVE('',#4512,#3990,#818,.T.);
#3922=EDGE_CURVE('',#4512,#4511,#4690,.T.);
#3923=EDGE_CURVE('',#4513,#3989,#819,.T.);
#3924=EDGE_CURVE('',#4513,#4512,#820,.T.);
#3925=EDGE_CURVE('',#4514,#3988,#821,.T.);
#3926=EDGE_CURVE('',#4514,#4513,#4691,.T.);
#3927=EDGE_CURVE('',#4515,#3987,#822,.T.);
#3928=EDGE_CURVE('',#4515,#4514,#4692,.T.);
#3929=EDGE_CURVE('',#4516,#3986,#823,.T.);
#3930=EDGE_CURVE('',#4516,#4515,#4693,.T.);
#3931=EDGE_CURVE('',#4517,#3985,#824,.T.);
#3932=EDGE_CURVE('',#4517,#4516,#825,.T.);
#3933=EDGE_CURVE('',#4518,#3984,#826,.T.);
#3934=EDGE_CURVE('',#4518,#4517,#827,.T.);
#3935=EDGE_CURVE('',#4519,#3983,#828,.T.);
#3936=EDGE_CURVE('',#4519,#4518,#4694,.T.);
#3937=EDGE_CURVE('',#4520,#3982,#829,.T.);
#3938=EDGE_CURVE('',#4520,#4519,#4695,.T.);
#3939=EDGE_CURVE('',#4521,#3981,#830,.T.);
#3940=EDGE_CURVE('',#4521,#4520,#4696,.T.);
#3941=EDGE_CURVE('',#4522,#3980,#831,.T.);
#3942=EDGE_CURVE('',#4522,#4521,#4697,.T.);
#3943=EDGE_CURVE('',#4523,#3979,#832,.T.);
#3944=EDGE_CURVE('',#4523,#4522,#4698,.T.);
#3945=EDGE_CURVE('',#4524,#3978,#833,.T.);
#3946=EDGE_CURVE('',#4524,#4523,#834,.T.);
#3947=EDGE_CURVE('',#4510,#4524,#4699,.T.);
#3948=EDGE_CURVE('',#4498,#4507,#4700,.T.);
#3949=EDGE_CURVE('',#4500,#4508,#4701,.T.);
#3950=EDGE_CURVE('',#4525,#4078,#835,.T.);
#3951=EDGE_CURVE('',#4525,#4526,#836,.T.);
#3952=EDGE_CURVE('',#4526,#4079,#837,.T.);
#3953=EDGE_CURVE('',#4527,#4090,#838,.T.);
#3954=EDGE_CURVE('',#4527,#4525,#839,.T.);
#3955=EDGE_CURVE('',#4528,#4089,#840,.T.);
#3956=EDGE_CURVE('',#4528,#4527,#4702,.T.);
#3957=EDGE_CURVE('',#4529,#4088,#841,.T.);
#3958=EDGE_CURVE('',#4529,#4528,#4703,.T.);
#3959=EDGE_CURVE('',#4530,#4087,#842,.T.);
#3960=EDGE_CURVE('',#4530,#4529,#4704,.T.);
#3961=EDGE_CURVE('',#4531,#4086,#843,.T.);
#3962=EDGE_CURVE('',#4531,#4530,#4705,.T.);
#3963=EDGE_CURVE('',#4532,#4085,#844,.T.);
#3964=EDGE_CURVE('',#4532,#4531,#845,.T.);
#3965=EDGE_CURVE('',#4533,#4084,#846,.T.);
#3966=EDGE_CURVE('',#4533,#4532,#4706,.T.);
#3967=EDGE_CURVE('',#4534,#4083,#847,.T.);
#3968=EDGE_CURVE('',#4534,#4533,#4707,.T.);
#3969=EDGE_CURVE('',#4535,#4082,#848,.T.);
#3970=EDGE_CURVE('',#4535,#4534,#4708,.T.);
#3971=EDGE_CURVE('',#4536,#4081,#849,.T.);
#3972=EDGE_CURVE('',#4536,#4535,#316,.F.);
#3973=EDGE_CURVE('',#4537,#4080,#850,.T.);
#3974=EDGE_CURVE('',#4537,#4536,#4709,.T.);
#3975=EDGE_CURVE('',#4526,#4537,#851,.T.);
#3976=VERTEX_POINT('',#7644);
#3977=VERTEX_POINT('',#7645);
#3978=VERTEX_POINT('',#7649);
#3979=VERTEX_POINT('',#7651);
#3980=VERTEX_POINT('',#7655);
#3981=VERTEX_POINT('',#7659);
#3982=VERTEX_POINT('',#7663);
#3983=VERTEX_POINT('',#7667);
#3984=VERTEX_POINT('',#7671);
#3985=VERTEX_POINT('',#7673);
#3986=VERTEX_POINT('',#7675);
#3987=VERTEX_POINT('',#7679);
#3988=VERTEX_POINT('',#7683);
#3989=VERTEX_POINT('',#7687);
#3990=VERTEX_POINT('',#7689);
#3991=VERTEX_POINT('',#7693);
#3992=VERTEX_POINT('',#7698);
#3993=VERTEX_POINT('',#7699);
#3994=VERTEX_POINT('',#7701);
#3995=VERTEX_POINT('',#7703);
#3996=VERTEX_POINT('',#7705);
#3997=VERTEX_POINT('',#7707);
#3998=VERTEX_POINT('',#7709);
#3999=VERTEX_POINT('',#7711);
#4000=VERTEX_POINT('',#7713);
#4001=VERTEX_POINT('',#7715);
#4002=VERTEX_POINT('',#7717);
#4003=VERTEX_POINT('',#7719);
#4004=VERTEX_POINT('',#7721);
#4005=VERTEX_POINT('',#7726);
#4006=VERTEX_POINT('',#7727);
#4007=VERTEX_POINT('',#7731);
#4008=VERTEX_POINT('',#7735);
#4009=VERTEX_POINT('',#7739);
#4010=VERTEX_POINT('',#7743);
#4011=VERTEX_POINT('',#7745);
#4012=VERTEX_POINT('',#7749);
#4013=VERTEX_POINT('',#7753);
#4014=VERTEX_POINT('',#7757);
#4015=VERTEX_POINT('',#7761);
#4016=VERTEX_POINT('',#7764);
#4017=VERTEX_POINT('',#7765);
#4018=VERTEX_POINT('',#7767);
#4019=VERTEX_POINT('',#7769);
#4020=VERTEX_POINT('',#7772);
#4021=VERTEX_POINT('',#7773);
#4022=VERTEX_POINT('',#7775);
#4023=VERTEX_POINT('',#7777);
#4024=VERTEX_POINT('',#7785);
#4025=VERTEX_POINT('',#7787);
#4026=VERTEX_POINT('',#7793);
#4027=VERTEX_POINT('',#7795);
#4028=VERTEX_POINT('',#7797);
#4029=VERTEX_POINT('',#7799);
#4030=VERTEX_POINT('',#7805);
#4031=VERTEX_POINT('',#7807);
#4032=VERTEX_POINT('',#7815);
#4033=VERTEX_POINT('',#7817);
#4034=VERTEX_POINT('',#7819);
#4035=VERTEX_POINT('',#7821);
#4036=VERTEX_POINT('',#7823);
#4037=VERTEX_POINT('',#7825);
#4038=VERTEX_POINT('',#7827);
#4039=VERTEX_POINT('',#7829);
#4040=VERTEX_POINT('',#7831);
#4041=VERTEX_POINT('',#7833);
#4042=VERTEX_POINT('',#7836);
#4043=VERTEX_POINT('',#7837);
#4044=VERTEX_POINT('',#7839);
#4045=VERTEX_POINT('',#7841);
#4046=VERTEX_POINT('',#7844);
#4047=VERTEX_POINT('',#7845);
#4048=VERTEX_POINT('',#7847);
#4049=VERTEX_POINT('',#7849);
#4050=VERTEX_POINT('',#7852);
#4051=VERTEX_POINT('',#7853);
#4052=VERTEX_POINT('',#7855);
#4053=VERTEX_POINT('',#7857);
#4054=VERTEX_POINT('',#7859);
#4055=VERTEX_POINT('',#7863);
#4056=VERTEX_POINT('',#7865);
#4057=VERTEX_POINT('',#7867);
#4058=VERTEX_POINT('',#7869);
#4059=VERTEX_POINT('',#7873);
#4060=VERTEX_POINT('',#7877);
#4061=VERTEX_POINT('',#7879);
#4062=VERTEX_POINT('',#7881);
#4063=VERTEX_POINT('',#7883);
#4064=VERTEX_POINT('',#7886);
#4065=VERTEX_POINT('',#7887);
#4066=VERTEX_POINT('',#7889);
#4067=VERTEX_POINT('',#7891);
#4068=VERTEX_POINT('',#7893);
#4069=VERTEX_POINT('',#7897);
#4070=VERTEX_POINT('',#7899);
#4071=VERTEX_POINT('',#7901);
#4072=VERTEX_POINT('',#7903);
#4073=VERTEX_POINT('',#7907);
#4074=VERTEX_POINT('',#7911);
#4075=VERTEX_POINT('',#7913);
#4076=VERTEX_POINT('',#7915);
#4077=VERTEX_POINT('',#7917);
#4078=VERTEX_POINT('',#7920);
#4079=VERTEX_POINT('',#7921);
#4080=VERTEX_POINT('',#7923);
#4081=VERTEX_POINT('',#7927);
#4082=VERTEX_POINT('',#7929);
#4083=VERTEX_POINT('',#7933);
#4084=VERTEX_POINT('',#7937);
#4085=VERTEX_POINT('',#7941);
#4086=VERTEX_POINT('',#7943);
#4087=VERTEX_POINT('',#7947);
#4088=VERTEX_POINT('',#7951);
#4089=VERTEX_POINT('',#7955);
#4090=VERTEX_POINT('',#7959);
#4091=VERTEX_POINT('',#7967);
#4092=VERTEX_POINT('',#7968);
#4093=VERTEX_POINT('',#7970);
#4094=VERTEX_POINT('',#7972);
#4095=VERTEX_POINT('',#7974);
#4096=VERTEX_POINT('',#7976);
#4097=VERTEX_POINT('',#7978);
#4098=VERTEX_POINT('',#7984);
#4099=VERTEX_POINT('',#7988);
#4100=VERTEX_POINT('',#7989);
#4101=VERTEX_POINT('',#7991);
#4102=VERTEX_POINT('',#7993);
#4103=VERTEX_POINT('',#7995);
#4104=VERTEX_POINT('',#7997);
#4105=VERTEX_POINT('',#7999);
#4106=VERTEX_POINT('',#8001);
#4107=VERTEX_POINT('',#8005);
#4108=VERTEX_POINT('',#8007);
#4109=VERTEX_POINT('',#8009);
#4110=VERTEX_POINT('',#8011);
#4111=VERTEX_POINT('',#8013);
#4112=VERTEX_POINT('',#8015);
#4113=VERTEX_POINT('',#8017);
#4114=VERTEX_POINT('',#8019);
#4115=VERTEX_POINT('',#8021);
#4116=VERTEX_POINT('',#8023);
#4117=VERTEX_POINT('',#8027);
#4118=VERTEX_POINT('',#8028);
#4119=VERTEX_POINT('',#8033);
#4120=VERTEX_POINT('',#8035);
#4121=VERTEX_POINT('',#8037);
#4122=VERTEX_POINT('',#8041);
#4123=VERTEX_POINT('',#8042);
#4124=VERTEX_POINT('',#8044);
#4125=VERTEX_POINT('',#8046);
#4126=VERTEX_POINT('',#8050);
#4127=VERTEX_POINT('',#8052);
#4128=VERTEX_POINT('',#8053);
#4129=VERTEX_POINT('',#8055);
#4130=VERTEX_POINT('',#8057);
#4131=VERTEX_POINT('',#8061);
#4132=VERTEX_POINT('',#8062);
#4133=VERTEX_POINT('',#8064);
#4134=VERTEX_POINT('',#8066);
#4135=VERTEX_POINT('',#8068);
#4136=VERTEX_POINT('',#8070);
#4137=VERTEX_POINT('',#8072);
#4138=VERTEX_POINT('',#8074);
#4139=VERTEX_POINT('',#8077);
#4140=VERTEX_POINT('',#8078);
#4141=VERTEX_POINT('',#8080);
#4142=VERTEX_POINT('',#8082);
#4143=VERTEX_POINT('',#8084);
#4144=VERTEX_POINT('',#8086);
#4145=VERTEX_POINT('',#8088);
#4146=VERTEX_POINT('',#8090);
#4147=VERTEX_POINT('',#8094);
#4148=VERTEX_POINT('',#8095);
#4149=VERTEX_POINT('',#8097);
#4150=VERTEX_POINT('',#8099);
#4151=VERTEX_POINT('',#8103);
#4152=VERTEX_POINT('',#8105);
#4153=VERTEX_POINT('',#8109);
#4154=VERTEX_POINT('',#8111);
#4155=VERTEX_POINT('',#8115);
#4156=VERTEX_POINT('',#8116);
#4157=VERTEX_POINT('',#8121);
#4158=VERTEX_POINT('',#8122);
#4159=VERTEX_POINT('',#8124);
#4160=VERTEX_POINT('',#8126);
#4161=VERTEX_POINT('',#8129);
#4162=VERTEX_POINT('',#8131);
#4163=VERTEX_POINT('',#8136);
#4164=VERTEX_POINT('',#8137);
#4165=VERTEX_POINT('',#8139);
#4166=VERTEX_POINT('',#8141);
#4167=VERTEX_POINT('',#8144);
#4168=VERTEX_POINT('',#8146);
#4169=VERTEX_POINT('',#8148);
#4170=VERTEX_POINT('',#8150);
#4171=VERTEX_POINT('',#8152);
#4172=VERTEX_POINT('',#8154);
#4173=VERTEX_POINT('',#8157);
#4174=VERTEX_POINT('',#8159);
#4175=VERTEX_POINT('',#8161);
#4176=VERTEX_POINT('',#8163);
#4177=VERTEX_POINT('',#8166);
#4178=VERTEX_POINT('',#8168);
#4179=VERTEX_POINT('',#8170);
#4180=VERTEX_POINT('',#8172);
#4181=VERTEX_POINT('',#8174);
#4182=VERTEX_POINT('',#8176);
#4183=VERTEX_POINT('',#8178);
#4184=VERTEX_POINT('',#8180);
#4185=VERTEX_POINT('',#8184);
#4186=VERTEX_POINT('',#8185);
#4187=VERTEX_POINT('',#8187);
#4188=VERTEX_POINT('',#8189);
#4189=VERTEX_POINT('',#8191);
#4190=VERTEX_POINT('',#8202);
#4191=VERTEX_POINT('',#8207);
#4192=VERTEX_POINT('',#8209);
#4193=VERTEX_POINT('',#8211);
#4194=VERTEX_POINT('',#8213);
#4195=VERTEX_POINT('',#8216);
#4196=VERTEX_POINT('',#8220);
#4197=VERTEX_POINT('',#8221);
#4198=VERTEX_POINT('',#8223);
#4199=VERTEX_POINT('',#8225);
#4200=VERTEX_POINT('',#8227);
#4201=VERTEX_POINT('',#8229);
#4202=VERTEX_POINT('',#8231);
#4203=VERTEX_POINT('',#8234);
#4204=VERTEX_POINT('',#8242);
#4205=VERTEX_POINT('',#8243);
#4206=VERTEX_POINT('',#8248);
#4207=VERTEX_POINT('',#8253);
#4208=VERTEX_POINT('',#8261);
#4209=VERTEX_POINT('',#8273);
#4210=VERTEX_POINT('',#8275);
#4211=VERTEX_POINT('',#8283);
#4212=VERTEX_POINT('',#8285);
#4213=VERTEX_POINT('',#8287);
#4214=VERTEX_POINT('',#8292);
#4215=VERTEX_POINT('',#8295);
#4216=VERTEX_POINT('',#8299);
#4217=VERTEX_POINT('',#8300);
#4218=VERTEX_POINT('',#8302);
#4219=VERTEX_POINT('',#8304);
#4220=VERTEX_POINT('',#8307);
#4221=VERTEX_POINT('',#8308);
#4222=VERTEX_POINT('',#8310);
#4223=VERTEX_POINT('',#8312);
#4224=VERTEX_POINT('',#8315);
#4225=VERTEX_POINT('',#8316);
#4226=VERTEX_POINT('',#8319);
#4227=VERTEX_POINT('',#8321);
#4228=VERTEX_POINT('',#8324);
#4229=VERTEX_POINT('',#8326);
#4230=VERTEX_POINT('',#8328);
#4231=VERTEX_POINT('',#8330);
#4232=VERTEX_POINT('',#8332);
#4233=VERTEX_POINT('',#8334);
#4234=VERTEX_POINT('',#8336);
#4235=VERTEX_POINT('',#8338);
#4236=VERTEX_POINT('',#8340);
#4237=VERTEX_POINT('',#8342);
#4238=VERTEX_POINT('',#8344);
#4239=VERTEX_POINT('',#8346);
#4240=VERTEX_POINT('',#8348);
#4241=VERTEX_POINT('',#8350);
#4242=VERTEX_POINT('',#8352);
#4243=VERTEX_POINT('',#8354);
#4244=VERTEX_POINT('',#8356);
#4245=VERTEX_POINT('',#8358);
#4246=VERTEX_POINT('',#8360);
#4247=VERTEX_POINT('',#8363);
#4248=VERTEX_POINT('',#8365);
#4249=VERTEX_POINT('',#8372);
#4250=VERTEX_POINT('',#8377);
#4251=VERTEX_POINT('',#8379);
#4252=VERTEX_POINT('',#8387);
#4253=VERTEX_POINT('',#8389);
#4254=VERTEX_POINT('',#8402);
#4255=VERTEX_POINT('',#8410);
#4256=VERTEX_POINT('',#8415);
#4257=VERTEX_POINT('',#8420);
#4258=VERTEX_POINT('',#8425);
#4259=VERTEX_POINT('',#8429);
#4260=VERTEX_POINT('',#8431);
#4261=VERTEX_POINT('',#8435);
#4262=VERTEX_POINT('',#8437);
#4263=VERTEX_POINT('',#8444);
#4264=VERTEX_POINT('',#8445);
#4265=VERTEX_POINT('',#8451);
#4266=VERTEX_POINT('',#8453);
#4267=VERTEX_POINT('',#8455);
#4268=VERTEX_POINT('',#8457);
#4269=VERTEX_POINT('',#8462);
#4270=VERTEX_POINT('',#8473);
#4271=VERTEX_POINT('',#8475);
#4272=VERTEX_POINT('',#8477);
#4273=VERTEX_POINT('',#8479);
#4274=VERTEX_POINT('',#8483);
#4275=VERTEX_POINT('',#8485);
#4276=VERTEX_POINT('',#8489);
#4277=VERTEX_POINT('',#8490);
#4278=VERTEX_POINT('',#8495);
#4279=VERTEX_POINT('',#8496);
#4280=VERTEX_POINT('',#8498);
#4281=VERTEX_POINT('',#8500);
#4282=VERTEX_POINT('',#8504);
#4283=VERTEX_POINT('',#8505);
#4284=VERTEX_POINT('',#8507);
#4285=VERTEX_POINT('',#8509);
#4286=VERTEX_POINT('',#8513);
#4287=VERTEX_POINT('',#8515);
#4288=VERTEX_POINT('',#8519);
#4289=VERTEX_POINT('',#8520);
#4290=VERTEX_POINT('',#8528);
#4291=VERTEX_POINT('',#8532);
#4292=VERTEX_POINT('',#8533);
#4293=VERTEX_POINT('',#8535);
#4294=VERTEX_POINT('',#8540);
#4295=VERTEX_POINT('',#8544);
#4296=VERTEX_POINT('',#8546);
#4297=VERTEX_POINT('',#8548);
#4298=VERTEX_POINT('',#8555);
#4299=VERTEX_POINT('',#8560);
#4300=VERTEX_POINT('',#8562);
#4301=VERTEX_POINT('',#8566);
#4302=VERTEX_POINT('',#8567);
#4303=VERTEX_POINT('',#8575);
#4304=VERTEX_POINT('',#8577);
#4305=VERTEX_POINT('',#8585);
#4306=VERTEX_POINT('',#8587);
#4307=VERTEX_POINT('',#8591);
#4308=VERTEX_POINT('',#8592);
#4309=VERTEX_POINT('',#8600);
#4310=VERTEX_POINT('',#8602);
#4311=VERTEX_POINT('',#8610);
#4312=VERTEX_POINT('',#8612);
#4313=VERTEX_POINT('',#8623);
#4314=VERTEX_POINT('',#8633);
#4315=VERTEX_POINT('',#8636);
#4316=VERTEX_POINT('',#8639);
#4317=VERTEX_POINT('',#8642);
#4318=VERTEX_POINT('',#8644);
#4319=VERTEX_POINT('',#8655);
#4320=VERTEX_POINT('',#8657);
#4321=VERTEX_POINT('',#8661);
#4322=VERTEX_POINT('',#8668);
#4323=VERTEX_POINT('',#8672);
#4324=VERTEX_POINT('',#8674);
#4325=VERTEX_POINT('',#8676);
#4326=VERTEX_POINT('',#8681);
#4327=VERTEX_POINT('',#8683);
#4328=VERTEX_POINT('',#8691);
#4329=VERTEX_POINT('',#8693);
#4330=VERTEX_POINT('',#8697);
#4331=VERTEX_POINT('',#8702);
#4332=VERTEX_POINT('',#8704);
#4333=VERTEX_POINT('',#8708);
#4334=VERTEX_POINT('',#8709);
#4335=VERTEX_POINT('',#8711);
#4336=VERTEX_POINT('',#8713);
#4337=VERTEX_POINT('',#8717);
#4338=VERTEX_POINT('',#8719);
#4339=VERTEX_POINT('',#8723);
#4340=VERTEX_POINT('',#8725);
#4341=VERTEX_POINT('',#8732);
#4342=VERTEX_POINT('',#8739);
#4343=VERTEX_POINT('',#8740);
#4344=VERTEX_POINT('',#8743);
#4345=VERTEX_POINT('',#8745);
#4346=VERTEX_POINT('',#8750);
#4347=VERTEX_POINT('',#8754);
#4348=VERTEX_POINT('',#8756);
#4349=VERTEX_POINT('',#8764);
#4350=VERTEX_POINT('',#8769);
#4351=VERTEX_POINT('',#8770);
#4352=VERTEX_POINT('',#8775);
#4353=VERTEX_POINT('',#8779);
#4354=VERTEX_POINT('',#8792);
#4355=VERTEX_POINT('',#8793);
#4356=VERTEX_POINT('',#8799);
#4357=VERTEX_POINT('',#8803);
#4358=VERTEX_POINT('',#8804);
#4359=VERTEX_POINT('',#8806);
#4360=VERTEX_POINT('',#8811);
#4361=VERTEX_POINT('',#8815);
#4362=VERTEX_POINT('',#8817);
#4363=VERTEX_POINT('',#8819);
#4364=VERTEX_POINT('',#8833);
#4365=VERTEX_POINT('',#8834);
#4366=VERTEX_POINT('',#8839);
#4367=VERTEX_POINT('',#8843);
#4368=VERTEX_POINT('',#8850);
#4369=VERTEX_POINT('',#8852);
#4370=VERTEX_POINT('',#8856);
#4371=VERTEX_POINT('',#8860);
#4372=VERTEX_POINT('',#8867);
#4373=VERTEX_POINT('',#8869);
#4374=VERTEX_POINT('',#8889);
#4375=VERTEX_POINT('',#8893);
#4376=VERTEX_POINT('',#8914);
#4377=VERTEX_POINT('',#8919);
#4378=VERTEX_POINT('',#8933);
#4379=VERTEX_POINT('',#8935);
#4380=VERTEX_POINT('',#8937);
#4381=VERTEX_POINT('',#8940);
#4382=VERTEX_POINT('',#8944);
#4383=VERTEX_POINT('',#8946);
#4384=VERTEX_POINT('',#8948);
#4385=VERTEX_POINT('',#8953);
#4386=VERTEX_POINT('',#8963);
#4387=VERTEX_POINT('',#8970);
#4388=VERTEX_POINT('',#9022);
#4389=VERTEX_POINT('',#9023);
#4390=VERTEX_POINT('',#9031);
#4391=VERTEX_POINT('',#9033);
#4392=VERTEX_POINT('',#9125);
#4393=VERTEX_POINT('',#9127);
#4394=VERTEX_POINT('',#9146);
#4395=VERTEX_POINT('',#9148);
#4396=VERTEX_POINT('',#9152);
#4397=VERTEX_POINT('',#9153);
#4398=VERTEX_POINT('',#9155);
#4399=VERTEX_POINT('',#9164);
#4400=VERTEX_POINT('',#9175);
#4401=VERTEX_POINT('',#9176);
#4402=VERTEX_POINT('',#9178);
#4403=VERTEX_POINT('',#9180);
#4404=VERTEX_POINT('',#9203);
#4405=VERTEX_POINT('',#9207);
#4406=VERTEX_POINT('',#9222);
#4407=VERTEX_POINT('',#9230);
#4408=VERTEX_POINT('',#9277);
#4409=VERTEX_POINT('',#9278);
#4410=VERTEX_POINT('',#9283);
#4411=VERTEX_POINT('',#9285);
#4412=VERTEX_POINT('',#9289);
#4413=VERTEX_POINT('',#9291);
#4414=VERTEX_POINT('',#9296);
#4415=VERTEX_POINT('',#9300);
#4416=VERTEX_POINT('',#9302);
#4417=VERTEX_POINT('',#9306);
#4418=VERTEX_POINT('',#9308);
#4419=VERTEX_POINT('',#9316);
#4420=VERTEX_POINT('',#9319);
#4421=VERTEX_POINT('',#9323);
#4422=VERTEX_POINT('',#9325);
#4423=VERTEX_POINT('',#9334);
#4424=VERTEX_POINT('',#9338);
#4425=VERTEX_POINT('',#9342);
#4426=VERTEX_POINT('',#9346);
#4427=VERTEX_POINT('',#9361);
#4428=VERTEX_POINT('',#9383);
#4429=VERTEX_POINT('',#10035);
#4430=VERTEX_POINT('',#10036);
#4431=VERTEX_POINT('',#10038);
#4432=VERTEX_POINT('',#10042);
#4433=VERTEX_POINT('',#10055);
#4434=VERTEX_POINT('',#10057);
#4435=VERTEX_POINT('',#10072);
#4436=VERTEX_POINT('',#10074);
#4437=VERTEX_POINT('',#10089);
#4438=VERTEX_POINT('',#10091);
#4439=VERTEX_POINT('',#10106);
#4440=VERTEX_POINT('',#10108);
#4441=VERTEX_POINT('',#10123);
#4442=VERTEX_POINT('',#10125);
#4443=VERTEX_POINT('',#10140);
#4444=VERTEX_POINT('',#10142);
#4445=VERTEX_POINT('',#10155);
#4446=VERTEX_POINT('',#10159);
#4447=VERTEX_POINT('',#10163);
#4448=VERTEX_POINT('',#10174);
#4449=VERTEX_POINT('',#10187);
#4450=VERTEX_POINT('',#10200);
#4451=VERTEX_POINT('',#10213);
#4452=VERTEX_POINT('',#10219);
#4453=VERTEX_POINT('',#10230);
#4454=VERTEX_POINT('',#10243);
#4455=VERTEX_POINT('',#10256);
#4456=VERTEX_POINT('',#10288);
#4457=VERTEX_POINT('',#10290);
#4458=VERTEX_POINT('',#10294);
#4459=VERTEX_POINT('',#10298);
#4460=VERTEX_POINT('',#10302);
#4461=VERTEX_POINT('',#10306);
#4462=VERTEX_POINT('',#10317);
#4463=VERTEX_POINT('',#10330);
#4464=VERTEX_POINT('',#10336);
#4465=VERTEX_POINT('',#10340);
#4466=VERTEX_POINT('',#10344);
#4467=VERTEX_POINT('',#10355);
#4468=VERTEX_POINT('',#10361);
#4469=VERTEX_POINT('',#10365);
#4470=VERTEX_POINT('',#10372);
#4471=VERTEX_POINT('',#10374);
#4472=VERTEX_POINT('',#10378);
#4473=VERTEX_POINT('',#10382);
#4474=VERTEX_POINT('',#10386);
#4475=VERTEX_POINT('',#10390);
#4476=VERTEX_POINT('',#10394);
#4477=VERTEX_POINT('',#10398);
#4478=VERTEX_POINT('',#10402);
#4479=VERTEX_POINT('',#10406);
#4480=VERTEX_POINT('',#10410);
#4481=VERTEX_POINT('',#10414);
#4482=VERTEX_POINT('',#10418);
#4483=VERTEX_POINT('',#10425);
#4484=VERTEX_POINT('',#10427);
#4485=VERTEX_POINT('',#10431);
#4486=VERTEX_POINT('',#10435);
#4487=VERTEX_POINT('',#10439);
#4488=VERTEX_POINT('',#10443);
#4489=VERTEX_POINT('',#10454);
#4490=VERTEX_POINT('',#10467);
#4491=VERTEX_POINT('',#10473);
#4492=VERTEX_POINT('',#10477);
#4493=VERTEX_POINT('',#10481);
#4494=VERTEX_POINT('',#10492);
#4495=VERTEX_POINT('',#10498);
#4496=VERTEX_POINT('',#10502);
#4497=VERTEX_POINT('',#10518);
#4498=VERTEX_POINT('',#10519);
#4499=VERTEX_POINT('',#10521);
#4500=VERTEX_POINT('',#10525);
#4501=VERTEX_POINT('',#10538);
#4502=VERTEX_POINT('',#10540);
#4503=VERTEX_POINT('',#10555);
#4504=VERTEX_POINT('',#10557);
#4505=VERTEX_POINT('',#10563);
#4506=VERTEX_POINT('',#10565);
#4507=VERTEX_POINT('',#10569);
#4508=VERTEX_POINT('',#10571);
#4509=VERTEX_POINT('',#10582);
#4510=VERTEX_POINT('',#10586);
#4511=VERTEX_POINT('',#10597);
#4512=VERTEX_POINT('',#10610);
#4513=VERTEX_POINT('',#10616);
#4514=VERTEX_POINT('',#10627);
#4515=VERTEX_POINT('',#10640);
#4516=VERTEX_POINT('',#10653);
#4517=VERTEX_POINT('',#10659);
#4518=VERTEX_POINT('',#10663);
#4519=VERTEX_POINT('',#10674);
#4520=VERTEX_POINT('',#10687);
#4521=VERTEX_POINT('',#10700);
#4522=VERTEX_POINT('',#10713);
#4523=VERTEX_POINT('',#10726);
#4524=VERTEX_POINT('',#10732);
#4525=VERTEX_POINT('',#10762);
#4526=VERTEX_POINT('',#10764);
#4527=VERTEX_POINT('',#10768);
#4528=VERTEX_POINT('',#10779);
#4529=VERTEX_POINT('',#10792);
#4530=VERTEX_POINT('',#10805);
#4531=VERTEX_POINT('',#10818);
#4532=VERTEX_POINT('',#10824);
#4533=VERTEX_POINT('',#10835);
#4534=VERTEX_POINT('',#10848);
#4535=VERTEX_POINT('',#10861);
#4536=VERTEX_POINT('',#10867);
#4537=VERTEX_POINT('',#10878);
#4538=B_SPLINE_CURVE_WITH_KNOTS('',2,(#7641,#7642,#7643),.UNSPECIFIED.,
 .F.,.F.,(3,3),(0.,1.),.PIECEWISE_BEZIER_KNOTS.);
#4539=B_SPLINE_CURVE_WITH_KNOTS('',2,(#7646,#7647,#7648),.UNSPECIFIED.,
 .F.,.F.,(3,3),(0.,1.),.PIECEWISE_BEZIER_KNOTS.);
#4540=B_SPLINE_CURVE_WITH_KNOTS('',2,(#7652,#7653,#7654),.UNSPECIFIED.,
 .F.,.F.,(3,3),(0.,1.),.PIECEWISE_BEZIER_KNOTS.);
#4541=B_SPLINE_CURVE_WITH_KNOTS('',2,(#7656,#7657,#7658),.UNSPECIFIED.,
 .F.,.F.,(3,3),(0.,1.),.PIECEWISE_BEZIER_KNOTS.);
#4542=B_SPLINE_CURVE_WITH_KNOTS('',2,(#7660,#7661,#7662),.UNSPECIFIED.,
 .F.,.F.,(3,3),(0.,1.),.PIECEWISE_BEZIER_KNOTS.);
#4543=B_SPLINE_CURVE_WITH_KNOTS('',2,(#7664,#7665,#7666),.UNSPECIFIED.,
 .F.,.F.,(3,3),(0.,1.),.PIECEWISE_BEZIER_KNOTS.);
#4544=B_SPLINE_CURVE_WITH_KNOTS('',2,(#7668,#7669,#7670),.UNSPECIFIED.,
 .F.,.F.,(3,3),(0.,1.),.PIECEWISE_BEZIER_KNOTS.);
#4545=B_SPLINE_CURVE_WITH_KNOTS('',2,(#7676,#7677,#7678),.UNSPECIFIED.,
 .F.,.F.,(3,3),(0.,1.),.PIECEWISE_BEZIER_KNOTS.);
#4546=B_SPLINE_CURVE_WITH_KNOTS('',2,(#7680,#7681,#7682),.UNSPECIFIED.,
 .F.,.F.,(3,3),(0.,1.),.PIECEWISE_BEZIER_KNOTS.);
#4547=B_SPLINE_CURVE_WITH_KNOTS('',2,(#7684,#7685,#7686),.UNSPECIFIED.,
 .F.,.F.,(3,3),(0.,1.),.PIECEWISE_BEZIER_KNOTS.);
#4548=B_SPLINE_CURVE_WITH_KNOTS('',2,(#7690,#7691,#7692),.UNSPECIFIED.,
 .F.,.F.,(3,3),(0.,1.),.PIECEWISE_BEZIER_KNOTS.);
#4549=B_SPLINE_CURVE_WITH_KNOTS('',2,(#7694,#7695,#7696),.UNSPECIFIED.,
 .F.,.F.,(3,3),(0.,1.),.PIECEWISE_BEZIER_KNOTS.);
#4550=B_SPLINE_CURVE_WITH_KNOTS('',2,(#7723,#7724,#7725),.UNSPECIFIED.,
 .F.,.F.,(3,3),(0.,1.),.PIECEWISE_BEZIER_KNOTS.);
#4551=B_SPLINE_CURVE_WITH_KNOTS('',2,(#7728,#7729,#7730),.UNSPECIFIED.,
 .F.,.F.,(3,3),(0.,1.),.PIECEWISE_BEZIER_KNOTS.);
#4552=B_SPLINE_CURVE_WITH_KNOTS('',2,(#7732,#7733,#7734),.UNSPECIFIED.,
 .F.,.F.,(3,3),(0.,1.),.PIECEWISE_BEZIER_KNOTS.);
#4553=B_SPLINE_CURVE_WITH_KNOTS('',2,(#7736,#7737,#7738),.UNSPECIFIED.,
 .F.,.F.,(3,3),(0.,1.),.PIECEWISE_BEZIER_KNOTS.);
#4554=B_SPLINE_CURVE_WITH_KNOTS('',2,(#7740,#7741,#7742),.UNSPECIFIED.,
 .F.,.F.,(3,3),(0.,1.),.PIECEWISE_BEZIER_KNOTS.);
#4555=B_SPLINE_CURVE_WITH_KNOTS('',2,(#7746,#7747,#7748),.UNSPECIFIED.,
 .F.,.F.,(3,3),(0.,1.),.PIECEWISE_BEZIER_KNOTS.);
#4556=B_SPLINE_CURVE_WITH_KNOTS('',2,(#7750,#7751,#7752),.UNSPECIFIED.,
 .F.,.F.,(3,3),(0.,1.),.PIECEWISE_BEZIER_KNOTS.);
#4557=B_SPLINE_CURVE_WITH_KNOTS('',2,(#7754,#7755,#7756),.UNSPECIFIED.,
 .F.,.F.,(3,3),(0.,1.),.PIECEWISE_BEZIER_KNOTS.);
#4558=B_SPLINE_CURVE_WITH_KNOTS('',2,(#7758,#7759,#7760),.UNSPECIFIED.,
 .F.,.F.,(3,3),(0.,1.),.PIECEWISE_BEZIER_KNOTS.);
#4559=B_SPLINE_CURVE_WITH_KNOTS('',3,(#7778,#7779,#7780,#7781,#7782,#7783,
#7784),.UNSPECIFIED.,.F.,.F.,(4,1,1,1,4),(0.,0.00185805989126104,0.00371611978252209,
0.00557417967378313,0.00743223956504417),.UNSPECIFIED.);
#4560=B_SPLINE_CURVE_WITH_KNOTS('',3,(#7788,#7789,#7790,#7791,#7792),
 .UNSPECIFIED.,.F.,.F.,(4,1,4),(0.,0.00385850702657322,0.00771701405314644),
 .UNSPECIFIED.);
#4561=B_SPLINE_CURVE_WITH_KNOTS('',3,(#7800,#7801,#7802,#7803,#7804),
 .UNSPECIFIED.,.F.,.F.,(4,1,4),(0.,0.00385850702657323,0.00771701405314645),
 .UNSPECIFIED.);
#4562=B_SPLINE_CURVE_WITH_KNOTS('',3,(#7808,#7809,#7810,#7811,#7812,#7813,
#7814),.UNSPECIFIED.,.F.,.F.,(4,1,1,1,4),(0.,0.00185805989126104,0.00371611978252209,
0.00557417967378313,0.00743223956504417),.UNSPECIFIED.);
#4563=B_SPLINE_CURVE_WITH_KNOTS('',2,(#7860,#7861,#7862),.UNSPECIFIED.,
 .F.,.F.,(3,3),(0.,1.),.PIECEWISE_BEZIER_KNOTS.);
#4564=B_SPLINE_CURVE_WITH_KNOTS('',2,(#7870,#7871,#7872),.UNSPECIFIED.,
 .F.,.F.,(3,3),(0.,1.),.PIECEWISE_BEZIER_KNOTS.);
#4565=B_SPLINE_CURVE_WITH_KNOTS('',2,(#7874,#7875,#7876),.UNSPECIFIED.,
 .F.,.F.,(3,3),(0.,1.),.PIECEWISE_BEZIER_KNOTS.);
#4566=B_SPLINE_CURVE_WITH_KNOTS('',2,(#7894,#7895,#7896),.UNSPECIFIED.,
 .F.,.F.,(3,3),(0.,1.),.PIECEWISE_BEZIER_KNOTS.);
#4567=B_SPLINE_CURVE_WITH_KNOTS('',2,(#7904,#7905,#7906),.UNSPECIFIED.,
 .F.,.F.,(3,3),(0.,1.),.PIECEWISE_BEZIER_KNOTS.);
#4568=B_SPLINE_CURVE_WITH_KNOTS('',2,(#7908,#7909,#7910),.UNSPECIFIED.,
 .F.,.F.,(3,3),(0.,1.),.PIECEWISE_BEZIER_KNOTS.);
#4569=B_SPLINE_CURVE_WITH_KNOTS('',2,(#7924,#7925,#7926),.UNSPECIFIED.,
 .F.,.F.,(3,3),(0.,1.),.PIECEWISE_BEZIER_KNOTS.);
#4570=B_SPLINE_CURVE_WITH_KNOTS('',2,(#7930,#7931,#7932),.UNSPECIFIED.,
 .F.,.F.,(3,3),(0.,1.),.PIECEWISE_BEZIER_KNOTS.);
#4571=B_SPLINE_CURVE_WITH_KNOTS('',2,(#7934,#7935,#7936),.UNSPECIFIED.,
 .F.,.F.,(3,3),(0.,1.),.PIECEWISE_BEZIER_KNOTS.);
#4572=B_SPLINE_CURVE_WITH_KNOTS('',2,(#7938,#7939,#7940),.UNSPECIFIED.,
 .F.,.F.,(3,3),(0.,1.),.PIECEWISE_BEZIER_KNOTS.);
#4573=B_SPLINE_CURVE_WITH_KNOTS('',2,(#7944,#7945,#7946),.UNSPECIFIED.,
 .F.,.F.,(3,3),(0.,1.),.PIECEWISE_BEZIER_KNOTS.);
#4574=B_SPLINE_CURVE_WITH_KNOTS('',2,(#7948,#7949,#7950),.UNSPECIFIED.,
 .F.,.F.,(3,3),(0.,1.),.PIECEWISE_BEZIER_KNOTS.);
#4575=B_SPLINE_CURVE_WITH_KNOTS('',2,(#7952,#7953,#7954),.UNSPECIFIED.,
 .F.,.F.,(3,3),(0.,1.),.PIECEWISE_BEZIER_KNOTS.);
#4576=B_SPLINE_CURVE_WITH_KNOTS('',2,(#7956,#7957,#7958),.UNSPECIFIED.,
 .F.,.F.,(3,3),(0.,1.),.PIECEWISE_BEZIER_KNOTS.);
#4577=B_SPLINE_CURVE_WITH_KNOTS('',3,(#7962,#7963,#7964,#7965,#7966),
 .UNSPECIFIED.,.F.,.F.,(4,1,4),(0.,0.00187592345696006,0.00375184691392013),
 .UNSPECIFIED.);
#4578=B_SPLINE_CURVE_WITH_KNOTS('',3,(#7979,#7980,#7981,#7982,#7983),
 .UNSPECIFIED.,.F.,.F.,(4,1,4),(0.,0.00185632920591064,0.00371265841182128),
 .UNSPECIFIED.);
#4579=B_SPLINE_CURVE_WITH_KNOTS('',3,(#8029,#8030,#8031,#8032),
 .UNSPECIFIED.,.F.,.F.,(4,4),(0.,0.000339971118740683),.UNSPECIFIED.);
#4580=B_SPLINE_CURVE_WITH_KNOTS('',3,(#8192,#8193,#8194,#8195,#8196,#8197,
#8198,#8199,#8200,#8201),.UNSPECIFIED.,.F.,.F.,(4,1,1,1,1,1,1,4),(0.,0.00097512593479153,
0.00195025186958306,0.00390050373916612,0.00585075560874918,0.00780100747833224,
0.0117015112174984,0.0156020149566645),.UNSPECIFIED.);
#4581=B_SPLINE_CURVE_WITH_KNOTS('',3,(#8203,#8204,#8205,#8206),
 .UNSPECIFIED.,.F.,.F.,(4,4),(0.,0.00451333128682223),.UNSPECIFIED.);
#4582=B_SPLINE_CURVE_WITH_KNOTS('',3,(#8238,#8239,#8240,#8241),
 .UNSPECIFIED.,.F.,.F.,(4,4),(0.00219040511135438,0.0038764624052297),
 .UNSPECIFIED.);
#4583=B_SPLINE_CURVE_WITH_KNOTS('',3,(#8244,#8245,#8246,#8247),
 .UNSPECIFIED.,.F.,.F.,(4,4),(7.41074193791804E-18,8.56399885137297E-5),
 .UNSPECIFIED.);
#4584=B_SPLINE_CURVE_WITH_KNOTS('',3,(#8249,#8250,#8251,#8252),
 .UNSPECIFIED.,.F.,.F.,(4,4),(1.04344286185169E-5,0.000434302094391152),
 .UNSPECIFIED.);
#4585=B_SPLINE_CURVE_WITH_KNOTS('',3,(#8254,#8255,#8256,#8257,#8258,#8259,
#8260),.UNSPECIFIED.,.F.,.F.,(4,1,1,1,4),(0.,0.00237174205496182,0.00474348410992363,
0.00711522616488545,0.00948696821984726),.UNSPECIFIED.);
#4586=B_SPLINE_CURVE_WITH_KNOTS('',3,(#8262,#8263,#8264,#8265,#8266,#8267,
#8268,#8269,#8270,#8271,#8272),.UNSPECIFIED.,.F.,.F.,(4,1,1,1,1,1,1,1,4),
(0.,0.00414006393026037,0.00621009589539055,0.00828012786052074,0.0103501598256509,
0.0124201917907811,0.0144902237559113,0.0155252397384764,0.0165602557210415),
 .UNSPECIFIED.);
#4587=B_SPLINE_CURVE_WITH_KNOTS('',3,(#8276,#8277,#8278,#8279,#8280,#8281,
#8282),.UNSPECIFIED.,.F.,.F.,(4,1,1,1,4),(0.,0.00316301683452671,0.00632603366905343,
0.00948905050358015,0.0126520673381069),.UNSPECIFIED.);
#4588=B_SPLINE_CURVE_WITH_KNOTS('',3,(#8368,#8369,#8370,#8371),
 .UNSPECIFIED.,.F.,.F.,(4,4),(0.,0.00355135183328398),.UNSPECIFIED.);
#4589=B_SPLINE_CURVE_WITH_KNOTS('',3,(#8373,#8374,#8375,#8376),
 .UNSPECIFIED.,.F.,.F.,(4,4),(1.62962475354841E-17,0.00573819818716111),
 .UNSPECIFIED.);
#4590=B_SPLINE_CURVE_WITH_KNOTS('',3,(#8380,#8381,#8382,#8383,#8384,#8385,
#8386),.UNSPECIFIED.,.F.,.F.,(4,1,1,1,4),(0.,0.00316301683452672,0.00632603366905345,
0.00948905050358017,0.0126520673381069),.UNSPECIFIED.);
#4591=B_SPLINE_CURVE_WITH_KNOTS('',3,(#8390,#8391,#8392,#8393,#8394,#8395,
#8396,#8397,#8398,#8399,#8400,#8401),.UNSPECIFIED.,.F.,.F.,(4,1,1,1,1,1,
1,1,1,4),(0.,0.00103099976863617,0.00206199953727235,0.0041239990745447,
0.00618599861181705,0.0082479981490894,0.0103099976863617,0.0123719972236341,
0.0144339967609064,0.0164959962981788),.UNSPECIFIED.);
#4592=B_SPLINE_CURVE_WITH_KNOTS('',3,(#8403,#8404,#8405,#8406,#8407,#8408,
#8409),.UNSPECIFIED.,.F.,.F.,(4,1,1,1,4),(0.,0.0023655401700671,0.00473108034013419,
0.00709662051020129,0.00946216068026838),.UNSPECIFIED.);
#4593=B_SPLINE_CURVE_WITH_KNOTS('',3,(#8411,#8412,#8413,#8414),
 .UNSPECIFIED.,.F.,.F.,(4,4),(0.,0.00042386766577254),.UNSPECIFIED.);
#4594=B_SPLINE_CURVE_WITH_KNOTS('',3,(#8416,#8417,#8418,#8419),
 .UNSPECIFIED.,.F.,.F.,(4,4),(0.,8.56399885137964E-5),.UNSPECIFIED.);
#4595=B_SPLINE_CURVE_WITH_KNOTS('',3,(#8421,#8422,#8423,#8424),
 .UNSPECIFIED.,.F.,.F.,(4,4),(0.0021904051113544,0.00387646240522964),
 .UNSPECIFIED.);
#4596=B_SPLINE_CURVE_WITH_KNOTS('',3,(#8440,#8441,#8442,#8443),
 .UNSPECIFIED.,.F.,.F.,(4,4),(0.,0.00574393071047518),.UNSPECIFIED.);
#4597=B_SPLINE_CURVE_WITH_KNOTS('',3,(#8446,#8447,#8448,#8449),
 .UNSPECIFIED.,.F.,.F.,(4,4),(0.,0.0035826759028516),.UNSPECIFIED.);
#4598=B_SPLINE_CURVE_WITH_KNOTS('',3,(#8458,#8459,#8460,#8461),
 .UNSPECIFIED.,.F.,.F.,(4,4),(0.,0.00451333128682225),.UNSPECIFIED.);
#4599=B_SPLINE_CURVE_WITH_KNOTS('',3,(#8463,#8464,#8465,#8466,#8467,#8468,
#8469,#8470,#8471,#8472),.UNSPECIFIED.,.F.,.F.,(4,1,1,1,1,1,1,4),(0.,0.000975125934791506,
0.00195025186958301,0.00390050373916602,0.00585075560874904,0.00780100747833205,
0.0117015112174981,0.0156020149566641),.UNSPECIFIED.);
#4600=B_SPLINE_CURVE_WITH_KNOTS('',3,(#8522,#8523,#8524,#8525,#8526,#8527),
 .UNSPECIFIED.,.F.,.F.,(4,1,1,4),(0.00357299956087528,0.00514676229137294,
0.00593364365662177,0.0067205250218706),.UNSPECIFIED.);
#4601=B_SPLINE_CURVE_WITH_KNOTS('',3,(#8536,#8537,#8538,#8539),
 .UNSPECIFIED.,.F.,.F.,(4,4),(0.00234460063216853,0.00353089936040094),
 .UNSPECIFIED.);
#4602=B_SPLINE_CURVE_WITH_KNOTS('',3,(#8549,#8550,#8551,#8552),
 .UNSPECIFIED.,.F.,.F.,(4,4),(0.00260898098020909,0.00299071283275949),
 .UNSPECIFIED.);
#4603=B_SPLINE_CURVE_WITH_KNOTS('',3,(#8556,#8557,#8558,#8559),
 .UNSPECIFIED.,.F.,.F.,(4,4),(0.,0.000339971118740683),.UNSPECIFIED.);
#4604=B_SPLINE_CURVE_WITH_KNOTS('',3,(#8568,#8569,#8570,#8571,#8572,#8573,
#8574),.UNSPECIFIED.,.F.,.F.,(4,1,1,1,4),(0.,0.00124998360117949,0.00249996720235898,
0.00374995080353848,0.00499993440471797),.UNSPECIFIED.);
#4605=B_SPLINE_CURVE_WITH_KNOTS('',3,(#8578,#8579,#8580,#8581,#8582,#8583,
#8584),.UNSPECIFIED.,.F.,.F.,(4,1,1,1,4),(0.,0.00125392188154752,0.00250784376309504,
0.00376176564464255,0.00501568752619007),.UNSPECIFIED.);
#4606=B_SPLINE_CURVE_WITH_KNOTS('',3,(#8593,#8594,#8595,#8596,#8597,#8598,
#8599),.UNSPECIFIED.,.F.,.F.,(4,1,1,1,4),(0.,0.00124998360117949,0.00249996720235899,
0.00374995080353848,0.00499993440471797),.UNSPECIFIED.);
#4607=B_SPLINE_CURVE_WITH_KNOTS('',3,(#8603,#8604,#8605,#8606,#8607,#8608,
#8609),.UNSPECIFIED.,.F.,.F.,(4,1,1,1,4),(0.,0.00125392188154752,0.00250784376309504,
0.00376176564464256,0.00501568752619008),.UNSPECIFIED.);
#4608=B_SPLINE_CURVE_WITH_KNOTS('',3,(#8615,#8616,#8617,#8618,#8619,#8620,
#8621),.UNSPECIFIED.,.F.,.F.,(4,1,1,1,4),(0.,0.00148999541899588,0.00297999083799175,
0.00446998625698763,0.0059599816759835),.UNSPECIFIED.);
#4609=B_SPLINE_CURVE_WITH_KNOTS('',3,(#8625,#8626,#8627,#8628,#8629,#8630,
#8631),.UNSPECIFIED.,.F.,.F.,(4,1,1,1,4),(0.,0.00148999541899585,0.00297999083799169,
0.00446998625698754,0.00595998167598338),.UNSPECIFIED.);
#4610=B_SPLINE_CURVE_WITH_KNOTS('',3,(#8677,#8678,#8679,#8680),
 .UNSPECIFIED.,.F.,.F.,(4,4),(0.,0.000809571938133578),.UNSPECIFIED.);
#4611=B_SPLINE_CURVE_WITH_KNOTS('',3,(#8686,#8687,#8688,#8689),
 .UNSPECIFIED.,.F.,.F.,(4,4),(0.,0.00426320825136633),.UNSPECIFIED.);
#4612=B_SPLINE_CURVE_WITH_KNOTS('',3,(#8746,#8747,#8748,#8749),
 .UNSPECIFIED.,.F.,.F.,(4,4),(0.,0.000809571938133619),.UNSPECIFIED.);
#4613=B_SPLINE_CURVE_WITH_KNOTS('',3,(#8758,#8759,#8760,#8761),
 .UNSPECIFIED.,.F.,.F.,(4,4),(0.,0.00426319178082223),.UNSPECIFIED.);
#4614=B_SPLINE_CURVE_WITH_KNOTS('',3,(#8795,#8796,#8797,#8798),
 .UNSPECIFIED.,.F.,.F.,(4,4),(7.20484771055657E-18,0.000389879810994745),
 .UNSPECIFIED.);
#4615=B_SPLINE_CURVE_WITH_KNOTS('',3,(#8807,#8808,#8809,#8810),
 .UNSPECIFIED.,.F.,.F.,(4,4),(0.00233051389079854,0.00351648783656775),
 .UNSPECIFIED.);
#4616=B_SPLINE_CURVE_WITH_KNOTS('',3,(#8820,#8821,#8822,#8823,#8824,#8825),
 .UNSPECIFIED.,.F.,.F.,(4,1,1,4),(0.,0.000782256586660571,0.00156451317332114,
0.00312902634664228),.UNSPECIFIED.);
#4617=B_SPLINE_CURVE_WITH_KNOTS('',3,(#8872,#8873,#8874,#8875,#8876,#8877,
#8878,#8879,#8880,#8881,#8882,#8883,#8884,#8885,#8886,#8887,#8888),
 .UNSPECIFIED.,.F.,.F.,(4,1,1,1,1,1,1,1,1,1,1,1,1,1,4),(0.,0.0625,0.125,
0.1875,0.25,0.3125,0.375,0.5,0.625,0.6875,0.75,0.8125,0.875,0.9375,1.),
 .UNSPECIFIED.);
#4618=B_SPLINE_CURVE_WITH_KNOTS('',3,(#8894,#8895,#8896,#8897,#8898,#8899,
#8900,#8901,#8902,#8903,#8904,#8905,#8906,#8907,#8908,#8909,#8910),
 .UNSPECIFIED.,.F.,.F.,(4,1,1,1,1,1,1,1,1,1,1,1,1,1,4),(0.,0.0625,0.125,
0.1875,0.25,0.3125,0.375,0.5,0.625,0.6875,0.75,0.8125,0.875,0.9375,1.),
 .UNSPECIFIED.);
#4619=B_SPLINE_CURVE_WITH_KNOTS('',3,(#8964,#8965,#8966,#8967),
 .UNSPECIFIED.,.F.,.F.,(4,4),(0.,0.00525383961341644),.UNSPECIFIED.);
#4620=B_SPLINE_CURVE_WITH_KNOTS('',3,(#8973,#8974,#8975,#8976),
 .UNSPECIFIED.,.F.,.F.,(4,4),(0.,0.00525419148866047),.UNSPECIFIED.);
#4621=B_SPLINE_CURVE_WITH_KNOTS('',3,(#9005,#9006,#9007,#9008,#9009,#9010,
#9011),.UNSPECIFIED.,.F.,.F.,(4,1,1,1,4),(1.06272167402892E-16,0.00107308826368174,
0.00214617652736337,0.003219264791045,0.00429235305472663),
 .UNSPECIFIED.);
#4622=B_SPLINE_CURVE_WITH_KNOTS('',3,(#9012,#9013,#9014,#9015,#9016,#9017,
#9018),.UNSPECIFIED.,.F.,.F.,(4,1,1,1,4),(0.,0.00101308297546161,0.00202616595092322,
0.00303924892638483,0.00405233190184644),.UNSPECIFIED.);
#4623=B_SPLINE_CURVE_WITH_KNOTS('',3,(#9024,#9025,#9026,#9027,#9028,#9029,
#9030),.UNSPECIFIED.,.F.,.F.,(4,1,1,1,4),(0.,0.00151268711221928,0.00302537422443855,
0.00453806133665783,0.0060507484488771),.UNSPECIFIED.);
#4624=B_SPLINE_CURVE_WITH_KNOTS('',3,(#9043,#9044,#9045,#9046,#9047,#9048,
#9049,#9050,#9051,#9052,#9053),.UNSPECIFIED.,.F.,.F.,(4,1,1,1,1,1,1,1,4),
(-5.9999999979691E-8,0.00191479212802383,0.00382964425604764,0.00574449638407145,
0.00765934851209526,0.00957420064011907,0.0114890527681429,0.0134039048961667,
0.0153187570241905),.UNSPECIFIED.);
#4625=B_SPLINE_CURVE_WITH_KNOTS('',3,(#9054,#9055,#9056,#9057,#9058,#9059,
#9060,#9061,#9062,#9063,#9064),.UNSPECIFIED.,.F.,.F.,(4,1,1,1,1,1,1,1,4),
(-6.00000000045814E-8,0.00167830007417791,0.00335666014835583,0.00503502022253374,
0.00671338029671166,0.00839174037088958,0.0100701004450675,0.0117484605192454,
0.0134268205934233),.UNSPECIFIED.);
#4626=B_SPLINE_CURVE_WITH_KNOTS('',3,(#9089,#9090,#9091,#9092,#9093,#9094,
#9095,#9096),.UNSPECIFIED.,.F.,.F.,(4,1,1,1,1,4),(4.33680868994202E-19,
0.00100297354795752,0.00200594709591503,0.00250743386989379,0.00300892064387255,
0.00401189419183007),.UNSPECIFIED.);
#4627=B_SPLINE_CURVE_WITH_KNOTS('',3,(#9097,#9098,#9099,#9100,#9101,#9102,
#9103),.UNSPECIFIED.,.F.,.F.,(4,1,1,1,4),(1.55511936831168E-16,0.00106799936071942,
0.00213599872143869,0.00320399808215796,0.00427199744287722),
 .UNSPECIFIED.);
#4628=B_SPLINE_CURVE_WITH_KNOTS('',3,(#9113,#9114,#9115,#9116,#9117,#9118,
#9119,#9120,#9121,#9122,#9123,#9124),.UNSPECIFIED.,.F.,.F.,(4,1,1,1,1,1,
1,1,1,4),(-6.00000000059011E-8,0.00191251218511845,0.00286879827767768,
0.00382508437023691,0.00573765655535536,0.00765022874047382,0.00956280092559227,
0.0114753731107107,0.0133879452958292,0.0153005174809476),.UNSPECIFIED.);
#4629=B_SPLINE_CURVE_WITH_KNOTS('',3,(#9128,#9129,#9130,#9131,#9132,#9133,
#9134,#9135,#9136,#9137,#9138),.UNSPECIFIED.,.F.,.F.,(4,1,1,1,1,1,1,1,4),
(-6.00000000045815E-8,0.00162389596709383,0.00324785193418766,0.00487180790128149,
0.00649576386837532,0.00811971983546915,0.00974367580256298,0.0113676317696568,
0.0129915877367506),.UNSPECIFIED.);
#4630=B_SPLINE_CURVE_WITH_KNOTS('',3,(#9140,#9141,#9142,#9143,#9144,#9145),
 .UNSPECIFIED.,.F.,.F.,(4,1,1,4),(0.,0.00151241470644342,0.00302482941288683,
0.00604965882577366),.UNSPECIFIED.);
#4631=B_SPLINE_CURVE_WITH_KNOTS('',3,(#9156,#9157,#9158,#9159,#9160,#9161,
#9162,#9163),.UNSPECIFIED.,.F.,.F.,(4,1,1,1,1,4),(0.,0.00140974880135851,
0.00281949760271703,0.00422924640407554,0.0049341208047548,0.00563899520543405),
 .UNSPECIFIED.);
#4632=B_SPLINE_CURVE_WITH_KNOTS('',3,(#9167,#9168,#9169,#9170,#9171,#9172,
#9173,#9174),.UNSPECIFIED.,.F.,.F.,(4,1,1,1,1,4),(0.,0.00070409689853257,
0.00140819379706514,0.00281638759413028,0.00422458139119542,0.00563277518826056),
 .UNSPECIFIED.);
#4633=B_SPLINE_CURVE_WITH_KNOTS('',3,(#9218,#9219,#9220,#9221),
 .UNSPECIFIED.,.F.,.F.,(4,4),(0.,0.000408771511076869),.UNSPECIFIED.);
#4634=B_SPLINE_CURVE_WITH_KNOTS('',3,(#9231,#9232,#9233,#9234),
 .UNSPECIFIED.,.F.,.F.,(4,4),(0.,0.000408771511076699),.UNSPECIFIED.);
#4635=B_SPLINE_CURVE_WITH_KNOTS('',3,(#9237,#9238,#9239,#9240,#9241,#9242,
#9243),.UNSPECIFIED.,.F.,.F.,(4,1,1,1,4),(0.,0.00331009976600701,0.00662019953201401,
0.00993029929802102,0.013240399064028),.UNSPECIFIED.);
#4636=B_SPLINE_CURVE_WITH_KNOTS('',3,(#9256,#9257,#9258,#9259,#9260,#9261,
#9262),.UNSPECIFIED.,.F.,.F.,(4,1,1,1,4),(0.,0.003310099766007,0.006620199532014,
0.009930299298021,0.013240399064028),.UNSPECIFIED.);
#4637=B_SPLINE_CURVE_WITH_KNOTS('',3,(#9357,#9358,#9359,#9360),
 .UNSPECIFIED.,.F.,.F.,(4,4),(0.00155745116442789,0.00267257505095759),
 .UNSPECIFIED.);
#4638=B_SPLINE_CURVE_WITH_KNOTS('',3,(#9362,#9363,#9364,#9365,#9366,#9367,
#9368,#9369,#9370,#9371),.UNSPECIFIED.,.F.,.F.,(4,1,1,1,1,1,1,4),(0.,0.000210478548129151,
0.000420957096258302,0.000841914192516604,0.00126287128877491,0.00168382838503321,
0.00252574257754981,0.00336765677006642),.UNSPECIFIED.);
#4639=B_SPLINE_CURVE_WITH_KNOTS('',3,(#9373,#9374,#9375,#9376,#9377,#9378,
#9379,#9380,#9381,#9382),.UNSPECIFIED.,.F.,.F.,(4,1,1,1,1,1,1,4),(0.,0.000828264682372197,
0.00165652936474439,0.00207066170593049,0.00248479404711659,0.00289892638830269,
0.00310599255889574,0.00331305872948879),.UNSPECIFIED.);
#4640=B_SPLINE_CURVE_WITH_KNOTS('',3,(#9384,#9385,#9386,#9387),
 .UNSPECIFIED.,.F.,.F.,(4,4),(0.00155745116442785,0.00267257505095758),
 .UNSPECIFIED.);
#4641=B_SPLINE_CURVE_WITH_KNOTS('',3,(#9400,#9401,#9402,#9403),
 .UNSPECIFIED.,.F.,.F.,(4,4),(0.,0.00489097665012295),.UNSPECIFIED.);
#4642=B_SPLINE_CURVE_WITH_KNOTS('',3,(#9417,#9418,#9419,#9420),
 .UNSPECIFIED.,.F.,.F.,(4,4),(0.,0.00489163598304677),.UNSPECIFIED.);
#4643=B_SPLINE_CURVE_WITH_KNOTS('',3,(#9529,#9530,#9531,#9532,#9533),
 .UNSPECIFIED.,.F.,.F.,(4,1,4),(0.,0.00149696939371106,0.00299393878742212),
 .UNSPECIFIED.);
#4644=B_SPLINE_CURVE_WITH_KNOTS('',3,(#9659,#9660,#9661,#9662,#9663),
 .UNSPECIFIED.,.F.,.F.,(4,1,4),(0.,0.00149696939370881,0.00299393878741762),
 .UNSPECIFIED.);
#4645=B_SPLINE_CURVE_WITH_KNOTS('',3,(#9742,#9743,#9744,#9745,#9746,#9747,
#9748),.UNSPECIFIED.,.F.,.F.,(4,1,1,1,4),(0.,0.00164849824044044,0.00329699648088087,
0.00494549472132131,0.00659399296176174),.UNSPECIFIED.);
#4646=B_SPLINE_CURVE_WITH_KNOTS('',3,(#9781,#9782,#9783,#9784,#9785,#9786,
#9787),.UNSPECIFIED.,.F.,.F.,(4,1,1,1,4),(0.,0.00174466708885985,0.0034893341777197,
0.00523400126657955,0.0069786683554394),.UNSPECIFIED.);
#4647=B_SPLINE_CURVE_WITH_KNOTS('',3,(#9868,#9869,#9870,#9871,#9872,#9873,
#9874),.UNSPECIFIED.,.F.,.F.,(4,1,1,1,4),(0.,0.00164849824044043,0.00329699648088086,
0.0049454947213213,0.00659399296176173),.UNSPECIFIED.);
#4648=B_SPLINE_CURVE_WITH_KNOTS('',3,(#9907,#9908,#9909,#9910,#9911,#9912,
#9913),.UNSPECIFIED.,.F.,.F.,(4,1,1,1,4),(0.,0.00174466708885985,0.0034893341777197,
0.00523400126657955,0.0069786683554394),.UNSPECIFIED.);
#4649=B_SPLINE_CURVE_WITH_KNOTS('',3,(#9981,#9982,#9983,#9984,#9985),
 .UNSPECIFIED.,.F.,.F.,(4,1,4),(0.,0.00326669132027089,0.00653338264054178),
 .UNSPECIFIED.);
#4650=B_SPLINE_CURVE_WITH_KNOTS('',3,(#10002,#10003,#10004,#10005,#10006),
 .UNSPECIFIED.,.F.,.F.,(4,1,4),(0.,0.00326608851553238,0.00653217703106476),
 .UNSPECIFIED.);
#4651=B_SPLINE_CURVE_WITH_KNOTS('',2,(#10032,#10033,#10034),
 .UNSPECIFIED.,.F.,.F.,(3,3),(0.,1.),.PIECEWISE_BEZIER_KNOTS.);
#4652=B_SPLINE_CURVE_WITH_KNOTS('',2,(#10039,#10040,#10041),
 .UNSPECIFIED.,.F.,.F.,(3,3),(0.,1.),.PIECEWISE_BEZIER_KNOTS.);
#4653=B_SPLINE_CURVE_WITH_KNOTS('',2,(#10052,#10053,#10054),
 .UNSPECIFIED.,.F.,.F.,(3,3),(0.,1.),.PIECEWISE_BEZIER_KNOTS.);
#4654=B_SPLINE_CURVE_WITH_KNOTS('',2,(#10058,#10059,#10060),
 .UNSPECIFIED.,.F.,.F.,(3,3),(0.,1.),.PIECEWISE_BEZIER_KNOTS.);
#4655=B_SPLINE_CURVE_WITH_KNOTS('',2,(#10069,#10070,#10071),
 .UNSPECIFIED.,.F.,.F.,(3,3),(0.,1.),.PIECEWISE_BEZIER_KNOTS.);
#4656=B_SPLINE_CURVE_WITH_KNOTS('',2,(#10075,#10076,#10077),
 .UNSPECIFIED.,.F.,.F.,(3,3),(0.,1.),.PIECEWISE_BEZIER_KNOTS.);
#4657=B_SPLINE_CURVE_WITH_KNOTS('',2,(#10086,#10087,#10088),
 .UNSPECIFIED.,.F.,.F.,(3,3),(0.,1.),.PIECEWISE_BEZIER_KNOTS.);
#4658=B_SPLINE_CURVE_WITH_KNOTS('',2,(#10092,#10093,#10094),
 .UNSPECIFIED.,.F.,.F.,(3,3),(0.,1.),.PIECEWISE_BEZIER_KNOTS.);
#4659=B_SPLINE_CURVE_WITH_KNOTS('',2,(#10103,#10104,#10105),
 .UNSPECIFIED.,.F.,.F.,(3,3),(0.,1.),.PIECEWISE_BEZIER_KNOTS.);
#4660=B_SPLINE_CURVE_WITH_KNOTS('',2,(#10109,#10110,#10111),
 .UNSPECIFIED.,.F.,.F.,(3,3),(0.,1.),.PIECEWISE_BEZIER_KNOTS.);
#4661=B_SPLINE_CURVE_WITH_KNOTS('',2,(#10120,#10121,#10122),
 .UNSPECIFIED.,.F.,.F.,(3,3),(0.,1.),.PIECEWISE_BEZIER_KNOTS.);
#4662=B_SPLINE_CURVE_WITH_KNOTS('',2,(#10126,#10127,#10128),
 .UNSPECIFIED.,.F.,.F.,(3,3),(0.,1.),.PIECEWISE_BEZIER_KNOTS.);
#4663=B_SPLINE_CURVE_WITH_KNOTS('',2,(#10137,#10138,#10139),
 .UNSPECIFIED.,.F.,.F.,(3,3),(0.,1.),.PIECEWISE_BEZIER_KNOTS.);
#4664=B_SPLINE_CURVE_WITH_KNOTS('',2,(#10143,#10144,#10145),
 .UNSPECIFIED.,.F.,.F.,(3,3),(0.,1.),.PIECEWISE_BEZIER_KNOTS.);
#4665=B_SPLINE_CURVE_WITH_KNOTS('',2,(#10156,#10157,#10158),
 .UNSPECIFIED.,.F.,.F.,(3,3),(0.,1.),.PIECEWISE_BEZIER_KNOTS.);
#4666=B_SPLINE_CURVE_WITH_KNOTS('',2,(#10175,#10176,#10177),
 .UNSPECIFIED.,.F.,.F.,(3,3),(0.,1.),.PIECEWISE_BEZIER_KNOTS.);
#4667=B_SPLINE_CURVE_WITH_KNOTS('',2,(#10188,#10189,#10190),
 .UNSPECIFIED.,.F.,.F.,(3,3),(0.,1.),.PIECEWISE_BEZIER_KNOTS.);
#4668=B_SPLINE_CURVE_WITH_KNOTS('',2,(#10201,#10202,#10203),
 .UNSPECIFIED.,.F.,.F.,(3,3),(0.,1.),.PIECEWISE_BEZIER_KNOTS.);
#4669=B_SPLINE_CURVE_WITH_KNOTS('',2,(#10214,#10215,#10216),
 .UNSPECIFIED.,.F.,.F.,(3,3),(0.,1.),.PIECEWISE_BEZIER_KNOTS.);
#4670=B_SPLINE_CURVE_WITH_KNOTS('',2,(#10231,#10232,#10233),
 .UNSPECIFIED.,.F.,.F.,(3,3),(0.,1.),.PIECEWISE_BEZIER_KNOTS.);
#4671=B_SPLINE_CURVE_WITH_KNOTS('',2,(#10244,#10245,#10246),
 .UNSPECIFIED.,.F.,.F.,(3,3),(0.,1.),.PIECEWISE_BEZIER_KNOTS.);
#4672=B_SPLINE_CURVE_WITH_KNOTS('',2,(#10257,#10258,#10259),
 .UNSPECIFIED.,.F.,.F.,(3,3),(0.,1.),.PIECEWISE_BEZIER_KNOTS.);
#4673=B_SPLINE_CURVE_WITH_KNOTS('',2,(#10268,#10269,#10270),
 .UNSPECIFIED.,.F.,.F.,(3,3),(0.,1.),.PIECEWISE_BEZIER_KNOTS.);
#4674=B_SPLINE_CURVE_WITH_KNOTS('',2,(#10279,#10280,#10281),
 .UNSPECIFIED.,.F.,.F.,(3,3),(0.,1.),.PIECEWISE_BEZIER_KNOTS.);
#4675=B_SPLINE_CURVE_WITH_KNOTS('',2,(#10282,#10283,#10284),
 .UNSPECIFIED.,.F.,.F.,(3,3),(0.,1.),.PIECEWISE_BEZIER_KNOTS.);
#4676=B_SPLINE_CURVE_WITH_KNOTS('',2,(#10318,#10319,#10320),
 .UNSPECIFIED.,.F.,.F.,(3,3),(0.,1.),.PIECEWISE_BEZIER_KNOTS.);
#4677=B_SPLINE_CURVE_WITH_KNOTS('',2,(#10331,#10332,#10333),
 .UNSPECIFIED.,.F.,.F.,(3,3),(0.,1.),.PIECEWISE_BEZIER_KNOTS.);
#4678=B_SPLINE_CURVE_WITH_KNOTS('',2,(#10356,#10357,#10358),
 .UNSPECIFIED.,.F.,.F.,(3,3),(0.,1.),.PIECEWISE_BEZIER_KNOTS.);
#4679=B_SPLINE_CURVE_WITH_KNOTS('',2,(#10455,#10456,#10457),
 .UNSPECIFIED.,.F.,.F.,(3,3),(0.,1.),.PIECEWISE_BEZIER_KNOTS.);
#4680=B_SPLINE_CURVE_WITH_KNOTS('',2,(#10468,#10469,#10470),
 .UNSPECIFIED.,.F.,.F.,(3,3),(0.,1.),.PIECEWISE_BEZIER_KNOTS.);
#4681=B_SPLINE_CURVE_WITH_KNOTS('',2,(#10493,#10494,#10495),
 .UNSPECIFIED.,.F.,.F.,(3,3),(0.,1.),.PIECEWISE_BEZIER_KNOTS.);
#4682=B_SPLINE_CURVE_WITH_KNOTS('',2,(#10515,#10516,#10517),
 .UNSPECIFIED.,.F.,.F.,(3,3),(0.,1.),.PIECEWISE_BEZIER_KNOTS.);
#4683=B_SPLINE_CURVE_WITH_KNOTS('',2,(#10522,#10523,#10524),
 .UNSPECIFIED.,.F.,.F.,(3,3),(0.,1.),.PIECEWISE_BEZIER_KNOTS.);
#4684=B_SPLINE_CURVE_WITH_KNOTS('',2,(#10535,#10536,#10537),
 .UNSPECIFIED.,.F.,.F.,(3,3),(0.,1.),.PIECEWISE_BEZIER_KNOTS.);
#4685=B_SPLINE_CURVE_WITH_KNOTS('',2,(#10541,#10542,#10543),
 .UNSPECIFIED.,.F.,.F.,(3,3),(0.,1.),.PIECEWISE_BEZIER_KNOTS.);
#4686=B_SPLINE_CURVE_WITH_KNOTS('',2,(#10552,#10553,#10554),
 .UNSPECIFIED.,.F.,.F.,(3,3),(0.,1.),.PIECEWISE_BEZIER_KNOTS.);
#4687=B_SPLINE_CURVE_WITH_KNOTS('',2,(#10558,#10559,#10560),
 .UNSPECIFIED.,.F.,.F.,(3,3),(0.,1.),.PIECEWISE_BEZIER_KNOTS.);
#4688=B_SPLINE_CURVE_WITH_KNOTS('',2,(#10583,#10584,#10585),
 .UNSPECIFIED.,.F.,.F.,(3,3),(0.,1.),.PIECEWISE_BEZIER_KNOTS.);
#4689=B_SPLINE_CURVE_WITH_KNOTS('',2,(#10598,#10599,#10600),
 .UNSPECIFIED.,.F.,.F.,(3,3),(0.,1.),.PIECEWISE_BEZIER_KNOTS.);
#4690=B_SPLINE_CURVE_WITH_KNOTS('',2,(#10611,#10612,#10613),
 .UNSPECIFIED.,.F.,.F.,(3,3),(0.,1.),.PIECEWISE_BEZIER_KNOTS.);
#4691=B_SPLINE_CURVE_WITH_KNOTS('',2,(#10628,#10629,#10630),
 .UNSPECIFIED.,.F.,.F.,(3,3),(0.,1.),.PIECEWISE_BEZIER_KNOTS.);
#4692=B_SPLINE_CURVE_WITH_KNOTS('',2,(#10641,#10642,#10643),
 .UNSPECIFIED.,.F.,.F.,(3,3),(0.,1.),.PIECEWISE_BEZIER_KNOTS.);
#4693=B_SPLINE_CURVE_WITH_KNOTS('',2,(#10654,#10655,#10656),
 .UNSPECIFIED.,.F.,.F.,(3,3),(0.,1.),.PIECEWISE_BEZIER_KNOTS.);
#4694=B_SPLINE_CURVE_WITH_KNOTS('',2,(#10675,#10676,#10677),
 .UNSPECIFIED.,.F.,.F.,(3,3),(0.,1.),.PIECEWISE_BEZIER_KNOTS.);
#4695=B_SPLINE_CURVE_WITH_KNOTS('',2,(#10688,#10689,#10690),
 .UNSPECIFIED.,.F.,.F.,(3,3),(0.,1.),.PIECEWISE_BEZIER_KNOTS.);
#4696=B_SPLINE_CURVE_WITH_KNOTS('',2,(#10701,#10702,#10703),
 .UNSPECIFIED.,.F.,.F.,(3,3),(0.,1.),.PIECEWISE_BEZIER_KNOTS.);
#4697=B_SPLINE_CURVE_WITH_KNOTS('',2,(#10714,#10715,#10716),
 .UNSPECIFIED.,.F.,.F.,(3,3),(0.,1.),.PIECEWISE_BEZIER_KNOTS.);
#4698=B_SPLINE_CURVE_WITH_KNOTS('',2,(#10727,#10728,#10729),
 .UNSPECIFIED.,.F.,.F.,(3,3),(0.,1.),.PIECEWISE_BEZIER_KNOTS.);
#4699=B_SPLINE_CURVE_WITH_KNOTS('',2,(#10742,#10743,#10744),
 .UNSPECIFIED.,.F.,.F.,(3,3),(0.,1.),.PIECEWISE_BEZIER_KNOTS.);
#4700=B_SPLINE_CURVE_WITH_KNOTS('',2,(#10753,#10754,#10755),
 .UNSPECIFIED.,.F.,.F.,(3,3),(0.,1.),.PIECEWISE_BEZIER_KNOTS.);
#4701=B_SPLINE_CURVE_WITH_KNOTS('',2,(#10756,#10757,#10758),
 .UNSPECIFIED.,.F.,.F.,(3,3),(0.,1.),.PIECEWISE_BEZIER_KNOTS.);
#4702=B_SPLINE_CURVE_WITH_KNOTS('',2,(#10780,#10781,#10782),
 .UNSPECIFIED.,.F.,.F.,(3,3),(0.,1.),.PIECEWISE_BEZIER_KNOTS.);
#4703=B_SPLINE_CURVE_WITH_KNOTS('',2,(#10793,#10794,#10795),
 .UNSPECIFIED.,.F.,.F.,(3,3),(0.,1.),.PIECEWISE_BEZIER_KNOTS.);
#4704=B_SPLINE_CURVE_WITH_KNOTS('',2,(#10806,#10807,#10808),
 .UNSPECIFIED.,.F.,.F.,(3,3),(0.,1.),.PIECEWISE_BEZIER_KNOTS.);
#4705=B_SPLINE_CURVE_WITH_KNOTS('',2,(#10819,#10820,#10821),
 .UNSPECIFIED.,.F.,.F.,(3,3),(0.,1.),.PIECEWISE_BEZIER_KNOTS.);
#4706=B_SPLINE_CURVE_WITH_KNOTS('',2,(#10836,#10837,#10838),
 .UNSPECIFIED.,.F.,.F.,(3,3),(0.,1.),.PIECEWISE_BEZIER_KNOTS.);
#4707=B_SPLINE_CURVE_WITH_KNOTS('',2,(#10849,#10850,#10851),
 .UNSPECIFIED.,.F.,.F.,(3,3),(0.,1.),.PIECEWISE_BEZIER_KNOTS.);
#4708=B_SPLINE_CURVE_WITH_KNOTS('',2,(#10862,#10863,#10864),
 .UNSPECIFIED.,.F.,.F.,(3,3),(0.,1.),.PIECEWISE_BEZIER_KNOTS.);
#4709=B_SPLINE_CURVE_WITH_KNOTS('',2,(#10879,#10880,#10881),
 .UNSPECIFIED.,.F.,.F.,(3,3),(0.,1.),.PIECEWISE_BEZIER_KNOTS.);
#4710=EDGE_LOOP('',(#1387,#1388,#1389,#1390,#1391,#1392,#1393,#1394,#1395,
#1396,#1397,#1398,#1399,#1400,#1401,#1402));
#4711=EDGE_LOOP('',(#1403,#1404,#1405,#1406,#1407,#1408,#1409,#1410,#1411,
#1412,#1413,#1414,#1415));
#4712=EDGE_LOOP('',(#1416,#1417,#1418,#1419,#1420,#1421,#1422,#1423,#1424,
#1425,#1426));
#4713=EDGE_LOOP('',(#1427,#1428,#1429,#1430));
#4714=EDGE_LOOP('',(#1431,#1432,#1433,#1434,#1435,#1436,#1437,#1438,#1439,
#1440,#1441,#1442,#1443,#1444,#1445,#1446,#1447,#1448,#1449,#1450,#1451,
#1452));
#4715=EDGE_LOOP('',(#1453,#1454,#1455,#1456));
#4716=EDGE_LOOP('',(#1457,#1458,#1459,#1460));
#4717=EDGE_LOOP('',(#1461,#1462,#1463,#1464,#1465,#1466,#1467,#1468,#1469,
#1470,#1471,#1472,#1473,#1474));
#4718=EDGE_LOOP('',(#1475,#1476,#1477,#1478,#1479,#1480,#1481,#1482,#1483,
#1484,#1485,#1486,#1487,#1488));
#4719=EDGE_LOOP('',(#1489,#1490,#1491,#1492,#1493,#1494,#1495,#1496,#1497,
#1498,#1499,#1500,#1501));
#4720=EDGE_LOOP('',(#1502,#1503,#1504,#1505,#1506,#1507,#1508,#1509));
#4721=EDGE_LOOP('',(#1510,#1511,#1512,#1513,#1514,#1515,#1516,#1517));
#4722=EDGE_LOOP('',(#1518,#1519,#1520,#1521,#1522,#1523,#1524,#1525,#1526,
#1527,#1528,#1529));
#4723=EDGE_LOOP('',(#1530,#1531,#1532,#1533,#1534));
#4724=EDGE_LOOP('',(#1535,#1536,#1537,#1538));
#4725=EDGE_LOOP('',(#1539));
#4726=EDGE_LOOP('',(#1540,#1541,#1542,#1543));
#4727=EDGE_LOOP('',(#1544,#1545,#1546,#1547,#1548,#1549,#1550,#1551));
#4728=EDGE_LOOP('',(#1552,#1553,#1554,#1555,#1556,#1557,#1558,#1559));
#4729=EDGE_LOOP('',(#1560,#1561,#1562,#1563));
#4730=EDGE_LOOP('',(#1564,#1565,#1566,#1567));
#4731=EDGE_LOOP('',(#1568,#1569,#1570,#1571));
#4732=EDGE_LOOP('',(#1572,#1573,#1574,#1575));
#4733=EDGE_LOOP('',(#1576,#1577,#1578,#1579));
#4734=EDGE_LOOP('',(#1580,#1581,#1582,#1583,#1584,#1585));
#4735=EDGE_LOOP('',(#1586,#1587,#1588,#1589,#1590,#1591,#1592,#1593,#1594,
#1595,#1596,#1597,#1598,#1599,#1600,#1601,#1602,#1603,#1604,#1605,#1606,
#1607,#1608,#1609,#1610,#1611,#1612,#1613));
#4736=EDGE_LOOP('',(#1614,#1615,#1616,#1617,#1618,#1619,#1620,#1621,#1622,
#1623,#1624,#1625,#1626));
#4737=EDGE_LOOP('',(#1627,#1628,#1629,#1630,#1631,#1632,#1633,#1634,#1635,
#1636,#1637,#1638));
#4738=EDGE_LOOP('',(#1639,#1640,#1641,#1642,#1643,#1644,#1645,#1646,#1647,
#1648,#1649,#1650));
#4739=EDGE_LOOP('',(#1651,#1652,#1653,#1654,#1655,#1656));
#4740=EDGE_LOOP('',(#1657,#1658,#1659,#1660));
#4741=EDGE_LOOP('',(#1661,#1662,#1663,#1664));
#4742=EDGE_LOOP('',(#1665,#1666,#1667,#1668,#1669,#1670,#1671,#1672,#1673,
#1674,#1675,#1676,#1677,#1678,#1679,#1680,#1681,#1682,#1683,#1684,#1685,
#1686,#1687,#1688,#1689,#1690,#1691,#1692,#1693,#1694,#1695,#1696,#1697,
#1698));
#4743=EDGE_LOOP('',(#1699,#1700,#1701,#1702,#1703,#1704,#1705,#1706,#1707,
#1708,#1709,#1710));
#4744=EDGE_LOOP('',(#1711,#1712,#1713,#1714));
#4745=EDGE_LOOP('',(#1715,#1716,#1717,#1718));
#4746=EDGE_LOOP('',(#1719,#1720,#1721,#1722,#1723,#1724,#1725,#1726,#1727,
#1728,#1729,#1730,#1731));
#4747=EDGE_LOOP('',(#1732,#1733,#1734,#1735));
#4748=EDGE_LOOP('',(#1736,#1737,#1738,#1739));
#4749=EDGE_LOOP('',(#1740,#1741,#1742,#1743));
#4750=EDGE_LOOP('',(#1744,#1745,#1746,#1747));
#4751=EDGE_LOOP('',(#1748,#1749,#1750,#1751));
#4752=EDGE_LOOP('',(#1752,#1753,#1754,#1755,#1756));
#4753=EDGE_LOOP('',(#1757,#1758,#1759,#1760));
#4754=EDGE_LOOP('',(#1761,#1762,#1763,#1764,#1765));
#4755=EDGE_LOOP('',(#1766,#1767,#1768,#1769,#1770));
#4756=EDGE_LOOP('',(#1771,#1772,#1773,#1774,#1775,#1776));
#4757=EDGE_LOOP('',(#1777,#1778,#1779,#1780,#1781,#1782));
#4758=EDGE_LOOP('',(#1783,#1784));
#4759=EDGE_LOOP('',(#1785));
#4760=EDGE_LOOP('',(#1786,#1787));
#4761=EDGE_LOOP('',(#1788));
#4762=EDGE_LOOP('',(#1789,#1790,#1791,#1792,#1793,#1794,#1795,#1796,#1797,
#1798,#1799,#1800));
#4763=EDGE_LOOP('',(#1801,#1802,#1803,#1804));
#4764=EDGE_LOOP('',(#1805,#1806,#1807,#1808,#1809));
#4765=EDGE_LOOP('',(#1810,#1811,#1812,#1813,#1814));
#4766=EDGE_LOOP('',(#1815,#1816,#1817,#1818,#1819));
#4767=EDGE_LOOP('',(#1820,#1821,#1822,#1823,#1824,#1825));
#4768=EDGE_LOOP('',(#1826,#1827,#1828,#1829));
#4769=EDGE_LOOP('',(#1830,#1831,#1832,#1833,#1834));
#4770=EDGE_LOOP('',(#1835,#1836,#1837,#1838,#1839,#1840,#1841));
#4771=EDGE_LOOP('',(#1842,#1843,#1844,#1845,#1846,#1847));
#4772=EDGE_LOOP('',(#1848,#1849,#1850,#1851,#1852));
#4773=EDGE_LOOP('',(#1853,#1854,#1855,#1856));
#4774=EDGE_LOOP('',(#1857,#1858,#1859,#1860));
#4775=EDGE_LOOP('',(#1861,#1862,#1863,#1864));
#4776=EDGE_LOOP('',(#1865,#1866,#1867,#1868));
#4777=EDGE_LOOP('',(#1869,#1870,#1871,#1872));
#4778=EDGE_LOOP('',(#1873,#1874,#1875,#1876,#1877,#1878));
#4779=EDGE_LOOP('',(#1879,#1880,#1881,#1882));
#4780=EDGE_LOOP('',(#1883,#1884,#1885,#1886));
#4781=EDGE_LOOP('',(#1887,#1888,#1889,#1890));
#4782=EDGE_LOOP('',(#1891,#1892,#1893,#1894));
#4783=EDGE_LOOP('',(#1895,#1896,#1897,#1898,#1899,#1900,#1901));
#4784=EDGE_LOOP('',(#1902,#1903,#1904,#1905,#1906,#1907));
#4785=EDGE_LOOP('',(#1908,#1909,#1910,#1911,#1912));
#4786=EDGE_LOOP('',(#1913,#1914,#1915,#1916));
#4787=EDGE_LOOP('',(#1917,#1918,#1919,#1920));
#4788=EDGE_LOOP('',(#1921,#1922,#1923,#1924));
#4789=EDGE_LOOP('',(#1925,#1926,#1927,#1928));
#4790=EDGE_LOOP('',(#1929,#1930,#1931,#1932));
#4791=EDGE_LOOP('',(#1933,#1934,#1935,#1936));
#4792=EDGE_LOOP('',(#1937,#1938,#1939,#1940));
#4793=EDGE_LOOP('',(#1941,#1942,#1943,#1944,#1945,#1946,#1947,#1948,#1949));
#4794=EDGE_LOOP('',(#1950,#1951,#1952,#1953,#1954));
#4795=EDGE_LOOP('',(#1955,#1956,#1957,#1958));
#4796=EDGE_LOOP('',(#1959,#1960,#1961,#1962,#1963));
#4797=EDGE_LOOP('',(#1964,#1965,#1966,#1967,#1968,#1969,#1970,#1971,#1972));
#4798=EDGE_LOOP('',(#1973,#1974,#1975,#1976));
#4799=EDGE_LOOP('',(#1977,#1978,#1979,#1980));
#4800=EDGE_LOOP('',(#1981,#1982,#1983,#1984));
#4801=EDGE_LOOP('',(#1985));
#4802=EDGE_LOOP('',(#1986,#1987,#1988,#1989,#1990,#1991));
#4803=EDGE_LOOP('',(#1992,#1993,#1994,#1995));
#4804=EDGE_LOOP('',(#1996,#1997,#1998,#1999));
#4805=EDGE_LOOP('',(#2000,#2001,#2002,#2003));
#4806=EDGE_LOOP('',(#2004));
#4807=EDGE_LOOP('',(#2005,#2006,#2007,#2008,#2009,#2010));
#4808=EDGE_LOOP('',(#2011,#2012,#2013,#2014));
#4809=EDGE_LOOP('',(#2015,#2016,#2017,#2018,#2019,#2020,#2021,#2022,#2023,
#2024));
#4810=EDGE_LOOP('',(#2025,#2026,#2027,#2028));
#4811=EDGE_LOOP('',(#2029,#2030,#2031,#2032));
#4812=EDGE_LOOP('',(#2033,#2034,#2035,#2036,#2037,#2038,#2039,#2040));
#4813=EDGE_LOOP('',(#2041,#2042,#2043,#2044,#2045,#2046,#2047,#2048));
#4814=EDGE_LOOP('',(#2049,#2050,#2051,#2052));
#4815=EDGE_LOOP('',(#2053,#2054,#2055,#2056));
#4816=EDGE_LOOP('',(#2057,#2058,#2059,#2060));
#4817=EDGE_LOOP('',(#2061,#2062,#2063,#2064,#2065,#2066,#2067,#2068));
#4818=EDGE_LOOP('',(#2069));
#4819=EDGE_LOOP('',(#2070));
#4820=EDGE_LOOP('',(#2071,#2072,#2073,#2074));
#4821=EDGE_LOOP('',(#2075,#2076,#2077,#2078,#2079,#2080,#2081,#2082));
#4822=EDGE_LOOP('',(#2083,#2084,#2085,#2086));
#4823=EDGE_LOOP('',(#2087,#2088,#2089,#2090));
#4824=EDGE_LOOP('',(#2091,#2092,#2093,#2094,#2095));
#4825=EDGE_LOOP('',(#2096,#2097,#2098,#2099));
#4826=EDGE_LOOP('',(#2100,#2101,#2102,#2103,#2104));
#4827=EDGE_LOOP('',(#2105,#2106,#2107,#2108));
#4828=EDGE_LOOP('',(#2109,#2110,#2111,#2112));
#4829=EDGE_LOOP('',(#2113,#2114,#2115,#2116));
#4830=EDGE_LOOP('',(#2117,#2118,#2119,#2120,#2121,#2122,#2123,#2124,#2125,
#2126));
#4831=EDGE_LOOP('',(#2127,#2128,#2129,#2130));
#4832=EDGE_LOOP('',(#2131,#2132,#2133,#2134));
#4833=EDGE_LOOP('',(#2135,#2136,#2137,#2138));
#4834=EDGE_LOOP('',(#2139,#2140,#2141,#2142,#2143,#2144,#2145,#2146,#2147,
#2148));
#4835=EDGE_LOOP('',(#2149,#2150,#2151,#2152,#2153,#2154,#2155,#2156));
#4836=EDGE_LOOP('',(#2157,#2158,#2159,#2160));
#4837=EDGE_LOOP('',(#2161,#2162,#2163,#2164));
#4838=EDGE_LOOP('',(#2165,#2166,#2167,#2168));
#4839=EDGE_LOOP('',(#2169,#2170,#2171,#2172));
#4840=EDGE_LOOP('',(#2173,#2174,#2175,#2176));
#4841=EDGE_LOOP('',(#2177,#2178,#2179,#2180));
#4842=EDGE_LOOP('',(#2181,#2182,#2183,#2184));
#4843=EDGE_LOOP('',(#2185,#2186,#2187,#2188));
#4844=EDGE_LOOP('',(#2189,#2190,#2191,#2192));
#4845=EDGE_LOOP('',(#2193,#2194,#2195,#2196));
#4846=EDGE_LOOP('',(#2197,#2198,#2199,#2200));
#4847=EDGE_LOOP('',(#2201,#2202,#2203,#2204));
#4848=EDGE_LOOP('',(#2205,#2206,#2207,#2208));
#4849=EDGE_LOOP('',(#2209,#2210,#2211,#2212,#2213));
#4850=EDGE_LOOP('',(#2214,#2215,#2216,#2217));
#4851=EDGE_LOOP('',(#2218,#2219,#2220,#2221,#2222));
#4852=EDGE_LOOP('',(#2223,#2224,#2225,#2226));
#4853=EDGE_LOOP('',(#2227,#2228,#2229,#2230,#2231,#2232));
#4854=EDGE_LOOP('',(#2233,#2234,#2235,#2236));
#4855=EDGE_LOOP('',(#2237,#2238,#2239,#2240));
#4856=EDGE_LOOP('',(#2241,#2242,#2243,#2244,#2245));
#4857=EDGE_LOOP('',(#2246,#2247,#2248,#2249,#2250,#2251));
#4858=EDGE_LOOP('',(#2252,#2253,#2254,#2255,#2256));
#4859=EDGE_LOOP('',(#2257,#2258,#2259,#2260,#2261,#2262));
#4860=EDGE_LOOP('',(#2263,#2264,#2265,#2266,#2267));
#4861=EDGE_LOOP('',(#2268,#2269,#2270,#2271,#2272,#2273,#2274,#2275,#2276,
#2277,#2278,#2279));
#4862=EDGE_LOOP('',(#2280,#2281,#2282,#2283,#2284));
#4863=EDGE_LOOP('',(#2285,#2286,#2287,#2288,#2289,#2290));
#4864=EDGE_LOOP('',(#2291,#2292,#2293,#2294));
#4865=EDGE_LOOP('',(#2295,#2296,#2297,#2298));
#4866=EDGE_LOOP('',(#2299,#2300,#2301,#2302));
#4867=EDGE_LOOP('',(#2303,#2304,#2305,#2306));
#4868=EDGE_LOOP('',(#2307,#2308,#2309,#2310));
#4869=EDGE_LOOP('',(#2311,#2312,#2313,#2314));
#4870=EDGE_LOOP('',(#2315,#2316,#2317,#2318));
#4871=EDGE_LOOP('',(#2319,#2320,#2321,#2322));
#4872=EDGE_LOOP('',(#2323,#2324,#2325,#2326));
#4873=EDGE_LOOP('',(#2327,#2328,#2329,#2330));
#4874=EDGE_LOOP('',(#2331,#2332,#2333,#2334));
#4875=EDGE_LOOP('',(#2335,#2336,#2337,#2338));
#4876=EDGE_LOOP('',(#2339,#2340,#2341,#2342));
#4877=EDGE_LOOP('',(#2343,#2344,#2345,#2346));
#4878=EDGE_LOOP('',(#2347,#2348,#2349,#2350));
#4879=EDGE_LOOP('',(#2351,#2352,#2353,#2354));
#4880=EDGE_LOOP('',(#2355,#2356,#2357,#2358,#2359,#2360));
#4881=EDGE_LOOP('',(#2361,#2362,#2363,#2364,#2365,#2366));
#4882=EDGE_LOOP('',(#2367,#2368,#2369,#2370));
#4883=EDGE_LOOP('',(#2371,#2372,#2373,#2374));
#4884=EDGE_LOOP('',(#2375,#2376,#2377,#2378,#2379,#2380,#2381,#2382));
#4885=EDGE_LOOP('',(#2383));
#4886=EDGE_LOOP('',(#2384,#2385,#2386,#2387));
#4887=EDGE_LOOP('',(#2388,#2389,#2390,#2391,#2392,#2393));
#4888=EDGE_LOOP('',(#2394,#2395,#2396,#2397,#2398,#2399,#2400,#2401));
#4889=EDGE_LOOP('',(#2402,#2403,#2404,#2405));
#4890=EDGE_LOOP('',(#2406,#2407,#2408,#2409));
#4891=EDGE_LOOP('',(#2410,#2411,#2412,#2413,#2414,#2415));
#4892=EDGE_LOOP('',(#2416));
#4893=EDGE_LOOP('',(#2417));
#4894=EDGE_LOOP('',(#2418));
#4895=EDGE_LOOP('',(#2419));
#4896=EDGE_LOOP('',(#2420));
#4897=EDGE_LOOP('',(#2421));
#4898=EDGE_LOOP('',(#2422));
#4899=EDGE_LOOP('',(#2423));
#4900=EDGE_LOOP('',(#2424));
#4901=EDGE_LOOP('',(#2425));
#4902=EDGE_LOOP('',(#2426));
#4903=EDGE_LOOP('',(#2427));
#4904=EDGE_LOOP('',(#2428,#2429,#2430,#2431));
#4905=EDGE_LOOP('',(#2432,#2433,#2434,#2435));
#4906=EDGE_LOOP('',(#2436,#2437,#2438,#2439));
#4907=EDGE_LOOP('',(#2440,#2441,#2442,#2443));
#4908=EDGE_LOOP('',(#2444,#2445,#2446,#2447,#2448));
#4909=EDGE_LOOP('',(#2449,#2450,#2451,#2452,#2453));
#4910=EDGE_LOOP('',(#2454,#2455,#2456,#2457,#2458));
#4911=EDGE_LOOP('',(#2459,#2460,#2461,#2462,#2463));
#4912=EDGE_LOOP('',(#2464,#2465,#2466,#2467));
#4913=EDGE_LOOP('',(#2468,#2469,#2470));
#4914=EDGE_LOOP('',(#2471,#2472,#2473,#2474));
#4915=EDGE_LOOP('',(#2475,#2476,#2477,#2478));
#4916=EDGE_LOOP('',(#2479,#2480,#2481,#2482));
#4917=EDGE_LOOP('',(#2483,#2484,#2485,#2486));
#4918=EDGE_LOOP('',(#2487,#2488,#2489,#2490));
#4919=EDGE_LOOP('',(#2491,#2492,#2493));
#4920=EDGE_LOOP('',(#2494,#2495,#2496,#2497));
#4921=EDGE_LOOP('',(#2498,#2499,#2500,#2501));
#4922=EDGE_LOOP('',(#2502,#2503,#2504,#2505));
#4923=EDGE_LOOP('',(#2506,#2507,#2508,#2509));
#4924=EDGE_LOOP('',(#2510,#2511,#2512,#2513));
#4925=EDGE_LOOP('',(#2514,#2515,#2516,#2517));
#4926=EDGE_LOOP('',(#2518,#2519,#2520,#2521));
#4927=EDGE_LOOP('',(#2522,#2523,#2524));
#4928=EDGE_LOOP('',(#2525,#2526,#2527,#2528));
#4929=EDGE_LOOP('',(#2529,#2530,#2531,#2532));
#4930=EDGE_LOOP('',(#2533,#2534,#2535));
#4931=EDGE_LOOP('',(#2536,#2537,#2538,#2539));
#4932=EDGE_LOOP('',(#2540,#2541,#2542,#2543));
#4933=EDGE_LOOP('',(#2544,#2545,#2546));
#4934=EDGE_LOOP('',(#2547,#2548,#2549,#2550));
#4935=EDGE_LOOP('',(#2551,#2552,#2553,#2554));
#4936=EDGE_LOOP('',(#2555,#2556,#2557));
#4937=EDGE_LOOP('',(#2558,#2559,#2560,#2561));
#4938=EDGE_LOOP('',(#2562,#2563,#2564,#2565));
#4939=EDGE_LOOP('',(#2566,#2567,#2568,#2569));
#4940=EDGE_LOOP('',(#2570,#2571,#2572,#2573));
#4941=EDGE_LOOP('',(#2574,#2575,#2576,#2577,#2578,#2579));
#4942=EDGE_LOOP('',(#2580,#2581,#2582,#2583));
#4943=EDGE_LOOP('',(#2584,#2585,#2586,#2587,#2588,#2589));
#4944=EDGE_LOOP('',(#2590,#2591,#2592,#2593));
#4945=EDGE_LOOP('',(#2594,#2595,#2596,#2597,#2598,#2599));
#4946=EDGE_LOOP('',(#2600,#2601,#2602,#2603));
#4947=EDGE_LOOP('',(#2604,#2605,#2606,#2607));
#4948=EDGE_LOOP('',(#2608,#2609,#2610,#2611));
#4949=EDGE_LOOP('',(#2612,#2613,#2614,#2615));
#4950=EDGE_LOOP('',(#2616,#2617,#2618,#2619));
#4951=EDGE_LOOP('',(#2620,#2621,#2622,#2623));
#4952=EDGE_LOOP('',(#2624,#2625,#2626,#2627));
#4953=EDGE_LOOP('',(#2628,#2629,#2630,#2631));
#4954=EDGE_LOOP('',(#2632,#2633,#2634,#2635));
#4955=EDGE_LOOP('',(#2636,#2637,#2638,#2639));
#4956=EDGE_LOOP('',(#2640,#2641,#2642,#2643));
#4957=EDGE_LOOP('',(#2644,#2645,#2646,#2647));
#4958=EDGE_LOOP('',(#2648,#2649,#2650,#2651));
#4959=EDGE_LOOP('',(#2652,#2653,#2654,#2655));
#4960=EDGE_LOOP('',(#2656,#2657,#2658,#2659));
#4961=EDGE_LOOP('',(#2660,#2661,#2662,#2663));
#4962=EDGE_LOOP('',(#2664,#2665,#2666,#2667));
#4963=EDGE_LOOP('',(#2668,#2669,#2670,#2671));
#4964=EDGE_LOOP('',(#2672,#2673,#2674,#2675));
#4965=EDGE_LOOP('',(#2676,#2677,#2678,#2679));
#4966=EDGE_LOOP('',(#2680,#2681,#2682,#2683));
#4967=EDGE_LOOP('',(#2684,#2685,#2686,#2687));
#4968=EDGE_LOOP('',(#2688,#2689,#2690,#2691));
#4969=EDGE_LOOP('',(#2692,#2693,#2694,#2695));
#4970=EDGE_LOOP('',(#2696,#2697,#2698,#2699));
#4971=EDGE_LOOP('',(#2700,#2701,#2702,#2703,#2704,#2705,#2706,#2707,#2708,
#2709,#2710));
#4972=EDGE_LOOP('',(#2711,#2712,#2713,#2714,#2715,#2716,#2717,#2718));
#4973=EDGE_LOOP('',(#2719,#2720,#2721,#2722));
#4974=EDGE_LOOP('',(#2723,#2724,#2725,#2726));
#4975=EDGE_LOOP('',(#2727,#2728,#2729,#2730));
#4976=EDGE_LOOP('',(#2731,#2732,#2733,#2734));
#4977=EDGE_LOOP('',(#2735,#2736,#2737,#2738));
#4978=EDGE_LOOP('',(#2739,#2740,#2741,#2742));
#4979=EDGE_LOOP('',(#2743,#2744,#2745,#2746));
#4980=EDGE_LOOP('',(#2747,#2748,#2749,#2750));
#4981=EDGE_LOOP('',(#2751,#2752,#2753,#2754));
#4982=EDGE_LOOP('',(#2755,#2756,#2757,#2758));
#4983=EDGE_LOOP('',(#2759,#2760,#2761,#2762));
#4984=EDGE_LOOP('',(#2763,#2764,#2765,#2766));
#4985=EDGE_LOOP('',(#2767,#2768,#2769,#2770));
#4986=EDGE_LOOP('',(#2771,#2772,#2773,#2774));
#4987=EDGE_LOOP('',(#2775,#2776,#2777,#2778,#2779,#2780,#2781,#2782,#2783,
#2784,#2785,#2786,#2787,#2788));
#4988=EDGE_LOOP('',(#2789,#2790,#2791,#2792));
#4989=EDGE_LOOP('',(#2793,#2794,#2795,#2796));
#4990=EDGE_LOOP('',(#2797,#2798,#2799,#2800));
#4991=EDGE_LOOP('',(#2801,#2802,#2803,#2804));
#4992=EDGE_LOOP('',(#2805,#2806,#2807,#2808));
#4993=EDGE_LOOP('',(#2809,#2810,#2811,#2812));
#4994=EDGE_LOOP('',(#2813,#2814,#2815,#2816));
#4995=EDGE_LOOP('',(#2817,#2818,#2819,#2820));
#4996=EDGE_LOOP('',(#2821,#2822,#2823,#2824));
#4997=EDGE_LOOP('',(#2825,#2826,#2827,#2828));
#4998=EDGE_LOOP('',(#2829,#2830,#2831,#2832));
#4999=EDGE_LOOP('',(#2833,#2834,#2835,#2836));
#5000=EDGE_LOOP('',(#2837,#2838,#2839,#2840));
#5001=EDGE_LOOP('',(#2841,#2842,#2843,#2844,#2845,#2846,#2847,#2848,#2849,
#2850,#2851,#2852,#2853));
#5002=EDGE_LOOP('',(#2854,#2855,#2856,#2857));
#5003=EDGE_LOOP('',(#2858,#2859,#2860,#2861));
#5004=EDGE_LOOP('',(#2862,#2863,#2864,#2865));
#5005=EDGE_LOOP('',(#2866,#2867,#2868,#2869));
#5006=EDGE_LOOP('',(#2870,#2871,#2872,#2873));
#5007=EDGE_LOOP('',(#2874,#2875,#2876,#2877));
#5008=EDGE_LOOP('',(#2878,#2879,#2880,#2881));
#5009=EDGE_LOOP('',(#2882,#2883,#2884,#2885));
#5010=EDGE_LOOP('',(#2886,#2887,#2888,#2889));
#5011=EDGE_LOOP('',(#2890,#2891,#2892,#2893));
#5012=EDGE_LOOP('',(#2894,#2895,#2896,#2897));
#5013=EDGE_LOOP('',(#2898,#2899,#2900,#2901));
#5014=EDGE_LOOP('',(#2902,#2903,#2904,#2905));
#5015=EDGE_LOOP('',(#2906,#2907,#2908,#2909));
#5016=EDGE_LOOP('',(#2910,#2911,#2912,#2913,#2914,#2915,#2916,#2917,#2918,
#2919,#2920,#2921,#2922,#2923));
#5017=EDGE_LOOP('',(#2924,#2925,#2926,#2927));
#5018=EDGE_LOOP('',(#2928,#2929,#2930,#2931));
#5019=EDGE_LOOP('',(#2932,#2933,#2934,#2935));
#5020=EDGE_LOOP('',(#2936,#2937,#2938,#2939));
#5021=EDGE_LOOP('',(#2940,#2941,#2942,#2943));
#5022=EDGE_LOOP('',(#2944,#2945,#2946,#2947));
#5023=EDGE_LOOP('',(#2948,#2949,#2950,#2951));
#5024=EDGE_LOOP('',(#2952,#2953,#2954,#2955));
#5025=EDGE_LOOP('',(#2956,#2957,#2958,#2959));
#5026=EDGE_LOOP('',(#2960,#2961,#2962,#2963));
#5027=EDGE_LOOP('',(#2964,#2965,#2966,#2967));
#5028=EDGE_LOOP('',(#2968,#2969,#2970,#2971));
#5029=EDGE_LOOP('',(#2972,#2973,#2974,#2975));
#5030=EDGE_LOOP('',(#2976,#2977,#2978,#2979));
#5031=EDGE_LOOP('',(#2980,#2981,#2982,#2983));
#5032=EDGE_LOOP('',(#2984,#2985,#2986,#2987));
#5033=EDGE_LOOP('',(#2988,#2989,#2990,#2991));
#5034=EDGE_LOOP('',(#2992,#2993,#2994,#2995));
#5035=EDGE_LOOP('',(#2996,#2997,#2998,#2999));
#5036=EDGE_LOOP('',(#3000,#3001,#3002,#3003));
#5037=EDGE_LOOP('',(#3004,#3005,#3006,#3007));
#5038=EDGE_LOOP('',(#3008,#3009,#3010,#3011));
#5039=EDGE_LOOP('',(#3012,#3013,#3014,#3015,#3016,#3017,#3018,#3019,#3020,
#3021,#3022,#3023,#3024,#3025,#3026,#3027));
#5040=EDGE_LOOP('',(#3028,#3029,#3030,#3031,#3032,#3033));
#5041=EDGE_LOOP('',(#3034,#3035,#3036,#3037));
#5042=EDGE_LOOP('',(#3038,#3039,#3040,#3041));
#5043=EDGE_LOOP('',(#3042,#3043,#3044,#3045));
#5044=EDGE_LOOP('',(#3046,#3047,#3048,#3049));
#5045=EDGE_LOOP('',(#3050,#3051,#3052,#3053));
#5046=EDGE_LOOP('',(#3054,#3055,#3056,#3057));
#5047=EDGE_LOOP('',(#3058,#3059,#3060,#3061));
#5048=EDGE_LOOP('',(#3062,#3063,#3064,#3065));
#5049=EDGE_LOOP('',(#3066,#3067,#3068,#3069));
#5050=EDGE_LOOP('',(#3070,#3071,#3072,#3073));
#5051=EDGE_LOOP('',(#3074,#3075,#3076,#3077));
#5052=EDGE_LOOP('',(#3078,#3079,#3080,#3081));
#5053=EDGE_LOOP('',(#3082,#3083,#3084,#3085));
#5054=EDGE_LOOP('',(#3086,#3087,#3088,#3089,#3090,#3091,#3092,#3093,#3094,
#3095,#3096,#3097,#3098));
#5055=EDGE_LOOP('',(#3099,#3100,#3101,#3102,#3103,#3104,#3105,#3106));
#5056=EDGE_LOOP('',(#3107,#3108,#3109,#3110,#3111,#3112));
#5057=FACE_BOUND('',#4710,.T.);
#5058=FACE_BOUND('',#4711,.T.);
#5059=FACE_BOUND('',#4712,.T.);
#5060=FACE_BOUND('',#4713,.T.);
#5061=FACE_BOUND('',#4714,.T.);
#5062=FACE_BOUND('',#4715,.T.);
#5063=FACE_BOUND('',#4716,.T.);
#5064=FACE_BOUND('',#4717,.T.);
#5065=FACE_BOUND('',#4718,.T.);
#5066=FACE_BOUND('',#4719,.T.);
#5067=FACE_BOUND('',#4720,.T.);
#5068=FACE_BOUND('',#4721,.T.);
#5069=FACE_BOUND('',#4722,.T.);
#5070=FACE_BOUND('',#4723,.T.);
#5071=FACE_BOUND('',#4724,.T.);
#5072=FACE_BOUND('',#4725,.T.);
#5073=FACE_BOUND('',#4726,.T.);
#5074=FACE_BOUND('',#4727,.T.);
#5075=FACE_BOUND('',#4728,.T.);
#5076=FACE_BOUND('',#4729,.T.);
#5077=FACE_BOUND('',#4730,.T.);
#5078=FACE_BOUND('',#4731,.T.);
#5079=FACE_BOUND('',#4732,.T.);
#5080=FACE_BOUND('',#4733,.T.);
#5081=FACE_BOUND('',#4734,.T.);
#5082=FACE_BOUND('',#4735,.T.);
#5083=FACE_BOUND('',#4736,.T.);
#5084=FACE_BOUND('',#4737,.T.);
#5085=FACE_BOUND('',#4738,.T.);
#5086=FACE_BOUND('',#4739,.T.);
#5087=FACE_BOUND('',#4740,.T.);
#5088=FACE_BOUND('',#4741,.T.);
#5089=FACE_BOUND('',#4742,.T.);
#5090=FACE_BOUND('',#4743,.T.);
#5091=FACE_BOUND('',#4744,.T.);
#5092=FACE_BOUND('',#4745,.T.);
#5093=FACE_BOUND('',#4746,.T.);
#5094=FACE_BOUND('',#4747,.T.);
#5095=FACE_BOUND('',#4748,.T.);
#5096=FACE_BOUND('',#4749,.T.);
#5097=FACE_BOUND('',#4750,.T.);
#5098=FACE_BOUND('',#4751,.T.);
#5099=FACE_BOUND('',#4752,.T.);
#5100=FACE_BOUND('',#4753,.T.);
#5101=FACE_BOUND('',#4754,.T.);
#5102=FACE_BOUND('',#4755,.T.);
#5103=FACE_BOUND('',#4756,.T.);
#5104=FACE_BOUND('',#4757,.T.);
#5105=FACE_BOUND('',#4758,.T.);
#5106=FACE_BOUND('',#4759,.T.);
#5107=FACE_BOUND('',#4760,.T.);
#5108=FACE_BOUND('',#4761,.T.);
#5109=FACE_BOUND('',#4762,.T.);
#5110=FACE_BOUND('',#4763,.T.);
#5111=FACE_BOUND('',#4764,.T.);
#5112=FACE_BOUND('',#4765,.T.);
#5113=FACE_BOUND('',#4766,.T.);
#5114=FACE_BOUND('',#4767,.T.);
#5115=FACE_BOUND('',#4768,.T.);
#5116=FACE_BOUND('',#4769,.T.);
#5117=FACE_BOUND('',#4770,.T.);
#5118=FACE_BOUND('',#4771,.T.);
#5119=FACE_BOUND('',#4772,.T.);
#5120=FACE_BOUND('',#4773,.T.);
#5121=FACE_BOUND('',#4774,.T.);
#5122=FACE_BOUND('',#4775,.T.);
#5123=FACE_BOUND('',#4776,.T.);
#5124=FACE_BOUND('',#4777,.T.);
#5125=FACE_BOUND('',#4778,.T.);
#5126=FACE_BOUND('',#4779,.T.);
#5127=FACE_BOUND('',#4780,.T.);
#5128=FACE_BOUND('',#4781,.T.);
#5129=FACE_BOUND('',#4782,.T.);
#5130=FACE_BOUND('',#4783,.T.);
#5131=FACE_BOUND('',#4784,.T.);
#5132=FACE_BOUND('',#4785,.T.);
#5133=FACE_BOUND('',#4786,.T.);
#5134=FACE_BOUND('',#4787,.T.);
#5135=FACE_BOUND('',#4788,.T.);
#5136=FACE_BOUND('',#4789,.T.);
#5137=FACE_BOUND('',#4790,.T.);
#5138=FACE_BOUND('',#4791,.T.);
#5139=FACE_BOUND('',#4792,.T.);
#5140=FACE_BOUND('',#4793,.T.);
#5141=FACE_BOUND('',#4794,.T.);
#5142=FACE_BOUND('',#4795,.T.);
#5143=FACE_BOUND('',#4796,.T.);
#5144=FACE_BOUND('',#4797,.T.);
#5145=FACE_BOUND('',#4798,.T.);
#5146=FACE_BOUND('',#4799,.T.);
#5147=FACE_BOUND('',#4800,.T.);
#5148=FACE_BOUND('',#4801,.T.);
#5149=FACE_BOUND('',#4802,.T.);
#5150=FACE_BOUND('',#4803,.T.);
#5151=FACE_BOUND('',#4804,.T.);
#5152=FACE_BOUND('',#4805,.T.);
#5153=FACE_BOUND('',#4806,.T.);
#5154=FACE_BOUND('',#4807,.T.);
#5155=FACE_BOUND('',#4808,.T.);
#5156=FACE_BOUND('',#4809,.T.);
#5157=FACE_BOUND('',#4810,.T.);
#5158=FACE_BOUND('',#4811,.T.);
#5159=FACE_BOUND('',#4812,.T.);
#5160=FACE_BOUND('',#4813,.T.);
#5161=FACE_BOUND('',#4814,.T.);
#5162=FACE_BOUND('',#4815,.T.);
#5163=FACE_BOUND('',#4816,.T.);
#5164=FACE_BOUND('',#4817,.T.);
#5165=FACE_BOUND('',#4818,.T.);
#5166=FACE_BOUND('',#4819,.T.);
#5167=FACE_BOUND('',#4820,.T.);
#5168=FACE_BOUND('',#4821,.T.);
#5169=FACE_BOUND('',#4822,.T.);
#5170=FACE_BOUND('',#4823,.T.);
#5171=FACE_BOUND('',#4824,.T.);
#5172=FACE_BOUND('',#4825,.T.);
#5173=FACE_BOUND('',#4826,.T.);
#5174=FACE_BOUND('',#4827,.T.);
#5175=FACE_BOUND('',#4828,.T.);
#5176=FACE_BOUND('',#4829,.T.);
#5177=FACE_BOUND('',#4830,.T.);
#5178=FACE_BOUND('',#4831,.T.);
#5179=FACE_BOUND('',#4832,.T.);
#5180=FACE_BOUND('',#4833,.T.);
#5181=FACE_BOUND('',#4834,.T.);
#5182=FACE_BOUND('',#4835,.T.);
#5183=FACE_BOUND('',#4836,.T.);
#5184=FACE_BOUND('',#4837,.T.);
#5185=FACE_BOUND('',#4838,.T.);
#5186=FACE_BOUND('',#4839,.T.);
#5187=FACE_BOUND('',#4840,.T.);
#5188=FACE_BOUND('',#4841,.T.);
#5189=FACE_BOUND('',#4842,.T.);
#5190=FACE_BOUND('',#4843,.T.);
#5191=FACE_BOUND('',#4844,.T.);
#5192=FACE_BOUND('',#4845,.T.);
#5193=FACE_BOUND('',#4846,.T.);
#5194=FACE_BOUND('',#4847,.T.);
#5195=FACE_BOUND('',#4848,.T.);
#5196=FACE_BOUND('',#4849,.T.);
#5197=FACE_BOUND('',#4850,.T.);
#5198=FACE_BOUND('',#4851,.T.);
#5199=FACE_BOUND('',#4852,.T.);
#5200=FACE_BOUND('',#4853,.T.);
#5201=FACE_BOUND('',#4854,.T.);
#5202=FACE_BOUND('',#4855,.T.);
#5203=FACE_BOUND('',#4856,.T.);
#5204=FACE_BOUND('',#4857,.T.);
#5205=FACE_BOUND('',#4858,.T.);
#5206=FACE_BOUND('',#4859,.T.);
#5207=FACE_BOUND('',#4860,.T.);
#5208=FACE_BOUND('',#4861,.T.);
#5209=FACE_BOUND('',#4862,.T.);
#5210=FACE_BOUND('',#4863,.T.);
#5211=FACE_BOUND('',#4864,.T.);
#5212=FACE_BOUND('',#4865,.T.);
#5213=FACE_BOUND('',#4866,.T.);
#5214=FACE_BOUND('',#4867,.T.);
#5215=FACE_BOUND('',#4868,.T.);
#5216=FACE_BOUND('',#4869,.T.);
#5217=FACE_BOUND('',#4870,.T.);
#5218=FACE_BOUND('',#4871,.T.);
#5219=FACE_BOUND('',#4872,.T.);
#5220=FACE_BOUND('',#4873,.T.);
#5221=FACE_BOUND('',#4874,.T.);
#5222=FACE_BOUND('',#4875,.T.);
#5223=FACE_BOUND('',#4876,.T.);
#5224=FACE_BOUND('',#4877,.T.);
#5225=FACE_BOUND('',#4878,.T.);
#5226=FACE_BOUND('',#4879,.T.);
#5227=FACE_BOUND('',#4880,.T.);
#5228=FACE_BOUND('',#4881,.T.);
#5229=FACE_BOUND('',#4882,.T.);
#5230=FACE_BOUND('',#4883,.T.);
#5231=FACE_BOUND('',#4884,.T.);
#5232=FACE_BOUND('',#4885,.T.);
#5233=FACE_BOUND('',#4886,.T.);
#5234=FACE_BOUND('',#4887,.T.);
#5235=FACE_BOUND('',#4888,.T.);
#5236=FACE_BOUND('',#4889,.T.);
#5237=FACE_BOUND('',#4890,.T.);
#5238=FACE_BOUND('',#4891,.T.);
#5239=FACE_BOUND('',#4892,.T.);
#5240=FACE_BOUND('',#4893,.T.);
#5241=FACE_BOUND('',#4894,.T.);
#5242=FACE_BOUND('',#4895,.T.);
#5243=FACE_BOUND('',#4896,.T.);
#5244=FACE_BOUND('',#4897,.T.);
#5245=FACE_BOUND('',#4898,.T.);
#5246=FACE_BOUND('',#4899,.T.);
#5247=FACE_BOUND('',#4900,.T.);
#5248=FACE_BOUND('',#4901,.T.);
#5249=FACE_BOUND('',#4902,.T.);
#5250=FACE_BOUND('',#4903,.T.);
#5251=FACE_BOUND('',#4904,.T.);
#5252=FACE_BOUND('',#4905,.T.);
#5253=FACE_BOUND('',#4906,.T.);
#5254=FACE_BOUND('',#4907,.T.);
#5255=FACE_BOUND('',#4908,.T.);
#5256=FACE_BOUND('',#4909,.T.);
#5257=FACE_BOUND('',#4910,.T.);
#5258=FACE_BOUND('',#4911,.T.);
#5259=FACE_BOUND('',#4912,.T.);
#5260=FACE_BOUND('',#4913,.T.);
#5261=FACE_BOUND('',#4914,.T.);
#5262=FACE_BOUND('',#4915,.T.);
#5263=FACE_BOUND('',#4916,.T.);
#5264=FACE_BOUND('',#4917,.T.);
#5265=FACE_BOUND('',#4918,.T.);
#5266=FACE_BOUND('',#4919,.T.);
#5267=FACE_BOUND('',#4920,.T.);
#5268=FACE_BOUND('',#4921,.T.);
#5269=FACE_BOUND('',#4922,.T.);
#5270=FACE_BOUND('',#4923,.T.);
#5271=FACE_BOUND('',#4924,.T.);
#5272=FACE_BOUND('',#4925,.T.);
#5273=FACE_BOUND('',#4926,.T.);
#5274=FACE_BOUND('',#4927,.T.);
#5275=FACE_BOUND('',#4928,.T.);
#5276=FACE_BOUND('',#4929,.T.);
#5277=FACE_BOUND('',#4930,.T.);
#5278=FACE_BOUND('',#4931,.T.);
#5279=FACE_BOUND('',#4932,.T.);
#5280=FACE_BOUND('',#4933,.T.);
#5281=FACE_BOUND('',#4934,.T.);
#5282=FACE_BOUND('',#4935,.T.);
#5283=FACE_BOUND('',#4936,.T.);
#5284=FACE_BOUND('',#4937,.T.);
#5285=FACE_BOUND('',#4938,.T.);
#5286=FACE_BOUND('',#4939,.T.);
#5287=FACE_BOUND('',#4940,.T.);
#5288=FACE_BOUND('',#4941,.T.);
#5289=FACE_BOUND('',#4942,.T.);
#5290=FACE_BOUND('',#4943,.T.);
#5291=FACE_BOUND('',#4944,.T.);
#5292=FACE_BOUND('',#4945,.T.);
#5293=FACE_BOUND('',#4946,.T.);
#5294=FACE_BOUND('',#4947,.T.);
#5295=FACE_BOUND('',#4948,.T.);
#5296=FACE_BOUND('',#4949,.T.);
#5297=FACE_BOUND('',#4950,.T.);
#5298=FACE_BOUND('',#4951,.T.);
#5299=FACE_BOUND('',#4952,.T.);
#5300=FACE_BOUND('',#4953,.T.);
#5301=FACE_BOUND('',#4954,.T.);
#5302=FACE_BOUND('',#4955,.T.);
#5303=FACE_BOUND('',#4956,.T.);
#5304=FACE_BOUND('',#4957,.T.);
#5305=FACE_BOUND('',#4958,.T.);
#5306=FACE_BOUND('',#4959,.T.);
#5307=FACE_BOUND('',#4960,.T.);
#5308=FACE_BOUND('',#4961,.T.);
#5309=FACE_BOUND('',#4962,.T.);
#5310=FACE_BOUND('',#4963,.T.);
#5311=FACE_BOUND('',#4964,.T.);
#5312=FACE_BOUND('',#4965,.T.);
#5313=FACE_BOUND('',#4966,.T.);
#5314=FACE_BOUND('',#4967,.T.);
#5315=FACE_BOUND('',#4968,.T.);
#5316=FACE_BOUND('',#4969,.T.);
#5317=FACE_BOUND('',#4970,.T.);
#5318=FACE_BOUND('',#4971,.T.);
#5319=FACE_BOUND('',#4972,.T.);
#5320=FACE_BOUND('',#4973,.T.);
#5321=FACE_BOUND('',#4974,.T.);
#5322=FACE_BOUND('',#4975,.T.);
#5323=FACE_BOUND('',#4976,.T.);
#5324=FACE_BOUND('',#4977,.T.);
#5325=FACE_BOUND('',#4978,.T.);
#5326=FACE_BOUND('',#4979,.T.);
#5327=FACE_BOUND('',#4980,.T.);
#5328=FACE_BOUND('',#4981,.T.);
#5329=FACE_BOUND('',#4982,.T.);
#5330=FACE_BOUND('',#4983,.T.);
#5331=FACE_BOUND('',#4984,.T.);
#5332=FACE_BOUND('',#4985,.T.);
#5333=FACE_BOUND('',#4986,.T.);
#5334=FACE_BOUND('',#4987,.T.);
#5335=FACE_BOUND('',#4988,.T.);
#5336=FACE_BOUND('',#4989,.T.);
#5337=FACE_BOUND('',#4990,.T.);
#5338=FACE_BOUND('',#4991,.T.);
#5339=FACE_BOUND('',#4992,.T.);
#5340=FACE_BOUND('',#4993,.T.);
#5341=FACE_BOUND('',#4994,.T.);
#5342=FACE_BOUND('',#4995,.T.);
#5343=FACE_BOUND('',#4996,.T.);
#5344=FACE_BOUND('',#4997,.T.);
#5345=FACE_BOUND('',#4998,.T.);
#5346=FACE_BOUND('',#4999,.T.);
#5347=FACE_BOUND('',#5000,.T.);
#5348=FACE_BOUND('',#5001,.T.);
#5349=FACE_BOUND('',#5002,.T.);
#5350=FACE_BOUND('',#5003,.T.);
#5351=FACE_BOUND('',#5004,.T.);
#5352=FACE_BOUND('',#5005,.T.);
#5353=FACE_BOUND('',#5006,.T.);
#5354=FACE_BOUND('',#5007,.T.);
#5355=FACE_BOUND('',#5008,.T.);
#5356=FACE_BOUND('',#5009,.T.);
#5357=FACE_BOUND('',#5010,.T.);
#5358=FACE_BOUND('',#5011,.T.);
#5359=FACE_BOUND('',#5012,.T.);
#5360=FACE_BOUND('',#5013,.T.);
#5361=FACE_BOUND('',#5014,.T.);
#5362=FACE_BOUND('',#5015,.T.);
#5363=FACE_BOUND('',#5016,.T.);
#5364=FACE_BOUND('',#5017,.T.);
#5365=FACE_BOUND('',#5018,.T.);
#5366=FACE_BOUND('',#5019,.T.);
#5367=FACE_BOUND('',#5020,.T.);
#5368=FACE_BOUND('',#5021,.T.);
#5369=FACE_BOUND('',#5022,.T.);
#5370=FACE_BOUND('',#5023,.T.);
#5371=FACE_BOUND('',#5024,.T.);
#5372=FACE_BOUND('',#5025,.T.);
#5373=FACE_BOUND('',#5026,.T.);
#5374=FACE_BOUND('',#5027,.T.);
#5375=FACE_BOUND('',#5028,.T.);
#5376=FACE_BOUND('',#5029,.T.);
#5377=FACE_BOUND('',#5030,.T.);
#5378=FACE_BOUND('',#5031,.T.);
#5379=FACE_BOUND('',#5032,.T.);
#5380=FACE_BOUND('',#5033,.T.);
#5381=FACE_BOUND('',#5034,.T.);
#5382=FACE_BOUND('',#5035,.T.);
#5383=FACE_BOUND('',#5036,.T.);
#5384=FACE_BOUND('',#5037,.T.);
#5385=FACE_BOUND('',#5038,.T.);
#5386=FACE_BOUND('',#5039,.T.);
#5387=FACE_BOUND('',#5040,.T.);
#5388=FACE_BOUND('',#5041,.T.);
#5389=FACE_BOUND('',#5042,.T.);
#5390=FACE_BOUND('',#5043,.T.);
#5391=FACE_BOUND('',#5044,.T.);
#5392=FACE_BOUND('',#5045,.T.);
#5393=FACE_BOUND('',#5046,.T.);
#5394=FACE_BOUND('',#5047,.T.);
#5395=FACE_BOUND('',#5048,.T.);
#5396=FACE_BOUND('',#5049,.T.);
#5397=FACE_BOUND('',#5050,.T.);
#5398=FACE_BOUND('',#5051,.T.);
#5399=FACE_BOUND('',#5052,.T.);
#5400=FACE_BOUND('',#5053,.T.);
#5401=FACE_BOUND('',#5054,.T.);
#5402=FACE_BOUND('',#5055,.T.);
#5403=FACE_BOUND('',#5056,.T.);
#5404=PLANE('',#5902);
#5405=PLANE('',#5917);
#5406=PLANE('',#5923);
#5407=PLANE('',#5928);
#5408=PLANE('',#5929);
#5409=PLANE('',#5930);
#5410=PLANE('',#5932);
#5411=PLANE('',#5937);
#5412=PLANE('',#5938);
#5413=PLANE('',#5939);
#5414=PLANE('',#5940);
#5415=PLANE('',#5941);
#5416=PLANE('',#5942);
#5417=PLANE('',#5958);
#5418=PLANE('',#5962);
#5419=PLANE('',#5963);
#5420=PLANE('',#5976);
#5421=PLANE('',#5978);
#5422=PLANE('',#5984);
#5423=PLANE('',#5985);
#5424=PLANE('',#5987);
#5425=PLANE('',#5988);
#5426=PLANE('',#5990);
#5427=PLANE('',#5992);
#5428=PLANE('',#5993);
#5429=PLANE('',#5994);
#5430=PLANE('',#5995);
#5431=PLANE('',#5996);
#5432=PLANE('',#5997);
#5433=PLANE('',#6002);
#5434=PLANE('',#6005);
#5435=PLANE('',#6010);
#5436=PLANE('',#6013);
#5437=PLANE('',#6016);
#5438=PLANE('',#6019);
#5439=PLANE('',#6021);
#5440=PLANE('',#6023);
#5441=PLANE('',#6024);
#5442=PLANE('',#6025);
#5443=PLANE('',#6026);
#5444=PLANE('',#6027);
#5445=PLANE('',#6028);
#5446=PLANE('',#6029);
#5447=PLANE('',#6030);
#5448=PLANE('',#6031);
#5449=PLANE('',#6034);
#5450=PLANE('',#6036);
#5451=PLANE('',#6038);
#5452=PLANE('',#6039);
#5453=PLANE('',#6040);
#5454=PLANE('',#6041);
#5455=PLANE('',#6042);
#5456=PLANE('',#6043);
#5457=PLANE('',#6044);
#5458=PLANE('',#6049);
#5459=PLANE('',#6050);
#5460=PLANE('',#6051);
#5461=PLANE('',#6052);
#5462=PLANE('',#6057);
#5463=PLANE('',#6060);
#5464=PLANE('',#6061);
#5465=PLANE('',#6064);
#5466=PLANE('',#6067);
#5467=PLANE('',#6068);
#5468=PLANE('',#6071);
#5469=PLANE('',#6072);
#5470=PLANE('',#6075);
#5471=PLANE('',#6076);
#5472=PLANE('',#6077);
#5473=PLANE('',#6078);
#5474=PLANE('',#6079);
#5475=PLANE('',#6080);
#5476=PLANE('',#6081);
#5477=PLANE('',#6082);
#5478=PLANE('',#6083);
#5479=PLANE('',#6086);
#5480=PLANE('',#6088);
#5481=PLANE('',#6090);
#5482=PLANE('',#6092);
#5483=PLANE('',#6093);
#5484=PLANE('',#6101);
#5485=PLANE('',#6104);
#5486=PLANE('',#6107);
#5487=PLANE('',#6108);
#5488=PLANE('',#6109);
#5489=PLANE('',#6110);
#5490=PLANE('',#6111);
#5491=PLANE('',#6112);
#5492=PLANE('',#6113);
#5493=PLANE('',#6114);
#5494=PLANE('',#6115);
#5495=PLANE('',#6116);
#5496=PLANE('',#6117);
#5497=PLANE('',#6118);
#5498=PLANE('',#6119);
#5499=PLANE('',#6120);
#5500=PLANE('',#6159);
#5501=PLANE('',#6161);
#5502=PLANE('',#6163);
#5503=PLANE('',#6164);
#5504=PLANE('',#6165);
#5505=PLANE('',#6166);
#5506=PLANE('',#6167);
#5507=PLANE('',#6168);
#5508=PLANE('',#6169);
#5509=PLANE('',#6170);
#5510=PLANE('',#6172);
#5511=PLANE('',#6173);
#5512=PLANE('',#6174);
#5513=PLANE('',#6175);
#5514=PLANE('',#6176);
#5515=PLANE('',#6179);
#5516=PLANE('',#6182);
#5517=PLANE('',#6185);
#5518=PLANE('',#6188);
#5519=PLANE('',#6243);
#5520=PLANE('',#6244);
#5521=PLANE('',#6245);
#5522=PLANE('',#6246);
#5523=PLANE('',#6247);
#5524=PLANE('',#6248);
#5525=PLANE('',#6249);
#5526=PLANE('',#6250);
#5527=PLANE('',#6251);
#5528=PLANE('',#6252);
#5529=PLANE('',#6255);
#5530=PLANE('',#6256);
#5531=PLANE('',#6257);
#5532=PLANE('',#6258);
#5533=PLANE('',#6259);
#5534=PLANE('',#6260);
#5535=PLANE('',#6261);
#5536=PLANE('',#6262);
#5537=PLANE('',#6263);
#5538=PLANE('',#6264);
#5539=PLANE('',#6265);
#5540=PLANE('',#6266);
#5541=PLANE('',#6267);
#5542=PLANE('',#6268);
#5543=PLANE('',#6269);
#5544=PLANE('',#6270);
#5545=PLANE('',#6271);
#5546=PLANE('',#6272);
#5547=PLANE('',#6273);
#5548=PLANE('',#6274);
#5549=PLANE('',#6275);
#5550=PLANE('',#6276);
#5551=PLANE('',#6277);
#5552=PLANE('',#6278);
#5553=PLANE('',#6279);
#5554=PLANE('',#6282);
#5555=PLANE('',#6283);
#5556=PLANE('',#6284);
#5557=PLANE('',#6285);
#5558=PLANE('',#6286);
#5559=PLANE('',#6287);
#5560=PLANE('',#6288);
#5561=PLANE('',#6289);
#5562=PLANE('',#6290);
#5563=PLANE('',#6291);
#5564=PLANE('',#6292);
#5565=PLANE('',#6293);
#5566=PLANE('',#6294);
#5567=PLANE('',#6295);
#5568=PLANE('',#6298);
#5569=PLANE('',#6299);
#5570=PLANE('',#6300);
#5571=PLANE('',#6301);
#5572=ADVANCED_FACE('',(#5057,#5058,#5059,#5060,#5061,#5062,#5063,#5064,
#5065,#5066),#5404,.F.);
#5573=ADVANCED_FACE('',(#5067),#107,.F.);
#5574=ADVANCED_FACE('',(#5068),#5405,.T.);
#5575=ADVANCED_FACE('',(#5069),#5406,.T.);
#5576=ADVANCED_FACE('',(#5070),#5407,.T.);
#5577=ADVANCED_FACE('',(#5071),#5408,.F.);
#5578=ADVANCED_FACE('',(#5072,#5073),#5409,.T.);
#5579=ADVANCED_FACE('',(#5074,#5075),#5410,.F.);
#5580=ADVANCED_FACE('',(#5076),#5411,.F.);
#5581=ADVANCED_FACE('',(#5077),#5412,.F.);
#5582=ADVANCED_FACE('',(#5078),#5413,.T.);
#5583=ADVANCED_FACE('',(#5079),#5414,.T.);
#5584=ADVANCED_FACE('',(#5080,#5081),#5415,.F.);
#5585=ADVANCED_FACE('',(#5082),#5416,.T.);
#5586=ADVANCED_FACE('',(#5083),#108,.F.);
#5587=ADVANCED_FACE('',(#5084),#5417,.F.);
#5588=ADVANCED_FACE('',(#5085),#109,.T.);
#5589=ADVANCED_FACE('',(#5086),#5418,.T.);
#5590=ADVANCED_FACE('',(#5087,#5088,#5089),#5419,.T.);
#5591=ADVANCED_FACE('',(#5090),#110,.T.);
#5592=ADVANCED_FACE('',(#5091),#5420,.T.);
#5593=ADVANCED_FACE('',(#5092),#5421,.F.);
#5594=ADVANCED_FACE('',(#5093),#111,.F.);
#5595=ADVANCED_FACE('',(#5094),#5422,.T.);
#5596=ADVANCED_FACE('',(#5095),#5423,.T.);
#5597=ADVANCED_FACE('',(#5096),#5424,.T.);
#5598=ADVANCED_FACE('',(#5097),#5425,.T.);
#5599=ADVANCED_FACE('',(#5098),#5426,.F.);
#5600=ADVANCED_FACE('',(#5099),#5427,.F.);
#5601=ADVANCED_FACE('',(#5100),#5428,.F.);
#5602=ADVANCED_FACE('',(#5101),#5429,.T.);
#5603=ADVANCED_FACE('',(#5102),#5430,.T.);
#5604=ADVANCED_FACE('',(#5103),#5431,.T.);
#5605=ADVANCED_FACE('',(#5104),#5432,.T.);
#5606=ADVANCED_FACE('',(#5105,#5106),#112,.F.);
#5607=ADVANCED_FACE('',(#5107,#5108),#113,.F.);
#5608=ADVANCED_FACE('',(#5109),#5433,.F.);
#5609=ADVANCED_FACE('',(#5110),#5434,.F.);
#5610=ADVANCED_FACE('',(#5111),#114,.F.);
#5611=ADVANCED_FACE('',(#5112),#115,.F.);
#5612=ADVANCED_FACE('',(#5113),#116,.T.);
#5613=ADVANCED_FACE('',(#5114),#5435,.T.);
#5614=ADVANCED_FACE('',(#5115),#5436,.T.);
#5615=ADVANCED_FACE('',(#5116),#117,.T.);
#5616=ADVANCED_FACE('',(#5117),#5437,.F.);
#5617=ADVANCED_FACE('',(#5118),#5438,.F.);
#5618=ADVANCED_FACE('',(#5119),#5439,.F.);
#5619=ADVANCED_FACE('',(#5120),#5440,.F.);
#5620=ADVANCED_FACE('',(#5121),#5441,.F.);
#5621=ADVANCED_FACE('',(#5122),#5442,.T.);
#5622=ADVANCED_FACE('',(#5123),#5443,.T.);
#5623=ADVANCED_FACE('',(#5124),#5444,.F.);
#5624=ADVANCED_FACE('',(#5125,#5126),#5445,.F.);
#5625=ADVANCED_FACE('',(#5127,#5128),#5446,.F.);
#5626=ADVANCED_FACE('',(#5129),#5447,.F.);
#5627=ADVANCED_FACE('',(#5130),#5448,.T.);
#5628=ADVANCED_FACE('',(#5131),#5449,.T.);
#5629=ADVANCED_FACE('',(#5132),#5450,.T.);
#5630=ADVANCED_FACE('',(#5133),#5451,.F.);
#5631=ADVANCED_FACE('',(#5134),#5452,.F.);
#5632=ADVANCED_FACE('',(#5135),#5453,.T.);
#5633=ADVANCED_FACE('',(#5136),#5454,.T.);
#5634=ADVANCED_FACE('',(#5137,#5138),#5455,.T.);
#5635=ADVANCED_FACE('',(#5139),#5456,.T.);
#5636=ADVANCED_FACE('',(#5140),#5457,.T.);
#5637=ADVANCED_FACE('',(#5141),#5458,.F.);
#5638=ADVANCED_FACE('',(#5142),#5459,.T.);
#5639=ADVANCED_FACE('',(#5143),#5460,.T.);
#5640=ADVANCED_FACE('',(#5144),#5461,.T.);
#5641=ADVANCED_FACE('',(#5145),#5462,.T.);
#5642=ADVANCED_FACE('',(#5146),#118,.T.);
#5643=ADVANCED_FACE('',(#5147),#5463,.F.);
#5644=ADVANCED_FACE('',(#5148,#5149),#5464,.T.);
#5645=ADVANCED_FACE('',(#5150),#5465,.F.);
#5646=ADVANCED_FACE('',(#5151),#119,.T.);
#5647=ADVANCED_FACE('',(#5152),#5466,.T.);
#5648=ADVANCED_FACE('',(#5153,#5154),#5467,.T.);
#5649=ADVANCED_FACE('',(#5155),#5468,.F.);
#5650=ADVANCED_FACE('',(#5156),#5469,.T.);
#5651=ADVANCED_FACE('',(#5157),#5470,.F.);
#5652=ADVANCED_FACE('',(#5158),#5471,.F.);
#5653=ADVANCED_FACE('',(#5159),#5472,.T.);
#5654=ADVANCED_FACE('',(#5160),#5473,.T.);
#5655=ADVANCED_FACE('',(#5161),#5474,.T.);
#5656=ADVANCED_FACE('',(#5162),#5475,.T.);
#5657=ADVANCED_FACE('',(#5163),#5476,.T.);
#5658=ADVANCED_FACE('',(#5164),#5477,.F.);
#5659=ADVANCED_FACE('',(#5165,#5166,#5167),#5478,.F.);
#5660=ADVANCED_FACE('',(#5168),#5479,.T.);
#5661=ADVANCED_FACE('',(#5169),#120,.F.);
#5662=ADVANCED_FACE('',(#5170),#5480,.T.);
#5663=ADVANCED_FACE('',(#5171),#121,.F.);
#5664=ADVANCED_FACE('',(#5172),#5481,.T.);
#5665=ADVANCED_FACE('',(#5173),#122,.F.);
#5666=ADVANCED_FACE('',(#5174),#5482,.T.);
#5667=ADVANCED_FACE('',(#5175),#5483,.T.);
#5668=ADVANCED_FACE('',(#5176),#123,.F.);
#5669=ADVANCED_FACE('',(#5177),#48,.F.);
#5670=ADVANCED_FACE('',(#5178),#124,.F.);
#5671=ADVANCED_FACE('',(#5179),#49,.T.);
#5672=ADVANCED_FACE('',(#5180),#125,.T.);
#5673=ADVANCED_FACE('',(#5181),#50,.T.);
#5674=ADVANCED_FACE('',(#5182),#126,.T.);
#5675=ADVANCED_FACE('',(#5183),#51,.F.);
#5676=ADVANCED_FACE('',(#5184),#127,.F.);
#5677=ADVANCED_FACE('',(#5185),#5484,.F.);
#5678=ADVANCED_FACE('',(#5186),#5485,.F.);
#5679=ADVANCED_FACE('',(#5187),#5486,.T.);
#5680=ADVANCED_FACE('',(#5188),#5487,.T.);
#5681=ADVANCED_FACE('',(#5189),#5488,.T.);
#5682=ADVANCED_FACE('',(#5190),#5489,.T.);
#5683=ADVANCED_FACE('',(#5191),#5490,.F.);
#5684=ADVANCED_FACE('',(#5192),#5491,.F.);
#5685=ADVANCED_FACE('',(#5193),#5492,.F.);
#5686=ADVANCED_FACE('',(#5194),#5493,.F.);
#5687=ADVANCED_FACE('',(#5195),#5494,.T.);
#5688=ADVANCED_FACE('',(#5196),#5495,.F.);
#5689=ADVANCED_FACE('',(#5197),#5496,.F.);
#5690=ADVANCED_FACE('',(#5198),#5497,.T.);
#5691=ADVANCED_FACE('',(#5199),#5498,.F.);
#5692=ADVANCED_FACE('',(#5200),#5499,.T.);
#5693=ADVANCED_FACE('',(#5201),#128,.F.);
#5694=ADVANCED_FACE('',(#5202),#129,.F.);
#5695=ADVANCED_FACE('',(#5203),#130,.T.);
#5696=ADVANCED_FACE('',(#5204),#131,.T.);
#5697=ADVANCED_FACE('',(#5205),#132,.T.);
#5698=ADVANCED_FACE('',(#5206),#133,.T.);
#5699=ADVANCED_FACE('',(#5207),#34,.T.);
#5700=ADVANCED_FACE('',(#5208),#134,.T.);
#5701=ADVANCED_FACE('',(#5209),#35,.T.);
#5702=ADVANCED_FACE('',(#5210),#135,.T.);
#5703=ADVANCED_FACE('',(#5211),#136,.F.);
#5704=ADVANCED_FACE('',(#5212),#137,.F.);
#5705=ADVANCED_FACE('',(#5213),#138,.F.);
#5706=ADVANCED_FACE('',(#5214),#139,.F.);
#5707=ADVANCED_FACE('',(#5215),#140,.T.);
#5708=ADVANCED_FACE('',(#5216),#141,.T.);
#5709=ADVANCED_FACE('',(#5217),#142,.F.);
#5710=ADVANCED_FACE('',(#5218),#143,.F.);
#5711=ADVANCED_FACE('',(#5219),#144,.F.);
#5712=ADVANCED_FACE('',(#5220),#145,.T.);
#5713=ADVANCED_FACE('',(#5221),#146,.F.);
#5714=ADVANCED_FACE('',(#5222),#147,.T.);
#5715=ADVANCED_FACE('',(#5223),#5500,.T.);
#5716=ADVANCED_FACE('',(#5224),#5501,.T.);
#5717=ADVANCED_FACE('',(#5225),#5502,.F.);
#5718=ADVANCED_FACE('',(#5226),#5503,.T.);
#5719=ADVANCED_FACE('',(#5227),#5504,.F.);
#5720=ADVANCED_FACE('',(#5228),#5505,.F.);
#5721=ADVANCED_FACE('',(#5229),#5506,.T.);
#5722=ADVANCED_FACE('',(#5230),#5507,.T.);
#5723=ADVANCED_FACE('',(#5231),#5508,.F.);
#5724=ADVANCED_FACE('',(#5232,#5233),#5509,.T.);
#5725=ADVANCED_FACE('',(#5234),#5510,.T.);
#5726=ADVANCED_FACE('',(#5235),#5511,.F.);
#5727=ADVANCED_FACE('',(#5236),#5512,.F.);
#5728=ADVANCED_FACE('',(#5237),#5513,.F.);
#5729=ADVANCED_FACE('',(#5238),#5514,.T.);
#5730=ADVANCED_FACE('',(#5239,#5240),#148,.T.);
#5731=ADVANCED_FACE('',(#5241),#5515,.T.);
#5732=ADVANCED_FACE('',(#5242,#5243),#149,.T.);
#5733=ADVANCED_FACE('',(#5244),#5516,.T.);
#5734=ADVANCED_FACE('',(#5245,#5246),#150,.T.);
#5735=ADVANCED_FACE('',(#5247),#5517,.T.);
#5736=ADVANCED_FACE('',(#5248,#5249),#151,.T.);
#5737=ADVANCED_FACE('',(#5250),#5518,.T.);
#5738=ADVANCED_FACE('',(#5251),#36,.T.);
#5739=ADVANCED_FACE('',(#5252),#37,.T.);
#5740=ADVANCED_FACE('',(#5253),#152,.T.);
#5741=ADVANCED_FACE('',(#5254),#153,.T.);
#5742=ADVANCED_FACE('',(#5255),#38,.T.);
#5743=ADVANCED_FACE('',(#5256),#39,.T.);
#5744=ADVANCED_FACE('',(#5257),#12,.T.);
#5745=ADVANCED_FACE('',(#5258),#13,.T.);
#5746=ADVANCED_FACE('',(#5259),#154,.T.);
#5747=ADVANCED_FACE('',(#5260),#14,.T.);
#5748=ADVANCED_FACE('',(#5261),#40,.T.);
#5749=ADVANCED_FACE('',(#5262),#15,.T.);
#5750=ADVANCED_FACE('',(#5263),#16,.T.);
#5751=ADVANCED_FACE('',(#5264),#17,.T.);
#5752=ADVANCED_FACE('',(#5265),#18,.T.);
#5753=ADVANCED_FACE('',(#5266),#19,.T.);
#5754=ADVANCED_FACE('',(#5267),#41,.T.);
#5755=ADVANCED_FACE('',(#5268),#20,.T.);
#5756=ADVANCED_FACE('',(#5269),#21,.T.);
#5757=ADVANCED_FACE('',(#5270),#22,.T.);
#5758=ADVANCED_FACE('',(#5271),#23,.T.);
#5759=ADVANCED_FACE('',(#5272),#24,.F.);
#5760=ADVANCED_FACE('',(#5273),#42,.F.);
#5761=ADVANCED_FACE('',(#5274),#25,.T.);
#5762=ADVANCED_FACE('',(#5275),#43,.F.);
#5763=ADVANCED_FACE('',(#5276),#155,.T.);
#5764=ADVANCED_FACE('',(#5277),#26,.T.);
#5765=ADVANCED_FACE('',(#5278),#27,.F.);
#5766=ADVANCED_FACE('',(#5279),#44,.F.);
#5767=ADVANCED_FACE('',(#5280),#28,.T.);
#5768=ADVANCED_FACE('',(#5281),#45,.F.);
#5769=ADVANCED_FACE('',(#5282),#156,.T.);
#5770=ADVANCED_FACE('',(#5283),#29,.T.);
#5771=ADVANCED_FACE('',(#5284),#157,.T.);
#5772=ADVANCED_FACE('',(#5285),#46,.T.);
#5773=ADVANCED_FACE('',(#5286),#158,.T.);
#5774=ADVANCED_FACE('',(#5287),#47,.T.);
#5775=ADVANCED_FACE('',(#5288),#159,.F.);
#5776=ADVANCED_FACE('',(#5289),#160,.F.);
#5777=ADVANCED_FACE('',(#5290),#30,.F.);
#5778=ADVANCED_FACE('',(#5291),#161,.F.);
#5779=ADVANCED_FACE('',(#5292),#31,.F.);
#5780=ADVANCED_FACE('',(#5293),#162,.T.);
#5781=ADVANCED_FACE('',(#5294),#32,.T.);
#5782=ADVANCED_FACE('',(#5295),#163,.T.);
#5783=ADVANCED_FACE('',(#5296),#33,.T.);
#5784=ADVANCED_FACE('',(#5297),#164,.T.);
#5785=ADVANCED_FACE('',(#5298),#165,.T.);
#5786=ADVANCED_FACE('',(#5299),#52,.T.);
#5787=ADVANCED_FACE('',(#5300),#53,.T.);
#5788=ADVANCED_FACE('',(#5301),#54,.T.);
#5789=ADVANCED_FACE('',(#5302),#55,.T.);
#5790=ADVANCED_FACE('',(#5303),#56,.T.);
#5791=ADVANCED_FACE('',(#5304),#57,.T.);
#5792=ADVANCED_FACE('',(#5305),#58,.T.);
#5793=ADVANCED_FACE('',(#5306),#59,.T.);
#5794=ADVANCED_FACE('',(#5307),#5519,.T.);
#5795=ADVANCED_FACE('',(#5308),#60,.T.);
#5796=ADVANCED_FACE('',(#5309),#61,.T.);
#5797=ADVANCED_FACE('',(#5310),#62,.T.);
#5798=ADVANCED_FACE('',(#5311),#63,.T.);
#5799=ADVANCED_FACE('',(#5312),#5520,.T.);
#5800=ADVANCED_FACE('',(#5313),#64,.T.);
#5801=ADVANCED_FACE('',(#5314),#65,.T.);
#5802=ADVANCED_FACE('',(#5315),#66,.T.);
#5803=ADVANCED_FACE('',(#5316),#67,.T.);
#5804=ADVANCED_FACE('',(#5317),#68,.T.);
#5805=ADVANCED_FACE('',(#5318,#5319),#5521,.T.);
#5806=ADVANCED_FACE('',(#5320),#5522,.T.);
#5807=ADVANCED_FACE('',(#5321),#5523,.T.);
#5808=ADVANCED_FACE('',(#5322),#5524,.T.);
#5809=ADVANCED_FACE('',(#5323),#5525,.T.);
#5810=ADVANCED_FACE('',(#5324),#5526,.T.);
#5811=ADVANCED_FACE('',(#5325),#69,.T.);
#5812=ADVANCED_FACE('',(#5326),#70,.T.);
#5813=ADVANCED_FACE('',(#5327),#5527,.T.);
#5814=ADVANCED_FACE('',(#5328),#5528,.T.);
#5815=ADVANCED_FACE('',(#5329),#166,.F.);
#5816=ADVANCED_FACE('',(#5330),#71,.T.);
#5817=ADVANCED_FACE('',(#5331),#5529,.T.);
#5818=ADVANCED_FACE('',(#5332),#5530,.T.);
#5819=ADVANCED_FACE('',(#5333),#5531,.T.);
#5820=ADVANCED_FACE('',(#5334),#5532,.T.);
#5821=ADVANCED_FACE('',(#5335),#5533,.T.);
#5822=ADVANCED_FACE('',(#5336),#5534,.T.);
#5823=ADVANCED_FACE('',(#5337),#5535,.T.);
#5824=ADVANCED_FACE('',(#5338),#5536,.T.);
#5825=ADVANCED_FACE('',(#5339),#5537,.T.);
#5826=ADVANCED_FACE('',(#5340),#5538,.T.);
#5827=ADVANCED_FACE('',(#5341),#5539,.T.);
#5828=ADVANCED_FACE('',(#5342),#5540,.T.);
#5829=ADVANCED_FACE('',(#5343),#5541,.T.);
#5830=ADVANCED_FACE('',(#5344),#5542,.T.);
#5831=ADVANCED_FACE('',(#5345),#5543,.T.);
#5832=ADVANCED_FACE('',(#5346),#5544,.T.);
#5833=ADVANCED_FACE('',(#5347),#5545,.T.);
#5834=ADVANCED_FACE('',(#5348),#5546,.T.);
#5835=ADVANCED_FACE('',(#5349),#5547,.T.);
#5836=ADVANCED_FACE('',(#5350),#5548,.T.);
#5837=ADVANCED_FACE('',(#5351),#5549,.T.);
#5838=ADVANCED_FACE('',(#5352),#5550,.T.);
#5839=ADVANCED_FACE('',(#5353),#5551,.T.);
#5840=ADVANCED_FACE('',(#5354),#72,.T.);
#5841=ADVANCED_FACE('',(#5355),#73,.T.);
#5842=ADVANCED_FACE('',(#5356),#5552,.T.);
#5843=ADVANCED_FACE('',(#5357),#5553,.T.);
#5844=ADVANCED_FACE('',(#5358),#167,.F.);
#5845=ADVANCED_FACE('',(#5359),#74,.T.);
#5846=ADVANCED_FACE('',(#5360),#5554,.T.);
#5847=ADVANCED_FACE('',(#5361),#5555,.T.);
#5848=ADVANCED_FACE('',(#5362),#5556,.T.);
#5849=ADVANCED_FACE('',(#5363),#5557,.T.);
#5850=ADVANCED_FACE('',(#5364),#75,.T.);
#5851=ADVANCED_FACE('',(#5365),#76,.T.);
#5852=ADVANCED_FACE('',(#5366),#77,.T.);
#5853=ADVANCED_FACE('',(#5367),#5558,.T.);
#5854=ADVANCED_FACE('',(#5368),#5559,.T.);
#5855=ADVANCED_FACE('',(#5369),#78,.T.);
#5856=ADVANCED_FACE('',(#5370),#79,.T.);
#5857=ADVANCED_FACE('',(#5371),#80,.T.);
#5858=ADVANCED_FACE('',(#5372),#5560,.T.);
#5859=ADVANCED_FACE('',(#5373),#81,.T.);
#5860=ADVANCED_FACE('',(#5374),#82,.T.);
#5861=ADVANCED_FACE('',(#5375),#83,.T.);
#5862=ADVANCED_FACE('',(#5376),#5561,.T.);
#5863=ADVANCED_FACE('',(#5377),#5562,.T.);
#5864=ADVANCED_FACE('',(#5378),#84,.T.);
#5865=ADVANCED_FACE('',(#5379),#85,.T.);
#5866=ADVANCED_FACE('',(#5380),#86,.T.);
#5867=ADVANCED_FACE('',(#5381),#87,.T.);
#5868=ADVANCED_FACE('',(#5382),#88,.T.);
#5869=ADVANCED_FACE('',(#5383),#5563,.T.);
#5870=ADVANCED_FACE('',(#5384),#89,.T.);
#5871=ADVANCED_FACE('',(#5385),#90,.T.);
#5872=ADVANCED_FACE('',(#5386,#5387),#5564,.T.);
#5873=ADVANCED_FACE('',(#5388),#5565,.T.);
#5874=ADVANCED_FACE('',(#5389),#5566,.T.);
#5875=ADVANCED_FACE('',(#5390),#91,.T.);
#5876=ADVANCED_FACE('',(#5391),#92,.T.);
#5877=ADVANCED_FACE('',(#5392),#93,.T.);
#5878=ADVANCED_FACE('',(#5393),#94,.T.);
#5879=ADVANCED_FACE('',(#5394),#5567,.T.);
#5880=ADVANCED_FACE('',(#5395),#95,.T.);
#5881=ADVANCED_FACE('',(#5396),#96,.T.);
#5882=ADVANCED_FACE('',(#5397),#97,.T.);
#5883=ADVANCED_FACE('',(#5398),#168,.F.);
#5884=ADVANCED_FACE('',(#5399),#98,.T.);
#5885=ADVANCED_FACE('',(#5400),#5568,.T.);
#5886=ADVANCED_FACE('',(#5401),#5569,.T.);
#5887=ADVANCED_FACE('',(#5402),#5570,.F.);
#5888=ADVANCED_FACE('',(#5403),#5571,.F.);
#5889=CLOSED_SHELL('',(#5572,#5573,#5574,#5575,#5576,#5577,#5578,#5579,
#5580,#5581,#5582,#5583,#5584,#5585,#5586,#5587,#5588,#5589,#5590,#5591,
#5592,#5593,#5594,#5595,#5596,#5597,#5598,#5599,#5600,#5601,#5602,#5603,
#5604,#5605,#5606,#5607,#5608,#5609,#5610,#5611,#5612,#5613,#5614,#5615,
#5616,#5617,#5618,#5619,#5620,#5621,#5622,#5623,#5624,#5625,#5626,#5627,
#5628,#5629,#5630,#5631,#5632,#5633,#5634,#5635,#5636,#5637,#5638,#5639,
#5640,#5641,#5642,#5643,#5644,#5645,#5646,#5647,#5648,#5649,#5650,#5651,
#5652,#5653,#5654,#5655,#5656,#5657,#5658,#5659,#5660,#5661,#5662,#5663,
#5664,#5665,#5666,#5667,#5668,#5669,#5670,#5671,#5672,#5673,#5674,#5675,
#5676,#5677,#5678,#5679,#5680,#5681,#5682,#5683,#5684,#5685,#5686,#5687,
#5688,#5689,#5690,#5691,#5692,#5693,#5694,#5695,#5696,#5697,#5698,#5699,
#5700,#5701,#5702,#5703,#5704,#5705,#5706,#5707,#5708,#5709,#5710,#5711,
#5712,#5713,#5714,#5715,#5716,#5717,#5718,#5719,#5720,#5721,#5722,#5723,
#5724,#5725,#5726,#5727,#5728,#5729,#5730,#5731,#5732,#5733,#5734,#5735,
#5736,#5737,#5738,#5739,#5740,#5741,#5742,#5743,#5744,#5745,#5746,#5747,
#5748,#5749,#5750,#5751,#5752,#5753,#5754,#5755,#5756,#5757,#5758,#5759,
#5760,#5761,#5762,#5763,#5764,#5765,#5766,#5767,#5768,#5769,#5770,#5771,
#5772,#5773,#5774,#5775,#5776,#5777,#5778,#5779,#5780,#5781,#5782,#5783,
#5784,#5785,#5786,#5787,#5788,#5789,#5790,#5791,#5792,#5793,#5794,#5795,
#5796,#5797,#5798,#5799,#5800,#5801,#5802,#5803,#5804,#5805,#5806,#5807,
#5808,#5809,#5810,#5811,#5812,#5813,#5814,#5815,#5816,#5817,#5818,#5819,
#5820,#5821,#5822,#5823,#5824,#5825,#5826,#5827,#5828,#5829,#5830,#5831,
#5832,#5833,#5834,#5835,#5836,#5837,#5838,#5839,#5840,#5841,#5842,#5843,
#5844,#5845,#5846,#5847,#5848,#5849,#5850,#5851,#5852,#5853,#5854,#5855,
#5856,#5857,#5858,#5859,#5860,#5861,#5862,#5863,#5864,#5865,#5866,#5867,
#5868,#5869,#5870,#5871,#5872,#5873,#5874,#5875,#5876,#5877,#5878,#5879,
#5880,#5881,#5882,#5883,#5884,#5885,#5886,#5887,#5888));
#5890=STYLED_ITEM('',(#5891),#5898);
#5891=PRESENTATION_STYLE_ASSIGNMENT((#5892));
#5892=SURFACE_STYLE_USAGE(.BOTH.,#5893);
#5893=SURFACE_SIDE_STYLE('',(#5894));
#5894=SURFACE_STYLE_FILL_AREA(#5895);
#5895=FILL_AREA_STYLE('',(#5896));
#5896=FILL_AREA_STYLE_COLOUR('',#5897);
#5897=COLOUR_RGB('',0.615686274509804,0.811764705882353,0.929411764705882);
#5898=MANIFOLD_SOLID_BREP('JoyKey Case',#5889);
#5899=SHAPE_DEFINITION_REPRESENTATION(#10893,#5900);
#5900=SHAPE_REPRESENTATION('JoyKey Case',(#5901),#10888);
#5901=AXIS2_PLACEMENT_3D('',#7639,#6302,#6303);
#5902=AXIS2_PLACEMENT_3D('',#7640,#6304,#6305);
#5903=AXIS2_PLACEMENT_3D('',#7774,#6330,#6331);
#5904=AXIS2_PLACEMENT_3D('',#7818,#6339,#6340);
#5905=AXIS2_PLACEMENT_3D('',#7822,#6342,#6343);
#5906=AXIS2_PLACEMENT_3D('',#7826,#6345,#6346);
#5907=AXIS2_PLACEMENT_3D('',#7830,#6348,#6349);
#5908=AXIS2_PLACEMENT_3D('',#7834,#6351,#6352);
#5909=AXIS2_PLACEMENT_3D('',#7864,#6365,#6366);
#5910=AXIS2_PLACEMENT_3D('',#7898,#6377,#6378);
#5911=AXIS2_PLACEMENT_3D('',#7928,#6387,#6388);
#5912=AXIS2_PLACEMENT_3D('',#7961,#6391,#6392);
#5913=AXIS2_PLACEMENT_3D('',#7969,#6393,#6394);
#5914=AXIS2_PLACEMENT_3D('',#7971,#6395,#6396);
#5915=AXIS2_PLACEMENT_3D('',#7975,#6398,#6399);
#5916=AXIS2_PLACEMENT_3D('',#7977,#6400,#6401);
#5917=AXIS2_PLACEMENT_3D('',#7986,#6403,#6404);
#5918=AXIS2_PLACEMENT_3D('',#7987,#6405,#6406);
#5919=AXIS2_PLACEMENT_3D('',#7992,#6408,#6409);
#5920=AXIS2_PLACEMENT_3D('',#7996,#6411,#6412);
#5921=AXIS2_PLACEMENT_3D('',#7998,#6413,#6414);
#5922=AXIS2_PLACEMENT_3D('',#8000,#6415,#6416);
#5923=AXIS2_PLACEMENT_3D('',#8003,#6418,#6419);
#5924=AXIS2_PLACEMENT_3D('',#8008,#6422,#6423);
#5925=AXIS2_PLACEMENT_3D('',#8012,#6425,#6426);
#5926=AXIS2_PLACEMENT_3D('',#8016,#6428,#6429);
#5927=AXIS2_PLACEMENT_3D('',#8020,#6431,#6432);
#5928=AXIS2_PLACEMENT_3D('',#8025,#6435,#6436);
#5929=AXIS2_PLACEMENT_3D('',#8039,#6441,#6442);
#5930=AXIS2_PLACEMENT_3D('',#8048,#6447,#6448);
#5931=AXIS2_PLACEMENT_3D('',#8049,#6449,#6450);
#5932=AXIS2_PLACEMENT_3D('',#8059,#6455,#6456);
#5933=AXIS2_PLACEMENT_3D('',#8063,#6458,#6459);
#5934=AXIS2_PLACEMENT_3D('',#8067,#6461,#6462);
#5935=AXIS2_PLACEMENT_3D('',#8071,#6464,#6465);
#5936=AXIS2_PLACEMENT_3D('',#8075,#6467,#6468);
#5937=AXIS2_PLACEMENT_3D('',#8092,#6477,#6478);
#5938=AXIS2_PLACEMENT_3D('',#8101,#6483,#6484);
#5939=AXIS2_PLACEMENT_3D('',#8107,#6488,#6489);
#5940=AXIS2_PLACEMENT_3D('',#8113,#6493,#6494);
#5941=AXIS2_PLACEMENT_3D('',#8119,#6498,#6499);
#5942=AXIS2_PLACEMENT_3D('',#8134,#6508,#6509);
#5943=AXIS2_PLACEMENT_3D('',#8142,#6513,#6514);
#5944=AXIS2_PLACEMENT_3D('',#8156,#6522,#6523);
#5945=AXIS2_PLACEMENT_3D('',#8160,#6525,#6526);
#5946=AXIS2_PLACEMENT_3D('',#8164,#6528,#6529);
#5947=AXIS2_PLACEMENT_3D('',#8165,#6530,#6531);
#5948=AXIS2_PLACEMENT_3D('',#8169,#6533,#6534);
#5949=AXIS2_PLACEMENT_3D('',#8173,#6536,#6537);
#5950=AXIS2_PLACEMENT_3D('',#8177,#6539,#6540);
#5951=AXIS2_PLACEMENT_3D('',#8181,#6542,#6543);
#5952=AXIS2_PLACEMENT_3D('',#8182,#6544,#6545);
#5953=AXIS2_PLACEMENT_3D('',#8186,#6547,#6548);
#5954=AXIS2_PLACEMENT_3D('',#8190,#6550,#6551);
#5955=AXIS2_PLACEMENT_3D('',#8210,#6553,#6554);
#5956=AXIS2_PLACEMENT_3D('',#8212,#6555,#6556);
#5957=AXIS2_PLACEMENT_3D('',#8217,#6559,#6560);
#5958=AXIS2_PLACEMENT_3D('',#8218,#6561,#6562);
#5959=AXIS2_PLACEMENT_3D('',#8237,#6573,#6574);
#5960=AXIS2_PLACEMENT_3D('',#8274,#6575,#6576);
#5961=AXIS2_PLACEMENT_3D('',#8286,#6578,#6579);
#5962=AXIS2_PLACEMENT_3D('',#8290,#6582,#6583);
#5963=AXIS2_PLACEMENT_3D('',#8297,#6588,#6589);
#5964=AXIS2_PLACEMENT_3D('',#8317,#6599,#6600);
#5965=AXIS2_PLACEMENT_3D('',#8318,#6601,#6602);
#5966=AXIS2_PLACEMENT_3D('',#8325,#6606,#6607);
#5967=AXIS2_PLACEMENT_3D('',#8329,#6609,#6610);
#5968=AXIS2_PLACEMENT_3D('',#8333,#6612,#6613);
#5969=AXIS2_PLACEMENT_3D('',#8337,#6615,#6616);
#5970=AXIS2_PLACEMENT_3D('',#8341,#6618,#6619);
#5971=AXIS2_PLACEMENT_3D('',#8361,#6629,#6630);
#5972=AXIS2_PLACEMENT_3D('',#8362,#6631,#6632);
#5973=AXIS2_PLACEMENT_3D('',#8366,#6634,#6635);
#5974=AXIS2_PLACEMENT_3D('',#8367,#6636,#6637);
#5975=AXIS2_PLACEMENT_3D('',#8388,#6639,#6640);
#5976=AXIS2_PLACEMENT_3D('',#8427,#6642,#6643);
#5977=AXIS2_PLACEMENT_3D('',#8428,#6644,#6645);
#5978=AXIS2_PLACEMENT_3D('',#8433,#6648,#6649);
#5979=AXIS2_PLACEMENT_3D('',#8439,#6653,#6654);
#5980=AXIS2_PLACEMENT_3D('',#8452,#6656,#6657);
#5981=AXIS2_PLACEMENT_3D('',#8454,#6658,#6659);
#5982=AXIS2_PLACEMENT_3D('',#8474,#6661,#6662);
#5983=AXIS2_PLACEMENT_3D('',#8478,#6664,#6665);
#5984=AXIS2_PLACEMENT_3D('',#8481,#6667,#6668);
#5985=AXIS2_PLACEMENT_3D('',#8487,#6672,#6673);
#5986=AXIS2_PLACEMENT_3D('',#8491,#6675,#6676);
#5987=AXIS2_PLACEMENT_3D('',#8493,#6678,#6679);
#5988=AXIS2_PLACEMENT_3D('',#8502,#6684,#6685);
#5989=AXIS2_PLACEMENT_3D('',#8503,#6686,#6687);
#5990=AXIS2_PLACEMENT_3D('',#8511,#6691,#6692);
#5991=AXIS2_PLACEMENT_3D('',#8512,#6693,#6694);
#5992=AXIS2_PLACEMENT_3D('',#8517,#6697,#6698);
#5993=AXIS2_PLACEMENT_3D('',#8530,#6702,#6703);
#5994=AXIS2_PLACEMENT_3D('',#8542,#6707,#6708);
#5995=AXIS2_PLACEMENT_3D('',#8553,#6712,#6713);
#5996=AXIS2_PLACEMENT_3D('',#8564,#6717,#6718);
#5997=AXIS2_PLACEMENT_3D('',#8589,#6723,#6724);
#5998=AXIS2_PLACEMENT_3D('',#8614,#6729,#6730);
#5999=AXIS2_PLACEMENT_3D('',#8622,#6731,#6732);
#6000=AXIS2_PLACEMENT_3D('',#8624,#6733,#6734);
#6001=AXIS2_PLACEMENT_3D('',#8632,#6735,#6736);
#6002=AXIS2_PLACEMENT_3D('',#8634,#6737,#6738);
#6003=AXIS2_PLACEMENT_3D('',#8635,#6739,#6740);
#6004=AXIS2_PLACEMENT_3D('',#8637,#6741,#6742);
#6005=AXIS2_PLACEMENT_3D('',#8647,#6749,#6750);
#6006=AXIS2_PLACEMENT_3D('',#8649,#6752,#6753);
#6007=AXIS2_PLACEMENT_3D('',#8651,#6755,#6756);
#6008=AXIS2_PLACEMENT_3D('',#8653,#6758,#6759);
#6009=AXIS2_PLACEMENT_3D('',#8656,#6761,#6762);
#6010=AXIS2_PLACEMENT_3D('',#8659,#6764,#6765);
#6011=AXIS2_PLACEMENT_3D('',#8660,#6766,#6767);
#6012=AXIS2_PLACEMENT_3D('',#8662,#6768,#6769);
#6013=AXIS2_PLACEMENT_3D('',#8664,#6771,#6772);
#6014=AXIS2_PLACEMENT_3D('',#8666,#6774,#6775);
#6015=AXIS2_PLACEMENT_3D('',#8667,#6776,#6777);
#6016=AXIS2_PLACEMENT_3D('',#8670,#6779,#6780);
#6017=AXIS2_PLACEMENT_3D('',#8671,#6781,#6782);
#6018=AXIS2_PLACEMENT_3D('',#8675,#6784,#6785);
#6019=AXIS2_PLACEMENT_3D('',#8685,#6788,#6789);
#6020=AXIS2_PLACEMENT_3D('',#8690,#6790,#6791);
#6021=AXIS2_PLACEMENT_3D('',#8695,#6794,#6795);
#6022=AXIS2_PLACEMENT_3D('',#8698,#6797,#6798);
#6023=AXIS2_PLACEMENT_3D('',#8700,#6800,#6801);
#6024=AXIS2_PLACEMENT_3D('',#8706,#6805,#6806);
#6025=AXIS2_PLACEMENT_3D('',#8715,#6811,#6812);
#6026=AXIS2_PLACEMENT_3D('',#8721,#6816,#6817);
#6027=AXIS2_PLACEMENT_3D('',#8727,#6821,#6822);
#6028=AXIS2_PLACEMENT_3D('',#8730,#6825,#6826);
#6029=AXIS2_PLACEMENT_3D('',#8735,#6830,#6831);
#6030=AXIS2_PLACEMENT_3D('',#8736,#6832,#6833);
#6031=AXIS2_PLACEMENT_3D('',#8737,#6834,#6835);
#6032=AXIS2_PLACEMENT_3D('',#8741,#6837,#6838);
#6033=AXIS2_PLACEMENT_3D('',#8751,#6841,#6842);
#6034=AXIS2_PLACEMENT_3D('',#8752,#6843,#6844);
#6035=AXIS2_PLACEMENT_3D('',#8757,#6847,#6848);
#6036=AXIS2_PLACEMENT_3D('',#8762,#6849,#6850);
#6037=AXIS2_PLACEMENT_3D('',#8763,#6851,#6852);
#6038=AXIS2_PLACEMENT_3D('',#8767,#6855,#6856);
#6039=AXIS2_PLACEMENT_3D('',#8773,#6860,#6861);
#6040=AXIS2_PLACEMENT_3D('',#8777,#6864,#6865);
#6041=AXIS2_PLACEMENT_3D('',#8781,#6868,#6869);
#6042=AXIS2_PLACEMENT_3D('',#8783,#6871,#6872);
#6043=AXIS2_PLACEMENT_3D('',#8784,#6873,#6874);
#6044=AXIS2_PLACEMENT_3D('',#8785,#6875,#6876);
#6045=AXIS2_PLACEMENT_3D('',#8786,#6877,#6878);
#6046=AXIS2_PLACEMENT_3D('',#8787,#6879,#6880);
#6047=AXIS2_PLACEMENT_3D('',#8788,#6881,#6882);
#6048=AXIS2_PLACEMENT_3D('',#8789,#6883,#6884);
#6049=AXIS2_PLACEMENT_3D('',#8790,#6885,#6886);
#6050=AXIS2_PLACEMENT_3D('',#8801,#6890,#6891);
#6051=AXIS2_PLACEMENT_3D('',#8813,#6895,#6896);
#6052=AXIS2_PLACEMENT_3D('',#8826,#6900,#6901);
#6053=AXIS2_PLACEMENT_3D('',#8827,#6902,#6903);
#6054=AXIS2_PLACEMENT_3D('',#8828,#6904,#6905);
#6055=AXIS2_PLACEMENT_3D('',#8829,#6906,#6907);
#6056=AXIS2_PLACEMENT_3D('',#8830,#6908,#6909);
#6057=AXIS2_PLACEMENT_3D('',#8831,#6910,#6911);
#6058=AXIS2_PLACEMENT_3D('',#8837,#6915,#6916);
#6059=AXIS2_PLACEMENT_3D('',#8838,#6917,#6918);
#6060=AXIS2_PLACEMENT_3D('',#8841,#6920,#6921);
#6061=AXIS2_PLACEMENT_3D('',#8845,#6924,#6925);
#6062=AXIS2_PLACEMENT_3D('',#8846,#6926,#6927);
#6063=AXIS2_PLACEMENT_3D('',#8847,#6928,#6929);
#6064=AXIS2_PLACEMENT_3D('',#8848,#6930,#6931);
#6065=AXIS2_PLACEMENT_3D('',#8854,#6935,#6936);
#6066=AXIS2_PLACEMENT_3D('',#8855,#6937,#6938);
#6067=AXIS2_PLACEMENT_3D('',#8858,#6940,#6941);
#6068=AXIS2_PLACEMENT_3D('',#8862,#6944,#6945);
#6069=AXIS2_PLACEMENT_3D('',#8863,#6946,#6947);
#6070=AXIS2_PLACEMENT_3D('',#8864,#6948,#6949);
#6071=AXIS2_PLACEMENT_3D('',#8865,#6950,#6951);
#6072=AXIS2_PLACEMENT_3D('',#8871,#6955,#6956);
#6073=AXIS2_PLACEMENT_3D('',#8890,#6957,#6958);
#6074=AXIS2_PLACEMENT_3D('',#8892,#6960,#6961);
#6075=AXIS2_PLACEMENT_3D('',#8912,#6963,#6964);
#6076=AXIS2_PLACEMENT_3D('',#8917,#6968,#6969);
#6077=AXIS2_PLACEMENT_3D('',#8921,#6972,#6973);
#6078=AXIS2_PLACEMENT_3D('',#8926,#6978,#6979);
#6079=AXIS2_PLACEMENT_3D('',#8927,#6980,#6981);
#6080=AXIS2_PLACEMENT_3D('',#8929,#6983,#6984);
#6081=AXIS2_PLACEMENT_3D('',#8930,#6985,#6986);
#6082=AXIS2_PLACEMENT_3D('',#8931,#6987,#6988);
#6083=AXIS2_PLACEMENT_3D('',#8942,#6995,#6996);
#6084=AXIS2_PLACEMENT_3D('',#8943,#6997,#6998);
#6085=AXIS2_PLACEMENT_3D('',#8945,#6999,#7000);
#6086=AXIS2_PLACEMENT_3D('',#8950,#7003,#7004);
#6087=AXIS2_PLACEMENT_3D('',#8956,#7009,#7010);
#6088=AXIS2_PLACEMENT_3D('',#8959,#7013,#7014);
#6089=AXIS2_PLACEMENT_3D('',#8961,#7016,#7017);
#6090=AXIS2_PLACEMENT_3D('',#8968,#7019,#7020);
#6091=AXIS2_PLACEMENT_3D('',#8972,#7023,#7024);
#6092=AXIS2_PLACEMENT_3D('',#8978,#7026,#7027);
#6093=AXIS2_PLACEMENT_3D('',#8980,#7029,#7030);
#6094=AXIS2_PLACEMENT_3D('',#8982,#7032,#7033);
#6095=AXIS2_PLACEMENT_3D('',#9020,#7035,#7036);
#6096=AXIS2_PLACEMENT_3D('',#9034,#7039,#7040);
#6097=AXIS2_PLACEMENT_3D('',#9065,#7041,#7042);
#6098=AXIS2_PLACEMENT_3D('',#9104,#7044,#7045);
#6099=AXIS2_PLACEMENT_3D('',#9139,#7047,#7048);
#6100=AXIS2_PLACEMENT_3D('',#9149,#7050,#7051);
#6101=AXIS2_PLACEMENT_3D('',#9150,#7052,#7053);
#6102=AXIS2_PLACEMENT_3D('',#9151,#7054,#7055);
#6103=AXIS2_PLACEMENT_3D('',#9165,#7057,#7058);
#6104=AXIS2_PLACEMENT_3D('',#9166,#7059,#7060);
#6105=AXIS2_PLACEMENT_3D('',#9179,#7062,#7063);
#6106=AXIS2_PLACEMENT_3D('',#9181,#7064,#7065);
#6107=AXIS2_PLACEMENT_3D('',#9182,#7066,#7067);
#6108=AXIS2_PLACEMENT_3D('',#9185,#7070,#7071);
#6109=AXIS2_PLACEMENT_3D('',#9187,#7073,#7074);
#6110=AXIS2_PLACEMENT_3D('',#9189,#7076,#7077);
#6111=AXIS2_PLACEMENT_3D('',#9190,#7078,#7079);
#6112=AXIS2_PLACEMENT_3D('',#9193,#7082,#7083);
#6113=AXIS2_PLACEMENT_3D('',#9195,#7085,#7086);
#6114=AXIS2_PLACEMENT_3D('',#9197,#7088,#7089);
#6115=AXIS2_PLACEMENT_3D('',#9198,#7090,#7091);
#6116=AXIS2_PLACEMENT_3D('',#9201,#7094,#7095);
#6117=AXIS2_PLACEMENT_3D('',#9205,#7098,#7099);
#6118=AXIS2_PLACEMENT_3D('',#9209,#7102,#7103);
#6119=AXIS2_PLACEMENT_3D('',#9211,#7105,#7106);
#6120=AXIS2_PLACEMENT_3D('',#9212,#7107,#7108);
#6121=AXIS2_PLACEMENT_3D('',#9213,#7109,#7110);
#6122=AXIS2_PLACEMENT_3D('',#9214,#7111,#7112);
#6123=AXIS2_PLACEMENT_3D('',#9215,#7113,#7114);
#6124=AXIS2_PLACEMENT_3D('',#9216,#7115,#7116);
#6125=AXIS2_PLACEMENT_3D('',#9217,#7117,#7118);
#6126=AXIS2_PLACEMENT_3D('',#9223,#7119,#7120);
#6127=AXIS2_PLACEMENT_3D('',#9224,#7121,#7122);
#6128=AXIS2_PLACEMENT_3D('',#9225,#7123,#7124);
#6129=AXIS2_PLACEMENT_3D('',#9226,#7125,#7126);
#6130=AXIS2_PLACEMENT_3D('',#9227,#7127,#7128);
#6131=AXIS2_PLACEMENT_3D('',#9228,#7129,#7130);
#6132=AXIS2_PLACEMENT_3D('',#9229,#7131,#7132);
#6133=AXIS2_PLACEMENT_3D('',#9235,#7133,#7134);
#6134=AXIS2_PLACEMENT_3D('',#9236,#7135,#7136);
#6135=AXIS2_PLACEMENT_3D('',#9244,#7137,#7138);
#6136=AXIS2_PLACEMENT_3D('',#9245,#7139,#7140);
#6137=AXIS2_PLACEMENT_3D('',#9246,#7141,#7142);
#6138=AXIS2_PLACEMENT_3D('',#9247,#7143,#7144);
#6139=AXIS2_PLACEMENT_3D('',#9248,#7145,#7146);
#6140=AXIS2_PLACEMENT_3D('',#9249,#7147,#7148);
#6141=AXIS2_PLACEMENT_3D('',#9250,#7149,#7150);
#6142=AXIS2_PLACEMENT_3D('',#9251,#7151,#7152);
#6143=AXIS2_PLACEMENT_3D('',#9252,#7153,#7154);
#6144=AXIS2_PLACEMENT_3D('',#9253,#7155,#7156);
#6145=AXIS2_PLACEMENT_3D('',#9254,#7157,#7158);
#6146=AXIS2_PLACEMENT_3D('',#9255,#7159,#7160);
#6147=AXIS2_PLACEMENT_3D('',#9263,#7161,#7162);
#6148=AXIS2_PLACEMENT_3D('',#9264,#7163,#7164);
#6149=AXIS2_PLACEMENT_3D('',#9265,#7165,#7166);
#6150=AXIS2_PLACEMENT_3D('',#9266,#7167,#7168);
#6151=AXIS2_PLACEMENT_3D('',#9267,#7169,#7170);
#6152=AXIS2_PLACEMENT_3D('',#9268,#7171,#7172);
#6153=AXIS2_PLACEMENT_3D('',#9269,#7173,#7174);
#6154=AXIS2_PLACEMENT_3D('',#9270,#7175,#7176);
#6155=AXIS2_PLACEMENT_3D('',#9271,#7177,#7178);
#6156=AXIS2_PLACEMENT_3D('',#9272,#7179,#7180);
#6157=AXIS2_PLACEMENT_3D('',#9273,#7181,#7182);
#6158=AXIS2_PLACEMENT_3D('',#9274,#7183,#7184);
#6159=AXIS2_PLACEMENT_3D('',#9275,#7185,#7186);
#6160=AXIS2_PLACEMENT_3D('',#9276,#7187,#7188);
#6161=AXIS2_PLACEMENT_3D('',#9281,#7191,#7192);
#6162=AXIS2_PLACEMENT_3D('',#9284,#7194,#7195);
#6163=AXIS2_PLACEMENT_3D('',#9287,#7197,#7198);
#6164=AXIS2_PLACEMENT_3D('',#9293,#7202,#7203);
#6165=AXIS2_PLACEMENT_3D('',#9294,#7204,#7205);
#6166=AXIS2_PLACEMENT_3D('',#9298,#7208,#7209);
#6167=AXIS2_PLACEMENT_3D('',#9304,#7213,#7214);
#6168=AXIS2_PLACEMENT_3D('',#9310,#7218,#7219);
#6169=AXIS2_PLACEMENT_3D('',#9313,#7222,#7223);
#6170=AXIS2_PLACEMENT_3D('',#9314,#7224,#7225);
#6171=AXIS2_PLACEMENT_3D('',#9315,#7226,#7227);
#6172=AXIS2_PLACEMENT_3D('',#9317,#7228,#7229);
#6173=AXIS2_PLACEMENT_3D('',#9321,#7232,#7233);
#6174=AXIS2_PLACEMENT_3D('',#9327,#7237,#7238);
#6175=AXIS2_PLACEMENT_3D('',#9329,#7240,#7241);
#6176=AXIS2_PLACEMENT_3D('',#9331,#7243,#7244);
#6177=AXIS2_PLACEMENT_3D('',#9332,#7245,#7246);
#6178=AXIS2_PLACEMENT_3D('',#9333,#7247,#7248);
#6179=AXIS2_PLACEMENT_3D('',#9335,#7249,#7250);
#6180=AXIS2_PLACEMENT_3D('',#9336,#7251,#7252);
#6181=AXIS2_PLACEMENT_3D('',#9337,#7253,#7254);
#6182=AXIS2_PLACEMENT_3D('',#9339,#7255,#7256);
#6183=AXIS2_PLACEMENT_3D('',#9340,#7257,#7258);
#6184=AXIS2_PLACEMENT_3D('',#9341,#7259,#7260);
#6185=AXIS2_PLACEMENT_3D('',#9343,#7261,#7262);
#6186=AXIS2_PLACEMENT_3D('',#9344,#7263,#7264);
#6187=AXIS2_PLACEMENT_3D('',#9345,#7265,#7266);
#6188=AXIS2_PLACEMENT_3D('',#9347,#7267,#7268);
#6189=AXIS2_PLACEMENT_3D('',#9348,#7269,#7270);
#6190=AXIS2_PLACEMENT_3D('',#9349,#7271,#7272);
#6191=AXIS2_PLACEMENT_3D('',#9350,#7273,#7274);
#6192=AXIS2_PLACEMENT_3D('',#9351,#7275,#7276);
#6193=AXIS2_PLACEMENT_3D('',#9352,#7277,#7278);
#6194=AXIS2_PLACEMENT_3D('',#9353,#7279,#7280);
#6195=AXIS2_PLACEMENT_3D('',#9354,#7281,#7282);
#6196=AXIS2_PLACEMENT_3D('',#9355,#7283,#7284);
#6197=AXIS2_PLACEMENT_3D('',#9356,#7285,#7286);
#6198=AXIS2_PLACEMENT_3D('',#9372,#7287,#7288);
#6199=AXIS2_PLACEMENT_3D('',#9404,#7289,#7290);
#6200=AXIS2_PLACEMENT_3D('',#9421,#7291,#7292);
#6201=AXIS2_PLACEMENT_3D('',#9422,#7293,#7294);
#6202=AXIS2_PLACEMENT_3D('',#9423,#7295,#7296);
#6203=AXIS2_PLACEMENT_3D('',#9424,#7297,#7298);
#6204=AXIS2_PLACEMENT_3D('',#9446,#7299,#7300);
#6205=AXIS2_PLACEMENT_3D('',#9447,#7301,#7302);
#6206=AXIS2_PLACEMENT_3D('',#9448,#7303,#7304);
#6207=AXIS2_PLACEMENT_3D('',#9494,#7305,#7306);
#6208=AXIS2_PLACEMENT_3D('',#9516,#7307,#7308);
#6209=AXIS2_PLACEMENT_3D('',#9576,#7309,#7310);
#6210=AXIS2_PLACEMENT_3D('',#9577,#7311,#7312);
#6211=AXIS2_PLACEMENT_3D('',#9578,#7313,#7314);
#6212=AXIS2_PLACEMENT_3D('',#9624,#7315,#7316);
#6213=AXIS2_PLACEMENT_3D('',#9646,#7317,#7318);
#6214=AXIS2_PLACEMENT_3D('',#9749,#7319,#7320);
#6215=AXIS2_PLACEMENT_3D('',#9750,#7321,#7322);
#6216=AXIS2_PLACEMENT_3D('',#9751,#7323,#7324);
#6217=AXIS2_PLACEMENT_3D('',#9779,#7325,#7326);
#6218=AXIS2_PLACEMENT_3D('',#9780,#7327,#7328);
#6219=AXIS2_PLACEMENT_3D('',#9788,#7329,#7330);
#6220=AXIS2_PLACEMENT_3D('',#9789,#7331,#7332);
#6221=AXIS2_PLACEMENT_3D('',#9875,#7333,#7334);
#6222=AXIS2_PLACEMENT_3D('',#9876,#7335,#7336);
#6223=AXIS2_PLACEMENT_3D('',#9877,#7337,#7338);
#6224=AXIS2_PLACEMENT_3D('',#9905,#7339,#7340);
#6225=AXIS2_PLACEMENT_3D('',#9906,#7341,#7342);
#6226=AXIS2_PLACEMENT_3D('',#9914,#7343,#7344);
#6227=AXIS2_PLACEMENT_3D('',#9915,#7345,#7346);
#6228=AXIS2_PLACEMENT_3D('',#9937,#7347,#7348);
#6229=AXIS2_PLACEMENT_3D('',#9938,#7349,#7350);
#6230=AXIS2_PLACEMENT_3D('',#9939,#7351,#7352);
#6231=AXIS2_PLACEMENT_3D('',#9940,#7353,#7354);
#6232=AXIS2_PLACEMENT_3D('',#9941,#7355,#7356);
#6233=AXIS2_PLACEMENT_3D('',#9942,#7357,#7358);
#6234=AXIS2_PLACEMENT_3D('',#9943,#7359,#7360);
#6235=AXIS2_PLACEMENT_3D('',#9946,#7363,#7364);
#6236=AXIS2_PLACEMENT_3D('',#9947,#7365,#7366);
#6237=AXIS2_PLACEMENT_3D('',#9963,#7367,#7368);
#6238=AXIS2_PLACEMENT_3D('',#9964,#7369,#7370);
#6239=AXIS2_PLACEMENT_3D('',#9980,#7371,#7372);
#6240=AXIS2_PLACEMENT_3D('',#10001,#7373,#7374);
#6241=AXIS2_PLACEMENT_3D('',#10022,#7375,#7376);
#6242=AXIS2_PLACEMENT_3D('',#10023,#7377,#7378);
#6243=AXIS2_PLACEMENT_3D('',#10161,#7389,#7390);
#6244=AXIS2_PLACEMENT_3D('',#10217,#7397,#7398);
#6245=AXIS2_PLACEMENT_3D('',#10285,#7404,#7405);
#6246=AXIS2_PLACEMENT_3D('',#10286,#7406,#7407);
#6247=AXIS2_PLACEMENT_3D('',#10292,#7411,#7412);
#6248=AXIS2_PLACEMENT_3D('',#10296,#7415,#7416);
#6249=AXIS2_PLACEMENT_3D('',#10300,#7419,#7420);
#6250=AXIS2_PLACEMENT_3D('',#10304,#7423,#7424);
#6251=AXIS2_PLACEMENT_3D('',#10334,#7429,#7430);
#6252=AXIS2_PLACEMENT_3D('',#10338,#7433,#7434);
#6253=AXIS2_PLACEMENT_3D('',#10342,#7437,#7438);
#6254=AXIS2_PLACEMENT_3D('',#10345,#7440,#7441);
#6255=AXIS2_PLACEMENT_3D('',#10359,#7443,#7444);
#6256=AXIS2_PLACEMENT_3D('',#10363,#7447,#7448);
#6257=AXIS2_PLACEMENT_3D('',#10367,#7451,#7452);
#6258=AXIS2_PLACEMENT_3D('',#10369,#7454,#7455);
#6259=AXIS2_PLACEMENT_3D('',#10370,#7456,#7457);
#6260=AXIS2_PLACEMENT_3D('',#10376,#7461,#7462);
#6261=AXIS2_PLACEMENT_3D('',#10380,#7465,#7466);
#6262=AXIS2_PLACEMENT_3D('',#10384,#7469,#7470);
#6263=AXIS2_PLACEMENT_3D('',#10388,#7473,#7474);
#6264=AXIS2_PLACEMENT_3D('',#10392,#7477,#7478);
#6265=AXIS2_PLACEMENT_3D('',#10396,#7481,#7482);
#6266=AXIS2_PLACEMENT_3D('',#10400,#7485,#7486);
#6267=AXIS2_PLACEMENT_3D('',#10404,#7489,#7490);
#6268=AXIS2_PLACEMENT_3D('',#10408,#7493,#7494);
#6269=AXIS2_PLACEMENT_3D('',#10412,#7497,#7498);
#6270=AXIS2_PLACEMENT_3D('',#10416,#7501,#7502);
#6271=AXIS2_PLACEMENT_3D('',#10420,#7505,#7506);
#6272=AXIS2_PLACEMENT_3D('',#10422,#7508,#7509);
#6273=AXIS2_PLACEMENT_3D('',#10423,#7510,#7511);
#6274=AXIS2_PLACEMENT_3D('',#10429,#7515,#7516);
#6275=AXIS2_PLACEMENT_3D('',#10433,#7519,#7520);
#6276=AXIS2_PLACEMENT_3D('',#10437,#7523,#7524);
#6277=AXIS2_PLACEMENT_3D('',#10441,#7527,#7528);
#6278=AXIS2_PLACEMENT_3D('',#10471,#7533,#7534);
#6279=AXIS2_PLACEMENT_3D('',#10475,#7537,#7538);
#6280=AXIS2_PLACEMENT_3D('',#10479,#7541,#7542);
#6281=AXIS2_PLACEMENT_3D('',#10482,#7544,#7545);
#6282=AXIS2_PLACEMENT_3D('',#10496,#7547,#7548);
#6283=AXIS2_PLACEMENT_3D('',#10500,#7551,#7552);
#6284=AXIS2_PLACEMENT_3D('',#10504,#7555,#7556);
#6285=AXIS2_PLACEMENT_3D('',#10506,#7558,#7559);
#6286=AXIS2_PLACEMENT_3D('',#10561,#7564,#7565);
#6287=AXIS2_PLACEMENT_3D('',#10567,#7569,#7570);
#6288=AXIS2_PLACEMENT_3D('',#10614,#7578,#7579);
#6289=AXIS2_PLACEMENT_3D('',#10657,#7585,#7586);
#6290=AXIS2_PLACEMENT_3D('',#10661,#7589,#7590);
#6291=AXIS2_PLACEMENT_3D('',#10730,#7598,#7599);
#6292=AXIS2_PLACEMENT_3D('',#10759,#7602,#7603);
#6293=AXIS2_PLACEMENT_3D('',#10760,#7604,#7605);
#6294=AXIS2_PLACEMENT_3D('',#10766,#7609,#7610);
#6295=AXIS2_PLACEMENT_3D('',#10822,#7617,#7618);
#6296=AXIS2_PLACEMENT_3D('',#10865,#7624,#7625);
#6297=AXIS2_PLACEMENT_3D('',#10868,#7627,#7628);
#6298=AXIS2_PLACEMENT_3D('',#10882,#7630,#7631);
#6299=AXIS2_PLACEMENT_3D('',#10884,#7633,#7634);
#6300=AXIS2_PLACEMENT_3D('',#10885,#7635,#7636);
#6301=AXIS2_PLACEMENT_3D('',#10886,#7637,#7638);
#6302=DIRECTION('',(0.,0.,1.));
#6303=DIRECTION('',(1.,0.,0.));
#6304=DIRECTION('',(0.,0.,1.));
#6305=DIRECTION('',(1.,0.,0.));
#6306=DIRECTION('',(0.,1.,0.));
#6307=DIRECTION('',(0.,-1.,0.));
#6308=DIRECTION('',(1.,0.,0.));
#6309=DIRECTION('',(-0.666224472184972,-0.745751267288133,0.));
#6310=DIRECTION('',(0.680076070325194,-0.733141554252003,0.));
#6311=DIRECTION('',(0.,-1.,0.));
#6312=DIRECTION('',(1.,0.,0.));
#6313=DIRECTION('',(0.,1.,0.));
#6314=DIRECTION('',(-1.,0.,0.));
#6315=DIRECTION('',(0.,-1.,0.));
#6316=DIRECTION('',(-0.589191608591434,0.807993346733399,0.));
#6317=DIRECTION('',(-0.612513933153418,0.79045979131954,0.));
#6318=DIRECTION('',(-1.,0.,0.));
#6319=DIRECTION('',(0.624318062163563,-0.781170248573468,0.));
#6320=DIRECTION('',(-0.54958008320554,-0.835441040495253,0.));
#6321=DIRECTION('',(1.,0.,0.));
#6322=DIRECTION('',(0.539380985278938,0.842061846136923,0.));
#6323=DIRECTION('',(-0.0258534244230879,-0.999665744359383,0.));
#6324=DIRECTION('',(0.,1.,0.));
#6325=DIRECTION('',(1.,0.,0.));
#6326=DIRECTION('',(-1.5770213417971E-16,1.,0.));
#6327=DIRECTION('',(-1.,0.,0.));
#6328=DIRECTION('',(0.,-1.,0.));
#6329=DIRECTION('',(1.22464679914735E-16,-1.,0.));
#6330=DIRECTION('',(0.,0.,1.));
#6331=DIRECTION('',(1.,0.,0.));
#6332=DIRECTION('',(1.22464679914735E-16,-1.,0.));
#6333=DIRECTION('',(1.,1.22464679914735E-16,0.));
#6334=DIRECTION('',(-1.22464679914735E-16,1.,0.));
#6335=DIRECTION('',(-1.,-1.22464679914735E-16,0.));
#6336=DIRECTION('',(1.22464679914735E-16,-1.,0.));
#6337=DIRECTION('',(-1.,-1.22464679914735E-16,0.));
#6338=DIRECTION('',(1.22464679914735E-16,-1.,0.));
#6339=DIRECTION('',(0.,0.,1.));
#6340=DIRECTION('',(1.,0.,0.));
#6341=DIRECTION('',(6.12323399573677E-17,1.,0.));
#6342=DIRECTION('',(0.,0.,1.));
#6343=DIRECTION('',(1.,0.,0.));
#6344=DIRECTION('',(6.12323399573677E-17,1.,0.));
#6345=DIRECTION('',(0.,0.,1.));
#6346=DIRECTION('',(1.,0.,0.));
#6347=DIRECTION('',(1.,-1.23259516440783E-32,0.));
#6348=DIRECTION('',(0.,0.,1.));
#6349=DIRECTION('',(1.,0.,0.));
#6350=DIRECTION('',(1.22464679914735E-16,-1.,0.));
#6351=DIRECTION('',(0.,0.,1.));
#6352=DIRECTION('',(1.,0.,0.));
#6353=DIRECTION('',(-1.,0.,0.));
#6354=DIRECTION('',(0.,-1.,0.));
#6355=DIRECTION('',(1.,0.,0.));
#6356=DIRECTION('',(1.5770213417971E-16,1.,0.));
#6357=DIRECTION('',(-1.,0.,0.));
#6358=DIRECTION('',(0.,-1.,0.));
#6359=DIRECTION('',(-1.,0.,0.));
#6360=DIRECTION('',(0.,-1.,0.));
#6361=DIRECTION('',(-0.284879717124164,0.958563272179388,0.));
#6362=DIRECTION('',(-1.,0.,0.));
#6363=DIRECTION('',(0.328605029062249,-0.944467434523287,0.));
#6364=DIRECTION('',(0.388288438184616,-0.921537893291509,0.));
#6365=DIRECTION('',(0.,0.,-1.));
#6366=DIRECTION('',(-1.,0.,0.));
#6367=DIRECTION('',(0.,1.,0.));
#6368=DIRECTION('',(-0.999760329144528,-0.0218925619520704,0.));
#6369=DIRECTION('',(-0.355159204202607,0.934805829929495,0.));
#6370=DIRECTION('',(0.329978288555289,0.943988521689815,0.));
#6371=DIRECTION('',(-1.,0.,0.));
#6372=DIRECTION('',(-0.286135429722523,-0.958189185838322,0.));
#6373=DIRECTION('',(-0.284879717124164,0.958563272179388,0.));
#6374=DIRECTION('',(-1.,0.,0.));
#6375=DIRECTION('',(0.328605029062249,-0.944467434523286,0.));
#6376=DIRECTION('',(0.388288438184625,-0.921537893291505,0.));
#6377=DIRECTION('',(0.,0.,-1.));
#6378=DIRECTION('',(-1.,0.,0.));
#6379=DIRECTION('',(0.,1.,0.));
#6380=DIRECTION('',(-0.999760329144528,-0.0218925619520704,0.));
#6381=DIRECTION('',(-0.355159204202606,0.934805829929495,0.));
#6382=DIRECTION('',(0.329978288555289,0.943988521689815,0.));
#6383=DIRECTION('',(-1.,0.,0.));
#6384=DIRECTION('',(-0.286135429722523,-0.958189185838322,0.));
#6385=DIRECTION('',(-1.,0.,0.));
#6386=DIRECTION('',(0.,-1.,0.));
#6387=DIRECTION('',(0.,0.,-1.));
#6388=DIRECTION('',(-1.,0.,0.));
#6389=DIRECTION('',(-1.,0.,0.));
#6390=DIRECTION('',(0.,1.,0.));
#6391=DIRECTION('',(-1.,1.23259516440783E-32,1.19636101791504E-16));
#6392=DIRECTION('',(1.19636101791504E-16,0.,1.));
#6393=DIRECTION('',(-0.945957180891523,-0.324291553882864,-2.51490287963427E-17));
#6394=DIRECTION('',(-0.324291553882864,0.945957180891523,3.6466091754697E-16));
#6395=DIRECTION('',(-1.,1.23259516440783E-32,0.));
#6396=DIRECTION('',(-1.23259516440783E-32,-1.,0.));
#6397=DIRECTION('',(1.,-1.23259516440783E-32,-1.19636101791504E-16));
#6398=DIRECTION('',(-1.,1.23259516440783E-32,0.));
#6399=DIRECTION('',(-1.23259516440783E-32,-1.,0.));
#6400=DIRECTION('',(0.945957180891523,-0.324291553882865,2.51490287963427E-17));
#6401=DIRECTION('',(-0.324291553882865,-0.945957180891523,3.64660917546969E-16));
#6402=DIRECTION('',(-1.,1.23259516440783E-32,1.19636101791504E-16));
#6403=DIRECTION('',(0.,0.,1.));
#6404=DIRECTION('',(1.,0.,0.));
#6405=DIRECTION('',(0.,0.,-1.));
#6406=DIRECTION('',(5.15264398804992E-16,-1.,0.));
#6407=DIRECTION('',(1.,-6.12323399573677E-17,0.));
#6408=DIRECTION('',(0.,0.,-1.));
#6409=DIRECTION('',(5.15264398804992E-16,-1.,0.));
#6410=DIRECTION('',(-1.,-1.22464679914735E-16,0.));
#6411=DIRECTION('',(0.,0.,-1.));
#6412=DIRECTION('',(1.,-1.71754799601664E-15,0.));
#6413=DIRECTION('',(0.,0.,1.));
#6414=DIRECTION('',(1.,0.,0.));
#6415=DIRECTION('',(0.,0.,-1.));
#6416=DIRECTION('',(1.,-1.71754799601664E-15,0.));
#6417=DIRECTION('',(-1.,-1.22464679914735E-16,0.));
#6418=DIRECTION('',(1.23259516440783E-32,1.,0.));
#6419=DIRECTION('',(-1.,1.23259516440783E-32,0.));
#6420=DIRECTION('',(0.,0.,1.));
#6421=DIRECTION('',(1.,-1.23259516440783E-32,0.));
#6422=DIRECTION('',(1.23259516440783E-32,1.,0.));
#6423=DIRECTION('',(-1.,1.23259516440783E-32,0.));
#6424=DIRECTION('',(0.,0.,-1.));
#6425=DIRECTION('',(1.23259516440783E-32,1.,0.));
#6426=DIRECTION('',(-1.,1.23259516440783E-32,0.));
#6427=DIRECTION('',(1.,-1.23259516440783E-32,0.));
#6428=DIRECTION('',(1.23259516440783E-32,1.,0.));
#6429=DIRECTION('',(-1.,1.23259516440783E-32,0.));
#6430=DIRECTION('',(0.,0.,1.));
#6431=DIRECTION('',(1.23259516440783E-32,1.,0.));
#6432=DIRECTION('',(-1.,1.23259516440783E-32,0.));
#6433=DIRECTION('',(1.,-1.23259516440783E-32,0.));
#6434=DIRECTION('',(0.,0.,1.));
#6435=DIRECTION('',(1.23259516440783E-32,1.,0.));
#6436=DIRECTION('',(-1.,1.23259516440783E-32,0.));
#6437=DIRECTION('',(1.,-1.23259516440783E-32,0.));
#6438=DIRECTION('',(0.,0.,1.));
#6439=DIRECTION('',(1.,-1.23259516440783E-32,0.));
#6440=DIRECTION('',(0.,0.,-1.));
#6441=DIRECTION('',(1.23259516440783E-32,1.,0.));
#6442=DIRECTION('',(-1.,1.23259516440783E-32,0.));
#6443=DIRECTION('',(1.19636101791504E-16,-1.47462880556811E-48,1.));
#6444=DIRECTION('',(1.,-1.23259516440783E-32,0.));
#6445=DIRECTION('',(0.,0.,-1.));
#6446=DIRECTION('',(1.,-1.23259516440783E-32,0.));
#6447=DIRECTION('',(1.19636101791504E-16,-1.47462880556811E-48,1.));
#6448=DIRECTION('',(1.,1.7641884188763E-64,-1.19636101791504E-16));
#6449=DIRECTION('',(1.19636101791504E-16,-1.47462880556811E-48,1.));
#6450=DIRECTION('',(1.,0.,-1.19636101791504E-16));
#6451=DIRECTION('',(1.,1.7641884188763E-64,-1.19636101791504E-16));
#6452=DIRECTION('',(1.7641884188763E-64,1.,1.47462880556811E-48));
#6453=DIRECTION('',(1.,1.7641884188763E-64,-1.19636101791504E-16));
#6454=DIRECTION('',(1.7641884188763E-64,1.,1.47462880556811E-48));
#6455=DIRECTION('',(1.23259516440783E-32,1.,0.));
#6456=DIRECTION('',(-1.,1.23259516440783E-32,0.));
#6457=DIRECTION('',(0.,0.,1.));
#6458=DIRECTION('',(-1.23259516440783E-32,-1.,0.));
#6459=DIRECTION('',(1.,-1.23259516440783E-32,0.));
#6460=DIRECTION('',(1.,-1.23259516440783E-32,0.));
#6461=DIRECTION('',(-1.23259516440783E-32,-1.,0.));
#6462=DIRECTION('',(1.,-1.23259516440783E-32,0.));
#6463=DIRECTION('',(0.,0.,-1.));
#6464=DIRECTION('',(-1.23259516440783E-32,-1.,0.));
#6465=DIRECTION('',(1.,-1.23259516440783E-32,0.));
#6466=DIRECTION('',(-1.,1.23259516440783E-32,0.));
#6467=DIRECTION('',(-1.23259516440783E-32,-1.,0.));
#6468=DIRECTION('',(1.,-1.23259516440783E-32,0.));
#6469=DIRECTION('',(1.,-1.10261776179769E-63,-1.19636101791504E-16));
#6470=DIRECTION('',(0.,0.,-1.));
#6471=DIRECTION('',(1.,0.,0.));
#6472=DIRECTION('',(0.,0.,-1.));
#6473=DIRECTION('',(-1.,1.10261776179769E-63,1.19636101791504E-16));
#6474=DIRECTION('',(1.19636101791504E-16,-1.47462880556811E-48,1.));
#6475=DIRECTION('',(1.,-1.23259516440783E-32,-1.19636101791504E-16));
#6476=DIRECTION('',(1.19636101791504E-16,-1.47462880556811E-48,1.));
#6477=DIRECTION('',(1.23259516440783E-32,1.,0.));
#6478=DIRECTION('',(-1.,1.23259516440783E-32,0.));
#6479=DIRECTION('',(1.,-1.23259516440783E-32,0.));
#6480=DIRECTION('',(1.19636101791504E-16,-1.47462880556811E-48,1.));
#6481=DIRECTION('',(-1.,1.23259516440783E-32,0.));
#6482=DIRECTION('',(0.,0.,-1.));
#6483=DIRECTION('',(1.,0.,0.));
#6484=DIRECTION('',(0.,0.,1.));
#6485=DIRECTION('',(0.,-1.,-1.47462880556811E-48));
#6486=DIRECTION('',(0.,1.,0.));
#6487=DIRECTION('',(0.,0.,1.));
#6488=DIRECTION('',(1.,0.,0.));
#6489=DIRECTION('',(0.,0.,1.));
#6490=DIRECTION('',(0.,-1.,-1.47462880556811E-48));
#6491=DIRECTION('',(0.,0.,1.));
#6492=DIRECTION('',(0.,1.,0.));
#6493=DIRECTION('',(0.,0.,1.));
#6494=DIRECTION('',(-1.,0.,0.));
#6495=DIRECTION('',(-1.,0.,0.));
#6496=DIRECTION('',(0.,1.,0.));
#6497=DIRECTION('',(0.,-1.,0.));
#6498=DIRECTION('',(1.23259516440783E-32,1.,0.));
#6499=DIRECTION('',(-1.,1.23259516440783E-32,0.));
#6500=DIRECTION('',(0.,0.,1.));
#6501=DIRECTION('',(-1.,1.23259516440783E-32,0.));
#6502=DIRECTION('',(0.,0.,1.));
#6503=DIRECTION('',(-1.,1.23259516440783E-32,0.));
#6504=DIRECTION('',(-1.19636101791504E-16,1.47462880556811E-48,-1.));
#6505=DIRECTION('',(0.,0.,-1.));
#6506=DIRECTION('',(-1.,1.23259516440783E-32,0.));
#6507=DIRECTION('',(1.,-1.23259516440783E-32,-1.19636101791504E-16));
#6508=DIRECTION('',(0.,0.,1.));
#6509=DIRECTION('',(1.,0.,0.));
#6510=DIRECTION('',(6.12323399573677E-17,1.,0.));
#6511=DIRECTION('',(1.,-6.12323399573677E-17,0.));
#6512=DIRECTION('',(-1.83697019872103E-16,1.,0.));
#6513=DIRECTION('',(0.,0.,1.));
#6514=DIRECTION('',(6.93889390390723E-16,1.,0.));
#6515=DIRECTION('',(3.28786113498956E-80,1.,0.));
#6516=DIRECTION('',(-1.,-3.28786113498956E-80,0.));
#6517=DIRECTION('',(-1.23259516440783E-32,-1.,0.));
#6518=DIRECTION('',(1.,0.,0.));
#6519=DIRECTION('',(-1.23259516440783E-32,-1.,0.));
#6520=DIRECTION('',(1.,3.28786113498956E-80,0.));
#6521=DIRECTION('',(3.28786113498956E-80,1.,0.));
#6522=DIRECTION('',(0.,0.,1.));
#6523=DIRECTION('',(1.,0.,0.));
#6524=DIRECTION('',(-1.83697019872103E-16,1.,0.));
#6525=DIRECTION('',(0.,0.,1.));
#6526=DIRECTION('',(1.,0.,0.));
#6527=DIRECTION('',(1.22464679914735E-16,-1.,0.));
#6528=DIRECTION('',(0.,0.,1.));
#6529=DIRECTION('',(1.,0.,0.));
#6530=DIRECTION('',(0.,0.,1.));
#6531=DIRECTION('',(1.,0.,0.));
#6532=DIRECTION('',(-0.270065431149357,0.9628419719238,0.));
#6533=DIRECTION('',(0.,0.,1.));
#6534=DIRECTION('',(1.,0.,0.));
#6535=DIRECTION('',(1.,0.,0.));
#6536=DIRECTION('',(0.,0.,1.));
#6537=DIRECTION('',(1.,0.,0.));
#6538=DIRECTION('',(-0.270065431149358,-0.9628419719238,0.));
#6539=DIRECTION('',(0.,0.,1.));
#6540=DIRECTION('',(1.,0.,0.));
#6541=DIRECTION('',(1.,-1.23259516440783E-32,0.));
#6542=DIRECTION('',(0.,0.,1.));
#6543=DIRECTION('',(6.93889390390723E-16,1.,0.));
#6544=DIRECTION('',(0.,0.,-1.));
#6545=DIRECTION('',(-1.,0.,0.));
#6546=DIRECTION('',(0.,0.,-1.));
#6547=DIRECTION('',(0.,0.,1.));
#6548=DIRECTION('',(1.,0.,0.));
#6549=DIRECTION('',(0.,0.,-1.));
#6550=DIRECTION('',(0.,0.,1.));
#6551=DIRECTION('',(1.,0.,0.));
#6552=DIRECTION('',(0.,0.,-1.));
#6553=DIRECTION('',(0.,0.,1.));
#6554=DIRECTION('',(1.,0.,0.));
#6555=DIRECTION('',(0.,0.,1.));
#6556=DIRECTION('',(1.,0.,0.));
#6557=DIRECTION('',(0.,0.,-1.));
#6558=DIRECTION('',(0.,0.,1.));
#6559=DIRECTION('',(0.,1.32240673247528E-46,1.));
#6560=DIRECTION('',(0.,-1.,1.32240673247528E-46));
#6561=DIRECTION('',(1.,1.83697019872103E-16,0.));
#6562=DIRECTION('',(-1.83697019872103E-16,1.,0.));
#6563=DIRECTION('',(0.,-1.,0.));
#6564=DIRECTION('',(0.,0.,-1.));
#6565=DIRECTION('',(0.,-1.,0.));
#6566=DIRECTION('',(0.,0.,-1.));
#6567=DIRECTION('',(0.,-1.,0.));
#6568=DIRECTION('',(0.,0.,-1.));
#6569=DIRECTION('',(1.83697019872103E-16,-1.,0.));
#6570=DIRECTION('',(1.83697019872103E-16,-1.,1.32240673247528E-46));
#6571=DIRECTION('',(0.,0.,1.));
#6572=DIRECTION('',(0.,0.,-1.));
#6573=DIRECTION('',(0.,0.,-1.));
#6574=DIRECTION('',(-1.,0.,0.));
#6575=DIRECTION('',(0.,0.,1.));
#6576=DIRECTION('',(1.,0.,0.));
#6577=DIRECTION('',(0.,0.,-1.));
#6578=DIRECTION('',(0.,1.32240673247528E-46,1.));
#6579=DIRECTION('',(0.,-1.,1.32240673247528E-46));
#6580=DIRECTION('',(0.,0.,1.));
#6581=DIRECTION('',(0.,0.,-1.));
#6582=DIRECTION('',(1.,1.22464679914735E-16,0.));
#6583=DIRECTION('',(-1.22464679914735E-16,1.,0.));
#6584=DIRECTION('',(1.22464679914735E-16,-1.,0.));
#6585=DIRECTION('',(0.,0.,-1.));
#6586=DIRECTION('',(0.,0.,1.));
#6587=DIRECTION('',(1.22464679914735E-16,-1.,1.32240673247528E-46));
#6588=DIRECTION('',(0.,0.,1.));
#6589=DIRECTION('',(1.,0.,0.));
#6590=DIRECTION('',(0.,-1.,0.));
#6591=DIRECTION('',(-1.,0.,0.));
#6592=DIRECTION('',(1.5770213417971E-16,1.,0.));
#6593=DIRECTION('',(1.,0.,0.));
#6594=DIRECTION('',(-1.5770213417971E-16,1.,0.));
#6595=DIRECTION('',(1.,0.,0.));
#6596=DIRECTION('',(0.,-1.,0.));
#6597=DIRECTION('',(-1.,0.,0.));
#6598=DIRECTION('',(1.,0.,0.));
#6599=DIRECTION('',(0.,0.,1.));
#6600=DIRECTION('',(1.,0.,0.));
#6601=DIRECTION('',(0.,0.,1.));
#6602=DIRECTION('',(1.,0.,0.));
#6603=DIRECTION('',(0.,-1.,0.));
#6604=DIRECTION('',(-1.,1.23259516440783E-32,0.));
#6605=DIRECTION('',(0.,-1.,0.));
#6606=DIRECTION('',(0.,0.,1.));
#6607=DIRECTION('',(1.,0.,0.));
#6608=DIRECTION('',(0.,1.,0.));
#6609=DIRECTION('',(0.,0.,1.));
#6610=DIRECTION('',(1.,0.,0.));
#6611=DIRECTION('',(-1.,0.,0.));
#6612=DIRECTION('',(0.,0.,-1.));
#6613=DIRECTION('',(1.,0.,0.));
#6614=DIRECTION('',(-1.,0.,0.));
#6615=DIRECTION('',(0.,0.,1.));
#6616=DIRECTION('',(1.,0.,0.));
#6617=DIRECTION('',(0.,1.,0.));
#6618=DIRECTION('',(0.,0.,1.));
#6619=DIRECTION('',(1.,0.,0.));
#6620=DIRECTION('',(0.923879532511286,0.382683432365091,0.));
#6621=DIRECTION('',(1.22464679914735E-16,-1.,0.));
#6622=DIRECTION('',(1.,0.,0.));
#6623=DIRECTION('',(0.,-1.,0.));
#6624=DIRECTION('',(-1.,0.,0.));
#6625=DIRECTION('',(0.,-1.,0.));
#6626=DIRECTION('',(1.,0.,0.));
#6627=DIRECTION('',(1.22464679914735E-16,-1.,0.));
#6628=DIRECTION('',(-0.923879532511286,0.382683432365091,0.));
#6629=DIRECTION('',(0.,0.,1.));
#6630=DIRECTION('',(1.,0.,0.));
#6631=DIRECTION('',(0.,0.,1.));
#6632=DIRECTION('',(1.,0.,0.));
#6633=DIRECTION('',(1.,0.,0.));
#6634=DIRECTION('',(0.,0.,1.));
#6635=DIRECTION('',(1.,0.,0.));
#6636=DIRECTION('',(0.,0.,-1.));
#6637=DIRECTION('',(-1.,0.,0.));
#6638=DIRECTION('',(0.,0.,-1.));
#6639=DIRECTION('',(0.,0.,1.));
#6640=DIRECTION('',(1.,0.,0.));
#6641=DIRECTION('',(0.,0.,-1.));
#6642=DIRECTION('',(0.,0.,1.));
#6643=DIRECTION('',(1.,0.,0.));
#6644=DIRECTION('',(0.,0.,1.));
#6645=DIRECTION('',(1.,0.,0.));
#6646=DIRECTION('',(-0.923879532511286,0.382683432365091,0.));
#6647=DIRECTION('',(1.22464679914735E-16,-1.,0.));
#6648=DIRECTION('',(-1.,-3.75075346157147E-16,0.));
#6649=DIRECTION('',(3.75075346157147E-16,-1.,0.));
#6650=DIRECTION('',(1.22464679914735E-16,-1.,0.));
#6651=DIRECTION('',(0.,0.,-1.));
#6652=DIRECTION('',(-3.75075346157147E-16,1.,0.));
#6653=DIRECTION('',(0.,0.,-1.));
#6654=DIRECTION('',(-1.,0.,0.));
#6655=DIRECTION('',(0.,0.,-1.));
#6656=DIRECTION('',(0.,0.,1.));
#6657=DIRECTION('',(1.,0.,0.));
#6658=DIRECTION('',(0.,0.,1.));
#6659=DIRECTION('',(1.,0.,0.));
#6660=DIRECTION('',(0.,0.,-1.));
#6661=DIRECTION('',(0.,0.,1.));
#6662=DIRECTION('',(1.,0.,0.));
#6663=DIRECTION('',(0.,0.,-1.));
#6664=DIRECTION('',(0.,0.,1.));
#6665=DIRECTION('',(1.,0.,0.));
#6666=DIRECTION('',(0.,0.,-1.));
#6667=DIRECTION('',(-1.,-1.65211759616839E-16,0.));
#6668=DIRECTION('',(1.65211759616839E-16,-1.,0.));
#6669=DIRECTION('',(1.22464679914735E-16,-1.,0.));
#6670=DIRECTION('',(-1.65211759616839E-16,1.,0.));
#6671=DIRECTION('',(0.,0.,-1.));
#6672=DIRECTION('',(0.,0.,1.));
#6673=DIRECTION('',(1.,0.,0.));
#6674=DIRECTION('',(0.923879532511286,0.382683432365091,0.));
#6675=DIRECTION('',(0.,0.,1.));
#6676=DIRECTION('',(1.,0.,0.));
#6677=DIRECTION('',(1.22464679914735E-16,-1.,0.));
#6678=DIRECTION('',(0.,0.,1.));
#6679=DIRECTION('',(1.,0.,0.));
#6680=DIRECTION('',(1.,0.,0.));
#6681=DIRECTION('',(0.,1.,0.));
#6682=DIRECTION('',(1.,0.,0.));
#6683=DIRECTION('',(-1.82602471155453E-16,1.,0.));
#6684=DIRECTION('',(0.,-1.,0.));
#6685=DIRECTION('',(0.,0.,-1.));
#6686=DIRECTION('',(0.,-1.,0.));
#6687=DIRECTION('',(0.,0.,-1.));
#6688=DIRECTION('',(0.,0.,-1.));
#6689=DIRECTION('',(-1.,0.,0.));
#6690=DIRECTION('',(0.,0.,-1.));
#6691=DIRECTION('',(0.,-1.,0.));
#6692=DIRECTION('',(0.,0.,-1.));
#6693=DIRECTION('',(0.,-1.,0.));
#6694=DIRECTION('',(0.,0.,-1.));
#6695=DIRECTION('',(0.,0.,-1.));
#6696=DIRECTION('',(-1.,0.,0.));
#6697=DIRECTION('',(-0.382683432365091,0.923879532511286,0.));
#6698=DIRECTION('',(-0.923879532511287,-0.382683432365091,0.));
#6699=DIRECTION('',(0.923879532511287,0.382683432365091,0.));
#6700=DIRECTION('',(0.,0.,1.));
#6701=DIRECTION('',(0.,0.,-1.));
#6702=DIRECTION('',(-0.923879532511287,-0.38268343236509,0.));
#6703=DIRECTION('',(0.38268343236509,-0.923879532511287,0.));
#6704=DIRECTION('',(-0.38268343236509,0.923879532511287,0.));
#6705=DIRECTION('',(0.,0.,-1.));
#6706=DIRECTION('',(0.,0.,-1.));
#6707=DIRECTION('',(-0.382683432365091,0.923879532511286,0.));
#6708=DIRECTION('',(-0.923879532511286,-0.382683432365091,0.));
#6709=DIRECTION('',(0.,0.,-1.));
#6710=DIRECTION('',(0.923879532511286,0.382683432365091,0.));
#6711=DIRECTION('',(0.,0.,-1.));
#6712=DIRECTION('',(1.23259516440783E-32,1.,0.));
#6713=DIRECTION('',(-1.,1.23259516440783E-32,0.));
#6714=DIRECTION('',(0.,0.,1.));
#6715=DIRECTION('',(-1.,1.23259516440783E-32,0.));
#6716=DIRECTION('',(0.,0.,-1.));
#6717=DIRECTION('',(0.,0.,1.));
#6718=DIRECTION('',(1.,0.,0.));
#6719=DIRECTION('',(1.23259516440783E-32,1.,0.));
#6720=DIRECTION('',(-1.,1.23259516440783E-32,0.));
#6721=DIRECTION('',(1.23259516440783E-32,1.,0.));
#6722=DIRECTION('',(1.,-1.23259516440783E-32,0.));
#6723=DIRECTION('',(0.,0.,1.));
#6724=DIRECTION('',(1.,0.,0.));
#6725=DIRECTION('',(1.23259516440783E-32,1.,0.));
#6726=DIRECTION('',(-1.,1.23259516440783E-32,0.));
#6727=DIRECTION('',(1.23259516440783E-32,1.,0.));
#6728=DIRECTION('',(-1.,1.23259516440783E-32,0.));
#6729=DIRECTION('',(0.,0.,-1.));
#6730=DIRECTION('',(-1.,0.,0.));
#6731=DIRECTION('',(0.,0.,1.));
#6732=DIRECTION('',(1.,0.,0.));
#6733=DIRECTION('',(0.,0.,-1.));
#6734=DIRECTION('',(-1.,0.,0.));
#6735=DIRECTION('',(0.,0.,1.));
#6736=DIRECTION('',(1.,0.,0.));
#6737=DIRECTION('',(-1.,-1.83697019872103E-16,0.));
#6738=DIRECTION('',(1.83697019872103E-16,-1.,0.));
#6739=DIRECTION('',(-1.,-1.83697019872103E-16,0.));
#6740=DIRECTION('',(1.83697019872103E-16,-1.,0.));
#6741=DIRECTION('',(-1.,-1.83697019872103E-16,0.));
#6742=DIRECTION('',(1.83697019872103E-16,-1.,0.));
#6743=DIRECTION('',(-1.83697019872103E-16,1.,0.));
#6744=DIRECTION('',(0.,0.,-1.));
#6745=DIRECTION('',(0.,0.,-1.));
#6746=DIRECTION('',(0.,-1.,0.));
#6747=DIRECTION('',(0.,0.,-1.));
#6748=DIRECTION('',(0.,0.,-1.));
#6749=DIRECTION('',(1.22464679914735E-16,-1.,0.));
#6750=DIRECTION('',(1.,1.22464679914735E-16,0.));
#6751=DIRECTION('',(-1.,-1.15648231731787E-16,0.));
#6752=DIRECTION('',(0.,0.,-1.));
#6753=DIRECTION('',(-1.,0.,0.));
#6754=DIRECTION('',(0.,0.,-1.));
#6755=DIRECTION('',(0.,0.,-1.));
#6756=DIRECTION('',(-1.,0.,0.));
#6757=DIRECTION('',(0.,0.,-1.));
#6758=DIRECTION('',(0.,0.,-1.));
#6759=DIRECTION('',(-1.,0.,0.));
#6760=DIRECTION('',(0.,0.,-1.));
#6761=DIRECTION('',(0.,0.,1.));
#6762=DIRECTION('',(1.,0.,0.));
#6763=DIRECTION('',(0.,0.,-1.));
#6764=DIRECTION('',(-1.,6.12323399573677E-17,0.));
#6765=DIRECTION('',(-6.12323399573677E-17,-1.,0.));
#6766=DIRECTION('',(-1.,6.12323399573677E-17,0.));
#6767=DIRECTION('',(-6.12323399573677E-17,-1.,0.));
#6768=DIRECTION('',(-1.,6.12323399573677E-17,0.));
#6769=DIRECTION('',(-6.12323399573677E-17,-1.,0.));
#6770=DIRECTION('',(6.12323399573677E-17,1.,0.));
#6771=DIRECTION('',(1.22464679914735E-16,-1.,0.));
#6772=DIRECTION('',(1.,1.22464679914735E-16,0.));
#6773=DIRECTION('',(-1.,-1.22464679914735E-16,0.));
#6774=DIRECTION('',(0.,0.,-1.));
#6775=DIRECTION('',(-1.,0.,0.));
#6776=DIRECTION('',(0.,0.,1.));
#6777=DIRECTION('',(1.,0.,0.));
#6778=DIRECTION('',(0.,0.,-1.));
#6779=DIRECTION('',(-1.,1.23259516440783E-32,0.));
#6780=DIRECTION('',(-1.23259516440783E-32,-1.,0.));
#6781=DIRECTION('',(-1.,1.23259516440783E-32,0.));
#6782=DIRECTION('',(-1.23259516440783E-32,-1.,0.));
#6783=DIRECTION('',(0.,0.,1.));
#6784=DIRECTION('',(-1.,1.23259516440783E-32,0.));
#6785=DIRECTION('',(-1.23259516440783E-32,-1.,0.));
#6786=DIRECTION('',(1.23259516440783E-32,1.,0.));
#6787=DIRECTION('',(0.,0.,1.));
#6788=DIRECTION('',(0.,0.,1.));
#6789=DIRECTION('',(1.,0.,0.));
#6790=DIRECTION('',(0.,0.,1.));
#6791=DIRECTION('',(1.,0.,0.));
#6792=DIRECTION('',(1.23259516440783E-32,1.,0.));
#6793=DIRECTION('',(-1.,1.23259516440783E-32,0.));
#6794=DIRECTION('',(1.,-1.23259516440783E-32,0.));
#6795=DIRECTION('',(1.23259516440783E-32,1.,0.));
#6796=DIRECTION('',(0.,0.,-1.));
#6797=DIRECTION('',(1.,-1.23259516440783E-32,0.));
#6798=DIRECTION('',(1.23259516440783E-32,1.,0.));
#6799=DIRECTION('',(0.,0.,1.));
#6800=DIRECTION('',(0.,0.,-1.));
#6801=DIRECTION('',(1.,0.,0.));
#6802=DIRECTION('',(0.,-1.,0.));
#6803=DIRECTION('',(1.,0.,0.));
#6804=DIRECTION('',(0.,-1.,0.));
#6805=DIRECTION('',(-1.,1.23259516440783E-32,0.));
#6806=DIRECTION('',(-1.23259516440783E-32,-1.,0.));
#6807=DIRECTION('',(1.23259516440783E-32,1.,0.));
#6808=DIRECTION('',(0.,0.,1.));
#6809=DIRECTION('',(1.23259516440783E-32,1.,0.));
#6810=DIRECTION('',(0.,0.,1.));
#6811=DIRECTION('',(0.,0.,1.));
#6812=DIRECTION('',(1.,0.,0.));
#6813=DIRECTION('',(1.,0.,0.));
#6814=DIRECTION('',(1.,-1.23259516440783E-32,0.));
#6815=DIRECTION('',(1.23259516440783E-32,1.,0.));
#6816=DIRECTION('',(-1.,1.23259516440783E-32,0.));
#6817=DIRECTION('',(-1.23259516440783E-32,-1.,0.));
#6818=DIRECTION('',(0.,0.,1.));
#6819=DIRECTION('',(0.,0.,1.));
#6820=DIRECTION('',(1.23259516440783E-32,1.,0.));
#6821=DIRECTION('',(0.,0.,1.));
#6822=DIRECTION('',(1.,0.,0.));
#6823=DIRECTION('',(1.,0.,0.));
#6824=DIRECTION('',(1.,-1.23259516440783E-32,0.));
#6825=DIRECTION('',(1.23259516440783E-32,1.,0.));
#6826=DIRECTION('',(-1.,1.23259516440783E-32,0.));
#6827=DIRECTION('',(-1.19636101791504E-16,1.47462880556811E-48,-1.));
#6828=DIRECTION('',(1.,-1.23259516440783E-32,-1.19636101791504E-16));
#6829=DIRECTION('',(0.,0.,-1.));
#6830=DIRECTION('',(0.,-1.,0.));
#6831=DIRECTION('',(0.,0.,-1.));
#6832=DIRECTION('',(-1.,0.,0.));
#6833=DIRECTION('',(0.,0.,-1.));
#6834=DIRECTION('',(-1.,1.23259516440783E-32,0.));
#6835=DIRECTION('',(-1.23259516440783E-32,-1.,0.));
#6836=DIRECTION('',(0.,0.,1.));
#6837=DIRECTION('',(-1.,1.23259516440783E-32,0.));
#6838=DIRECTION('',(-1.23259516440783E-32,-1.,0.));
#6839=DIRECTION('',(0.,0.,1.));
#6840=DIRECTION('',(1.23259516440783E-32,1.,0.));
#6841=DIRECTION('',(-1.,1.23259516440783E-32,0.));
#6842=DIRECTION('',(-1.23259516440783E-32,-1.,0.));
#6843=DIRECTION('',(0.,0.,-1.));
#6844=DIRECTION('',(-1.,0.,0.));
#6845=DIRECTION('',(1.,-1.23259516440783E-32,0.));
#6846=DIRECTION('',(1.23259516440783E-32,1.,0.));
#6847=DIRECTION('',(0.,0.,-1.));
#6848=DIRECTION('',(-1.,0.,0.));
#6849=DIRECTION('',(1.,-1.23259516440783E-32,0.));
#6850=DIRECTION('',(1.23259516440783E-32,1.,0.));
#6851=DIRECTION('',(1.,-1.23259516440783E-32,0.));
#6852=DIRECTION('',(1.23259516440783E-32,1.,0.));
#6853=DIRECTION('',(0.,0.,-1.));
#6854=DIRECTION('',(0.,0.,1.));
#6855=DIRECTION('',(-1.,1.23259516440783E-32,0.));
#6856=DIRECTION('',(-1.23259516440783E-32,-1.,0.));
#6857=DIRECTION('',(0.,0.,-1.));
#6858=DIRECTION('',(1.23259516440783E-32,1.,0.));
#6859=DIRECTION('',(1.23259516440783E-32,1.,0.));
#6860=DIRECTION('',(0.,0.,-1.));
#6861=DIRECTION('',(-1.,0.,0.));
#6862=DIRECTION('',(1.,0.,0.));
#6863=DIRECTION('',(1.23259516440783E-32,1.,0.));
#6864=DIRECTION('',(-1.,1.23259516440783E-32,0.));
#6865=DIRECTION('',(-1.23259516440783E-32,-1.,0.));
#6866=DIRECTION('',(1.23259516440783E-32,1.,0.));
#6867=DIRECTION('',(0.,0.,-1.));
#6868=DIRECTION('',(0.,0.,-1.));
#6869=DIRECTION('',(-1.,0.,0.));
#6870=DIRECTION('',(1.,0.,0.));
#6871=DIRECTION('',(0.,1.,0.));
#6872=DIRECTION('',(0.,0.,1.));
#6873=DIRECTION('',(-1.,0.,0.));
#6874=DIRECTION('',(0.,0.,-1.));
#6875=DIRECTION('',(0.,0.,1.));
#6876=DIRECTION('',(1.,0.,0.));
#6877=DIRECTION('',(0.,0.,1.));
#6878=DIRECTION('',(1.,0.,0.));
#6879=DIRECTION('',(0.,0.,1.));
#6880=DIRECTION('',(1.,0.,0.));
#6881=DIRECTION('',(0.,0.,1.));
#6882=DIRECTION('',(1.,0.,0.));
#6883=DIRECTION('',(0.,0.,1.));
#6884=DIRECTION('',(1.,0.,0.));
#6885=DIRECTION('',(-0.382683432365091,-0.923879532511286,0.));
#6886=DIRECTION('',(0.923879532511286,-0.382683432365091,0.));
#6887=DIRECTION('',(-0.923879532511286,0.382683432365091,0.));
#6888=DIRECTION('',(0.,0.,-1.));
#6889=DIRECTION('',(0.,0.,-1.));
#6890=DIRECTION('',(-0.923879532511287,0.38268343236509,0.));
#6891=DIRECTION('',(-0.38268343236509,-0.923879532511287,0.));
#6892=DIRECTION('',(0.38268343236509,0.923879532511287,0.));
#6893=DIRECTION('',(0.,0.,-1.));
#6894=DIRECTION('',(0.,0.,-1.));
#6895=DIRECTION('',(-0.382683432365091,-0.923879532511286,0.));
#6896=DIRECTION('',(0.923879532511287,-0.382683432365091,0.));
#6897=DIRECTION('',(0.,0.,-1.));
#6898=DIRECTION('',(-0.923879532511287,0.382683432365091,0.));
#6899=DIRECTION('',(0.,0.,-1.));
#6900=DIRECTION('',(0.,0.,1.));
#6901=DIRECTION('',(1.,0.,0.));
#6902=DIRECTION('',(0.,0.,1.));
#6903=DIRECTION('',(1.,0.,0.));
#6904=DIRECTION('',(0.,0.,1.));
#6905=DIRECTION('',(1.,0.,0.));
#6906=DIRECTION('',(0.,0.,1.));
#6907=DIRECTION('',(1.,0.,0.));
#6908=DIRECTION('',(0.,0.,1.));
#6909=DIRECTION('',(1.,0.,0.));
#6910=DIRECTION('',(0.,1.,0.));
#6911=DIRECTION('',(0.,0.,1.));
#6912=DIRECTION('',(1.,0.,0.));
#6913=DIRECTION('',(0.,0.,-1.));
#6914=DIRECTION('',(0.,0.,-1.));
#6915=DIRECTION('',(0.,0.,-1.));
#6916=DIRECTION('',(-1.,0.,0.));
#6917=DIRECTION('',(0.,0.,1.));
#6918=DIRECTION('',(1.,0.,0.));
#6919=DIRECTION('',(0.,0.,-1.));
#6920=DIRECTION('',(0.,1.,0.));
#6921=DIRECTION('',(0.,0.,1.));
#6922=DIRECTION('',(0.,0.,-1.));
#6923=DIRECTION('',(1.,0.,0.));
#6924=DIRECTION('',(0.,0.,1.));
#6925=DIRECTION('',(1.,0.,0.));
#6926=DIRECTION('',(0.,0.,1.));
#6927=DIRECTION('',(1.,0.,0.));
#6928=DIRECTION('',(0.,0.,1.));
#6929=DIRECTION('',(1.,0.,0.));
#6930=DIRECTION('',(0.,-1.,0.));
#6931=DIRECTION('',(0.,0.,-1.));
#6932=DIRECTION('',(0.,0.,-1.));
#6933=DIRECTION('',(-1.,0.,0.));
#6934=DIRECTION('',(0.,0.,-1.));
#6935=DIRECTION('',(0.,0.,-1.));
#6936=DIRECTION('',(-1.,0.,0.));
#6937=DIRECTION('',(0.,0.,1.));
#6938=DIRECTION('',(1.,0.,0.));
#6939=DIRECTION('',(0.,0.,-1.));
#6940=DIRECTION('',(0.,-1.,0.));
#6941=DIRECTION('',(0.,0.,-1.));
#6942=DIRECTION('',(-1.,0.,0.));
#6943=DIRECTION('',(0.,0.,-1.));
#6944=DIRECTION('',(0.,0.,1.));
#6945=DIRECTION('',(1.,0.,0.));
#6946=DIRECTION('',(0.,0.,1.));
#6947=DIRECTION('',(1.,0.,0.));
#6948=DIRECTION('',(0.,0.,1.));
#6949=DIRECTION('',(1.,0.,0.));
#6950=DIRECTION('',(-1.,0.,0.));
#6951=DIRECTION('',(0.,0.,1.));
#6952=DIRECTION('',(1.22464679914735E-16,-1.,0.));
#6953=DIRECTION('',(0.,0.,-1.));
#6954=DIRECTION('',(0.,1.,0.));
#6955=DIRECTION('',(0.,1.,0.));
#6956=DIRECTION('',(0.,0.,1.));
#6957=DIRECTION('',(0.,1.,0.));
#6958=DIRECTION('',(0.,0.,1.));
#6959=DIRECTION('',(1.,0.,0.));
#6960=DIRECTION('',(0.,1.,0.));
#6961=DIRECTION('',(0.,0.,1.));
#6962=DIRECTION('',(1.,0.,0.));
#6963=DIRECTION('',(-1.,-1.82602471155453E-16,0.));
#6964=DIRECTION('',(1.82602471155453E-16,-1.,0.));
#6965=DIRECTION('',(0.,0.,-1.));
#6966=DIRECTION('',(-1.82602471155453E-16,1.,0.));
#6967=DIRECTION('',(0.,0.,-1.));
#6968=DIRECTION('',(0.,1.,0.));
#6969=DIRECTION('',(0.,0.,1.));
#6970=DIRECTION('',(0.,0.,-1.));
#6971=DIRECTION('',(1.,0.,0.));
#6972=DIRECTION('',(-1.,0.,0.));
#6973=DIRECTION('',(0.,0.,1.));
#6974=DIRECTION('',(0.,0.,-1.));
#6975=DIRECTION('',(-4.20539024479226E-16,1.,0.));
#6976=DIRECTION('',(1.22464679914735E-16,-1.,0.));
#6977=DIRECTION('',(0.,1.,0.));
#6978=DIRECTION('',(0.,0.,1.));
#6979=DIRECTION('',(1.,0.,0.));
#6980=DIRECTION('',(0.,1.,0.));
#6981=DIRECTION('',(0.,0.,1.));
#6982=DIRECTION('',(1.,0.,0.));
#6983=DIRECTION('',(0.,0.,1.));
#6984=DIRECTION('',(1.,0.,0.));
#6985=DIRECTION('',(0.,0.,1.));
#6986=DIRECTION('',(1.,0.,0.));
#6987=DIRECTION('',(-1.,1.23259516440783E-32,0.));
#6988=DIRECTION('',(-1.23259516440783E-32,-1.,0.));
#6989=DIRECTION('',(-1.19636101791504E-16,1.47462880556811E-48,-1.));
#6990=DIRECTION('',(1.7641884188763E-64,1.,1.47462880556811E-48));
#6991=DIRECTION('',(1.19636101791504E-16,-1.47462880556811E-48,1.));
#6992=DIRECTION('',(-1.7641884188763E-64,-1.,-1.47462880556811E-48));
#6993=DIRECTION('',(-1.23259516440783E-32,-1.,0.));
#6994=DIRECTION('',(0.,0.,1.));
#6995=DIRECTION('',(-1.19636101791504E-16,1.47462880556811E-48,-1.));
#6996=DIRECTION('',(-1.,0.,1.19636101791504E-16));
#6997=DIRECTION('',(-1.19636101791504E-16,1.47462880556811E-48,-1.));
#6998=DIRECTION('',(-1.,0.,1.19636101791504E-16));
#6999=DIRECTION('',(-1.19636101791504E-16,1.47462880556811E-48,-1.));
#7000=DIRECTION('',(-1.,0.,1.19636101791504E-16));
#7001=DIRECTION('',(-1.23259516440783E-32,-1.,0.));
#7002=DIRECTION('',(1.,0.,-1.19636101791504E-16));
#7003=DIRECTION('',(-1.,1.23259516440783E-32,0.));
#7004=DIRECTION('',(-1.23259516440783E-32,-1.,0.));
#7005=DIRECTION('',(0.,0.,1.));
#7006=DIRECTION('',(-1.7641884188763E-64,-1.,-1.47462880556811E-48));
#7007=DIRECTION('',(1.19636101791504E-16,-1.47462880556811E-48,1.));
#7008=DIRECTION('',(-1.19636101791504E-16,1.47462880556811E-48,-1.));
#7009=DIRECTION('',(-1.23259516440783E-32,-1.,0.));
#7010=DIRECTION('',(1.,-1.23259516440783E-32,0.));
#7011=DIRECTION('',(-1.23259516440783E-32,-1.,0.));
#7012=DIRECTION('',(-1.23259516440783E-32,-1.,0.));
#7013=DIRECTION('',(1.,-1.23259516440783E-32,0.));
#7014=DIRECTION('',(1.23259516440783E-32,1.,0.));
#7015=DIRECTION('',(-1.23259516440783E-32,-1.,0.));
#7016=DIRECTION('',(-1.23259516440783E-32,-1.,0.));
#7017=DIRECTION('',(1.,-1.23259516440783E-32,0.));
#7018=DIRECTION('',(-1.23259516440783E-32,-1.,0.));
#7019=DIRECTION('',(0.,0.,1.));
#7020=DIRECTION('',(1.,0.,0.));
#7021=DIRECTION('',(-1.23259516440783E-32,-1.,0.));
#7022=DIRECTION('',(-1.,1.23259516440783E-32,0.));
#7023=DIRECTION('',(-1.23259516440783E-32,-1.,0.));
#7024=DIRECTION('',(1.,-1.23259516440783E-32,0.));
#7025=DIRECTION('',(-1.23259516440783E-32,-1.,0.));
#7026=DIRECTION('',(0.,0.,-1.));
#7027=DIRECTION('',(-1.,0.,0.));
#7028=DIRECTION('',(-1.23259516440783E-32,-1.,0.));
#7029=DIRECTION('',(-1.,1.23259516440783E-32,0.));
#7030=DIRECTION('',(-1.23259516440783E-32,-1.,0.));
#7031=DIRECTION('',(-1.23259516440783E-32,-1.,0.));
#7032=DIRECTION('',(-1.23259516440783E-32,-1.,0.));
#7033=DIRECTION('',(1.,-1.23259516440783E-32,0.));
#7034=DIRECTION('',(1.22464679914735E-16,-1.,0.));
#7035=DIRECTION('',(1.22464679914735E-16,-1.,0.));
#7036=DIRECTION('',(1.,1.22464679914735E-16,0.));
#7037=DIRECTION('',(1.22464679914735E-16,-1.,0.));
#7038=DIRECTION('',(1.22464679914735E-16,-1.,0.));
#7039=DIRECTION('',(-1.22464679914735E-16,1.,0.));
#7040=DIRECTION('',(-1.,-1.22464679914735E-16,0.));
#7041=DIRECTION('',(1.22464679914735E-16,-1.,0.));
#7042=DIRECTION('',(1.,1.22464679914735E-16,0.));
#7043=DIRECTION('',(1.22464679914735E-16,-1.,0.));
#7044=DIRECTION('',(1.22464679914735E-16,-1.,0.));
#7045=DIRECTION('',(1.,1.22464679914735E-16,0.));
#7046=DIRECTION('',(1.22464679914735E-16,-1.,0.));
#7047=DIRECTION('',(1.22464679914735E-16,-1.,0.));
#7048=DIRECTION('',(1.,1.22464679914735E-16,0.));
#7049=DIRECTION('',(1.22464679914735E-16,-1.,0.));
#7050=DIRECTION('',(-1.22464679914735E-16,1.,0.));
#7051=DIRECTION('',(-1.,-1.22464679914735E-16,0.));
#7052=DIRECTION('',(-1.22464679914735E-16,1.,0.));
#7053=DIRECTION('',(-1.,-1.22464679914735E-16,0.));
#7054=DIRECTION('',(-1.22464679914735E-16,1.,0.));
#7055=DIRECTION('',(-1.,-1.22464679914735E-16,0.));
#7056=DIRECTION('',(1.,1.22464679914735E-16,0.));
#7057=DIRECTION('',(-1.22464679914735E-16,1.,0.));
#7058=DIRECTION('',(-1.,-1.22464679914735E-16,0.));
#7059=DIRECTION('',(-1.22464679914735E-16,1.,0.));
#7060=DIRECTION('',(-1.,-1.22464679914735E-16,0.));
#7061=DIRECTION('',(-1.,-1.22464679914735E-16,0.));
#7062=DIRECTION('',(-1.22464679914735E-16,1.,0.));
#7063=DIRECTION('',(-1.,-1.22464679914735E-16,0.));
#7064=DIRECTION('',(-1.22464679914735E-16,1.,0.));
#7065=DIRECTION('',(-1.,-1.22464679914735E-16,0.));
#7066=DIRECTION('',(0.,1.,0.));
#7067=DIRECTION('',(0.,0.,1.));
#7068=DIRECTION('',(0.,0.,-1.));
#7069=DIRECTION('',(0.,0.,-1.));
#7070=DIRECTION('',(1.,0.,0.));
#7071=DIRECTION('',(0.,0.,-1.));
#7072=DIRECTION('',(0.,0.,-1.));
#7073=DIRECTION('',(0.,-1.,0.));
#7074=DIRECTION('',(0.,0.,-1.));
#7075=DIRECTION('',(0.,0.,-1.));
#7076=DIRECTION('',(-1.,-1.5770213417971E-16,0.));
#7077=DIRECTION('',(1.5770213417971E-16,-1.,0.));
#7078=DIRECTION('',(1.,0.,0.));
#7079=DIRECTION('',(0.,0.,-1.));
#7080=DIRECTION('',(0.,0.,-1.));
#7081=DIRECTION('',(0.,0.,-1.));
#7082=DIRECTION('',(0.,1.,0.));
#7083=DIRECTION('',(0.,0.,1.));
#7084=DIRECTION('',(0.,0.,-1.));
#7085=DIRECTION('',(0.,-1.,0.));
#7086=DIRECTION('',(0.,0.,-1.));
#7087=DIRECTION('',(0.,0.,-1.));
#7088=DIRECTION('',(-1.,1.5770213417971E-16,0.));
#7089=DIRECTION('',(-1.5770213417971E-16,-1.,0.));
#7090=DIRECTION('',(0.,-1.,0.));
#7091=DIRECTION('',(0.,0.,-1.));
#7092=DIRECTION('',(0.,0.,-1.));
#7093=DIRECTION('',(0.,0.,-1.));
#7094=DIRECTION('',(1.,0.,0.));
#7095=DIRECTION('',(0.,0.,-1.));
#7096=DIRECTION('',(0.,0.,-1.));
#7097=DIRECTION('',(0.,-1.,0.));
#7098=DIRECTION('',(0.,-1.,0.));
#7099=DIRECTION('',(0.,0.,-1.));
#7100=DIRECTION('',(0.,0.,-1.));
#7101=DIRECTION('',(-1.,0.,0.));
#7102=DIRECTION('',(1.,0.,0.));
#7103=DIRECTION('',(0.,0.,-1.));
#7104=DIRECTION('',(0.,-1.,0.));
#7105=DIRECTION('',(0.,0.,1.));
#7106=DIRECTION('',(1.,0.,0.));
#7107=DIRECTION('',(0.,1.32240673247528E-46,1.));
#7108=DIRECTION('',(-1.,0.,0.));
#7109=DIRECTION('',(0.,1.32240673247528E-46,1.));
#7110=DIRECTION('',(0.,-1.,1.32240673247528E-46));
#7111=DIRECTION('',(0.,1.32240673247528E-46,1.));
#7112=DIRECTION('',(0.,-1.,1.32240673247528E-46));
#7113=DIRECTION('',(0.,0.,1.));
#7114=DIRECTION('',(1.,0.,0.));
#7115=DIRECTION('',(0.,0.,1.));
#7116=DIRECTION('',(1.,0.,0.));
#7117=DIRECTION('',(1.22464679914735E-16,-1.,0.));
#7118=DIRECTION('',(1.,1.22464679914735E-16,0.));
#7119=DIRECTION('',(-0.514495755427526,-0.857492925712544,0.));
#7120=DIRECTION('',(0.857492925712544,-0.514495755427526,0.));
#7121=DIRECTION('',(-1.22464679914735E-16,1.,0.));
#7122=DIRECTION('',(-1.,-1.22464679914735E-16,0.));
#7123=DIRECTION('',(1.,1.22464679914735E-16,0.));
#7124=DIRECTION('',(-1.22464679914735E-16,1.,0.));
#7125=DIRECTION('',(-0.857492925712544,-0.514495755427527,0.));
#7126=DIRECTION('',(0.514495755427527,-0.857492925712544,0.));
#7127=DIRECTION('',(-0.857492925712544,0.514495755427526,0.));
#7128=DIRECTION('',(-0.514495755427526,-0.857492925712544,0.));
#7129=DIRECTION('',(1.22464679914735E-16,-1.,0.));
#7130=DIRECTION('',(1.,1.22464679914735E-16,0.));
#7131=DIRECTION('',(-0.514495755427526,0.857492925712544,0.));
#7132=DIRECTION('',(-0.857492925712544,-0.514495755427527,0.));
#7133=DIRECTION('',(-1.22464679914735E-16,1.,0.));
#7134=DIRECTION('',(-1.,-1.22464679914735E-16,0.));
#7135=DIRECTION('',(-6.12323399573677E-17,-1.,0.));
#7136=DIRECTION('',(1.,-6.12323399573677E-17,0.));
#7137=DIRECTION('',(0.,1.,0.));
#7138=DIRECTION('',(0.,0.,1.));
#7139=DIRECTION('',(0.,0.,1.));
#7140=DIRECTION('',(1.,0.,0.));
#7141=DIRECTION('',(1.,0.,0.));
#7142=DIRECTION('',(0.,0.,-1.));
#7143=DIRECTION('',(1.,0.,0.));
#7144=DIRECTION('',(0.,0.,-1.));
#7145=DIRECTION('',(-1.,1.23259516440783E-32,0.));
#7146=DIRECTION('',(-1.23259516440783E-32,-1.,0.));
#7147=DIRECTION('',(-1.,1.23259516440783E-32,0.));
#7148=DIRECTION('',(-1.23259516440783E-32,-1.,0.));
#7149=DIRECTION('',(1.,0.,0.));
#7150=DIRECTION('',(0.,0.,-1.));
#7151=DIRECTION('',(-1.,1.23259516440783E-32,0.));
#7152=DIRECTION('',(-1.23259516440783E-32,-1.,0.));
#7153=DIRECTION('',(0.,0.,1.));
#7154=DIRECTION('',(1.,0.,0.));
#7155=DIRECTION('',(1.,0.,0.));
#7156=DIRECTION('',(0.,0.,-1.));
#7157=DIRECTION('',(0.,-1.,0.));
#7158=DIRECTION('',(0.,0.,-1.));
#7159=DIRECTION('',(-1.22464679914735E-16,1.,0.));
#7160=DIRECTION('',(-1.,-1.22464679914735E-16,0.));
#7161=DIRECTION('',(0.,0.,-1.));
#7162=DIRECTION('',(-1.,0.,0.));
#7163=DIRECTION('',(0.,0.,1.));
#7164=DIRECTION('',(1.,0.,0.));
#7165=DIRECTION('',(0.,0.,1.));
#7166=DIRECTION('',(1.,0.,0.));
#7167=DIRECTION('',(0.,0.,-1.));
#7168=DIRECTION('',(-1.,0.,0.));
#7169=DIRECTION('',(0.,0.,1.));
#7170=DIRECTION('',(1.,0.,0.));
#7171=DIRECTION('',(0.,0.,-1.));
#7172=DIRECTION('',(-1.,0.,0.));
#7173=DIRECTION('',(0.,0.,1.));
#7174=DIRECTION('',(1.,0.,0.));
#7175=DIRECTION('',(0.,0.,-1.));
#7176=DIRECTION('',(-1.,0.,0.));
#7177=DIRECTION('',(0.,0.,-1.));
#7178=DIRECTION('',(-1.,0.,0.));
#7179=DIRECTION('',(0.,0.,-1.));
#7180=DIRECTION('',(-1.,0.,0.));
#7181=DIRECTION('',(0.,0.,-1.));
#7182=DIRECTION('',(-1.,0.,0.));
#7183=DIRECTION('',(0.,0.,1.));
#7184=DIRECTION('',(1.,0.,0.));
#7185=DIRECTION('',(-0.9628419719238,0.270065431149358,0.));
#7186=DIRECTION('',(-0.270065431149358,-0.9628419719238,0.));
#7187=DIRECTION('',(-0.9628419719238,0.270065431149358,0.));
#7188=DIRECTION('',(-0.270065431149358,-0.9628419719238,4.42989320337486E-16));
#7189=DIRECTION('',(0.,0.,1.));
#7190=DIRECTION('',(0.,0.,1.));
#7191=DIRECTION('',(0.9628419719238,0.270065431149357,0.));
#7192=DIRECTION('',(-0.270065431149357,0.9628419719238,0.));
#7193=DIRECTION('',(0.,0.,1.));
#7194=DIRECTION('',(0.9628419719238,0.270065431149357,0.));
#7195=DIRECTION('',(-0.270065431149357,0.9628419719238,4.42989320337487E-16));
#7196=DIRECTION('',(0.,0.,1.));
#7197=DIRECTION('',(0.,-1.,0.));
#7198=DIRECTION('',(0.,0.,-1.));
#7199=DIRECTION('',(0.,0.,1.));
#7200=DIRECTION('',(-1.,0.,1.19636101791504E-16));
#7201=DIRECTION('',(0.,0.,1.));
#7202=DIRECTION('',(0.,-1.,0.));
#7203=DIRECTION('',(0.,0.,-1.));
#7204=DIRECTION('',(1.,0.,-1.19636101791504E-16));
#7205=DIRECTION('',(-1.19636101791504E-16,0.,-1.));
#7206=DIRECTION('',(1.7641884188763E-64,1.,1.47462880556811E-48));
#7207=DIRECTION('',(1.19636101791504E-16,-1.47462880556811E-48,1.));
#7208=DIRECTION('',(0.,1.,1.47462880556811E-48));
#7209=DIRECTION('',(0.,-1.47462880556811E-48,1.));
#7210=DIRECTION('',(-1.,-1.7641884188763E-64,1.19636101791504E-16));
#7211=DIRECTION('',(-1.,-1.7641884188763E-64,1.19636101791504E-16));
#7212=DIRECTION('',(1.19636101791504E-16,-1.47462880556811E-48,1.));
#7213=DIRECTION('',(1.,0.,-1.19636101791504E-16));
#7214=DIRECTION('',(-1.19636101791504E-16,0.,-1.));
#7215=DIRECTION('',(1.7641884188763E-64,1.,1.47462880556811E-48));
#7216=DIRECTION('',(1.7641884188763E-64,1.,1.47462880556811E-48));
#7217=DIRECTION('',(1.19636101791504E-16,-1.47462880556811E-48,1.));
#7218=DIRECTION('',(0.,1.,1.47462880556811E-48));
#7219=DIRECTION('',(0.,-1.47462880556811E-48,1.));
#7220=DIRECTION('',(-1.,-1.7641884188763E-64,1.19636101791504E-16));
#7221=DIRECTION('',(-1.,-1.7641884188763E-64,1.19636101791504E-16));
#7222=DIRECTION('',(1.19636101791504E-16,-1.47462880556811E-48,1.));
#7223=DIRECTION('',(1.,1.7641884188763E-64,-1.19636101791504E-16));
#7224=DIRECTION('',(1.19636101791504E-16,-1.47462880556811E-48,1.));
#7225=DIRECTION('',(1.,1.7641884188763E-64,-1.19636101791504E-16));
#7226=DIRECTION('',(1.19636101791504E-16,-1.47462880556811E-48,1.));
#7227=DIRECTION('',(1.,0.,-1.19636101791504E-16));
#7228=DIRECTION('',(1.,0.,-1.19636101791504E-16));
#7229=DIRECTION('',(-1.19636101791504E-16,0.,-1.));
#7230=DIRECTION('',(1.19636101791504E-16,-1.47462880556811E-48,1.));
#7231=DIRECTION('',(1.7641884188763E-64,1.,1.47462880556811E-48));
#7232=DIRECTION('',(1.19636101791504E-16,-1.47462880556811E-48,1.));
#7233=DIRECTION('',(1.,1.7641884188763E-64,-1.19636101791504E-16));
#7234=DIRECTION('',(1.,1.7641884188763E-64,-1.19636101791504E-16));
#7235=DIRECTION('',(1.7641884188763E-64,1.,1.47462880556811E-48));
#7236=DIRECTION('',(1.,1.7641884188763E-64,-1.19636101791504E-16));
#7237=DIRECTION('',(0.,-1.,-1.47462880556811E-48));
#7238=DIRECTION('',(0.,1.47462880556811E-48,-1.));
#7239=DIRECTION('',(1.19636101791504E-16,-1.47462880556811E-48,1.));
#7240=DIRECTION('',(1.,0.,-1.19636101791504E-16));
#7241=DIRECTION('',(-1.19636101791504E-16,0.,-1.));
#7242=DIRECTION('',(1.19636101791504E-16,-1.47462880556811E-48,1.));
#7243=DIRECTION('',(0.,-1.,-1.47462880556811E-48));
#7244=DIRECTION('',(0.,1.47462880556811E-48,-1.));
#7245=DIRECTION('',(-1.19636101791504E-16,1.47462880556811E-48,-1.));
#7246=DIRECTION('',(-1.,0.,1.19636101791504E-16));
#7247=DIRECTION('',(1.19636101791504E-16,-1.47462880556811E-48,1.));
#7248=DIRECTION('',(1.,0.,-1.19636101791504E-16));
#7249=DIRECTION('',(1.19636101791504E-16,-1.47462880556811E-48,1.));
#7250=DIRECTION('',(1.,1.7641884188763E-64,-1.19636101791504E-16));
#7251=DIRECTION('',(-1.19636101791504E-16,1.47462880556811E-48,-1.));
#7252=DIRECTION('',(-1.,0.,1.19636101791504E-16));
#7253=DIRECTION('',(1.19636101791504E-16,-1.47462880556811E-48,1.));
#7254=DIRECTION('',(1.,0.,-1.19636101791504E-16));
#7255=DIRECTION('',(1.19636101791504E-16,-1.47462880556811E-48,1.));
#7256=DIRECTION('',(1.,1.7641884188763E-64,-1.19636101791504E-16));
#7257=DIRECTION('',(-1.19636101791504E-16,1.47462880556811E-48,-1.));
#7258=DIRECTION('',(-1.,0.,1.19636101791504E-16));
#7259=DIRECTION('',(1.19636101791504E-16,-1.47462880556811E-48,1.));
#7260=DIRECTION('',(1.,0.,-1.19636101791504E-16));
#7261=DIRECTION('',(1.19636101791504E-16,-1.47462880556811E-48,1.));
#7262=DIRECTION('',(1.,1.7641884188763E-64,-1.19636101791504E-16));
#7263=DIRECTION('',(-1.19636101791504E-16,1.47462880556811E-48,-1.));
#7264=DIRECTION('',(-1.,0.,1.19636101791504E-16));
#7265=DIRECTION('',(1.19636101791504E-16,-1.47462880556811E-48,1.));
#7266=DIRECTION('',(1.,0.,-1.19636101791504E-16));
#7267=DIRECTION('',(1.19636101791504E-16,-1.47462880556811E-48,1.));
#7268=DIRECTION('',(1.,1.7641884188763E-64,-1.19636101791504E-16));
#7269=DIRECTION('',(-1.,1.23259516440783E-32,0.));
#7270=DIRECTION('',(-1.23259516440783E-32,-1.,0.));
#7271=DIRECTION('',(0.,0.,1.));
#7272=DIRECTION('',(1.,0.,0.));
#7273=DIRECTION('',(-1.,1.23259516440783E-32,0.));
#7274=DIRECTION('',(-1.23259516440783E-32,-1.,0.));
#7275=DIRECTION('',(0.,0.,1.));
#7276=DIRECTION('',(1.,0.,0.));
#7277=DIRECTION('',(0.,0.,-1.));
#7278=DIRECTION('',(-1.,0.,0.));
#7279=DIRECTION('',(0.,0.,1.));
#7280=DIRECTION('',(1.,0.,0.));
#7281=DIRECTION('',(0.,0.,1.));
#7282=DIRECTION('',(1.,0.,0.));
#7283=DIRECTION('',(0.,0.,1.));
#7284=DIRECTION('',(1.,0.,0.));
#7285=DIRECTION('',(-1.,1.23259516440783E-32,0.));
#7286=DIRECTION('',(-1.23259516440783E-32,-1.,0.));
#7287=DIRECTION('',(-1.,1.23259516440783E-32,0.));
#7288=DIRECTION('',(-1.23259516440783E-32,-1.,0.));
#7289=DIRECTION('',(0.242507865956706,-0.864593261236962,-0.440077751735712));
#7290=DIRECTION('',(0.,0.453618518777447,-0.891195960169342));
#7291=DIRECTION('',(-0.242507865956706,-0.864593261236962,-0.440077751735712));
#7292=DIRECTION('',(0.,0.453618518777447,-0.891195960169342));
#7293=DIRECTION('',(-1.,1.23259516440783E-32,1.19636101791504E-16));
#7294=DIRECTION('',(1.19636101791504E-16,0.,1.));
#7295=DIRECTION('',(-1.,0.,0.));
#7296=DIRECTION('',(0.,0.,1.));
#7297=DIRECTION('',(1.,0.,0.));
#7298=DIRECTION('',(0.,0.,-1.));
#7299=DIRECTION('',(-0.52437871987586,-0.851485148514849,0.));
#7300=DIRECTION('',(0.851485148514849,-0.52437871987586,0.));
#7301=DIRECTION('',(0.,0.,1.));
#7302=DIRECTION('',(1.,0.,0.));
#7303=DIRECTION('',(-0.535111648192936,-0.844781346839666,0.));
#7304=DIRECTION('',(0.844781346839666,-0.535111648192936,0.));
#7305=DIRECTION('',(-0.928518103244172,-0.371287128712868,0.));
#7306=DIRECTION('',(0.371287128712868,-0.928518103244172,0.));
#7307=DIRECTION('',(-0.111107116521601,-0.00847946452810865,-0.99377226130516));
#7308=DIRECTION('',(-0.993807989999906,0.,0.111111111111111));
#7309=DIRECTION('',(0.52437871987586,-0.851485148514849,-7.38545638287153E-16));
#7310=DIRECTION('',(0.851485148514849,0.52437871987586,0.));
#7311=DIRECTION('',(0.,0.,1.));
#7312=DIRECTION('',(1.,0.,0.));
#7313=DIRECTION('',(0.535111648192937,-0.844781346839665,-1.46546203443007E-15));
#7314=DIRECTION('',(0.844781346839665,0.535111648192937,0.));
#7315=DIRECTION('',(0.928518103244171,-0.371287128712868,0.));
#7316=DIRECTION('',(0.371287128712868,0.928518103244172,0.));
#7317=DIRECTION('',(0.111107116521601,-0.00847946452810785,-0.99377226130516));
#7318=DIRECTION('',(-0.993807989999906,0.,-0.111111111111111));
#7319=DIRECTION('',(1.,0.,0.));
#7320=DIRECTION('',(0.,0.,-1.));
#7321=DIRECTION('',(-1.22464679914735E-16,1.,0.));
#7322=DIRECTION('',(-1.,-1.22464679914735E-16,0.));
#7323=DIRECTION('',(0.111111111111111,0.,0.993807989999907));
#7324=DIRECTION('',(0.993807989999907,0.,-0.111111111111111));
#7325=DIRECTION('',(-1.,0.,0.));
#7326=DIRECTION('',(0.,0.,1.));
#7327=DIRECTION('',(-1.22464679914735E-16,1.,0.));
#7328=DIRECTION('',(-1.,-1.22464679914735E-16,0.));
#7329=DIRECTION('',(1.,1.22464679914735E-16,0.));
#7330=DIRECTION('',(-1.22464679914735E-16,1.,0.));
#7331=DIRECTION('',(-1.,0.,0.));
#7332=DIRECTION('',(0.,0.,1.));
#7333=DIRECTION('',(-1.,0.,0.));
#7334=DIRECTION('',(0.,0.,1.));
#7335=DIRECTION('',(-1.22464679914735E-16,1.,0.));
#7336=DIRECTION('',(-1.,-1.22464679914735E-16,0.));
#7337=DIRECTION('',(-0.111111111111111,-4.76496919660457E-16,0.993807989999907));
#7338=DIRECTION('',(0.993807989999907,0.,0.111111111111111));
#7339=DIRECTION('',(1.,0.,0.));
#7340=DIRECTION('',(0.,0.,-1.));
#7341=DIRECTION('',(-1.22464679914735E-16,1.,0.));
#7342=DIRECTION('',(-1.,-1.22464679914735E-16,0.));
#7343=DIRECTION('',(-1.,-1.22464679914735E-16,0.));
#7344=DIRECTION('',(1.22464679914735E-16,-1.,0.));
#7345=DIRECTION('',(1.,0.,0.));
#7346=DIRECTION('',(0.,0.,-1.));
#7347=DIRECTION('',(0.,0.,-1.));
#7348=DIRECTION('',(-1.,0.,0.));
#7349=DIRECTION('',(0.,0.,-1.));
#7350=DIRECTION('',(-1.,0.,0.));
#7351=DIRECTION('',(1.,-1.23259516440783E-32,0.));
#7352=DIRECTION('',(1.23259516440783E-32,1.,0.));
#7353=DIRECTION('',(0.,0.,1.));
#7354=DIRECTION('',(1.,0.,0.));
#7355=DIRECTION('',(0.,0.,-1.));
#7356=DIRECTION('',(-1.,0.,0.));
#7357=DIRECTION('',(1.,-1.23259516440783E-32,0.));
#7358=DIRECTION('',(1.23259516440783E-32,1.,0.));
#7359=DIRECTION('',(-1.,6.12323399573677E-17,0.));
#7360=DIRECTION('',(-6.12323399573677E-17,-1.,0.));
#7361=DIRECTION('',(-1.,6.12323399573677E-17,0.));
#7362=DIRECTION('',(-1.,6.12323399573677E-17,0.));
#7363=DIRECTION('',(0.,0.,-1.));
#7364=DIRECTION('',(-1.,0.,0.));
#7365=DIRECTION('',(0.,0.,1.));
#7366=DIRECTION('',(1.,0.,0.));
#7367=DIRECTION('',(0.,0.,-1.));
#7368=DIRECTION('',(-1.,0.,0.));
#7369=DIRECTION('',(0.,0.,1.));
#7370=DIRECTION('',(1.,0.,0.));
#7371=DIRECTION('',(0.,0.,-1.));
#7372=DIRECTION('',(-1.,0.,0.));
#7373=DIRECTION('',(0.,0.,-1.));
#7374=DIRECTION('',(-1.,0.,0.));
#7375=DIRECTION('',(-1.,6.12323399573677E-17,0.));
#7376=DIRECTION('',(-6.12323399573677E-17,-1.,0.));
#7377=DIRECTION('',(-1.,6.12323399573677E-17,0.));
#7378=DIRECTION('',(-6.12323399573677E-17,-1.,0.));
#7379=DIRECTION('',(0.,0.,-1.));
#7380=DIRECTION('',(0.,0.,-1.));
#7381=DIRECTION('',(0.,0.,-1.));
#7382=DIRECTION('',(0.,0.,-1.));
#7383=DIRECTION('',(0.,0.,-1.));
#7384=DIRECTION('',(0.,0.,-1.));
#7385=DIRECTION('',(0.,0.,-1.));
#7386=DIRECTION('',(0.,0.,-1.));
#7387=DIRECTION('',(0.,0.,-1.));
#7388=DIRECTION('',(0.,0.,-1.));
#7389=DIRECTION('',(-1.,0.,0.));
#7390=DIRECTION('',(0.,0.,1.));
#7391=DIRECTION('',(0.,0.,-1.));
#7392=DIRECTION('',(0.,1.,0.));
#7393=DIRECTION('',(0.,0.,-1.));
#7394=DIRECTION('',(0.,0.,-1.));
#7395=DIRECTION('',(0.,0.,-1.));
#7396=DIRECTION('',(0.,0.,-1.));
#7397=DIRECTION('',(0.999665744359383,-0.0258534244230879,0.));
#7398=DIRECTION('',(0.0258534244230879,0.999665744359383,0.));
#7399=DIRECTION('',(0.,0.,-1.));
#7400=DIRECTION('',(-0.0258534244230879,-0.999665744359383,0.));
#7401=DIRECTION('',(0.,0.,-1.));
#7402=DIRECTION('',(0.,0.,-1.));
#7403=DIRECTION('',(0.,0.,-1.));
#7404=DIRECTION('',(0.,0.,-1.));
#7405=DIRECTION('',(1.,0.,0.));
#7406=DIRECTION('',(-0.958563272179388,-0.284879717124164,0.));
#7407=DIRECTION('',(0.284879717124164,-0.958563272179388,0.));
#7408=DIRECTION('',(0.,0.,-1.));
#7409=DIRECTION('',(-0.284879717124164,0.958563272179388,0.));
#7410=DIRECTION('',(0.,0.,-1.));
#7411=DIRECTION('',(0.958189185838322,-0.286135429722523,0.));
#7412=DIRECTION('',(0.286135429722523,0.958189185838322,0.));
#7413=DIRECTION('',(0.,0.,-1.));
#7414=DIRECTION('',(-0.286135429722523,-0.958189185838322,0.));
#7415=DIRECTION('',(0.,-1.,0.));
#7416=DIRECTION('',(0.,0.,-1.));
#7417=DIRECTION('',(0.,0.,-1.));
#7418=DIRECTION('',(-1.,0.,0.));
#7419=DIRECTION('',(-0.943988521689815,0.329978288555289,0.));
#7420=DIRECTION('',(-0.329978288555289,-0.943988521689815,0.));
#7421=DIRECTION('',(0.,0.,-1.));
#7422=DIRECTION('',(0.329978288555289,0.943988521689815,0.));
#7423=DIRECTION('',(-0.934805829929494,-0.355159204202607,0.));
#7424=DIRECTION('',(0.355159204202607,-0.934805829929494,0.));
#7425=DIRECTION('',(0.,0.,-1.));
#7426=DIRECTION('',(-0.355159204202607,0.934805829929495,0.));
#7427=DIRECTION('',(0.,0.,-1.));
#7428=DIRECTION('',(0.,0.,-1.));
#7429=DIRECTION('',(0.0218925619520704,-0.999760329144528,0.));
#7430=DIRECTION('',(0.999760329144528,0.0218925619520704,0.));
#7431=DIRECTION('',(0.,0.,-1.));
#7432=DIRECTION('',(-0.999760329144528,-0.0218925619520704,0.));
#7433=DIRECTION('',(-1.,0.,0.));
#7434=DIRECTION('',(0.,0.,1.));
#7435=DIRECTION('',(0.,0.,-1.));
#7436=DIRECTION('',(0.,1.,0.));
#7437=DIRECTION('',(0.,0.,-1.));
#7438=DIRECTION('',(0.146617306875863,-0.989193290173598,0.));
#7439=DIRECTION('',(0.,0.,-1.));
#7440=DIRECTION('',(0.,0.,-1.));
#7441=DIRECTION('',(-1.,0.,0.));
#7442=DIRECTION('',(0.,0.,-1.));
#7443=DIRECTION('',(0.921537893291509,0.388288438184616,0.));
#7444=DIRECTION('',(-0.388288438184616,0.921537893291509,0.));
#7445=DIRECTION('',(0.,0.,-1.));
#7446=DIRECTION('',(0.388288438184616,-0.921537893291509,0.));
#7447=DIRECTION('',(0.944467434523287,0.328605029062249,0.));
#7448=DIRECTION('',(-0.328605029062249,0.944467434523287,0.));
#7449=DIRECTION('',(0.,0.,-1.));
#7450=DIRECTION('',(0.328605029062249,-0.944467434523287,0.));
#7451=DIRECTION('',(0.,-1.,0.));
#7452=DIRECTION('',(0.,0.,-1.));
#7453=DIRECTION('',(-1.,0.,0.));
#7454=DIRECTION('',(0.,0.,-1.));
#7455=DIRECTION('',(1.,0.,0.));
#7456=DIRECTION('',(0.733141554252003,0.680076070325194,0.));
#7457=DIRECTION('',(-0.680076070325194,0.733141554252003,0.));
#7458=DIRECTION('',(0.,0.,-1.));
#7459=DIRECTION('',(0.680076070325194,-0.733141554252003,0.));
#7460=DIRECTION('',(0.,0.,-1.));
#7461=DIRECTION('',(-0.842061846136923,0.539380985278938,0.));
#7462=DIRECTION('',(-0.539380985278938,-0.842061846136923,0.));
#7463=DIRECTION('',(0.,0.,-1.));
#7464=DIRECTION('',(0.539380985278938,0.842061846136923,0.));
#7465=DIRECTION('',(0.,1.,0.));
#7466=DIRECTION('',(0.,0.,1.));
#7467=DIRECTION('',(0.,0.,-1.));
#7468=DIRECTION('',(1.,0.,0.));
#7469=DIRECTION('',(0.835441040495253,-0.54958008320554,0.));
#7470=DIRECTION('',(0.54958008320554,0.835441040495253,0.));
#7471=DIRECTION('',(0.,0.,-1.));
#7472=DIRECTION('',(-0.54958008320554,-0.835441040495253,0.));
#7473=DIRECTION('',(0.781170248573468,0.624318062163563,0.));
#7474=DIRECTION('',(-0.624318062163563,0.781170248573468,0.));
#7475=DIRECTION('',(0.,0.,-1.));
#7476=DIRECTION('',(0.624318062163563,-0.781170248573468,0.));
#7477=DIRECTION('',(0.,-1.,0.));
#7478=DIRECTION('',(0.,0.,-1.));
#7479=DIRECTION('',(0.,0.,-1.));
#7480=DIRECTION('',(-1.,0.,0.));
#7481=DIRECTION('',(-0.79045979131954,-0.612513933153418,0.));
#7482=DIRECTION('',(0.612513933153418,-0.79045979131954,0.));
#7483=DIRECTION('',(0.,0.,-1.));
#7484=DIRECTION('',(-0.612513933153418,0.79045979131954,0.));
#7485=DIRECTION('',(-0.807993346733399,-0.589191608591434,0.));
#7486=DIRECTION('',(0.589191608591434,-0.807993346733399,0.));
#7487=DIRECTION('',(0.,0.,-1.));
#7488=DIRECTION('',(-0.589191608591434,0.807993346733399,0.));
#7489=DIRECTION('',(1.,0.,0.));
#7490=DIRECTION('',(0.,0.,-1.));
#7491=DIRECTION('',(0.,0.,-1.));
#7492=DIRECTION('',(0.,-1.,0.));
#7493=DIRECTION('',(0.,-1.,0.));
#7494=DIRECTION('',(0.,0.,-1.));
#7495=DIRECTION('',(0.,0.,-1.));
#7496=DIRECTION('',(-1.,0.,0.));
#7497=DIRECTION('',(-1.,0.,0.));
#7498=DIRECTION('',(0.,0.,1.));
#7499=DIRECTION('',(0.,0.,-1.));
#7500=DIRECTION('',(0.,1.,0.));
#7501=DIRECTION('',(0.,1.,0.));
#7502=DIRECTION('',(0.,0.,1.));
#7503=DIRECTION('',(0.,0.,-1.));
#7504=DIRECTION('',(1.,0.,0.));
#7505=DIRECTION('',(1.,0.,0.));
#7506=DIRECTION('',(0.,0.,-1.));
#7507=DIRECTION('',(0.,-1.,0.));
#7508=DIRECTION('',(0.,0.,-1.));
#7509=DIRECTION('',(1.,0.,0.));
#7510=DIRECTION('',(-0.958563272179388,-0.284879717124164,0.));
#7511=DIRECTION('',(0.284879717124164,-0.958563272179388,0.));
#7512=DIRECTION('',(0.,0.,-1.));
#7513=DIRECTION('',(-0.284879717124164,0.958563272179388,0.));
#7514=DIRECTION('',(0.,0.,-1.));
#7515=DIRECTION('',(0.958189185838322,-0.286135429722523,0.));
#7516=DIRECTION('',(0.286135429722523,0.958189185838322,0.));
#7517=DIRECTION('',(0.,0.,-1.));
#7518=DIRECTION('',(-0.286135429722523,-0.958189185838322,0.));
#7519=DIRECTION('',(0.,-1.,0.));
#7520=DIRECTION('',(0.,0.,-1.));
#7521=DIRECTION('',(0.,0.,-1.));
#7522=DIRECTION('',(-1.,0.,0.));
#7523=DIRECTION('',(-0.943988521689815,0.329978288555289,0.));
#7524=DIRECTION('',(-0.329978288555289,-0.943988521689815,0.));
#7525=DIRECTION('',(0.,0.,-1.));
#7526=DIRECTION('',(0.329978288555289,0.943988521689815,0.));
#7527=DIRECTION('',(-0.934805829929495,-0.355159204202606,0.));
#7528=DIRECTION('',(0.355159204202606,-0.934805829929495,0.));
#7529=DIRECTION('',(0.,0.,-1.));
#7530=DIRECTION('',(-0.355159204202606,0.934805829929495,0.));
#7531=DIRECTION('',(0.,0.,-1.));
#7532=DIRECTION('',(0.,0.,-1.));
#7533=DIRECTION('',(0.0218925619520704,-0.999760329144528,0.));
#7534=DIRECTION('',(0.999760329144528,0.0218925619520704,0.));
#7535=DIRECTION('',(0.,0.,-1.));
#7536=DIRECTION('',(-0.999760329144528,-0.0218925619520704,0.));
#7537=DIRECTION('',(-1.,0.,0.));
#7538=DIRECTION('',(0.,0.,1.));
#7539=DIRECTION('',(0.,0.,-1.));
#7540=DIRECTION('',(0.,1.,0.));
#7541=DIRECTION('',(0.,0.,-1.));
#7542=DIRECTION('',(0.146617306875885,-0.989193290173595,0.));
#7543=DIRECTION('',(0.,0.,-1.));
#7544=DIRECTION('',(0.,0.,-1.));
#7545=DIRECTION('',(-1.,0.,0.));
#7546=DIRECTION('',(0.,0.,-1.));
#7547=DIRECTION('',(0.921537893291505,0.388288438184625,0.));
#7548=DIRECTION('',(-0.388288438184625,0.921537893291505,0.));
#7549=DIRECTION('',(0.,0.,-1.));
#7550=DIRECTION('',(0.388288438184625,-0.921537893291505,0.));
#7551=DIRECTION('',(0.944467434523286,0.328605029062249,0.));
#7552=DIRECTION('',(-0.328605029062249,0.944467434523286,0.));
#7553=DIRECTION('',(0.,0.,-1.));
#7554=DIRECTION('',(0.328605029062249,-0.944467434523286,0.));
#7555=DIRECTION('',(0.,-1.,0.));
#7556=DIRECTION('',(0.,0.,-1.));
#7557=DIRECTION('',(-1.,0.,0.));
#7558=DIRECTION('',(0.,0.,-1.));
#7559=DIRECTION('',(1.,0.,0.));
#7560=DIRECTION('',(0.,0.,-1.));
#7561=DIRECTION('',(0.,0.,-1.));
#7562=DIRECTION('',(0.,0.,-1.));
#7563=DIRECTION('',(0.,0.,-1.));
#7564=DIRECTION('',(-1.,0.,0.));
#7565=DIRECTION('',(0.,0.,1.));
#7566=DIRECTION('',(0.,1.,0.));
#7567=DIRECTION('',(0.,0.,-1.));
#7568=DIRECTION('',(0.,1.,0.));
#7569=DIRECTION('',(0.,-1.,0.));
#7570=DIRECTION('',(0.,0.,-1.));
#7571=DIRECTION('',(-1.,0.,0.));
#7572=DIRECTION('',(0.,0.,-1.));
#7573=DIRECTION('',(-1.,0.,0.));
#7574=DIRECTION('',(0.,0.,-1.));
#7575=DIRECTION('',(0.,0.,-1.));
#7576=DIRECTION('',(0.,0.,-1.));
#7577=DIRECTION('',(0.,0.,-1.));
#7578=DIRECTION('',(0.745751267288133,-0.666224472184971,0.));
#7579=DIRECTION('',(0.666224472184971,0.745751267288133,0.));
#7580=DIRECTION('',(0.,0.,-1.));
#7581=DIRECTION('',(-0.666224472184972,-0.745751267288133,0.));
#7582=DIRECTION('',(0.,0.,-1.));
#7583=DIRECTION('',(0.,0.,-1.));
#7584=DIRECTION('',(0.,0.,-1.));
#7585=DIRECTION('',(0.,1.,0.));
#7586=DIRECTION('',(0.,0.,1.));
#7587=DIRECTION('',(0.,0.,-1.));
#7588=DIRECTION('',(1.,0.,0.));
#7589=DIRECTION('',(1.,0.,0.));
#7590=DIRECTION('',(0.,0.,-1.));
#7591=DIRECTION('',(0.,0.,-1.));
#7592=DIRECTION('',(0.,-1.,0.));
#7593=DIRECTION('',(0.,0.,-1.));
#7594=DIRECTION('',(0.,0.,-1.));
#7595=DIRECTION('',(0.,0.,-1.));
#7596=DIRECTION('',(0.,0.,-1.));
#7597=DIRECTION('',(0.,0.,-1.));
#7598=DIRECTION('',(-1.,0.,0.));
#7599=DIRECTION('',(0.,0.,1.));
#7600=DIRECTION('',(0.,0.,-1.));
#7601=DIRECTION('',(0.,1.,0.));
#7602=DIRECTION('',(0.,0.,-1.));
#7603=DIRECTION('',(1.,0.,0.));
#7604=DIRECTION('',(0.,-1.,0.));
#7605=DIRECTION('',(0.,0.,-1.));
#7606=DIRECTION('',(0.,0.,-1.));
#7607=DIRECTION('',(-1.,0.,0.));
#7608=DIRECTION('',(0.,0.,-1.));
#7609=DIRECTION('',(-1.,0.,0.));
#7610=DIRECTION('',(0.,0.,1.));
#7611=DIRECTION('',(0.,0.,-1.));
#7612=DIRECTION('',(0.,1.,0.));
#7613=DIRECTION('',(0.,0.,-1.));
#7614=DIRECTION('',(0.,0.,-1.));
#7615=DIRECTION('',(0.,0.,-1.));
#7616=DIRECTION('',(0.,0.,-1.));
#7617=DIRECTION('',(0.,-1.,0.));
#7618=DIRECTION('',(0.,0.,-1.));
#7619=DIRECTION('',(0.,0.,-1.));
#7620=DIRECTION('',(-1.,0.,0.));
#7621=DIRECTION('',(0.,0.,-1.));
#7622=DIRECTION('',(0.,0.,-1.));
#7623=DIRECTION('',(0.,0.,-1.));
#7624=DIRECTION('',(0.,0.,-1.));
#7625=DIRECTION('',(-0.68941383279077,-0.724367701624486,0.));
#7626=DIRECTION('',(0.,0.,-1.));
#7627=DIRECTION('',(0.,0.,-1.));
#7628=DIRECTION('',(-1.,0.,0.));
#7629=DIRECTION('',(0.,0.,-1.));
#7630=DIRECTION('',(1.,0.,0.));
#7631=DIRECTION('',(0.,0.,-1.));
#7632=DIRECTION('',(0.,-1.,0.));
#7633=DIRECTION('',(0.,0.,-1.));
#7634=DIRECTION('',(1.,0.,0.));
#7635=DIRECTION('',(0.,0.,1.));
#7636=DIRECTION('',(1.,0.,0.));
#7637=DIRECTION('',(0.,0.,1.));
#7638=DIRECTION('',(1.,0.,0.));
#7639=CARTESIAN_POINT('',(0.,0.,0.));
#7640=CARTESIAN_POINT('',(-6.93889390390723E-18,0.0064,0.));
#7641=CARTESIAN_POINT('',(-0.00911658151416628,-0.0142303002630125,0.));
#7642=CARTESIAN_POINT('',(-0.00790710636321412,-0.0142303002630125,0.));
#7643=CARTESIAN_POINT('',(-0.00714793311658151,-0.0134881962221393,0.));
#7644=CARTESIAN_POINT('',(-0.00911658151416628,-0.0142303002630125,0.));
#7645=CARTESIAN_POINT('',(-0.00714793311658151,-0.0134881962221393,0.));
#7646=CARTESIAN_POINT('',(-0.00714793311658151,-0.0134881962221393,0.));
#7647=CARTESIAN_POINT('',(-0.00638875986994891,-0.0127460921812661,0.));
#7648=CARTESIAN_POINT('',(-0.00638875986994891,-0.0115122324506576,0.));
#7649=CARTESIAN_POINT('',(-0.00638875986994891,-0.0115122324506576,0.));
#7650=CARTESIAN_POINT('',(-0.00638875986994891,-0.0114407043503325,0.));
#7651=CARTESIAN_POINT('',(-0.00638875986994891,-0.0113691762500074,0.));
#7652=CARTESIAN_POINT('',(-0.00638875986994891,-0.0113691762500074,0.));
#7653=CARTESIAN_POINT('',(-0.00638875986994891,-0.0105417261803371,0.));
#7654=CARTESIAN_POINT('',(-0.00670901068276823,-0.00988903226487035,0.));
#7655=CARTESIAN_POINT('',(-0.00670901068276823,-0.00988903226487035,0.));
#7656=CARTESIAN_POINT('',(-0.00670901068276823,-0.00988903226487035,0.));
#7657=CARTESIAN_POINT('',(-0.00702926149558755,-0.00923633834940355,0.));
#7658=CARTESIAN_POINT('',(-0.00761611704598235,-0.0088827619443873,0.));
#7659=CARTESIAN_POINT('',(-0.00761611704598235,-0.0088827619443873,0.));
#7660=CARTESIAN_POINT('',(-0.00761611704598235,-0.0088827619443873,0.));
#7661=CARTESIAN_POINT('',(-0.00820297259637715,-0.00852918553937104,0.));
#7662=CARTESIAN_POINT('',(-0.00895401764979099,-0.00852918553937104,0.));
#7663=CARTESIAN_POINT('',(-0.00895401764979099,-0.00852918553937104,0.));
#7664=CARTESIAN_POINT('',(-0.00895401764979099,-0.00852918553937104,0.));
#7665=CARTESIAN_POINT('',(-0.0100822108685555,-0.00852918553937104,0.));
#7666=CARTESIAN_POINT('',(-0.010730027868091,-0.00924040244601294,0.));
#7667=CARTESIAN_POINT('',(-0.010730027868091,-0.00924040244601294,0.));
#7668=CARTESIAN_POINT('',(-0.010730027868091,-0.00924040244601294,0.));
#7669=CARTESIAN_POINT('',(-0.0113778448676266,-0.00995161935265483,0.));
#7670=CARTESIAN_POINT('',(-0.0113778448676266,-0.0112570071835884,0.));
#7671=CARTESIAN_POINT('',(-0.0113778448676266,-0.0112570071835884,0.));
#7672=CARTESIAN_POINT('',(-0.0113778448676266,-0.0115569375133608,0.));
#7673=CARTESIAN_POINT('',(-0.0113778448676266,-0.0118568678431332,0.));
#7674=CARTESIAN_POINT('',(-0.00962784486762656,-0.0118568678431332,0.));
#7675=CARTESIAN_POINT('',(-0.00787784486762657,-0.0118568678431332,0.));
#7676=CARTESIAN_POINT('',(-0.00787784486762657,-0.0118568678431332,0.));
#7677=CARTESIAN_POINT('',(-0.00794774732930794,-0.0123949542342154,0.));
#7678=CARTESIAN_POINT('',(-0.00830620065025545,-0.012720081962966,0.));
#7679=CARTESIAN_POINT('',(-0.00830620065025545,-0.012720081962966,0.));
#7680=CARTESIAN_POINT('',(-0.00830620065025545,-0.012720081962966,0.));
#7681=CARTESIAN_POINT('',(-0.00866465397120297,-0.0130452096917166,0.));
#7682=CARTESIAN_POINT('',(-0.00921411983279145,-0.0130452096917166,0.));
#7683=CARTESIAN_POINT('',(-0.00921411983279145,-0.0130452096917166,0.));
#7684=CARTESIAN_POINT('',(-0.00921411983279145,-0.0130452096917166,0.));
#7685=CARTESIAN_POINT('',(-0.0100610775661867,-0.0130452096917166,0.));
#7686=CARTESIAN_POINT('',(-0.0105390153274501,-0.012430718284378,0.));
#7687=CARTESIAN_POINT('',(-0.0105390153274501,-0.012430718284378,0.));
#7688=CARTESIAN_POINT('',(-0.0108999071063632,-0.0128346894873506,0.));
#7689=CARTESIAN_POINT('',(-0.0112607988852764,-0.0132386606903232,0.));
#7690=CARTESIAN_POINT('',(-0.0112607988852764,-0.0132386606903232,0.));
#7691=CARTESIAN_POINT('',(-0.0109307942405945,-0.013706844619724,0.));
#7692=CARTESIAN_POINT('',(-0.0103666976312123,-0.0139685724413683,0.));
#7693=CARTESIAN_POINT('',(-0.0103666976312123,-0.0139685724413683,0.));
#7694=CARTESIAN_POINT('',(-0.0103666976312123,-0.0139685724413683,0.));
#7695=CARTESIAN_POINT('',(-0.00980260102183,-0.0142303002630125,0.));
#7696=CARTESIAN_POINT('',(-0.00911658151416628,-0.0142303002630125,0.));
#7697=CARTESIAN_POINT('',(-0.00199872271249419,-0.0115878246475921,0.));
#7698=CARTESIAN_POINT('',(-0.00239456572224803,-0.011161094503607,0.));
#7699=CARTESIAN_POINT('',(-0.00160287970274036,-0.0120145547915773,0.));
#7700=CARTESIAN_POINT('',(-0.00160287970274036,-0.0130712199100166,0.));
#7701=CARTESIAN_POINT('',(-0.00160287970274036,-0.014127885028456,0.));
#7702=CARTESIAN_POINT('',(-0.000840455178820251,-0.014127885028456,0.));
#7703=CARTESIAN_POINT('',(-7.80306549001408E-5,-0.014127885028456,0.));
#7704=CARTESIAN_POINT('',(-7.80306549001408E-5,-0.0104295571139182,0.));
#7705=CARTESIAN_POINT('',(-7.80306549001408E-5,-0.00673122919938033,0.));
#7706=CARTESIAN_POINT('',(-0.000840455178820251,-0.00673122919938033,0.));
#7707=CARTESIAN_POINT('',(-0.00160287970274036,-0.00673122919938033,0.));
#7708=CARTESIAN_POINT('',(-0.00160287970274036,-0.00840726264108958,0.));
#7709=CARTESIAN_POINT('',(-0.00160287970274036,-0.0100832960827988,0.));
#7710=CARTESIAN_POINT('',(-0.00193776126335346,-0.00962405316593862,0.));
#7711=CARTESIAN_POINT('',(-0.00227264282396655,-0.00916481024907843,0.));
#7712=CARTESIAN_POINT('',(-0.00321551323734324,-0.00794801972422938,0.));
#7713=CARTESIAN_POINT('',(-0.00415838365071992,-0.00673122919938033,0.));
#7714=CARTESIAN_POINT('',(-0.00509556432884347,-0.00673122919938033,0.));
#7715=CARTESIAN_POINT('',(-0.00603274500696702,-0.00673122919938033,0.));
#7716=CARTESIAN_POINT('',(-0.00471922898281468,-0.00837474986821452,0.));
#7717=CARTESIAN_POINT('',(-0.00340571295866233,-0.0100182705370487,0.));
#7718=CARTESIAN_POINT('',(-0.00475743149094287,-0.0120730777827524,0.));
#7719=CARTESIAN_POINT('',(-0.00610915002322341,-0.014127885028456,0.));
#7720=CARTESIAN_POINT('',(-0.00520204366000929,-0.014127885028456,0.));
#7721=CARTESIAN_POINT('',(-0.00429493729679517,-0.014127885028456,0.));
#7722=CARTESIAN_POINT('',(-0.0033447515095216,-0.0126444897660315,0.));
#7723=CARTESIAN_POINT('',(0.0113534602879703,-0.0113285352839135,0.));
#7724=CARTESIAN_POINT('',(0.0113534602879703,-0.0105108390461058,0.));
#7725=CARTESIAN_POINT('',(0.0110380863910822,-0.00987033742046719,0.));
#7726=CARTESIAN_POINT('',(0.0113534602879703,-0.0113285352839135,0.));
#7727=CARTESIAN_POINT('',(0.0110380863910822,-0.00987033742046719,0.));
#7728=CARTESIAN_POINT('',(0.0110380863910822,-0.00987033742046719,0.));
#7729=CARTESIAN_POINT('',(0.0107227124941941,-0.00922983579482855,0.));
#7730=CARTESIAN_POINT('',(0.0101309800278681,-0.00887951066709979,0.));
#7731=CARTESIAN_POINT('',(0.0101309800278681,-0.00887951066709979,0.));
#7732=CARTESIAN_POINT('',(0.0101309800278681,-0.00887951066709979,0.));
#7733=CARTESIAN_POINT('',(0.00953924756154203,-0.00852918553937104,0.));
#7734=CARTESIAN_POINT('',(0.00875731537389689,-0.00852918553937104,0.));
#7735=CARTESIAN_POINT('',(0.00875731537389689,-0.00852918553937104,0.));
#7736=CARTESIAN_POINT('',(0.00875731537389689,-0.00852918553937104,0.));
#7737=CARTESIAN_POINT('',(0.00764375290292615,-0.00852918553937104,0.));
#7738=CARTESIAN_POINT('',(0.00694066418950302,-0.00921032813110351,0.));
#7739=CARTESIAN_POINT('',(0.00694066418950302,-0.00921032813110351,0.));
#7740=CARTESIAN_POINT('',(0.00694066418950302,-0.00921032813110351,0.));
#7741=CARTESIAN_POINT('',(0.00623757547607989,-0.00989147072283597,0.));
#7742=CARTESIAN_POINT('',(0.00615629354389224,-0.0110586792690506,0.));
#7743=CARTESIAN_POINT('',(0.00615629354389224,-0.0110586792690506,0.));
#7744=CARTESIAN_POINT('',(0.00615141662796098,-0.0112472533517259,0.));
#7745=CARTESIAN_POINT('',(0.00614653971202973,-0.0114358274344012,0.));
#7746=CARTESIAN_POINT('',(0.00614653971202973,-0.0114358274344012,0.));
#7747=CARTESIAN_POINT('',(0.00614653971202973,-0.012700574299241,0.));
#7748=CARTESIAN_POINT('',(0.00685206688341849,-0.0134654372811267,0.));
#7749=CARTESIAN_POINT('',(0.00685206688341849,-0.0134654372811267,0.));
#7750=CARTESIAN_POINT('',(0.00685206688341849,-0.0134654372811267,0.));
#7751=CARTESIAN_POINT('',(0.00755759405480724,-0.0142303002630125,0.));
#7752=CARTESIAN_POINT('',(0.00874674872271249,-0.0142303002630125,0.));
#7753=CARTESIAN_POINT('',(0.00874674872271249,-0.0142303002630125,0.));
#7754=CARTESIAN_POINT('',(0.00874674872271249,-0.0142303002630125,0.));
#7755=CARTESIAN_POINT('',(0.00993590339061774,-0.0142303002630125,0.));
#7756=CARTESIAN_POINT('',(0.010644681839294,-0.0134678757390924,0.));
#7757=CARTESIAN_POINT('',(0.010644681839294,-0.0134678757390924,0.));
#7758=CARTESIAN_POINT('',(0.010644681839294,-0.0134678757390924,0.));
#7759=CARTESIAN_POINT('',(0.0113534602879703,-0.0127054512151722,0.));
#7760=CARTESIAN_POINT('',(0.0113534602879703,-0.0113951864683074,0.));
#7761=CARTESIAN_POINT('',(0.0113534602879703,-0.0113951864683074,0.));
#7762=CARTESIAN_POINT('',(0.0113534602879703,-0.0113618608761105,0.));
#7763=CARTESIAN_POINT('',(0.00584999999999929,0.0292999999999996,0.));
#7764=CARTESIAN_POINT('',(0.00459999999999929,0.0292999999999996,0.));
#7765=CARTESIAN_POINT('',(0.00709999999999929,0.0292999999999996,0.));
#7766=CARTESIAN_POINT('',(0.00709999999999929,0.0320499999999996,0.));
#7767=CARTESIAN_POINT('',(0.00709999999999929,0.0347999999999997,0.));
#7768=CARTESIAN_POINT('',(0.00584999999999929,0.0347999999999997,0.));
#7769=CARTESIAN_POINT('',(0.00459999999999929,0.0347999999999997,0.));
#7770=CARTESIAN_POINT('',(0.00459999999999929,0.0320499999999996,0.));
#7771=CARTESIAN_POINT('',(0.0472,-0.00492788502845607,0.));
#7772=CARTESIAN_POINT('',(0.0472,0.0191845616010386,0.));
#7773=CARTESIAN_POINT('',(0.0472,-0.0155203351699484,0.));
#7774=CARTESIAN_POINT('',(0.03,-0.00492788502845603,0.));
#7775=CARTESIAN_POINT('',(0.0470645832061613,-0.0157371403219533,0.));
#7776=CARTESIAN_POINT('',(0.0470645832061613,0.014929885028456,0.));
#7777=CARTESIAN_POINT('',(0.0470645832061613,0.010927885028456,0.));
#7778=CARTESIAN_POINT('',(0.0411576371447257,0.014927885028456,0.));
#7779=CARTESIAN_POINT('',(0.0417870463621003,0.014927885028456,0.));
#7780=CARTESIAN_POINT('',(0.0430180065997703,0.0147192510852532,6.1235644925699E-20));
#7781=CARTESIAN_POINT('',(0.0447026246367789,0.0138398860772671,-2.14324757239946E-19));
#7782=CARTESIAN_POINT('',(0.0460312865766943,0.0125069651941476,7.96063384034087E-19));
#7783=CARTESIAN_POINT('',(0.046691266163087,0.0114220842716392,-1.71459805791957E-18));
#7784=CARTESIAN_POINT('',(0.0470645832061613,0.010927885028456,0.));
#7785=CARTESIAN_POINT('',(0.0411576371447257,0.014927885028456,0.));
#7786=CARTESIAN_POINT('',(-7.98325861426676E-18,0.014927885028456,0.));
#7787=CARTESIAN_POINT('',(0.0348802834103376,0.014927885028456,0.));
#7788=CARTESIAN_POINT('',(0.0348802834103376,0.014927885028456,0.));
#7789=CARTESIAN_POINT('',(0.0335748570210012,0.014927885028456,0.));
#7790=CARTESIAN_POINT('',(0.0311076209006436,0.0138744849822209,0.));
#7791=CARTESIAN_POINT('',(0.0293977241529498,0.0119001367187732,0.));
#7792=CARTESIAN_POINT('',(0.0285557280900009,0.010927885028456,0.));
#7793=CARTESIAN_POINT('',(0.0285557280900008,0.010927885028456,0.));
#7794=CARTESIAN_POINT('',(0.0285557280900008,-0.026850248039774,0.));
#7795=CARTESIAN_POINT('',(0.0285557280900008,-0.022127885028456,0.));
#7796=CARTESIAN_POINT('',(-0.03,-0.022127885028456,0.));
#7797=CARTESIAN_POINT('',(-0.0285557280900008,-0.022127885028456,0.));
#7798=CARTESIAN_POINT('',(-0.0285557280900008,0.0064,0.));
#7799=CARTESIAN_POINT('',(-0.0285557280900008,0.010927885028456,0.));
#7800=CARTESIAN_POINT('',(-0.0348802834103376,0.014927885028456,0.));
#7801=CARTESIAN_POINT('',(-0.0335748570210012,0.014927885028456,0.));
#7802=CARTESIAN_POINT('',(-0.0311076209006446,0.01387448498222,0.));
#7803=CARTESIAN_POINT('',(-0.0293977241529478,0.0119001367187749,0.));
#7804=CARTESIAN_POINT('',(-0.0285557280900009,0.010927885028456,0.));
#7805=CARTESIAN_POINT('',(-0.0348802834103376,0.014927885028456,0.));
#7806=CARTESIAN_POINT('',(-7.98325861426676E-18,0.014927885028456,0.));
#7807=CARTESIAN_POINT('',(-0.0411576371447257,0.014927885028456,0.));
#7808=CARTESIAN_POINT('',(-0.0411576371447257,0.014927885028456,0.));
#7809=CARTESIAN_POINT('',(-0.0417870463621003,0.014927885028456,0.));
#7810=CARTESIAN_POINT('',(-0.0430180065997706,0.0147192510852534,0.));
#7811=CARTESIAN_POINT('',(-0.0447026246367777,0.0138398860772661,0.));
#7812=CARTESIAN_POINT('',(-0.0460312865766988,0.0125069651941509,0.));
#7813=CARTESIAN_POINT('',(-0.0466912661630774,0.0114220842716319,0.));
#7814=CARTESIAN_POINT('',(-0.0470645832061613,0.010927885028456,0.));
#7815=CARTESIAN_POINT('',(-0.0470645832061613,0.010927885028456,0.));
#7816=CARTESIAN_POINT('',(-0.0470645832061613,0.014929885028456,0.));
#7817=CARTESIAN_POINT('',(-0.0470645832061613,-0.0157371403219534,0.));
#7818=CARTESIAN_POINT('',(-0.03,-0.00492788502845605,0.));
#7819=CARTESIAN_POINT('',(-0.0472,-0.0155203351699485,0.));
#7820=CARTESIAN_POINT('',(-0.0472,0.027927885028456,0.));
#7821=CARTESIAN_POINT('',(-0.0472,0.0191845616010386,0.));
#7822=CARTESIAN_POINT('',(-0.0465,0.021427885028456,0.));
#7823=CARTESIAN_POINT('',(-0.0472,0.0236712084558735,0.));
#7824=CARTESIAN_POINT('',(-0.0472,0.027927885028456,0.));
#7825=CARTESIAN_POINT('',(-0.0472,0.027927885028456,0.));
#7826=CARTESIAN_POINT('',(-0.0402,0.027927885028456,0.));
#7827=CARTESIAN_POINT('',(-0.0402,0.034927885028456,0.));
#7828=CARTESIAN_POINT('',(0.0402,0.034927885028456,0.));
#7829=CARTESIAN_POINT('',(0.0402,0.034927885028456,0.));
#7830=CARTESIAN_POINT('',(0.0402,0.027927885028456,0.));
#7831=CARTESIAN_POINT('',(0.0472,0.027927885028456,0.));
#7832=CARTESIAN_POINT('',(0.0472,-0.00492788502845607,0.));
#7833=CARTESIAN_POINT('',(0.0472,0.0236712084558735,0.));
#7834=CARTESIAN_POINT('',(0.0465,0.021427885028456,0.));
#7835=CARTESIAN_POINT('',(-0.00584999999999929,0.0292999999999996,0.));
#7836=CARTESIAN_POINT('',(-0.00459999999999929,0.0292999999999996,0.));
#7837=CARTESIAN_POINT('',(-0.00709999999999929,0.0292999999999996,0.));
#7838=CARTESIAN_POINT('',(-0.00459999999999929,0.0320499999999996,0.));
#7839=CARTESIAN_POINT('',(-0.00459999999999929,0.0347999999999997,0.));
#7840=CARTESIAN_POINT('',(-0.00584999999999929,0.0347999999999997,0.));
#7841=CARTESIAN_POINT('',(-0.00709999999999929,0.0347999999999997,0.));
#7842=CARTESIAN_POINT('',(-0.00709999999999929,0.0320499999999996,0.));
#7843=CARTESIAN_POINT('',(-0.000129999999998499,0.0155699999999997,0.));
#7844=CARTESIAN_POINT('',(0.00537000000000074,0.0155699999999997,0.));
#7845=CARTESIAN_POINT('',(-0.00562999999999774,0.0155699999999997,0.));
#7846=CARTESIAN_POINT('',(-0.00562999999999774,0.0143499999999993,0.));
#7847=CARTESIAN_POINT('',(-0.00562999999999774,0.0131299999999989,0.));
#7848=CARTESIAN_POINT('',(-0.000129999999998498,0.0131299999999989,0.));
#7849=CARTESIAN_POINT('',(0.00537000000000074,0.0131299999999989,0.));
#7850=CARTESIAN_POINT('',(0.00537000000000074,0.0143499999999993,0.));
#7851=CARTESIAN_POINT('',(-0.014769739897817,-0.0103409598078337,0.));
#7852=CARTESIAN_POINT('',(-0.0142617278216442,-0.0120503188417398,0.));
#7853=CARTESIAN_POINT('',(-0.0152777519739898,-0.00863160077392748,0.));
#7854=CARTESIAN_POINT('',(-0.0160653738968881,-0.00863160077392748,0.));
#7855=CARTESIAN_POINT('',(-0.0168529958197863,-0.00863160077392748,0.));
#7856=CARTESIAN_POINT('',(-0.0157483743613562,-0.0118064730451769,0.));
#7857=CARTESIAN_POINT('',(-0.0146437529029261,-0.0149813453164263,0.));
#7858=CARTESIAN_POINT('',(-0.0145827914537854,-0.0151260271557204,0.));
#7859=CARTESIAN_POINT('',(-0.0145218300046447,-0.0152707089950143,0.));
#7860=CARTESIAN_POINT('',(-0.0145218300046447,-0.0152707089950143,0.));
#7861=CARTESIAN_POINT('',(-0.0140292614955875,-0.0163485074158225,0.));
#7862=CARTESIAN_POINT('',(-0.0128961913608918,-0.0163485074158225,0.));
#7863=CARTESIAN_POINT('',(-0.0128961913608918,-0.0163485074158225,0.));
#7864=CARTESIAN_POINT('',(-0.0129088050725252,-0.0140619106359085,0.));
#7865=CARTESIAN_POINT('',(-0.0122459359033906,-0.0162506454550598,0.));
#7866=CARTESIAN_POINT('',(-0.0122459359033906,-0.0156950006810339,0.));
#7867=CARTESIAN_POINT('',(-0.0122459359033906,-0.0151390322648703,0.));
#7868=CARTESIAN_POINT('',(-0.0123572921504877,-0.015141470722836,0.));
#7869=CARTESIAN_POINT('',(-0.0124686483975848,-0.0151439091808016,0.));
#7870=CARTESIAN_POINT('',(-0.0124686483975848,-0.0151439091808016,0.));
#7871=CARTESIAN_POINT('',(-0.0128864375290293,-0.0151439091808016,0.));
#7872=CARTESIAN_POINT('',(-0.013092080817464,-0.0150171093665889,0.));
#7873=CARTESIAN_POINT('',(-0.013092080817464,-0.0150171093665889,0.));
#7874=CARTESIAN_POINT('',(-0.013092080817464,-0.0150171093665889,0.));
#7875=CARTESIAN_POINT('',(-0.0132977241058987,-0.0148903095523761,0.));
#7876=CARTESIAN_POINT('',(-0.0134147700882489,-0.0145960689578569,0.));
#7877=CARTESIAN_POINT('',(-0.0134147700882489,-0.0145960689578569,0.));
#7878=CARTESIAN_POINT('',(-0.0135009289363678,-0.0143692923670533,0.));
#7879=CARTESIAN_POINT('',(-0.0135870877844868,-0.0141425157762498,0.));
#7880=CARTESIAN_POINT('',(-0.0126238968880632,-0.0113870582750886,0.));
#7881=CARTESIAN_POINT('',(-0.0116607059916396,-0.00863160077392748,0.));
#7882=CARTESIAN_POINT('',(-0.0124507663725035,-0.00863160077392748,0.));
#7883=CARTESIAN_POINT('',(-0.0132408267533674,-0.00863160077392748,0.));
#7884=CARTESIAN_POINT('',(-0.0137512772875058,-0.0103409598078336,0.));
#7885=CARTESIAN_POINT('',(0.00268149094287041,-0.0103409598078337,0.));
#7886=CARTESIAN_POINT('',(0.0031895030190432,-0.0120503188417398,0.));
#7887=CARTESIAN_POINT('',(0.00217347886669763,-0.00863160077392748,0.));
#7888=CARTESIAN_POINT('',(0.00138585694379935,-0.00863160077392748,0.));
#7889=CARTESIAN_POINT('',(0.000598235020901068,-0.00863160077392748,0.));
#7890=CARTESIAN_POINT('',(0.00170285647933117,-0.0118064730451769,0.));
#7891=CARTESIAN_POINT('',(0.00280747793776126,-0.0149813453164263,0.));
#7892=CARTESIAN_POINT('',(0.002868439386902,-0.0151260271557203,0.));
#7893=CARTESIAN_POINT('',(0.00292940083604273,-0.0152707089950143,0.));
#7894=CARTESIAN_POINT('',(0.00292940083604273,-0.0152707089950143,0.));
#7895=CARTESIAN_POINT('',(0.00342196934509986,-0.0163485074158225,0.));
#7896=CARTESIAN_POINT('',(0.00455503947979563,-0.0163485074158225,0.));
#7897=CARTESIAN_POINT('',(0.00455503947979563,-0.0163485074158225,0.));
#7898=CARTESIAN_POINT('',(0.00454242576816221,-0.0140619106359093,0.));
#7899=CARTESIAN_POINT('',(0.00520529493729679,-0.0162506454550598,0.));
#7900=CARTESIAN_POINT('',(0.00520529493729679,-0.0156950006810339,0.));
#7901=CARTESIAN_POINT('',(0.00520529493729679,-0.0151390322648703,0.));
#7902=CARTESIAN_POINT('',(0.00509393869019972,-0.015141470722836,0.));
#7903=CARTESIAN_POINT('',(0.00498258244310265,-0.0151439091808016,0.));
#7904=CARTESIAN_POINT('',(0.00498258244310265,-0.0151439091808016,0.));
#7905=CARTESIAN_POINT('',(0.00456479331165815,-0.0151439091808016,0.));
#7906=CARTESIAN_POINT('',(0.00435915002322341,-0.0150171093665889,0.));
#7907=CARTESIAN_POINT('',(0.00435915002322341,-0.0150171093665889,0.));
#7908=CARTESIAN_POINT('',(0.00435915002322341,-0.0150171093665889,0.));
#7909=CARTESIAN_POINT('',(0.00415350673478867,-0.0148903095523761,0.));
#7910=CARTESIAN_POINT('',(0.00403646075243846,-0.0145960689578569,0.));
#7911=CARTESIAN_POINT('',(0.00403646075243846,-0.0145960689578569,0.));
#7912=CARTESIAN_POINT('',(0.00395030190431955,-0.0143692923670533,0.));
#7913=CARTESIAN_POINT('',(0.00386414305620065,-0.0141425157762498,0.));
#7914=CARTESIAN_POINT('',(0.00482733395262424,-0.0113870582750886,0.));
#7915=CARTESIAN_POINT('',(0.00579052484904784,-0.00863160077392748,0.));
#7916=CARTESIAN_POINT('',(0.00500046446818393,-0.00863160077392748,0.));
#7917=CARTESIAN_POINT('',(0.00421040408732001,-0.00863160077392748,0.));
#7918=CARTESIAN_POINT('',(0.00369995355318161,-0.0103409598078337,0.));
#7919=CARTESIAN_POINT('',(0.0130953320947515,-0.00673122919938033,0.));
#7920=CARTESIAN_POINT('',(0.0138569437993497,-0.00673122919938033,0.));
#7921=CARTESIAN_POINT('',(0.0123337203901533,-0.00673122919938033,0.));
#7922=CARTESIAN_POINT('',(0.0123337203901533,-0.00929161006329116,0.));
#7923=CARTESIAN_POINT('',(0.0123337203901533,-0.011851990927202,0.));
#7924=CARTESIAN_POINT('',(0.0123337203901533,-0.011851990927202,0.));
#7925=CARTESIAN_POINT('',(0.0123337203901533,-0.0125575180985907,0.));
#7926=CARTESIAN_POINT('',(0.0126458430097538,-0.0130988557669604,0.));
#7927=CARTESIAN_POINT('',(0.0126458430097538,-0.0130988557669604,0.));
#7928=CARTESIAN_POINT('',(0.0144823022846369,-0.0120444689153485,0.));
#7929=CARTESIAN_POINT('',(0.0135269391546679,-0.0139352468491713,0.));
#7930=CARTESIAN_POINT('',(0.0135269391546679,-0.0139352468491713,0.));
#7931=CARTESIAN_POINT('',(0.0140959126799814,-0.0142303002630125,0.));
#7932=CARTESIAN_POINT('',(0.0148128193218764,-0.0142303002630125,0.));
#7933=CARTESIAN_POINT('',(0.0148128193218764,-0.0142303002630125,0.));
#7934=CARTESIAN_POINT('',(0.0148128193218764,-0.0142303002630125,0.));
#7935=CARTESIAN_POINT('',(0.0159865304226661,-0.0142303002630125,0.));
#7936=CARTESIAN_POINT('',(0.0166416627960985,-0.0136328780614333,0.));
#7937=CARTESIAN_POINT('',(0.0166416627960985,-0.0136328780614333,0.));
#7938=CARTESIAN_POINT('',(0.0166416627960985,-0.0136328780614333,0.));
#7939=CARTESIAN_POINT('',(0.0172967951695309,-0.0130354558598541,0.));
#7940=CARTESIAN_POINT('',(0.0172967951695309,-0.0119430266912521,0.));
#7941=CARTESIAN_POINT('',(0.0172967951695309,-0.0119430266912521,0.));
#7942=CARTESIAN_POINT('',(0.0165294937296795,-0.0119430266912521,0.));
#7943=CARTESIAN_POINT('',(0.0157621922898281,-0.0119430266912521,0.));
#7944=CARTESIAN_POINT('',(0.0157621922898281,-0.0119430266912521,0.));
#7945=CARTESIAN_POINT('',(0.0157621922898281,-0.0124876156369094,0.));
#7946=CARTESIAN_POINT('',(0.0155337900603809,-0.0127460921812661,0.));
#7947=CARTESIAN_POINT('',(0.0155337900603809,-0.0127460921812661,0.));
#7948=CARTESIAN_POINT('',(0.0155337900603809,-0.0127460921812661,0.));
#7949=CARTESIAN_POINT('',(0.0153053878309336,-0.0130045687256228,0.));
#7950=CARTESIAN_POINT('',(0.0148128193218764,-0.0130045687256228,0.));
#7951=CARTESIAN_POINT('',(0.0148128193218764,-0.0130045687256228,0.));
#7952=CARTESIAN_POINT('',(0.0148128193218764,-0.0130045687256228,0.));
#7953=CARTESIAN_POINT('',(0.0143755225267069,-0.0130045687256228,0.));
#7954=CARTESIAN_POINT('',(0.0141162331630283,-0.0127054512151722,0.));
#7955=CARTESIAN_POINT('',(0.0141162331630283,-0.0127054512151722,0.));
#7956=CARTESIAN_POINT('',(0.0141162331630283,-0.0127054512151722,0.));
#7957=CARTESIAN_POINT('',(0.0138569437993497,-0.0124063337047217,0.));
#7958=CARTESIAN_POINT('',(0.0138569437993497,-0.011851990927202,0.));
#7959=CARTESIAN_POINT('',(0.0138569437993497,-0.011851990927202,0.));
#7960=CARTESIAN_POINT('',(0.0138569437993497,-0.00929161006329116,0.));
#7961=CARTESIAN_POINT('',(-0.00100314927101136,0.048927885028456,0.01245));
#7962=CARTESIAN_POINT('',(0.01559800478076,0.044845318359459,0.0204707636415241));
#7963=CARTESIAN_POINT('',(0.0154152828256227,0.0453783175803733,0.0207420601104339));
#7964=CARTESIAN_POINT('',(0.0145784285166521,0.0463247074015857,0.0210838009160925));
#7965=CARTESIAN_POINT('',(0.0133327872204976,0.046636975937547,0.0211535472962));
#7966=CARTESIAN_POINT('',(0.0127094788649886,0.046636975937547,0.0211535472962));
#7967=CARTESIAN_POINT('',(0.01559800478076,0.044845318359459,0.0204707636415241));
#7968=CARTESIAN_POINT('',(0.0127094788649886,0.046636975937547,0.0211535472962));
#7969=CARTESIAN_POINT('',(0.0141984256923369,0.048927885028456,0.01245));
#7970=CARTESIAN_POINT('',(0.0168,0.0413391030559053,0.0172884282750794));
#7971=CARTESIAN_POINT('',(0.0168,0.048927885028456,0.01245));
#7972=CARTESIAN_POINT('',(0.0168,0.0399278850284561,0.01245));
#7973=CARTESIAN_POINT('',(0.0188,0.0399278850284561,0.01245));
#7974=CARTESIAN_POINT('',(-0.0168,0.0399278850284561,0.01245));
#7975=CARTESIAN_POINT('',(-0.0168,0.048927885028456,0.01245));
#7976=CARTESIAN_POINT('',(-0.0168,0.0413391030559052,0.0172884282750793));
#7977=CARTESIAN_POINT('',(-0.0141984256923369,0.048927885028456,0.01245));
#7978=CARTESIAN_POINT('',(-0.01559800478076,0.044845318359459,0.0204707636415241));
#7979=CARTESIAN_POINT('',(-0.0127094788649886,0.046636975937547,0.0211535472962));
#7980=CARTESIAN_POINT('',(-0.0133331772518999,0.046636975937547,0.0211535472962));
#7981=CARTESIAN_POINT('',(-0.0145820269416843,0.0463222494512344,0.0210829626651071));
#7982=CARTESIAN_POINT('',(-0.0154151151793711,0.0453788066038267,0.0207423090232483));
#7983=CARTESIAN_POINT('',(-0.01559800478076,0.044845318359459,0.0204707636415241));
#7984=CARTESIAN_POINT('',(-0.0127094788649886,0.046636975937547,0.0211535472962));
#7985=CARTESIAN_POINT('',(-0.00100314927101136,0.046636975937547,0.0211535472962));
#7986=CARTESIAN_POINT('',(-0.0402,0.027927885028456,0.02445));
#7987=CARTESIAN_POINT('',(-0.03,-0.00492788502845605,0.02445));
#7988=CARTESIAN_POINT('',(-0.03,-0.025127885028456,0.02445));
#7989=CARTESIAN_POINT('',(-0.0485138074712102,-0.0130074229433967,0.02445));
#7990=CARTESIAN_POINT('',(-0.0513231850407248,-0.0130074229433967,0.02445));
#7991=CARTESIAN_POINT('',(-0.0506775498326334,-0.0130074229433967,0.02445));
#7992=CARTESIAN_POINT('',(-0.03,-0.00492788502845605,0.02445));
#7993=CARTESIAN_POINT('',(-0.03,-0.0271278850284561,0.02445));
#7994=CARTESIAN_POINT('',(0.00265772383425168,-0.0271278850284561,0.02445));
#7995=CARTESIAN_POINT('',(0.03,-0.0271278850284561,0.02445));
#7996=CARTESIAN_POINT('',(0.03,-0.00492788502845603,0.02445));
#7997=CARTESIAN_POINT('',(0.0521999913738696,-0.00494745541729568,0.02445));
#7998=CARTESIAN_POINT('',(0.0428994915908009,0.00263546643283176,0.02445));
#7999=CARTESIAN_POINT('',(0.0500968664579865,-0.00696650185607677,0.02445));
#8000=CARTESIAN_POINT('',(0.03,-0.00492788502845603,0.02445));
#8001=CARTESIAN_POINT('',(0.03,-0.025127885028456,0.02445));
#8002=CARTESIAN_POINT('',(0.00265772383425168,-0.025127885028456,0.02445));
#8003=CARTESIAN_POINT('',(-0.00100314927101136,0.0399278850284561,0.02445));
#8004=CARTESIAN_POINT('',(0.0168,0.0399278850284561,0.005));
#8005=CARTESIAN_POINT('',(0.0168,0.0399278850284561,0.005));
#8006=CARTESIAN_POINT('',(-0.0402,0.0399278850284561,0.005));
#8007=CARTESIAN_POINT('',(0.00708680810147369,0.0399278850284561,0.005));
#8008=CARTESIAN_POINT('',(0.00309000000000071,0.0399278850284561,0.006445));
#8009=CARTESIAN_POINT('',(0.00734000000000071,0.0399278850284561,0.006445));
#8010=CARTESIAN_POINT('',(0.00734000000000071,0.0399278850284561,0.0068));
#8011=CARTESIAN_POINT('',(0.00734000000000071,0.0399278850284561,0.007155));
#8012=CARTESIAN_POINT('',(0.00309000000000071,0.0399278850284561,0.007155));
#8013=CARTESIAN_POINT('',(0.00309000000000071,0.0399278850284561,0.011405));
#8014=CARTESIAN_POINT('',(-0.00012999999999929,0.0399278850284561,0.011405));
#8015=CARTESIAN_POINT('',(-0.00334999999999929,0.0399278850284561,0.011405));
#8016=CARTESIAN_POINT('',(-0.00334999999999929,0.0399278850284561,0.007155));
#8017=CARTESIAN_POINT('',(-0.00759999999999929,0.0399278850284561,0.007155));
#8018=CARTESIAN_POINT('',(-0.00759999999999929,0.0399278850284561,0.0068));
#8019=CARTESIAN_POINT('',(-0.00759999999999929,0.0399278850284561,0.006445));
#8020=CARTESIAN_POINT('',(-0.00334999999999929,0.0399278850284561,0.006445));
#8021=CARTESIAN_POINT('',(-0.00734680810147227,0.0399278850284561,0.005));
#8022=CARTESIAN_POINT('',(-0.0402,0.0399278850284561,0.005));
#8023=CARTESIAN_POINT('',(-0.0168,0.0399278850284561,0.005));
#8024=CARTESIAN_POINT('',(-0.0168,0.0399278850284561,0.02445));
#8025=CARTESIAN_POINT('',(-0.00100314927101136,0.0399278850284561,0.02445));
#8026=CARTESIAN_POINT('',(-0.00100314927101136,0.0399278850284561,0.0214));
#8027=CARTESIAN_POINT('',(0.0225842959193704,0.0399278850284561,0.0214));
#8028=CARTESIAN_POINT('',(0.0402,0.0399278850284561,0.0214));
#8029=CARTESIAN_POINT('',(0.0225842959193704,0.0399278850284561,0.0214));
#8030=CARTESIAN_POINT('',(0.0225884390226379,0.0399278850284561,0.0215132668322198));
#8031=CARTESIAN_POINT('',(0.0225905211350114,0.0399278850284561,0.0216265714095995));
#8032=CARTESIAN_POINT('',(0.0225905211350114,0.0399278850284561,0.0217399141189595));
#8033=CARTESIAN_POINT('',(0.0225905211350114,0.0399278850284561,0.0217399141189595));
#8034=CARTESIAN_POINT('',(0.0225905211350114,0.0399278850284561,0.02445));
#8035=CARTESIAN_POINT('',(0.0225905211350114,0.0399278850284561,0.02445));
#8036=CARTESIAN_POINT('',(-0.00100314927101136,0.0399278850284561,0.02445));
#8037=CARTESIAN_POINT('',(0.0402,0.0399278850284561,0.02445));
#8038=CARTESIAN_POINT('',(0.0402,0.0399278850284561,0.02445));
#8039=CARTESIAN_POINT('',(-0.00100314927101136,0.0379278850284561,0.02445));
#8040=CARTESIAN_POINT('',(-0.0185,0.0379278850284561,0.02145));
#8041=CARTESIAN_POINT('',(-0.0185,0.0379278850284561,0.0234));
#8042=CARTESIAN_POINT('',(-0.0185,0.0379278850284561,0.02445));
#8043=CARTESIAN_POINT('',(-0.00100314927101136,0.0379278850284561,0.02445));
#8044=CARTESIAN_POINT('',(-0.0402,0.0379278850284561,0.02445));
#8045=CARTESIAN_POINT('',(-0.0402,0.0379278850284561,0.02445));
#8046=CARTESIAN_POINT('',(-0.0402,0.0379278850284561,0.0234));
#8047=CARTESIAN_POINT('',(-0.00100314927101136,0.0379278850284561,0.0234));
#8048=CARTESIAN_POINT('',(2.80546658701077E-18,0.031977885028456,0.02345));
#8049=CARTESIAN_POINT('',(0.01155,0.020827885028456,0.02345));
#8050=CARTESIAN_POINT('',(0.01255,0.020827885028456,0.02345));
#8051=CARTESIAN_POINT('',(0.0165,0.017827885028456,0.02345));
#8052=CARTESIAN_POINT('',(0.0086,0.017827885028456,0.02345));
#8053=CARTESIAN_POINT('',(0.0145,0.017827885028456,0.02345));
#8054=CARTESIAN_POINT('',(0.0145,0.020827885028456,0.02345));
#8055=CARTESIAN_POINT('',(0.0145,0.0238278850284561,0.02345));
#8056=CARTESIAN_POINT('',(0.01155,0.0238278850284561,0.02345));
#8057=CARTESIAN_POINT('',(0.0086,0.0238278850284561,0.02345));
#8058=CARTESIAN_POINT('',(0.0086,0.020827885028456,0.02345));
#8059=CARTESIAN_POINT('',(-0.00100314927101136,0.0379278850284561,0.02445));
#8060=CARTESIAN_POINT('',(-0.00759999999999929,0.0379278850284561,0.0068));
#8061=CARTESIAN_POINT('',(-0.00759999999999929,0.0379278850284561,0.006445));
#8062=CARTESIAN_POINT('',(-0.00759999999999929,0.0379278850284561,0.007155));
#8063=CARTESIAN_POINT('',(-0.00334999999999929,0.0379278850284561,0.007155));
#8064=CARTESIAN_POINT('',(-0.00334999999999929,0.0379278850284561,0.011405));
#8065=CARTESIAN_POINT('',(-0.00012999999999929,0.0379278850284561,0.011405));
#8066=CARTESIAN_POINT('',(0.00309000000000071,0.0379278850284561,0.011405));
#8067=CARTESIAN_POINT('',(0.00309000000000071,0.0379278850284561,0.007155));
#8068=CARTESIAN_POINT('',(0.00734000000000071,0.0379278850284561,0.007155));
#8069=CARTESIAN_POINT('',(0.00734000000000071,0.0379278850284561,0.0068));
#8070=CARTESIAN_POINT('',(0.00734000000000071,0.0379278850284561,0.006445));
#8071=CARTESIAN_POINT('',(0.00309000000000071,0.0379278850284561,0.006445));
#8072=CARTESIAN_POINT('',(0.00309000000000071,0.0379278850284561,0.002195));
#8073=CARTESIAN_POINT('',(-0.00012999999999929,0.0379278850284561,0.002195));
#8074=CARTESIAN_POINT('',(-0.00334999999999929,0.0379278850284561,0.002195));
#8075=CARTESIAN_POINT('',(-0.00334999999999929,0.0379278850284561,0.006445));
#8076=CARTESIAN_POINT('',(-0.0165,0.0379278850284561,0.02145));
#8077=CARTESIAN_POINT('',(-0.0168,0.0379278850284561,0.02145));
#8078=CARTESIAN_POINT('',(-0.0145,0.0379278850284561,0.02145));
#8079=CARTESIAN_POINT('',(-0.0168,0.0379278850284561,0.02445));
#8080=CARTESIAN_POINT('',(-0.0168,0.0379278850284561,0.002));
#8081=CARTESIAN_POINT('',(0.,0.0379278850284561,0.002));
#8082=CARTESIAN_POINT('',(0.0168,0.0379278850284561,0.002));
#8083=CARTESIAN_POINT('',(0.0168,0.0379278850284561,0.02445));
#8084=CARTESIAN_POINT('',(0.0168,0.0379278850284561,0.02145));
#8085=CARTESIAN_POINT('',(0.0165,0.0379278850284561,0.02145));
#8086=CARTESIAN_POINT('',(0.0145,0.0379278850284561,0.02145));
#8087=CARTESIAN_POINT('',(0.0145,0.0379278850284561,0.02145));
#8088=CARTESIAN_POINT('',(0.0145,0.0379278850284561,0.02345));
#8089=CARTESIAN_POINT('',(7.10264330084828E-98,0.0379278850284561,0.02345));
#8090=CARTESIAN_POINT('',(-0.0145,0.0379278850284561,0.02345));
#8091=CARTESIAN_POINT('',(-0.0145,0.0379278850284561,0.02145));
#8092=CARTESIAN_POINT('',(-0.00100314927101136,0.0379278850284561,0.02445));
#8093=CARTESIAN_POINT('',(-0.00100314927101136,0.0379278850284561,0.02445));
#8094=CARTESIAN_POINT('',(0.0185,0.0379278850284561,0.02445));
#8095=CARTESIAN_POINT('',(0.0402,0.0379278850284561,0.02445));
#8096=CARTESIAN_POINT('',(0.0185,0.0379278850284561,0.02145));
#8097=CARTESIAN_POINT('',(0.0185,0.0379278850284561,0.0234));
#8098=CARTESIAN_POINT('',(-0.00100314927101136,0.0379278850284561,0.0234));
#8099=CARTESIAN_POINT('',(0.0402,0.0379278850284561,0.0234));
#8100=CARTESIAN_POINT('',(0.0402,0.0379278850284561,0.02445));
#8101=CARTESIAN_POINT('',(0.0168,0.0399278850284561,0.002));
#8102=CARTESIAN_POINT('',(0.0168,0.0399278850284561,0.02145));
#8103=CARTESIAN_POINT('',(0.0168,0.032227885028456,0.02145));
#8104=CARTESIAN_POINT('',(0.0168,0.0064,0.002));
#8105=CARTESIAN_POINT('',(0.0168,0.032227885028456,0.002));
#8106=CARTESIAN_POINT('',(0.0168,0.032227885028456,0.002));
#8107=CARTESIAN_POINT('',(-0.0168,0.0399278850284561,0.002));
#8108=CARTESIAN_POINT('',(-0.0168,0.0399278850284561,0.02145));
#8109=CARTESIAN_POINT('',(-0.0168,0.032227885028456,0.02145));
#8110=CARTESIAN_POINT('',(-0.0168,0.032227885028456,0.002));
#8111=CARTESIAN_POINT('',(-0.0168,0.032227885028456,0.002));
#8112=CARTESIAN_POINT('',(-0.0168,0.0064,0.002));
#8113=CARTESIAN_POINT('',(-0.0188,0.0399278850284561,0.0234));
#8114=CARTESIAN_POINT('',(-0.0188,0.032227885028456,0.0234));
#8115=CARTESIAN_POINT('',(-0.0402,0.032227885028456,0.0234));
#8116=CARTESIAN_POINT('',(-0.0185,0.032227885028456,0.0234));
#8117=CARTESIAN_POINT('',(-0.0185,0.0399278850284561,0.0234));
#8118=CARTESIAN_POINT('',(-0.0402,0.0399278850284561,0.0234));
#8119=CARTESIAN_POINT('',(3.97239352451664E-34,0.032227885028456,0.012225));
#8120=CARTESIAN_POINT('',(-0.0354,0.032227885028456,0.0117));
#8121=CARTESIAN_POINT('',(-0.0354,0.032227885028456,0.0048));
#8122=CARTESIAN_POINT('',(-0.0354,0.032227885028456,0.0186));
#8123=CARTESIAN_POINT('',(-0.0285,0.032227885028456,0.0186));
#8124=CARTESIAN_POINT('',(-0.0216,0.032227885028456,0.0186));
#8125=CARTESIAN_POINT('',(-0.0216,0.032227885028456,0.0117));
#8126=CARTESIAN_POINT('',(-0.0216,0.032227885028456,0.0048));
#8127=CARTESIAN_POINT('',(-0.0285,0.032227885028456,0.0048));
#8128=CARTESIAN_POINT('',(-0.0185,0.032227885028456,0.012225));
#8129=CARTESIAN_POINT('',(-0.0185,0.032227885028456,0.02145));
#8130=CARTESIAN_POINT('',(-0.0402,0.032227885028456,0.0214));
#8131=CARTESIAN_POINT('',(-0.0402,0.032227885028456,0.002));
#8132=CARTESIAN_POINT('',(-6.93889390390723E-18,0.032227885028456,0.002));
#8133=CARTESIAN_POINT('',(1.10364303902662E-18,0.032227885028456,0.02145));
#8134=CARTESIAN_POINT('',(-0.0402,0.027927885028456,0.02445));
#8135=CARTESIAN_POINT('',(-0.0522,0.0365296886503697,0.02445));
#8136=CARTESIAN_POINT('',(-0.0522,0.0173626689433968,0.02445));
#8137=CARTESIAN_POINT('',(-0.0522,0.027927885028456,0.02445));
#8138=CARTESIAN_POINT('',(-0.0502,0.0173626689433968,0.02445));
#8139=CARTESIAN_POINT('',(-0.0502,0.0173626689433968,0.02445));
#8140=CARTESIAN_POINT('',(-0.0502,0.0174943616920656,0.02445));
#8141=CARTESIAN_POINT('',(-0.0502,0.027927885028456,0.02445));
#8142=CARTESIAN_POINT('',(-0.0402,0.027927885028456,0.02445));
#8143=CARTESIAN_POINT('',(-0.0185,0.0278778850284561,0.02445));
#8144=CARTESIAN_POINT('',(-0.0185,0.017827885028456,0.02445));
#8145=CARTESIAN_POINT('',(-0.0165,0.017827885028456,0.02445));
#8146=CARTESIAN_POINT('',(-0.0145,0.017827885028456,0.02445));
#8147=CARTESIAN_POINT('',(-0.0145,0.039929885028456,0.02445));
#8148=CARTESIAN_POINT('',(-0.0145,0.046127885028456,0.02445));
#8149=CARTESIAN_POINT('',(3.46944695195361E-18,0.046127885028456,0.02445));
#8150=CARTESIAN_POINT('',(0.0145,0.046127885028456,0.02445));
#8151=CARTESIAN_POINT('',(0.0145,0.039929885028456,0.02445));
#8152=CARTESIAN_POINT('',(0.0145,0.017827885028456,0.02445));
#8153=CARTESIAN_POINT('',(0.0165,0.017827885028456,0.02445));
#8154=CARTESIAN_POINT('',(0.0185,0.017827885028456,0.02445));
#8155=CARTESIAN_POINT('',(0.0185,0.0278778850284561,0.02445));
#8156=CARTESIAN_POINT('',(0.0402,0.027927885028456,0.02445));
#8157=CARTESIAN_POINT('',(0.0502,0.027927885028456,0.02445));
#8158=CARTESIAN_POINT('',(0.0502,0.0365296886503697,0.02445));
#8159=CARTESIAN_POINT('',(0.0502,0.0121592564854953,0.02445));
#8160=CARTESIAN_POINT('',(0.0428994915908009,0.00263546643283176,0.02445));
#8161=CARTESIAN_POINT('',(0.0522,0.0102183777029454,0.02445));
#8162=CARTESIAN_POINT('',(0.0522,0.0094937604256337,0.02445));
#8163=CARTESIAN_POINT('',(0.0522,0.027927885028456,0.02445));
#8164=CARTESIAN_POINT('',(0.0402,0.027927885028456,0.02445));
#8165=CARTESIAN_POINT('',(0.0225905211350114,0.0449278850284561,0.02445));
#8166=CARTESIAN_POINT('',(0.0177763112753924,0.0435775578727092,0.02445));
#8167=CARTESIAN_POINT('',(0.01765,0.0440278850284561,0.02445));
#8168=CARTESIAN_POINT('',(0.0175236887246076,0.0444782121842029,0.02445));
#8169=CARTESIAN_POINT('',(0.0127094788649886,0.043127885028456,0.02445));
#8170=CARTESIAN_POINT('',(0.0127094788649886,0.0481278850284561,0.02445));
#8171=CARTESIAN_POINT('',(0.,0.0481278850284561,0.02445));
#8172=CARTESIAN_POINT('',(-0.0127094788649886,0.0481278850284561,0.02445));
#8173=CARTESIAN_POINT('',(-0.0127094788649886,0.043127885028456,0.02445));
#8174=CARTESIAN_POINT('',(-0.0175236887246076,0.0444782121842029,0.02445));
#8175=CARTESIAN_POINT('',(-0.01765,0.0440278850284561,0.02445));
#8176=CARTESIAN_POINT('',(-0.0177763112753924,0.0435775578727092,0.02445));
#8177=CARTESIAN_POINT('',(-0.0225905211350114,0.0449278850284561,0.02445));
#8178=CARTESIAN_POINT('',(-0.0225905211350114,0.0399278850284561,0.02445));
#8179=CARTESIAN_POINT('',(-0.00100314927101136,0.0399278850284561,0.02445));
#8180=CARTESIAN_POINT('',(-0.0402,0.0399278850284561,0.02445));
#8181=CARTESIAN_POINT('',(-0.0402,0.027927885028456,0.02445));
#8182=CARTESIAN_POINT('',(0.03,-0.00492788502845603,0.02445));
#8183=CARTESIAN_POINT('',(0.0502,-0.00492788502845607,0.02445));
#8184=CARTESIAN_POINT('',(0.0502,-0.00492788502845606,0.0191417066305674));
#8185=CARTESIAN_POINT('',(0.0502,-0.00492788502845607,0.0116));
#8186=CARTESIAN_POINT('',(0.03,-0.00492788502845595,0.0116));
#8187=CARTESIAN_POINT('',(0.0482392891248566,-0.0136093786914089,0.0116));
#8188=CARTESIAN_POINT('',(0.0482392891248566,-0.0136093786914089,0.02445));
#8189=CARTESIAN_POINT('',(0.0482392891248566,-0.0136093786914089,0.002));
#8190=CARTESIAN_POINT('',(0.03,-0.00492788502845602,0.002));
#8191=CARTESIAN_POINT('',(0.0470645832061613,-0.0157371403219533,0.002));
#8192=CARTESIAN_POINT('',(0.0470645832061613,-0.0157371403219533,0.002));
#8193=CARTESIAN_POINT('',(0.046888782225398,-0.0160146775234074,0.002));
#8194=CARTESIAN_POINT('',(0.0465276493438,-0.0165551859399787,0.00203579993283719));
#8195=CARTESIAN_POINT('',(0.045773659651204,-0.0175721057847877,0.00243885652502032));
#8196=CARTESIAN_POINT('',(0.0449303573566103,-0.0185564311918382,0.00347124110482006));
#8197=CARTESIAN_POINT('',(0.0440482630357949,-0.019459870824582,0.00494124743199101));
#8198=CARTESIAN_POINT('',(0.0428493523491988,-0.0205509163218604,0.00695926458639605));
#8199=CARTESIAN_POINT('',(0.0409761430682262,-0.0219962966498572,0.00924914415546796));
#8200=CARTESIAN_POINT('',(0.03871188388031,-0.0231993539304882,0.01));
#8201=CARTESIAN_POINT('',(0.0375,-0.0236839507139883,0.01));
#8202=CARTESIAN_POINT('',(0.0375,-0.0236839507139883,0.01));
#8203=CARTESIAN_POINT('',(0.0375,-0.0236839507139883,0.01));
#8204=CARTESIAN_POINT('',(0.0360842418934476,-0.0242500708149289,0.01));
#8205=CARTESIAN_POINT('',(0.0346280725736069,-0.0246238967643378,0.00948111473825483));
#8206=CARTESIAN_POINT('',(0.0335,-0.0248223566223437,0.00847213595499958));
#8207=CARTESIAN_POINT('',(0.0335,-0.0248223566223436,0.00847213595499958));
#8208=CARTESIAN_POINT('',(0.0335,-0.0248223566223436,0.01));
#8209=CARTESIAN_POINT('',(0.0335,-0.0248223566223436,0.01));
#8210=CARTESIAN_POINT('',(0.03,-0.00492788502845602,0.01));
#8211=CARTESIAN_POINT('',(0.0315,-0.025072114971544,0.01));
#8212=CARTESIAN_POINT('',(0.03,-0.00492788502845602,0.01));
#8213=CARTESIAN_POINT('',(0.03,-0.025127885028456,0.01));
#8214=CARTESIAN_POINT('',(0.03,-0.025127885028456,0.02445));
#8215=CARTESIAN_POINT('',(0.0500968664579865,-0.00696650185607677,0.0217958533152837));
#8216=CARTESIAN_POINT('',(0.0500968664579865,-0.00696650185607678,0.0191417066305674));
#8217=CARTESIAN_POINT('',(0.03,-0.00492788502845603,0.0191417066305674));
#8218=CARTESIAN_POINT('',(0.0502,0.0365296886503697,0.02445));
#8219=CARTESIAN_POINT('',(0.0502,0.0101,0.002));
#8220=CARTESIAN_POINT('',(0.0502,0.027927885028456,0.002));
#8221=CARTESIAN_POINT('',(0.0502,0.027777885028456,0.002));
#8222=CARTESIAN_POINT('',(0.0502,0.027777885028456,0.02445));
#8223=CARTESIAN_POINT('',(0.0502,0.027777885028456,0.0116));
#8224=CARTESIAN_POINT('',(0.0502,0.021427885028456,0.0116));
#8225=CARTESIAN_POINT('',(0.0502,0.0150778850284561,0.0116));
#8226=CARTESIAN_POINT('',(0.0502,0.0150778850284561,0.002));
#8227=CARTESIAN_POINT('',(0.0502,0.0150778850284561,0.002));
#8228=CARTESIAN_POINT('',(0.0502,0.0101,0.002));
#8229=CARTESIAN_POINT('',(0.0502,-0.00374003690541854,0.002));
#8230=CARTESIAN_POINT('',(0.0502,-0.00374003690541854,0.0116));
#8231=CARTESIAN_POINT('',(0.0502,-0.00374003690541854,0.0116));
#8232=CARTESIAN_POINT('',(0.0502,0.0365296886503697,0.0116));
#8233=CARTESIAN_POINT('',(0.0502,0.0365296886503697,0.0191417066305674));
#8234=CARTESIAN_POINT('',(0.0502,0.0121592564854953,0.0191417066305674));
#8235=CARTESIAN_POINT('',(0.0502,0.0121592564854953,0.0191397066305674));
#8236=CARTESIAN_POINT('',(0.0502,0.027927885028456,0.02445));
#8237=CARTESIAN_POINT('',(0.03,-0.00492788502845603,0.02445));
#8238=CARTESIAN_POINT('',(0.0315242927737559,-0.0270754928347153,0.00427807410667717));
#8239=CARTESIAN_POINT('',(0.0310169360277171,-0.0271104112885939,0.00451738234674718));
#8240=CARTESIAN_POINT('',(0.030507742155887,-0.0271278850284561,0.00475903638368943));
#8241=CARTESIAN_POINT('',(0.03,-0.0271278850284561,0.005));
#8242=CARTESIAN_POINT('',(0.03,-0.0271278850284561,0.005));
#8243=CARTESIAN_POINT('',(0.031524292773756,-0.0270754928347153,0.00427807410667724));
#8244=CARTESIAN_POINT('',(0.031524292773756,-0.0270754928347146,0.00427807410667737));
#8245=CARTESIAN_POINT('',(0.0315502517259629,-0.0270737062289732,0.00426582987968086));
#8246=CARTESIAN_POINT('',(0.0315772696216623,-0.027071801054741,0.0042568120423405));
#8247=CARTESIAN_POINT('',(0.031605416975257,-0.0270697602050429,0.00425123740567859));
#8248=CARTESIAN_POINT('',(0.031605416975257,-0.0270697602050429,0.00425123740567861));
#8249=CARTESIAN_POINT('',(0.0316054169752571,-0.027069760205043,0.0042512374056786));
#8250=CARTESIAN_POINT('',(0.0316440248956374,-0.0270669609023523,0.00438753408675734));
#8251=CARTESIAN_POINT('',(0.0316720608979904,-0.0270648340694863,0.00452599760736667));
#8252=CARTESIAN_POINT('',(0.031689345333268,-0.0270635149572601,0.00466666666666667));
#8253=CARTESIAN_POINT('',(0.0316893453332679,-0.0270635149572601,0.00466666666666667));
#8254=CARTESIAN_POINT('',(0.031689345333268,-0.0270635149572601,0.00466666666666667));
#8255=CARTESIAN_POINT('',(0.0317860024893979,-0.0270561382837179,0.00545330915796258));
#8256=CARTESIAN_POINT('',(0.0323199268303768,-0.0270173984239451,0.00695889231302297));
#8257=CARTESIAN_POINT('',(0.0339346240443444,-0.0268048648248102,0.00872142598178269));
#8258=CARTESIAN_POINT('',(0.0360259921570855,-0.0263349597981284,0.00977906254274177));
#8259=CARTESIAN_POINT('',(0.0375090466801966,-0.0258343030626494,0.01));
#8260=CARTESIAN_POINT('',(0.0382425742574258,-0.0255409869204767,0.01));
#8261=CARTESIAN_POINT('',(0.0382425742574257,-0.0255409869204767,0.01));
#8262=CARTESIAN_POINT('',(0.0382425742574257,-0.0255409869204767,0.01));
#8263=CARTESIAN_POINT('',(0.0395336138881887,-0.0250247380763392,0.01));
#8264=CARTESIAN_POINT('',(0.0413583403431383,-0.0240705795415206,0.00947840015072015));
#8265=CARTESIAN_POINT('',(0.0432544769954983,-0.0227604618441202,0.00792681032588655));
#8266=CARTESIAN_POINT('',(0.044421385823018,-0.0218255936983571,0.0064970248218188));
#8267=CARTESIAN_POINT('',(0.0454408085262201,-0.0208977297854779,0.00493958425337755));
#8268=CARTESIAN_POINT('',(0.0464308148526847,-0.0198828256198731,0.00343683063575708));
#8269=CARTESIAN_POINT('',(0.0473690057487259,-0.0187814805026919,0.00241291661660275));
#8270=CARTESIAN_POINT('',(0.0481800961074241,-0.0176828241272607,0.00203429975158732));
#8271=CARTESIAN_POINT('',(0.0485662861500674,-0.0171039380116762,0.002));
#8272=CARTESIAN_POINT('',(0.0487541458998406,-0.0168073636183392,0.002));
#8273=CARTESIAN_POINT('',(0.0487541458998406,-0.0168073636183392,0.002));
#8274=CARTESIAN_POINT('',(0.03,-0.00492788502845603,0.002));
#8275=CARTESIAN_POINT('',(0.0489029702970297,-0.0165690926097001,0.002));
#8276=CARTESIAN_POINT('',(0.0489029702970297,-0.0165690926097001,0.002));
#8277=CARTESIAN_POINT('',(0.049463232926601,-0.0156593392382041,0.002));
#8278=CARTESIAN_POINT('',(0.0504299127903694,-0.0138008108958249,0.00224404976401137));
#8279=CARTESIAN_POINT('',(0.0514639762155345,-0.0108632611205663,0.00300044091496579));
#8280=CARTESIAN_POINT('',(0.0520633575027967,-0.00793268045734999,0.00394675082425641));
#8281=CARTESIAN_POINT('',(0.0522,-0.00592282775869008,0.00465111610622474));
#8282=CARTESIAN_POINT('',(0.0522,-0.00492788502845603,0.005));
#8283=CARTESIAN_POINT('',(0.0522,-0.00492788502845607,0.005));
#8284=CARTESIAN_POINT('',(0.0522,-0.00492788502845607,0.02445));
#8285=CARTESIAN_POINT('',(0.0522,-0.00492788502845607,0.0191417066305674));
#8286=CARTESIAN_POINT('',(0.03,-0.00492788502845603,0.0191417066305674));
#8287=CARTESIAN_POINT('',(0.0521999913738696,-0.00494745541729568,0.0191417066305674));
#8288=CARTESIAN_POINT('',(0.0521999913738696,-0.00494745541729568,0.0217958533152837));
#8289=CARTESIAN_POINT('',(0.03,-0.0271278850284561,0.02445));
#8290=CARTESIAN_POINT('',(0.0522,0.0094937604256337,0.02445));
#8291=CARTESIAN_POINT('',(0.0522,0.027927885028456,0.005));
#8292=CARTESIAN_POINT('',(0.0522,0.027927885028456,0.005));
#8293=CARTESIAN_POINT('',(0.0522,0.027927885028456,0.02445));
#8294=CARTESIAN_POINT('',(0.0522,0.0102183777029454,0.0191397066305674));
#8295=CARTESIAN_POINT('',(0.0522,0.0102183777029454,0.0191417066305674));
#8296=CARTESIAN_POINT('',(0.0522,0.0094937604256337,0.0191417066305674));
#8297=CARTESIAN_POINT('',(-6.93889390390723E-18,0.0064,0.002));
#8298=CARTESIAN_POINT('',(-0.00459999999999929,0.0320499999999996,0.002));
#8299=CARTESIAN_POINT('',(-0.00459999999999929,0.0347999999999997,0.002));
#8300=CARTESIAN_POINT('',(-0.00459999999999929,0.0292999999999996,0.002));
#8301=CARTESIAN_POINT('',(-0.00584999999999929,0.0292999999999996,0.002));
#8302=CARTESIAN_POINT('',(-0.00709999999999929,0.0292999999999996,0.002));
#8303=CARTESIAN_POINT('',(-0.00709999999999929,0.0320499999999996,0.002));
#8304=CARTESIAN_POINT('',(-0.00709999999999929,0.0347999999999997,0.002));
#8305=CARTESIAN_POINT('',(-0.00584999999999929,0.0347999999999997,0.002));
#8306=CARTESIAN_POINT('',(0.00709999999999929,0.0320499999999996,0.002));
#8307=CARTESIAN_POINT('',(0.00709999999999929,0.0292999999999996,0.002));
#8308=CARTESIAN_POINT('',(0.00709999999999929,0.0347999999999997,0.002));
#8309=CARTESIAN_POINT('',(0.00584999999999929,0.0292999999999996,0.002));
#8310=CARTESIAN_POINT('',(0.00459999999999929,0.0292999999999996,0.002));
#8311=CARTESIAN_POINT('',(0.00459999999999929,0.0320499999999996,0.002));
#8312=CARTESIAN_POINT('',(0.00459999999999929,0.0347999999999997,0.002));
#8313=CARTESIAN_POINT('',(0.00584999999999929,0.0347999999999997,0.002));
#8314=CARTESIAN_POINT('',(0.04835,0.0257778850284561,0.002));
#8315=CARTESIAN_POINT('',(0.0465,0.0257778850284561,0.002));
#8316=CARTESIAN_POINT('',(0.0482,0.0257778850284561,0.002));
#8317=CARTESIAN_POINT('',(0.0482,0.027777885028456,0.002));
#8318=CARTESIAN_POINT('',(0.0402,0.027927885028456,0.002));
#8319=CARTESIAN_POINT('',(0.0402,0.0379278850284561,0.002));
#8320=CARTESIAN_POINT('',(0.0402,0.0064,0.002));
#8321=CARTESIAN_POINT('',(0.0402,0.032227885028456,0.002));
#8322=CARTESIAN_POINT('',(-6.93889390390723E-18,0.032227885028456,0.002));
#8323=CARTESIAN_POINT('',(-0.0402,0.0064,0.002));
#8324=CARTESIAN_POINT('',(-0.0402,0.0379278850284561,0.002));
#8325=CARTESIAN_POINT('',(-0.0402,0.027927885028456,0.002));
#8326=CARTESIAN_POINT('',(-0.0502,0.027927885028456,0.002));
#8327=CARTESIAN_POINT('',(-0.0502,0.0265278850284561,0.002));
#8328=CARTESIAN_POINT('',(-0.0502,0.027777885028456,0.002));
#8329=CARTESIAN_POINT('',(-0.0482,0.027777885028456,0.002));
#8330=CARTESIAN_POINT('',(-0.0482,0.0257778850284561,0.002));
#8331=CARTESIAN_POINT('',(-0.04835,0.0257778850284561,0.002));
#8332=CARTESIAN_POINT('',(-0.0465,0.0257778850284561,0.002));
#8333=CARTESIAN_POINT('',(-0.0465,0.021427885028456,0.002));
#8334=CARTESIAN_POINT('',(-0.0465,0.017077885028456,0.002));
#8335=CARTESIAN_POINT('',(-0.04835,0.017077885028456,0.002));
#8336=CARTESIAN_POINT('',(-0.0482,0.017077885028456,0.002));
#8337=CARTESIAN_POINT('',(-0.0482,0.0150778850284561,0.002));
#8338=CARTESIAN_POINT('',(-0.0502,0.0150778850284561,0.002));
#8339=CARTESIAN_POINT('',(-0.0502,0.0265278850284561,0.002));
#8340=CARTESIAN_POINT('',(-0.0502,-0.00374003690541854,0.002));
#8341=CARTESIAN_POINT('',(-0.0482,-0.00374003690541854,0.002));
#8342=CARTESIAN_POINT('',(-0.0474346331352698,-0.00558779597044111,0.002));
#8343=CARTESIAN_POINT('',(-0.0497988150410883,-0.0065670721797482,0.002));
#8344=CARTESIAN_POINT('',(-0.0470645832061613,-0.00543451627104917,0.002));
#8345=CARTESIAN_POINT('',(-0.0470645832061613,0.014929885028456,0.002));
#8346=CARTESIAN_POINT('',(-0.0470645832061613,0.014927885028456,0.002));
#8347=CARTESIAN_POINT('',(0.,0.014927885028456,0.002));
#8348=CARTESIAN_POINT('',(-0.00562999999999774,0.014927885028456,0.002));
#8349=CARTESIAN_POINT('',(-0.00562999999999774,0.0143499999999993,0.002));
#8350=CARTESIAN_POINT('',(-0.00562999999999774,0.0155699999999997,0.002));
#8351=CARTESIAN_POINT('',(-0.000129999999998499,0.0155699999999997,0.002));
#8352=CARTESIAN_POINT('',(0.00537000000000074,0.0155699999999997,0.002));
#8353=CARTESIAN_POINT('',(0.00537000000000074,0.0143499999999993,0.002));
#8354=CARTESIAN_POINT('',(0.00537000000000074,0.014927885028456,0.002));
#8355=CARTESIAN_POINT('',(0.,0.014927885028456,0.002));
#8356=CARTESIAN_POINT('',(0.0470645832061613,0.014927885028456,0.002));
#8357=CARTESIAN_POINT('',(0.0470645832061613,0.014929885028456,0.002));
#8358=CARTESIAN_POINT('',(0.0470645832061613,-0.00543451627104916,0.002));
#8359=CARTESIAN_POINT('',(0.0497988150410883,-0.0065670721797482,0.002));
#8360=CARTESIAN_POINT('',(0.0474346331352698,-0.00558779597044112,0.002));
#8361=CARTESIAN_POINT('',(0.0482,-0.00374003690541854,0.002));
#8362=CARTESIAN_POINT('',(0.0482,0.0150778850284561,0.002));
#8363=CARTESIAN_POINT('',(0.0482,0.017077885028456,0.002));
#8364=CARTESIAN_POINT('',(0.04835,0.017077885028456,0.002));
#8365=CARTESIAN_POINT('',(0.0465,0.017077885028456,0.002));
#8366=CARTESIAN_POINT('',(0.0465,0.021427885028456,0.002));
#8367=CARTESIAN_POINT('',(-0.03,-0.00492788502845605,0.02445));
#8368=CARTESIAN_POINT('',(-0.0506775498326334,-0.0130074229433967,0.02445));
#8369=CARTESIAN_POINT('',(-0.0511142292507123,-0.0118898515521523,0.02445));
#8370=CARTESIAN_POINT('',(-0.0514408163906721,-0.010760040687473,0.024070494285165));
#8371=CARTESIAN_POINT('',(-0.0516488585148083,-0.00984387170518909,0.023321943125));
#8372=CARTESIAN_POINT('',(-0.0516488585148083,-0.00984387170518909,0.023321943125));
#8373=CARTESIAN_POINT('',(-0.0522,-0.00492788502845605,0.0204139832471091));
#8374=CARTESIAN_POINT('',(-0.0522,-0.00673043139576749,0.0211408295003919));
#8375=CARTESIAN_POINT('',(-0.0519848561671243,-0.00836421642647855,0.0221129983812455));
#8376=CARTESIAN_POINT('',(-0.0516488585148082,-0.00984387170518908,0.023321943125));
#8377=CARTESIAN_POINT('',(-0.0522,-0.00492788502845607,0.0204139832471091));
#8378=CARTESIAN_POINT('',(-0.0522,-0.00492788502845607,0.02445));
#8379=CARTESIAN_POINT('',(-0.0522,-0.00492788502845607,0.005));
#8380=CARTESIAN_POINT('',(-0.0489029702970297,-0.0165690926097002,0.002));
#8381=CARTESIAN_POINT('',(-0.049463232926601,-0.0156593392382042,0.002));
#8382=CARTESIAN_POINT('',(-0.0504299127903694,-0.013800810895823,0.00224404976400586));
#8383=CARTESIAN_POINT('',(-0.0514639762155345,-0.0108632611205731,0.00300044091498505));
#8384=CARTESIAN_POINT('',(-0.0520633575027967,-0.00793268045732493,0.00394675082418483));
#8385=CARTESIAN_POINT('',(-0.0522,-0.00592282775874416,0.00465111610637892));
#8386=CARTESIAN_POINT('',(-0.0522,-0.00492788502845605,0.005));
#8387=CARTESIAN_POINT('',(-0.0489029702970297,-0.0165690926097002,0.002));
#8388=CARTESIAN_POINT('',(-0.03,-0.00492788502845605,0.002));
#8389=CARTESIAN_POINT('',(-0.0487541458998406,-0.0168073636183393,0.002));
#8390=CARTESIAN_POINT('',(-0.0487541458998406,-0.0168073636183393,0.002));
#8391=CARTESIAN_POINT('',(-0.0485679583753123,-0.0171012980678451,0.002));
#8392=CARTESIAN_POINT('',(-0.0481865608882909,-0.0176732482591215,0.00203370398842405));
#8393=CARTESIAN_POINT('',(-0.0473846385630214,-0.0187614561620062,0.00240181573340966));
#8394=CARTESIAN_POINT('',(-0.0464478729755102,-0.0198643170697326,0.00341304444985301));
#8395=CARTESIAN_POINT('',(-0.0454543179659039,-0.0208847897857686,0.00491818284522751));
#8396=CARTESIAN_POINT('',(-0.0444350060752203,-0.0218138314511726,0.00647752397192187));
#8397=CARTESIAN_POINT('',(-0.0432705963618057,-0.0227487341854079,0.00791111223675867));
#8398=CARTESIAN_POINT('',(-0.0418429964832256,-0.02373596396776,0.00908373297982492));
#8399=CARTESIAN_POINT('',(-0.0401384896017086,-0.024712124644853,0.00983500829028252));
#8400=CARTESIAN_POINT('',(-0.0388913459229237,-0.0252815621790188,0.01));
#8401=CARTESIAN_POINT('',(-0.0382425742574257,-0.0255409869204767,0.01));
#8402=CARTESIAN_POINT('',(-0.0382425742574257,-0.0255409869204767,0.01));
#8403=CARTESIAN_POINT('',(-0.0382425742574257,-0.0255409869204767,0.01));
#8404=CARTESIAN_POINT('',(-0.0375088335295794,-0.0258343882953232,0.01));
#8405=CARTESIAN_POINT('',(-0.0360187445734813,-0.0263371678399378,0.00977726602364472));
#8406=CARTESIAN_POINT('',(-0.0339303735165294,-0.0268054817211215,0.0087180887231025));
#8407=CARTESIAN_POINT('',(-0.0323174599208631,-0.0270176316726813,0.006953703838192));
#8408=CARTESIAN_POINT('',(-0.0317860041534207,-0.0270561381567232,0.00545332270058113));
#8409=CARTESIAN_POINT('',(-0.0316893453332679,-0.0270635149572601,0.00466666666666667));
#8410=CARTESIAN_POINT('',(-0.0316893453332679,-0.0270635149572601,0.00466666666666667));
#8411=CARTESIAN_POINT('',(-0.0316893453332679,-0.0270635149572601,0.00466666666666667));
#8412=CARTESIAN_POINT('',(-0.0316720608979904,-0.0270648340694863,0.0045259976073667));
#8413=CARTESIAN_POINT('',(-0.0316440248956374,-0.0270669609023523,0.0043875340867574));
#8414=CARTESIAN_POINT('',(-0.0316054169752571,-0.027069760205043,0.0042512374056787));
#8415=CARTESIAN_POINT('',(-0.0316054169752571,-0.027069760205043,0.0042512374056787));
#8416=CARTESIAN_POINT('',(-0.0316054169752571,-0.027069760205043,0.0042512374056787));
#8417=CARTESIAN_POINT('',(-0.0315772696216622,-0.0270718010547411,0.00425681204234065));
#8418=CARTESIAN_POINT('',(-0.0315502517259637,-0.0270737062289739,0.00426582987968546));
#8419=CARTESIAN_POINT('',(-0.0315242927737569,-0.0270754928347153,0.00427807410668194));
#8420=CARTESIAN_POINT('',(-0.031524292773756,-0.0270754928347153,0.00427807410667736));
#8421=CARTESIAN_POINT('',(-0.0315242927737559,-0.0270754928347153,0.00427807410667726));
#8422=CARTESIAN_POINT('',(-0.0310169360277171,-0.0271104112885939,0.00451738234674728));
#8423=CARTESIAN_POINT('',(-0.0305077421559476,-0.0271278850284561,0.00475903638381705));
#8424=CARTESIAN_POINT('',(-0.03,-0.0271278850284561,0.005));
#8425=CARTESIAN_POINT('',(-0.03,-0.0271278850284561,0.005));
#8426=CARTESIAN_POINT('',(-0.03,-0.0271278850284561,0.02445));
#8427=CARTESIAN_POINT('',(-6.93889390390723E-18,0.0064,0.002));
#8428=CARTESIAN_POINT('',(0.0464334189144748,-0.0127498248633937,0.002));
#8429=CARTESIAN_POINT('',(0.0471987857792049,-0.0109020657983712,0.002));
#8430=CARTESIAN_POINT('',(0.0483026176814547,-0.0113592879428631,0.002));
#8431=CARTESIAN_POINT('',(0.0470645832061613,-0.0108464772725111,0.002));
#8432=CARTESIAN_POINT('',(0.0470645832061613,0.014929885028456,0.002));
#8433=CARTESIAN_POINT('',(0.0335,-0.0178221149715439,0.01));
#8434=CARTESIAN_POINT('',(0.0335,0.014929885028456,0.00847213595499958));
#8435=CARTESIAN_POINT('',(0.0335,-0.00857211497154396,0.0084721359549996));
#8436=CARTESIAN_POINT('',(0.0335,-0.00857211497154396,0.01));
#8437=CARTESIAN_POINT('',(0.0335,-0.00857211497154396,0.01));
#8438=CARTESIAN_POINT('',(0.0335,-0.0178221149715439,0.01));
#8439=CARTESIAN_POINT('',(-0.03,-0.00492788502845605,0.02445));
#8440=CARTESIAN_POINT('',(-0.0502,-0.00492788502845607,0.0204139832471091));
#8441=CARTESIAN_POINT('',(-0.0502,-0.00673278334965907,0.0211417778859119));
#8442=CARTESIAN_POINT('',(-0.0499629914441305,-0.00836799085572151,0.0221160822592673));
#8443=CARTESIAN_POINT('',(-0.0495926791173179,-0.00984387170518909,0.023321943125));
#8444=CARTESIAN_POINT('',(-0.0502,-0.00492788502845607,0.0204139832471091));
#8445=CARTESIAN_POINT('',(-0.0495926791173179,-0.00984387170518909,0.023321943125));
#8446=CARTESIAN_POINT('',(-0.0495926791173179,-0.00984387170518909,0.023321943125));
#8447=CARTESIAN_POINT('',(-0.0493614629441514,-0.0107653844320291,0.0240748603642011));
#8448=CARTESIAN_POINT('',(-0.0489979807862813,-0.0118979669779327,0.02445));
#8449=CARTESIAN_POINT('',(-0.0485138074712102,-0.0130074229433967,0.02445));
#8450=CARTESIAN_POINT('',(-0.03,-0.025127885028456,0.02445));
#8451=CARTESIAN_POINT('',(-0.03,-0.025127885028456,0.01));
#8452=CARTESIAN_POINT('',(-0.03,-0.00492788502845604,0.01));
#8453=CARTESIAN_POINT('',(-0.0315,-0.025072114971544,0.01));
#8454=CARTESIAN_POINT('',(-0.03,-0.00492788502845604,0.01));
#8455=CARTESIAN_POINT('',(-0.0335,-0.0248223566223437,0.01));
#8456=CARTESIAN_POINT('',(-0.0335,-0.0248223566223437,0.01));
#8457=CARTESIAN_POINT('',(-0.0335,-0.0248223566223437,0.00847213595499957));
#8458=CARTESIAN_POINT('',(-0.0375,-0.0236839507139883,0.01));
#8459=CARTESIAN_POINT('',(-0.0360842418934476,-0.0242500708149289,0.01));
#8460=CARTESIAN_POINT('',(-0.0346280725736069,-0.0246238967643378,0.00948111473825483));
#8461=CARTESIAN_POINT('',(-0.0335,-0.0248223566223437,0.00847213595499958));
#8462=CARTESIAN_POINT('',(-0.0375,-0.0236839507139883,0.01));
#8463=CARTESIAN_POINT('',(-0.0470645832061613,-0.0157371403219533,0.002));
#8464=CARTESIAN_POINT('',(-0.046888782225398,-0.0160146775234074,0.002));
#8465=CARTESIAN_POINT('',(-0.0465276493438,-0.0165551859399787,0.00203579993283716));
#8466=CARTESIAN_POINT('',(-0.045773659651204,-0.0175721057847876,0.00243885652502037));
#8467=CARTESIAN_POINT('',(-0.0449303573566103,-0.0185564311918382,0.00347124110481997));
#8468=CARTESIAN_POINT('',(-0.044048263035795,-0.019459870824582,0.00494124743199101));
#8469=CARTESIAN_POINT('',(-0.0428493523491988,-0.0205509163218605,0.00695926458639602));
#8470=CARTESIAN_POINT('',(-0.0409761430682262,-0.0219962966498572,0.00924914415546797));
#8471=CARTESIAN_POINT('',(-0.03871188388031,-0.0231993539304882,0.01));
#8472=CARTESIAN_POINT('',(-0.0375,-0.0236839507139883,0.01));
#8473=CARTESIAN_POINT('',(-0.0470645832061613,-0.0157371403219533,0.002));
#8474=CARTESIAN_POINT('',(-0.03,-0.00492788502845604,0.002));
#8475=CARTESIAN_POINT('',(-0.0482392891248566,-0.0136093786914089,0.002));
#8476=CARTESIAN_POINT('',(-0.0482392891248566,-0.0136093786914089,0.02445));
#8477=CARTESIAN_POINT('',(-0.0482392891248566,-0.0136093786914089,0.0116));
#8478=CARTESIAN_POINT('',(-0.03,-0.00492788502845597,0.0116));
#8479=CARTESIAN_POINT('',(-0.0502,-0.00492788502845607,0.0116));
#8480=CARTESIAN_POINT('',(-0.0502,-0.00492788502845607,0.02445));
#8481=CARTESIAN_POINT('',(-0.0335,-0.00607211497154396,0.01));
#8482=CARTESIAN_POINT('',(-0.0335,0.014929885028456,0.00847213595499957));
#8483=CARTESIAN_POINT('',(-0.0335,0.014927885028456,0.00847213595499957));
#8484=CARTESIAN_POINT('',(-0.0335,-0.00607211497154396,0.01));
#8485=CARTESIAN_POINT('',(-0.0335,0.014927885028456,0.01));
#8486=CARTESIAN_POINT('',(-0.0335,0.014927885028456,0.01));
#8487=CARTESIAN_POINT('',(-6.93889390390723E-18,0.0064,0.002));
#8488=CARTESIAN_POINT('',(-0.0483026176814547,-0.0113592879428631,0.002));
#8489=CARTESIAN_POINT('',(-0.0471987857792049,-0.0109020657983712,0.002));
#8490=CARTESIAN_POINT('',(-0.0470645832061613,-0.0108464772725111,0.002));
#8491=CARTESIAN_POINT('',(-0.0464334189144748,-0.0127498248633938,0.002));
#8492=CARTESIAN_POINT('',(-0.0470645832061613,0.014929885028456,0.002));
#8493=CARTESIAN_POINT('',(-6.93889390390723E-18,0.0064,0.002));
#8494=CARTESIAN_POINT('',(1.38777878078145E-17,-0.025072114971544,0.002));
#8495=CARTESIAN_POINT('',(-0.0315,-0.025072114971544,0.002));
#8496=CARTESIAN_POINT('',(0.0315,-0.025072114971544,0.002));
#8497=CARTESIAN_POINT('',(0.0315,0.00467788502845604,0.002));
#8498=CARTESIAN_POINT('',(0.0315,0.012927885028456,0.002));
#8499=CARTESIAN_POINT('',(6.93889390390723E-18,0.012927885028456,0.002));
#8500=CARTESIAN_POINT('',(-0.0315,0.012927885028456,0.002));
#8501=CARTESIAN_POINT('',(-0.0315,-0.00607211497154396,0.002));
#8502=CARTESIAN_POINT('',(0.0325,-0.00357211497154396,0.01));
#8503=CARTESIAN_POINT('',(0.0375,-0.00357211497154396,0.004));
#8504=CARTESIAN_POINT('',(0.0335,-0.00357211497154396,0.0084721359549996));
#8505=CARTESIAN_POINT('',(0.0315,-0.00357211497154394,0.004));
#8506=CARTESIAN_POINT('',(0.0335,-0.00357211497154396,0.01));
#8507=CARTESIAN_POINT('',(0.0335,-0.00357211497154396,0.01));
#8508=CARTESIAN_POINT('',(0.0325,-0.00357211497154396,0.01));
#8509=CARTESIAN_POINT('',(0.0315,-0.00357211497154396,0.01));
#8510=CARTESIAN_POINT('',(0.0315,-0.00357211497154396,0.01));
#8511=CARTESIAN_POINT('',(0.0325,-0.00857211497154396,0.01));
#8512=CARTESIAN_POINT('',(0.0375,-0.00857211497154396,0.004));
#8513=CARTESIAN_POINT('',(0.0315,-0.00857211497154396,0.004));
#8514=CARTESIAN_POINT('',(0.0315,-0.00857211497154396,0.01));
#8515=CARTESIAN_POINT('',(0.0315,-0.00857211497154396,0.01));
#8516=CARTESIAN_POINT('',(0.0325,-0.00857211497154396,0.01));
#8517=CARTESIAN_POINT('',(-0.0483026176814547,-0.0113592879428631,0.248967621135331));
#8518=CARTESIAN_POINT('',(-0.0483026176814547,-0.0113592879428631,0.0116));
#8519=CARTESIAN_POINT('',(-0.0471987857792049,-0.0109020657983712,0.0116));
#8520=CARTESIAN_POINT('',(-0.0447905409308993,-0.00990453812068782,0.0116));
#8521=CARTESIAN_POINT('',(-0.0471987857792049,-0.0109020657983712,0.002));
#8522=CARTESIAN_POINT('',(-0.0447905409308992,-0.00990453812068782,0.00374682001769242));
#8523=CARTESIAN_POINT('',(-0.045073267603019,-0.0100216473427244,0.00332126027390713));
#8524=CARTESIAN_POINT('',(-0.0455226037356574,-0.0102077684629275,0.00270044794042257));
#8525=CARTESIAN_POINT('',(-0.0463271048602131,-0.0105410037396629,0.00208984781193712));
#8526=CARTESIAN_POINT('',(-0.0468185248279817,-0.0107445565551336,0.002));
#8527=CARTESIAN_POINT('',(-0.0470645832061613,-0.0108464772725111,0.002));
#8528=CARTESIAN_POINT('',(-0.0447905409308993,-0.00990453812068783,0.00374682001769242));
#8529=CARTESIAN_POINT('',(-0.0447905409308993,-0.00990453812068782,0.248967621135331));
#8530=CARTESIAN_POINT('',(-0.0438994904467894,-0.00682947242467942,0.248967621135331));
#8531=CARTESIAN_POINT('',(-0.0438994904467894,-0.00682947242467942,0.0116));
#8532=CARTESIAN_POINT('',(-0.0437081487306068,-0.00729141219093506,0.0116));
#8533=CARTESIAN_POINT('',(-0.0440908321629719,-0.00636753265842377,0.0116));
#8534=CARTESIAN_POINT('',(-0.0437081487306068,-0.00729141219093506,0.248967621135331));
#8535=CARTESIAN_POINT('',(-0.0437081487306068,-0.00729141219093505,0.00551100195605629));
#8536=CARTESIAN_POINT('',(-0.0440908321629719,-0.00636753265842377,0.00487263128315245));
#8537=CARTESIAN_POINT('',(-0.0439632954947995,-0.00667543341242553,0.00508552446547151));
#8538=CARTESIAN_POINT('',(-0.0438360297330425,-0.00698268014048506,0.0052995572149319));
#8539=CARTESIAN_POINT('',(-0.0437081487306069,-0.00729141219093505,0.0055110019560563));
#8540=CARTESIAN_POINT('',(-0.0440908321629719,-0.00636753265842377,0.00487263128315244));
#8541=CARTESIAN_POINT('',(-0.0440908321629719,-0.00636753265842377,0.0116));
#8542=CARTESIAN_POINT('',(-0.0497988150410883,-0.0065670721797482,0.248967621135331));
#8543=CARTESIAN_POINT('',(-0.0474346331352698,-0.00558779597044111,0.248967621135331));
#8544=CARTESIAN_POINT('',(-0.0474346331352698,-0.00558779597044111,0.0116));
#8545=CARTESIAN_POINT('',(-0.0497988150410883,-0.0065670721797482,0.0116));
#8546=CARTESIAN_POINT('',(-0.0467039580927247,-0.00528514045813138,0.0116));
#8547=CARTESIAN_POINT('',(-0.0467039580927247,-0.00528514045813138,0.00364894607783722));
#8548=CARTESIAN_POINT('',(-0.0467039580927246,-0.00528514045813134,0.00203221395218495));
#8549=CARTESIAN_POINT('',(-0.0467039580927246,-0.00528514045813134,0.00203221395218495));
#8550=CARTESIAN_POINT('',(-0.0468230823566585,-0.00533448334386047,0.00200942986667624));
#8551=CARTESIAN_POINT('',(-0.0469434084538167,-0.00538432404521083,0.002));
#8552=CARTESIAN_POINT('',(-0.0470645832061613,-0.00543451627104917,0.002));
#8553=CARTESIAN_POINT('',(-0.00100314927101136,0.0399278850284561,0.02445));
#8554=CARTESIAN_POINT('',(-0.0225905211350114,0.0399278850284561,0.0214));
#8555=CARTESIAN_POINT('',(-0.0225905211350114,0.0399278850284561,0.0217399141189595));
#8556=CARTESIAN_POINT('',(-0.0225905211350114,0.0399278850284561,0.0217399141189595));
#8557=CARTESIAN_POINT('',(-0.0225905211350114,0.0399278850284561,0.0216265714095995));
#8558=CARTESIAN_POINT('',(-0.0225884390226379,0.0399278850284561,0.0215132668322198));
#8559=CARTESIAN_POINT('',(-0.0225842959193704,0.0399278850284561,0.0214));
#8560=CARTESIAN_POINT('',(-0.0225842959193704,0.0399278850284561,0.0214));
#8561=CARTESIAN_POINT('',(-0.00100314927101136,0.0399278850284561,0.0214));
#8562=CARTESIAN_POINT('',(-0.0402,0.0399278850284561,0.0214));
#8563=CARTESIAN_POINT('',(-0.0402,0.0399278850284561,0.02445));
#8564=CARTESIAN_POINT('',(-6.93889390390723E-18,0.0064,0.002));
#8565=CARTESIAN_POINT('',(-0.0188,0.032227885028456,0.002));
#8566=CARTESIAN_POINT('',(-0.0188,0.033727885028456,0.002));
#8567=CARTESIAN_POINT('',(-0.0188,0.034927885028456,0.002));
#8568=CARTESIAN_POINT('',(-0.0188,0.034927885028456,0.002));
#8569=CARTESIAN_POINT('',(-0.0188,0.0353450447136685,0.002));
#8570=CARTESIAN_POINT('',(-0.0188103167149103,0.0361774753890988,0.002));
#8571=CARTESIAN_POINT('',(-0.0186695658579124,0.0374328381753281,0.002));
#8572=CARTESIAN_POINT('',(-0.0180400903282944,0.0385719789713047,0.002));
#8573=CARTESIAN_POINT('',(-0.0172236613781395,0.0389278850284561,0.002));
#8574=CARTESIAN_POINT('',(-0.0168,0.0389278850284561,0.002));
#8575=CARTESIAN_POINT('',(-0.0168,0.0389278850284561,0.002));
#8576=CARTESIAN_POINT('',(-0.0188,0.0389278850284561,0.002));
#8577=CARTESIAN_POINT('',(-0.0402,0.0389278850284561,0.002));
#8578=CARTESIAN_POINT('',(-0.0402,0.0389278850284561,0.002));
#8579=CARTESIAN_POINT('',(-0.0397755187043883,0.0389278850284561,0.002));
#8580=CARTESIAN_POINT('',(-0.0389562721289851,0.0385704775746867,0.002));
#8581=CARTESIAN_POINT('',(-0.0383279132021984,0.0374230643616736,0.002));
#8582=CARTESIAN_POINT('',(-0.0381902159570894,0.0361766526956366,0.002));
#8583=CARTESIAN_POINT('',(-0.0382,0.0353444384089489,0.002));
#8584=CARTESIAN_POINT('',(-0.0382,0.034927885028456,0.002));
#8585=CARTESIAN_POINT('',(-0.0382,0.034927885028456,0.002));
#8586=CARTESIAN_POINT('',(-0.0382,0.032227885028456,0.002));
#8587=CARTESIAN_POINT('',(-0.0382,0.033727885028456,0.002));
#8588=CARTESIAN_POINT('',(-0.0285,0.033727885028456,0.002));
#8589=CARTESIAN_POINT('',(-6.93889390390723E-18,0.0064,0.002));
#8590=CARTESIAN_POINT('',(0.0382,0.032227885028456,0.002));
#8591=CARTESIAN_POINT('',(0.0382,0.033727885028456,0.002));
#8592=CARTESIAN_POINT('',(0.0382,0.034927885028456,0.002));
#8593=CARTESIAN_POINT('',(0.0382,0.034927885028456,0.002));
#8594=CARTESIAN_POINT('',(0.0382,0.0353450447136685,0.002));
#8595=CARTESIAN_POINT('',(0.0381896832850897,0.0361774753890988,0.002));
#8596=CARTESIAN_POINT('',(0.0383304341420876,0.0374328381753281,0.002));
#8597=CARTESIAN_POINT('',(0.0389599096717056,0.0385719789713047,0.002));
#8598=CARTESIAN_POINT('',(0.0397763386218605,0.0389278850284561,0.002));
#8599=CARTESIAN_POINT('',(0.0402,0.0389278850284561,0.002));
#8600=CARTESIAN_POINT('',(0.0402,0.0389278850284561,0.002));
#8601=CARTESIAN_POINT('',(0.0382,0.0389278850284561,0.002));
#8602=CARTESIAN_POINT('',(0.0168,0.0389278850284561,0.002));
#8603=CARTESIAN_POINT('',(0.0168,0.0389278850284561,0.002));
#8604=CARTESIAN_POINT('',(0.0172244812956117,0.0389278850284561,0.002));
#8605=CARTESIAN_POINT('',(0.0180437278710149,0.0385704775746867,0.002));
#8606=CARTESIAN_POINT('',(0.0186720867978016,0.0374230643616736,0.002));
#8607=CARTESIAN_POINT('',(0.0188097840429106,0.0361766526956366,0.002));
#8608=CARTESIAN_POINT('',(0.0188,0.0353444384089489,0.002));
#8609=CARTESIAN_POINT('',(0.0188,0.034927885028456,0.002));
#8610=CARTESIAN_POINT('',(0.0188,0.034927885028456,0.002));
#8611=CARTESIAN_POINT('',(0.0188,0.032227885028456,0.002));
#8612=CARTESIAN_POINT('',(0.0188,0.033727885028456,0.002));
#8613=CARTESIAN_POINT('',(0.0285,0.033727885028456,0.002));
#8614=CARTESIAN_POINT('',(0.0465,0.021427885028456,0.002));
#8615=CARTESIAN_POINT('',(0.0472,0.0236712084558735,0.));
#8616=CARTESIAN_POINT('',(0.0476814315660874,0.0235209839754699,2.03656434280503E-19));
#8617=CARTESIAN_POINT('',(0.0485194207139186,0.0229183349167271,0.000148560470472959));
#8618=CARTESIAN_POINT('',(0.0490144777303001,0.0214312740616578,0.000345664608663199));
#8619=CARTESIAN_POINT('',(0.0485226592902807,0.019939875996026,0.000149349962222531));
#8620=CARTESIAN_POINT('',(0.0476813700869162,0.0193347668976637,-9.30154128858162E-20));
#8621=CARTESIAN_POINT('',(0.0472,0.0191845616010386,-2.43747525641821E-19));
#8622=CARTESIAN_POINT('',(0.0465,0.021427885028456,0.0116));
#8623=CARTESIAN_POINT('',(0.04885,0.021427885028456,0.0116));
#8624=CARTESIAN_POINT('',(-0.0465,0.021427885028456,0.002));
#8625=CARTESIAN_POINT('',(-0.0472,0.0191845616010386,0.));
#8626=CARTESIAN_POINT('',(-0.0476814315660874,0.0193347860814423,7.53756819089708E-20));
#8627=CARTESIAN_POINT('',(-0.0485194207139186,0.019937435140185,0.000148560470472962));
#8628=CARTESIAN_POINT('',(-0.0490144777303001,0.0214244959952544,0.0003456646086632));
#8629=CARTESIAN_POINT('',(-0.0485226592902807,0.0229158940608861,0.000149349962222525));
#8630=CARTESIAN_POINT('',(-0.0476813700869162,0.0235210031592484,4.17162372794318E-19));
#8631=CARTESIAN_POINT('',(-0.0472,0.0236712084558735,3.15347159193573E-19));
#8632=CARTESIAN_POINT('',(-0.0465,0.021427885028456,0.0116));
#8633=CARTESIAN_POINT('',(-0.04415,0.021427885028456,0.0116));
#8634=CARTESIAN_POINT('',(-0.0502,0.0174943616920656,0.02445));
#8635=CARTESIAN_POINT('',(-0.0502,0.0173626689433968,0.01945));
#8636=CARTESIAN_POINT('',(-0.0502,0.0141991177051891,0.023321943125));
#8637=CARTESIAN_POINT('',(-0.0502,0.002177623,0.038035327));
#8638=CARTESIAN_POINT('',(-0.0502,0.0174943616920656,0.0116));
#8639=CARTESIAN_POINT('',(-0.0502,-0.00374003690541854,0.0116));
#8640=CARTESIAN_POINT('',(-0.0502,-0.00374003690541854,0.02445));
#8641=CARTESIAN_POINT('',(-0.0502,0.0150778850284561,0.02445));
#8642=CARTESIAN_POINT('',(-0.0502,0.0150778850284561,0.0116));
#8643=CARTESIAN_POINT('',(-0.0502,0.021427885028456,0.0116));
#8644=CARTESIAN_POINT('',(-0.0502,0.027777885028456,0.0116));
#8645=CARTESIAN_POINT('',(-0.0502,0.027777885028456,0.002));
#8646=CARTESIAN_POINT('',(-0.0502,0.027927885028456,0.02445));
#8647=CARTESIAN_POINT('',(0.00265772383425168,-0.025127885028456,0.02445));
#8648=CARTESIAN_POINT('',(3.46944695195361E-18,-0.025127885028456,0.01));
#8649=CARTESIAN_POINT('',(-0.0402,0.027927885028456,0.02445));
#8650=CARTESIAN_POINT('',(-0.0402,0.0379278850284561,0.02445));
#8651=CARTESIAN_POINT('',(0.0402,0.027927885028456,0.02445));
#8652=CARTESIAN_POINT('',(0.0402,0.0379278850284561,0.02445));
#8653=CARTESIAN_POINT('',(-0.0402,0.027927885028456,0.02445));
#8654=CARTESIAN_POINT('',(-0.0402,0.0399278850284561,0.02445));
#8655=CARTESIAN_POINT('',(-0.0402,0.0399278850284561,0.005));
#8656=CARTESIAN_POINT('',(-0.0402,0.027927885028456,0.005));
#8657=CARTESIAN_POINT('',(-0.0522,0.027927885028456,0.005));
#8658=CARTESIAN_POINT('',(-0.0522,0.027927885028456,0.02445));
#8659=CARTESIAN_POINT('',(-0.0522,0.0365296886503697,0.02445));
#8660=CARTESIAN_POINT('',(-0.0522,0.002177623,0.038035327));
#8661=CARTESIAN_POINT('',(-0.0522,0.0141991177051891,0.023321943125));
#8662=CARTESIAN_POINT('',(-0.0522,0.0173626689433968,0.01945));
#8663=CARTESIAN_POINT('',(-0.0522,-0.00492788502845607,0.005));
#8664=CARTESIAN_POINT('',(0.00265772383425168,-0.0271278850284561,0.02445));
#8665=CARTESIAN_POINT('',(0.03,-0.0271278850284561,0.005));
#8666=CARTESIAN_POINT('',(0.0402,0.027927885028456,0.02445));
#8667=CARTESIAN_POINT('',(0.0402,0.027927885028456,0.005));
#8668=CARTESIAN_POINT('',(0.0402,0.0399278850284561,0.005));
#8669=CARTESIAN_POINT('',(0.0402,0.0399278850284561,0.02445));
#8670=CARTESIAN_POINT('',(0.0188,0.032227885028456,0.0117));
#8671=CARTESIAN_POINT('',(0.0188,0.034927885028456,0.005));
#8672=CARTESIAN_POINT('',(0.0188,0.0379278850284561,0.005));
#8673=CARTESIAN_POINT('',(0.0188,0.0379278850284561,0.01245));
#8674=CARTESIAN_POINT('',(0.0188,0.0379278850284561,0.01245));
#8675=CARTESIAN_POINT('',(0.0188,0.048927885028456,0.01245));
#8676=CARTESIAN_POINT('',(0.0188,0.0415389112113715,0.0205988076385713));
#8677=CARTESIAN_POINT('',(0.0188,0.0415389112113715,0.0205988076385714));
#8678=CARTESIAN_POINT('',(0.0188,0.0415949150407552,0.0208633663861442));
#8679=CARTESIAN_POINT('',(0.0188,0.0416360023546941,0.0211300881391993));
#8680=CARTESIAN_POINT('',(0.0188,0.0416550900519653,0.0214));
#8681=CARTESIAN_POINT('',(0.0188,0.0416550900519653,0.0214));
#8682=CARTESIAN_POINT('',(0.0188,0.032227885028456,0.0214));
#8683=CARTESIAN_POINT('',(0.0188,0.033727885028456,0.0214));
#8684=CARTESIAN_POINT('',(0.0188,0.033727885028456,0.0117));
#8685=CARTESIAN_POINT('',(0.0285,0.032227885028456,0.0214));
#8686=CARTESIAN_POINT('',(0.0188,0.0416550900519653,0.0214));
#8687=CARTESIAN_POINT('',(0.0197445822714118,0.0405661512510232,0.0214));
#8688=CARTESIAN_POINT('',(0.0211427602779324,0.039927885028456,0.0214));
#8689=CARTESIAN_POINT('',(0.0225842959193704,0.0399278850284561,0.0214));
#8690=CARTESIAN_POINT('',(0.0402,0.0379278850284561,0.0214));
#8691=CARTESIAN_POINT('',(0.0382,0.0379278850284561,0.0214));
#8692=CARTESIAN_POINT('',(0.0382,0.032227885028456,0.0214));
#8693=CARTESIAN_POINT('',(0.0382,0.033727885028456,0.0214));
#8694=CARTESIAN_POINT('',(0.0285,0.033727885028456,0.0214));
#8695=CARTESIAN_POINT('',(0.0382,0.032227885028456,0.0117));
#8696=CARTESIAN_POINT('',(0.0382,0.0379278850284561,0.005));
#8697=CARTESIAN_POINT('',(0.0382,0.0379278850284561,0.005));
#8698=CARTESIAN_POINT('',(0.0382,0.034927885028456,0.005));
#8699=CARTESIAN_POINT('',(0.0382,0.033727885028456,0.0117));
#8700=CARTESIAN_POINT('',(0.0188,0.0399278850284561,0.0234));
#8701=CARTESIAN_POINT('',(0.0185,0.0399278850284561,0.0234));
#8702=CARTESIAN_POINT('',(0.0185,0.032227885028456,0.0234));
#8703=CARTESIAN_POINT('',(0.0188,0.032227885028456,0.0234));
#8704=CARTESIAN_POINT('',(0.0402,0.032227885028456,0.0234));
#8705=CARTESIAN_POINT('',(0.0402,0.0399278850284561,0.0234));
#8706=CARTESIAN_POINT('',(0.0216,0.032227885028456,0.0117));
#8707=CARTESIAN_POINT('',(0.0216,0.032227885028456,0.0048));
#8708=CARTESIAN_POINT('',(0.0216,0.032227885028456,0.0048));
#8709=CARTESIAN_POINT('',(0.0216,0.033727885028456,0.0048));
#8710=CARTESIAN_POINT('',(0.0216,0.033727885028456,0.0117));
#8711=CARTESIAN_POINT('',(0.0216,0.033727885028456,0.0186));
#8712=CARTESIAN_POINT('',(0.0216,0.032227885028456,0.0186));
#8713=CARTESIAN_POINT('',(0.0216,0.032227885028456,0.0186));
#8714=CARTESIAN_POINT('',(0.0216,0.032227885028456,0.0117));
#8715=CARTESIAN_POINT('',(0.0285,0.032227885028456,0.0048));
#8716=CARTESIAN_POINT('',(0.0285,0.033727885028456,0.0048));
#8717=CARTESIAN_POINT('',(0.0354,0.033727885028456,0.0048));
#8718=CARTESIAN_POINT('',(0.0285,0.032227885028456,0.0048));
#8719=CARTESIAN_POINT('',(0.0354,0.032227885028456,0.0048));
#8720=CARTESIAN_POINT('',(0.0354,0.032227885028456,0.0048));
#8721=CARTESIAN_POINT('',(0.0354,0.032227885028456,0.0117));
#8722=CARTESIAN_POINT('',(0.0354,0.033727885028456,0.0117));
#8723=CARTESIAN_POINT('',(0.0354,0.033727885028456,0.0186));
#8724=CARTESIAN_POINT('',(0.0354,0.032227885028456,0.0117));
#8725=CARTESIAN_POINT('',(0.0354,0.032227885028456,0.0186));
#8726=CARTESIAN_POINT('',(0.0354,0.032227885028456,0.0186));
#8727=CARTESIAN_POINT('',(0.0285,0.032227885028456,0.0186));
#8728=CARTESIAN_POINT('',(0.0285,0.033727885028456,0.0186));
#8729=CARTESIAN_POINT('',(0.0285,0.032227885028456,0.0186));
#8730=CARTESIAN_POINT('',(3.97239352451664E-34,0.032227885028456,0.012225));
#8731=CARTESIAN_POINT('',(0.0185,0.032227885028456,0.012225));
#8732=CARTESIAN_POINT('',(0.0185,0.032227885028456,0.02145));
#8733=CARTESIAN_POINT('',(1.10364303902662E-18,0.032227885028456,0.02145));
#8734=CARTESIAN_POINT('',(0.0402,0.032227885028456,0.0214));
#8735=CARTESIAN_POINT('',(0.03335,0.033727885028456,0.00685));
#8736=CARTESIAN_POINT('',(0.0402,0.0399278850284561,0.0214));
#8737=CARTESIAN_POINT('',(-0.0188,0.032227885028456,0.0117));
#8738=CARTESIAN_POINT('',(-0.0188,0.0379278850284561,0.0117));
#8739=CARTESIAN_POINT('',(-0.0188,0.0379278850284561,0.01245));
#8740=CARTESIAN_POINT('',(-0.0188,0.0379278850284561,0.005));
#8741=CARTESIAN_POINT('',(-0.0188,0.034927885028456,0.005));
#8742=CARTESIAN_POINT('',(-0.0188,0.033727885028456,0.0117));
#8743=CARTESIAN_POINT('',(-0.0188,0.033727885028456,0.0214));
#8744=CARTESIAN_POINT('',(-0.0188,0.032227885028456,0.0214));
#8745=CARTESIAN_POINT('',(-0.0188,0.0416550900519653,0.0214));
#8746=CARTESIAN_POINT('',(-0.0188,0.0416550900519653,0.0214));
#8747=CARTESIAN_POINT('',(-0.0188,0.0416360023546941,0.0211300881391993));
#8748=CARTESIAN_POINT('',(-0.0188,0.0415949150407552,0.0208633663861442));
#8749=CARTESIAN_POINT('',(-0.0188,0.0415389112113715,0.0205988076385713));
#8750=CARTESIAN_POINT('',(-0.0188,0.0415389112113715,0.0205988076385713));
#8751=CARTESIAN_POINT('',(-0.0188,0.048927885028456,0.01245));
#8752=CARTESIAN_POINT('',(-0.0285,0.032227885028456,0.0214));
#8753=CARTESIAN_POINT('',(-0.0285,0.033727885028456,0.0214));
#8754=CARTESIAN_POINT('',(-0.0382,0.033727885028456,0.0214));
#8755=CARTESIAN_POINT('',(-0.0382,0.032227885028456,0.0214));
#8756=CARTESIAN_POINT('',(-0.0382,0.0379278850284561,0.0214));
#8757=CARTESIAN_POINT('',(-0.0402,0.0379278850284561,0.0214));
#8758=CARTESIAN_POINT('',(-0.0225842959193704,0.0399278850284561,0.0214));
#8759=CARTESIAN_POINT('',(-0.0211427601835074,0.0399278850284561,0.0214));
#8760=CARTESIAN_POINT('',(-0.0197445763393341,0.0405661580896754,0.0214));
#8761=CARTESIAN_POINT('',(-0.0188,0.0416550900519653,0.0214));
#8762=CARTESIAN_POINT('',(-0.0382,0.032227885028456,0.0117));
#8763=CARTESIAN_POINT('',(-0.0382,0.034927885028456,0.005));
#8764=CARTESIAN_POINT('',(-0.0382,0.0379278850284561,0.005));
#8765=CARTESIAN_POINT('',(-0.0382,0.0379278850284561,0.0117));
#8766=CARTESIAN_POINT('',(-0.0382,0.033727885028456,0.0117));
#8767=CARTESIAN_POINT('',(-0.0354,0.032227885028456,0.0117));
#8768=CARTESIAN_POINT('',(-0.0354,0.033727885028456,0.0117));
#8769=CARTESIAN_POINT('',(-0.0354,0.033727885028456,0.0186));
#8770=CARTESIAN_POINT('',(-0.0354,0.033727885028456,0.0048));
#8771=CARTESIAN_POINT('',(-0.0354,0.032227885028456,0.0186));
#8772=CARTESIAN_POINT('',(-0.0354,0.032227885028456,0.0048));
#8773=CARTESIAN_POINT('',(-0.0285,0.032227885028456,0.0048));
#8774=CARTESIAN_POINT('',(-0.0285,0.033727885028456,0.0048));
#8775=CARTESIAN_POINT('',(-0.0216,0.033727885028456,0.0048));
#8776=CARTESIAN_POINT('',(-0.0216,0.032227885028456,0.0048));
#8777=CARTESIAN_POINT('',(-0.0216,0.032227885028456,0.0117));
#8778=CARTESIAN_POINT('',(-0.0216,0.032227885028456,0.0186));
#8779=CARTESIAN_POINT('',(-0.0216,0.033727885028456,0.0186));
#8780=CARTESIAN_POINT('',(-0.0216,0.033727885028456,0.0117));
#8781=CARTESIAN_POINT('',(-0.0285,0.032227885028456,0.0186));
#8782=CARTESIAN_POINT('',(-0.0285,0.033727885028456,0.0186));
#8783=CARTESIAN_POINT('',(-0.02365,0.033727885028456,0.00685));
#8784=CARTESIAN_POINT('',(-0.0402,0.0399278850284561,0.0214));
#8785=CARTESIAN_POINT('',(-0.0402,0.027927885028456,0.0116));
#8786=CARTESIAN_POINT('',(-0.0455559077956294,-0.00805677905566525,0.0116));
#8787=CARTESIAN_POINT('',(-0.0459385912279945,-0.00713289952315396,0.0116));
#8788=CARTESIAN_POINT('',(-0.0482,-0.00374003690541854,0.0116));
#8789=CARTESIAN_POINT('',(-0.0464334189144748,-0.0127498248633938,0.0116));
#8790=CARTESIAN_POINT('',(0.0497988150410883,-0.0065670721797482,0.248967621135331));
#8791=CARTESIAN_POINT('',(0.0497988150410883,-0.0065670721797482,0.0116));
#8792=CARTESIAN_POINT('',(0.0474346331352698,-0.00558779597044112,0.0116));
#8793=CARTESIAN_POINT('',(0.0467039580927247,-0.00528514045813138,0.0116));
#8794=CARTESIAN_POINT('',(0.0474346331352698,-0.00558779597044112,0.002));
#8795=CARTESIAN_POINT('',(0.0470645832061613,-0.00543451627104917,0.002));
#8796=CARTESIAN_POINT('',(0.0469425916045822,-0.00538398569517947,0.002));
#8797=CARTESIAN_POINT('',(0.0468221942075479,-0.00533411546045343,0.00200959973689927));
#8798=CARTESIAN_POINT('',(0.0467039580927247,-0.00528514045813138,0.00203221395218493));
#8799=CARTESIAN_POINT('',(0.0467039580927247,-0.00528514045813139,0.00203221395218493));
#8800=CARTESIAN_POINT('',(0.0467039580927247,-0.00528514045813138,0.0116));
#8801=CARTESIAN_POINT('',(0.0438994904467894,-0.00682947242467942,0.248967621135331));
#8802=CARTESIAN_POINT('',(0.0438994904467894,-0.00682947242467942,0.0116));
#8803=CARTESIAN_POINT('',(0.0437081487306068,-0.00729141219093506,0.0116));
#8804=CARTESIAN_POINT('',(0.0440908321629719,-0.00636753265842377,0.0116));
#8805=CARTESIAN_POINT('',(0.0440908321629719,-0.00636753265842377,0.00364894607783719));
#8806=CARTESIAN_POINT('',(0.0440908321629718,-0.00636753265842416,0.00487263128315268));
#8807=CARTESIAN_POINT('',(0.0437081487306044,-0.00729141219094095,0.0055110019560603));
#8808=CARTESIAN_POINT('',(0.0438360271136494,-0.00698268646425936,0.00529956154596529));
#8809=CARTESIAN_POINT('',(0.0439632953682633,-0.00667543371791088,0.00508552467669455));
#8810=CARTESIAN_POINT('',(0.0440908321629718,-0.00636753265842416,0.00487263128315266));
#8811=CARTESIAN_POINT('',(0.0437081487306044,-0.00729141219094094,0.00551100195606031));
#8812=CARTESIAN_POINT('',(0.0437081487306068,-0.00729141219093506,0.248967621135331));
#8813=CARTESIAN_POINT('',(0.0483026176814547,-0.0113592879428631,0.248967621135331));
#8814=CARTESIAN_POINT('',(0.0471987857792049,-0.0109020657983712,0.248967621135331));
#8815=CARTESIAN_POINT('',(0.0471987857792049,-0.0109020657983712,0.0116));
#8816=CARTESIAN_POINT('',(0.0483026176814547,-0.0113592879428631,0.0116));
#8817=CARTESIAN_POINT('',(0.0447905409308993,-0.00990453812068782,0.0116));
#8818=CARTESIAN_POINT('',(0.0447905409308993,-0.00990453812068782,0.248967621135331));
#8819=CARTESIAN_POINT('',(0.0447905409308993,-0.00990453812068783,0.00374682001769241));
#8820=CARTESIAN_POINT('',(0.0470645832061613,-0.0108464772725111,0.002));
#8821=CARTESIAN_POINT('',(0.0468198187142296,-0.0107450925003657,0.002));
#8822=CARTESIAN_POINT('',(0.0463349136976746,-0.0105442382660458,0.00208593536768765));
#8823=CARTESIAN_POINT('',(0.0455165740392598,-0.0102052708809027,0.00270402464964522));
#8824=CARTESIAN_POINT('',(0.0450730702621303,-0.0100215656014519,0.0033215573111036));
#8825=CARTESIAN_POINT('',(0.0447905409308993,-0.00990453812068782,0.00374682001769241));
#8826=CARTESIAN_POINT('',(-0.0402,0.027927885028456,0.0116));
#8827=CARTESIAN_POINT('',(0.0459385912279945,-0.00713289952315396,0.0116));
#8828=CARTESIAN_POINT('',(0.0455559077956294,-0.00805677905566525,0.0116));
#8829=CARTESIAN_POINT('',(0.0464334189144748,-0.0127498248633937,0.0116));
#8830=CARTESIAN_POINT('',(0.0482,-0.00374003690541854,0.0116));
#8831=CARTESIAN_POINT('',(0.04835,0.0257778850284561,0.248967621135331));
#8832=CARTESIAN_POINT('',(0.04835,0.0257778850284561,0.0116));
#8833=CARTESIAN_POINT('',(0.0465,0.0257778850284561,0.0116));
#8834=CARTESIAN_POINT('',(0.0482,0.0257778850284561,0.0116));
#8835=CARTESIAN_POINT('',(0.0482,0.0257778850284561,0.248967621135331));
#8836=CARTESIAN_POINT('',(0.0465,0.0257778850284561,0.248967621135331));
#8837=CARTESIAN_POINT('',(0.0465,0.021427885028456,0.248967621135331));
#8838=CARTESIAN_POINT('',(0.0465,0.021427885028456,0.0116));
#8839=CARTESIAN_POINT('',(0.0465,0.017077885028456,0.0116));
#8840=CARTESIAN_POINT('',(0.0465,0.017077885028456,0.248967621135331));
#8841=CARTESIAN_POINT('',(0.04835,0.017077885028456,0.248967621135331));
#8842=CARTESIAN_POINT('',(0.0482,0.017077885028456,0.0116));
#8843=CARTESIAN_POINT('',(0.0482,0.017077885028456,0.0116));
#8844=CARTESIAN_POINT('',(0.04835,0.017077885028456,0.0116));
#8845=CARTESIAN_POINT('',(-0.0402,0.027927885028456,0.0116));
#8846=CARTESIAN_POINT('',(0.0482,0.027777885028456,0.0116));
#8847=CARTESIAN_POINT('',(0.0482,0.0150778850284561,0.0116));
#8848=CARTESIAN_POINT('',(-0.04835,0.0257778850284561,0.248967621135331));
#8849=CARTESIAN_POINT('',(-0.0482,0.0257778850284561,0.0116));
#8850=CARTESIAN_POINT('',(-0.0482,0.0257778850284561,0.0116));
#8851=CARTESIAN_POINT('',(-0.04835,0.0257778850284561,0.0116));
#8852=CARTESIAN_POINT('',(-0.0465,0.0257778850284561,0.0116));
#8853=CARTESIAN_POINT('',(-0.0465,0.0257778850284561,0.248967621135331));
#8854=CARTESIAN_POINT('',(-0.0465,0.021427885028456,0.248967621135331));
#8855=CARTESIAN_POINT('',(-0.0465,0.021427885028456,0.0116));
#8856=CARTESIAN_POINT('',(-0.0465,0.017077885028456,0.0116));
#8857=CARTESIAN_POINT('',(-0.0465,0.017077885028456,0.248967621135331));
#8858=CARTESIAN_POINT('',(-0.04835,0.017077885028456,0.248967621135331));
#8859=CARTESIAN_POINT('',(-0.04835,0.017077885028456,0.0116));
#8860=CARTESIAN_POINT('',(-0.0482,0.017077885028456,0.0116));
#8861=CARTESIAN_POINT('',(-0.0482,0.017077885028456,0.248967621135331));
#8862=CARTESIAN_POINT('',(-0.0402,0.027927885028456,0.0116));
#8863=CARTESIAN_POINT('',(-0.0482,0.027777885028456,0.0116));
#8864=CARTESIAN_POINT('',(-0.0482,0.0150778850284561,0.0116));
#8865=CARTESIAN_POINT('',(0.0335,0.00567788502845604,0.01));
#8866=CARTESIAN_POINT('',(0.0335,0.014929885028456,0.0084721359549996));
#8867=CARTESIAN_POINT('',(0.0335,0.014927885028456,0.0084721359549996));
#8868=CARTESIAN_POINT('',(0.0335,0.014927885028456,0.01));
#8869=CARTESIAN_POINT('',(0.0335,0.014927885028456,0.01));
#8870=CARTESIAN_POINT('',(0.0335,0.00567788502845604,0.01));
#8871=CARTESIAN_POINT('',(0.,0.014927885028456,0.01));
#8872=CARTESIAN_POINT('',(-0.0470645832061613,0.014927885028456,0.002));
#8873=CARTESIAN_POINT('',(-0.0469050931629573,0.014927885028456,0.002));
#8874=CARTESIAN_POINT('',(-0.046642105728499,0.014927885028456,0.00203207893344085));
#8875=CARTESIAN_POINT('',(-0.0463259896887949,0.014927885028456,0.0021414377944333));
#8876=CARTESIAN_POINT('',(-0.046004253925179,0.014927885028456,0.00233166052187799));
#8877=CARTESIAN_POINT('',(-0.0456467936920088,0.014927885028456,0.00263981452557501));
#8878=CARTESIAN_POINT('',(-0.0452601046508398,0.014927885028456,0.00307866720213996));
#8879=CARTESIAN_POINT('',(-0.0447205497336984,0.014927885028456,0.00382301077985156));
#8880=CARTESIAN_POINT('',(-0.0440160415699856,0.014927885028456,0.00499498630046662));
#8881=CARTESIAN_POINT('',(-0.0432260836077357,0.014927885028456,0.00632301077985156));
#8882=CARTESIAN_POINT('',(-0.0424579806646597,0.014927885028456,0.00739116720213996));
#8883=CARTESIAN_POINT('',(-0.0417798625910804,0.014927885028456,0.00817106452557502));
#8884=CARTESIAN_POINT('',(-0.0409604307500549,0.014927885028456,0.008894160521878));
#8885=CARTESIAN_POINT('',(-0.0399651682401661,0.014927885028456,0.0095008127944333));
#8886=CARTESIAN_POINT('',(-0.0387961585671948,0.014927885028456,0.00990707893344086));
#8887=CARTESIAN_POINT('',(-0.0379382964071811,0.014927885028456,0.01));
#8888=CARTESIAN_POINT('',(-0.0375,0.014927885028456,0.01));
#8889=CARTESIAN_POINT('',(-0.0375,0.014927885028456,0.01));
#8890=CARTESIAN_POINT('',(-0.0375,0.014927885028456,0.004));
#8891=CARTESIAN_POINT('',(0.,0.014927885028456,0.01));
#8892=CARTESIAN_POINT('',(0.0375,0.014927885028456,0.004));
#8893=CARTESIAN_POINT('',(0.0375,0.014927885028456,0.01));
#8894=CARTESIAN_POINT('',(0.0470645832061613,0.014927885028456,0.002));
#8895=CARTESIAN_POINT('',(0.0469050931629573,0.014927885028456,0.002));
#8896=CARTESIAN_POINT('',(0.046642105728499,0.014927885028456,0.00203207893344085));
#8897=CARTESIAN_POINT('',(0.0463259896887949,0.014927885028456,0.0021414377944333));
#8898=CARTESIAN_POINT('',(0.0460042539251789,0.014927885028456,0.00233166052187799));
#8899=CARTESIAN_POINT('',(0.0456467936920088,0.014927885028456,0.00263981452557501));
#8900=CARTESIAN_POINT('',(0.0452601046508398,0.014927885028456,0.00307866720213996));
#8901=CARTESIAN_POINT('',(0.0447205497336984,0.014927885028456,0.00382301077985156));
#8902=CARTESIAN_POINT('',(0.0440160415699855,0.014927885028456,0.00499498630046662));
#8903=CARTESIAN_POINT('',(0.0432260836077357,0.014927885028456,0.00632301077985156));
#8904=CARTESIAN_POINT('',(0.0424579806646597,0.014927885028456,0.00739116720213996));
#8905=CARTESIAN_POINT('',(0.0417798625910803,0.014927885028456,0.00817106452557502));
#8906=CARTESIAN_POINT('',(0.0409604307500549,0.014927885028456,0.00889416052187799));
#8907=CARTESIAN_POINT('',(0.0399651682401661,0.014927885028456,0.0095008127944333));
#8908=CARTESIAN_POINT('',(0.0387961585671948,0.014927885028456,0.00990707893344085));
#8909=CARTESIAN_POINT('',(0.0379382964071811,0.014927885028456,0.01));
#8910=CARTESIAN_POINT('',(0.0375,0.014927885028456,0.01));
#8911=CARTESIAN_POINT('',(0.,0.014927885028456,0.002));
#8912=CARTESIAN_POINT('',(-0.0315,-0.00607211497154396,0.01));
#8913=CARTESIAN_POINT('',(-0.0315,0.012927885028456,0.01));
#8914=CARTESIAN_POINT('',(-0.0315,0.012927885028456,0.01));
#8915=CARTESIAN_POINT('',(-0.0315,-0.00607211497154396,0.01));
#8916=CARTESIAN_POINT('',(-0.0315,-0.025072114971544,0.01));
#8917=CARTESIAN_POINT('',(6.93889390390723E-18,0.012927885028456,0.01));
#8918=CARTESIAN_POINT('',(0.0315,0.012927885028456,0.01));
#8919=CARTESIAN_POINT('',(0.0315,0.012927885028456,0.01));
#8920=CARTESIAN_POINT('',(6.93889390390723E-18,0.012927885028456,0.01));
#8921=CARTESIAN_POINT('',(0.0315,0.00467788502845604,0.01));
#8922=CARTESIAN_POINT('',(0.0315,-0.025072114971544,0.01));
#8923=CARTESIAN_POINT('',(0.0315,-0.0168221149715439,0.01));
#8924=CARTESIAN_POINT('',(0.0315,0.014929885028456,0.004));
#8925=CARTESIAN_POINT('',(0.0315,0.00467788502845604,0.01));
#8926=CARTESIAN_POINT('',(-1.38777878078145E-17,0.00542788502845604,0.01));
#8927=CARTESIAN_POINT('',(1.38777878078145E-17,-0.025072114971544,0.01));
#8928=CARTESIAN_POINT('',(1.38777878078145E-17,-0.025072114971544,0.01));
#8929=CARTESIAN_POINT('',(-1.38777878078145E-17,0.00542788502845604,0.01));
#8930=CARTESIAN_POINT('',(-1.38777878078145E-17,0.00542788502845604,0.01));
#8931=CARTESIAN_POINT('',(-0.0145,0.039929885028456,0.02395));
#8932=CARTESIAN_POINT('',(-0.0145,0.017827885028456,0.024452));
#8933=CARTESIAN_POINT('',(-0.0145,0.017827885028456,0.02345));
#8934=CARTESIAN_POINT('',(-0.0145,0.020827885028456,0.02345));
#8935=CARTESIAN_POINT('',(-0.0145,0.0238278850284561,0.02345));
#8936=CARTESIAN_POINT('',(-0.0145,0.0238278850284561,0.02145));
#8937=CARTESIAN_POINT('',(-0.0145,0.0238278850284561,0.02145));
#8938=CARTESIAN_POINT('',(-0.0145,0.0308778850284561,0.02145));
#8939=CARTESIAN_POINT('',(-0.0145,0.039929885028456,0.02345));
#8940=CARTESIAN_POINT('',(-0.0145,0.046127885028456,0.02345));
#8941=CARTESIAN_POINT('',(-0.0145,0.046127885028456,0.023448));
#8942=CARTESIAN_POINT('',(2.46765551914448E-35,0.039929885028456,0.02345));
#8943=CARTESIAN_POINT('',(0.01155,0.043927885028456,0.02345));
#8944=CARTESIAN_POINT('',(0.01055,0.043927885028456,0.02345));
#8945=CARTESIAN_POINT('',(-0.01155,0.043927885028456,0.02345));
#8946=CARTESIAN_POINT('',(-0.01255,0.043927885028456,0.02345));
#8947=CARTESIAN_POINT('',(0.0145,0.039929885028456,0.02345));
#8948=CARTESIAN_POINT('',(0.0145,0.046127885028456,0.02345));
#8949=CARTESIAN_POINT('',(3.4696862241572E-18,0.046127885028456,0.02345));
#8950=CARTESIAN_POINT('',(0.0145,0.039929885028456,0.02395));
#8951=CARTESIAN_POINT('',(0.0145,0.046127885028456,0.023448));
#8952=CARTESIAN_POINT('',(0.0145,0.0308778850284561,0.02145));
#8953=CARTESIAN_POINT('',(0.0145,0.0238278850284561,0.02145));
#8954=CARTESIAN_POINT('',(0.0145,0.0238278850284561,0.02145));
#8955=CARTESIAN_POINT('',(0.0145,0.017827885028456,0.024452));
#8956=CARTESIAN_POINT('',(-0.00334999999999929,0.039929885028456,0.007155));
#8957=CARTESIAN_POINT('',(-0.00334999999999929,0.039929885028456,0.011405));
#8958=CARTESIAN_POINT('',(-0.00759999999999929,0.039929885028456,0.007155));
#8959=CARTESIAN_POINT('',(-0.00759999999999929,0.039929885028456,0.0068));
#8960=CARTESIAN_POINT('',(-0.00759999999999929,0.039929885028456,0.006445));
#8961=CARTESIAN_POINT('',(-0.00334999999999929,0.039929885028456,0.006445));
#8962=CARTESIAN_POINT('',(-0.00334999999999929,0.039929885028456,0.002195));
#8963=CARTESIAN_POINT('',(-0.00334999999999929,0.0390669640322926,0.002195));
#8964=CARTESIAN_POINT('',(-0.00334999999999929,0.0390669640322926,0.002195));
#8965=CARTESIAN_POINT('',(-0.00513114709244007,0.0390669640322926,0.002195));
#8966=CARTESIAN_POINT('',(-0.00674104866355342,0.0399278850284561,0.00332449534324029));
#8967=CARTESIAN_POINT('',(-0.00734680810147227,0.0399278850284561,0.005));
#8968=CARTESIAN_POINT('',(-0.00012999999999929,0.039929885028456,0.002195));
#8969=CARTESIAN_POINT('',(0.00309000000000071,0.039929885028456,0.002195));
#8970=CARTESIAN_POINT('',(0.00309000000000071,0.0390669640322926,0.002195));
#8971=CARTESIAN_POINT('',(0.00309000000000071,0.0390669640322926,0.002195));
#8972=CARTESIAN_POINT('',(0.00309000000000071,0.039929885028456,0.006445));
#8973=CARTESIAN_POINT('',(0.00708680810147369,0.0399278850284561,0.005));
#8974=CARTESIAN_POINT('',(0.00648100199772451,0.0399278850284561,0.0033243662675526));
#8975=CARTESIAN_POINT('',(0.00487112611739909,0.0390669640322926,0.002195));
#8976=CARTESIAN_POINT('',(0.00309000000000071,0.0390669640322926,0.002195));
#8977=CARTESIAN_POINT('',(0.00734000000000071,0.039929885028456,0.006445));
#8978=CARTESIAN_POINT('',(-0.00012999999999929,0.039929885028456,0.011405));
#8979=CARTESIAN_POINT('',(0.00309000000000071,0.039929885028456,0.011405));
#8980=CARTESIAN_POINT('',(0.00734000000000071,0.039929885028456,0.0068));
#8981=CARTESIAN_POINT('',(0.00734000000000071,0.039929885028456,0.007155));
#8982=CARTESIAN_POINT('',(0.00309000000000071,0.039929885028456,0.007155));
#8983=CARTESIAN_POINT('',(-0.0470645832061613,0.014927885028456,0.002));
#8984=CARTESIAN_POINT('',(-0.0470645832061613,-0.023915621728443,0.002));
#8985=CARTESIAN_POINT('',(-0.0467456031197533,0.014927885028456,0.002));
#8986=CARTESIAN_POINT('',(-0.0467456031197533,-0.023915621728443,0.002));
#8987=CARTESIAN_POINT('',(-0.0463335321307989,0.014927885028456,0.00210282622455154));
#8988=CARTESIAN_POINT('',(-0.0463335321307989,-0.023915621728443,0.00210282622455154));
#8989=CARTESIAN_POINT('',(-0.0456645512714316,0.014927885028456,0.00256959884712163));
#8990=CARTESIAN_POINT('',(-0.0456645512714316,-0.023915621728443,0.00256959884712163));
#8991=CARTESIAN_POINT('',(-0.0448597961275287,0.014927885028456,0.0035883642132799));
#8992=CARTESIAN_POINT('',(-0.0448597961275286,-0.023915621728443,0.0035883642132799));
#8993=CARTESIAN_POINT('',(-0.0440168691894417,0.014927885028456,0.00499511203169094));
#8994=CARTESIAN_POINT('',(-0.0440168691894417,-0.023915621728443,0.00499511203169094));
#8995=CARTESIAN_POINT('',(-0.0430664367763734,0.014927885028456,0.0065883642132799));
#8996=CARTESIAN_POINT('',(-0.0430664367763734,-0.023915621728443,0.0065883642132799));
#8997=CARTESIAN_POINT('',(-0.0418536626502268,0.014927885028456,0.00819459884712164));
#8998=CARTESIAN_POINT('',(-0.0418536626502268,-0.023915621728443,0.00819459884712164));
#8999=CARTESIAN_POINT('',(-0.0400567744017554,0.014927885028456,0.00960282622455155));
#9000=CARTESIAN_POINT('',(-0.0400567744017554,-0.023915621728443,0.00960282622455155));
#9001=CARTESIAN_POINT('',(-0.0383765928143622,0.014927885028456,0.01));
#9002=CARTESIAN_POINT('',(-0.0383765928143622,-0.023915621728443,0.01));
#9003=CARTESIAN_POINT('',(-0.0375,0.014927885028456,0.01));
#9004=CARTESIAN_POINT('',(-0.0375,-0.023915621728443,0.01));
#9005=CARTESIAN_POINT('',(-0.0467039580927247,-0.00528514045813138,0.00203221395218495));
#9006=CARTESIAN_POINT('',(-0.0463730832319911,-0.00514808760336721,0.00209549813017921));
#9007=CARTESIAN_POINT('',(-0.045731929395826,-0.00509044343238459,0.00248756350854705));
#9008=CARTESIAN_POINT('',(-0.0450655277771621,-0.00529595267797491,0.00332414246736071));
#9009=CARTESIAN_POINT('',(-0.0445183921865609,-0.0056698179315804,0.00415779415813269));
#9010=CARTESIAN_POINT('',(-0.0442082744974714,-0.00608400178167837,0.00467658827302171));
#9011=CARTESIAN_POINT('',(-0.0440908321629719,-0.00636753265842373,0.00487263128315247));
#9012=CARTESIAN_POINT('',(-0.0437081487306068,-0.00729141219093506,0.00551100195605627));
#9013=CARTESIAN_POINT('',(-0.043597945118237,-0.00755746724654078,0.00569321803072553));
#9014=CARTESIAN_POINT('',(-0.0434767065073935,-0.00826666013527875,0.00589001831469457));
#9015=CARTESIAN_POINT('',(-0.0438181629987797,-0.00914459022399705,0.0053315288643081));
#9016=CARTESIAN_POINT('',(-0.044269900703185,-0.00962560224706392,0.00457001280486491));
#9017=CARTESIAN_POINT('',(-0.0446085096665232,-0.00982913830220733,0.00402081319155183));
#9018=CARTESIAN_POINT('',(-0.0447905409308993,-0.00990453812068782,0.00374682001769243));
#9019=CARTESIAN_POINT('',(-0.0375,0.014929885028456,0.01));
#9020=CARTESIAN_POINT('',(-0.0375,0.014929885028456,0.004));
#9021=CARTESIAN_POINT('',(-0.0335247680400004,0.014929885028456,0.00444444444444444));
#9022=CARTESIAN_POINT('',(-0.0335247680400004,0.010927885028456,0.00444444444444444));
#9023=CARTESIAN_POINT('',(-0.0335247680400004,-0.0250693140627732,0.00444444444444444));
#9024=CARTESIAN_POINT('',(-0.0335247680400004,-0.0250693140627732,0.00444444444444444));
#9025=CARTESIAN_POINT('',(-0.0335815999135775,-0.0250628081268195,0.00495276417487306));
#9026=CARTESIAN_POINT('',(-0.033887692145123,-0.0250296741663624,0.00593224637107491));
#9027=CARTESIAN_POINT('',(-0.0348584027923878,-0.0248420688666347,0.00712868594273578));
#9028=CARTESIAN_POINT('',(-0.0361544449923476,-0.024408442216794,0.0078559497686375));
#9029=CARTESIAN_POINT('',(-0.0370618817511632,-0.0239467366511914,0.008));
#9030=CARTESIAN_POINT('',(-0.0375,-0.0236839507139883,0.008));
#9031=CARTESIAN_POINT('',(-0.0375,-0.0236839507139883,0.008));
#9032=CARTESIAN_POINT('',(-0.0375,0.014929885028456,0.008));
#9033=CARTESIAN_POINT('',(-0.0375,0.010927885028456,0.008));
#9034=CARTESIAN_POINT('',(-0.0375,0.010927885028456,0.004));
#9035=CARTESIAN_POINT('',(-0.0470645832061613,0.010927885028456,0.));
#9036=CARTESIAN_POINT('',(-0.0470645832061613,-0.023891621728443,0.));
#9037=CARTESIAN_POINT('',(-0.0422822916030806,0.010927885028456,0.));
#9038=CARTESIAN_POINT('',(-0.0422822916030806,-0.023891621728443,0.));
#9039=CARTESIAN_POINT('',(-0.0422822916030806,0.010927885028456,0.008));
#9040=CARTESIAN_POINT('',(-0.0422822916030806,-0.023891621728443,0.008));
#9041=CARTESIAN_POINT('',(-0.0375,0.010927885028456,0.008));
#9042=CARTESIAN_POINT('',(-0.0375,-0.023891621728443,0.008));
#9043=CARTESIAN_POINT('',(-0.0375,-0.0236839507139883,0.008));
#9044=CARTESIAN_POINT('',(-0.038050607287967,-0.0233610914047455,0.00799999667708));
#9045=CARTESIAN_POINT('',(-0.0390730519588339,-0.0225725289064665,0.00778165292426479));
#9046=CARTESIAN_POINT('',(-0.0403178926481892,-0.021373436552875,0.00687431327513217));
#9047=CARTESIAN_POINT('',(-0.0413392199923592,-0.0203973038681231,0.005570520434702));
#9048=CARTESIAN_POINT('',(-0.0422268582408777,-0.0195430744627492,0.00409590199362861));
#9049=CARTESIAN_POINT('',(-0.0431092566114348,-0.0186981025873528,0.00261093049766863));
#9050=CARTESIAN_POINT('',(-0.0441123934630298,-0.0177560055289588,0.00125786129390744));
#9051=CARTESIAN_POINT('',(-0.0454512992623269,-0.0168133763481052,0.00020396119990432));
#9052=CARTESIAN_POINT('',(-0.0465764230517797,-0.0161483655434561,2.61194025675477E-9));
#9053=CARTESIAN_POINT('',(-0.0470645832061627,-0.0157371403219469,0.));
#9054=CARTESIAN_POINT('',(-0.0470645832061613,0.010927885028456,0.));
#9055=CARTESIAN_POINT('',(-0.0465051298481157,0.010927885028456,3.91394016035762E-9));
#9056=CARTESIAN_POINT('',(-0.0453956055627499,0.010927885028456,0.000236026702372539));
#9057=CARTESIAN_POINT('',(-0.0440697935575857,0.010927885028456,0.00130647523613155));
#9058=CARTESIAN_POINT('',(-0.0431034588945243,0.010927885028456,0.00262560963152509));
#9059=CARTESIAN_POINT('',(-0.0422641700093305,0.010927885028456,0.00403137032732004));
#9060=CARTESIAN_POINT('',(-0.0414203599167301,0.010927885028456,0.00543835577379235));
#9061=CARTESIAN_POINT('',(-0.0404492883163901,0.010927885028456,0.0067411705147612));
#9062=CARTESIAN_POINT('',(-0.0391379070774059,0.010927885028456,0.00777323278369924));
#9063=CARTESIAN_POINT('',(-0.0380492737961341,0.010927885028456,0.008));
#9064=CARTESIAN_POINT('',(-0.0375,0.010927885028456,0.008));
#9065=CARTESIAN_POINT('',(-0.0375,0.014929885028456,0.004));
#9066=CARTESIAN_POINT('',(0.0470645832061613,0.014927885028456,0.002));
#9067=CARTESIAN_POINT('',(0.0470645832061613,-0.023915621728443,0.002));
#9068=CARTESIAN_POINT('',(0.0467456031197533,0.014927885028456,0.002));
#9069=CARTESIAN_POINT('',(0.0467456031197533,-0.023915621728443,0.002));
#9070=CARTESIAN_POINT('',(0.0463335321307988,0.014927885028456,0.00210282622455155));
#9071=CARTESIAN_POINT('',(0.0463335321307989,-0.023915621728443,0.00210282622455155));
#9072=CARTESIAN_POINT('',(0.0456645512714316,0.014927885028456,0.00256959884712164));
#9073=CARTESIAN_POINT('',(0.0456645512714316,-0.023915621728443,0.00256959884712164));
#9074=CARTESIAN_POINT('',(0.0448597961275287,0.014927885028456,0.0035883642132799));
#9075=CARTESIAN_POINT('',(0.0448597961275287,-0.023915621728443,0.0035883642132799));
#9076=CARTESIAN_POINT('',(0.0440168691894416,0.0149278850284561,0.00499511203169094));
#9077=CARTESIAN_POINT('',(0.0440168691894416,-0.023915621728443,0.00499511203169094));
#9078=CARTESIAN_POINT('',(0.0430664367763734,0.014927885028456,0.0065883642132799));
#9079=CARTESIAN_POINT('',(0.0430664367763734,-0.023915621728443,0.0065883642132799));
#9080=CARTESIAN_POINT('',(0.0418536626502267,0.014927885028456,0.00819459884712165));
#9081=CARTESIAN_POINT('',(0.0418536626502268,-0.023915621728443,0.00819459884712165));
#9082=CARTESIAN_POINT('',(0.0400567744017554,0.014927885028456,0.00960282622455154));
#9083=CARTESIAN_POINT('',(0.0400567744017554,-0.023915621728443,0.00960282622455154));
#9084=CARTESIAN_POINT('',(0.0383765928143622,0.014927885028456,0.01));
#9085=CARTESIAN_POINT('',(0.0383765928143622,-0.023915621728443,0.01));
#9086=CARTESIAN_POINT('',(0.0375,0.014927885028456,0.01));
#9087=CARTESIAN_POINT('',(0.0375,-0.023915621728443,0.01));
#9088=CARTESIAN_POINT('',(0.0375,0.014929885028456,0.01));
#9089=CARTESIAN_POINT('',(0.0447905409308993,-0.00990453812068782,0.0037468200176924));
#9090=CARTESIAN_POINT('',(0.0446085333781105,-0.0098291481238684,0.0040207775009002));
#9091=CARTESIAN_POINT('',(0.0442745216556249,-0.0096319155925183,0.00456261943728108));
#9092=CARTESIAN_POINT('',(0.043891150694188,-0.00921602637555583,0.00520776785125447));
#9093=CARTESIAN_POINT('',(0.0436524750163248,-0.00872314355338607,0.00560353003883747));
#9094=CARTESIAN_POINT('',(0.0435044726192003,-0.0080837077933724,0.00584438108108088));
#9095=CARTESIAN_POINT('',(0.0435977767343933,-0.00755787376110189,0.00569349644485644));
#9096=CARTESIAN_POINT('',(0.0437081487306048,-0.00729141219093991,0.0055110019560596));
#9097=CARTESIAN_POINT('',(0.0440908321629719,-0.00636753265842377,0.00487263128315336));
#9098=CARTESIAN_POINT('',(0.0442086348580967,-0.00608313179416947,0.00467598673371166));
#9099=CARTESIAN_POINT('',(0.0445147543382254,-0.00567396879864995,0.00416382172735073));
#9100=CARTESIAN_POINT('',(0.0450651229065956,-0.00529520923667983,0.00332406440690066));
#9101=CARTESIAN_POINT('',(0.0457342748459028,-0.00509064023513557,0.00248580801381492));
#9102=CARTESIAN_POINT('',(0.0463723265646424,-0.00514777418148918,0.00209564285276057));
#9103=CARTESIAN_POINT('',(0.0467039580927247,-0.00528514045813139,0.00203221395218493));
#9104=CARTESIAN_POINT('',(0.0375,0.014929885028456,0.004));
#9105=CARTESIAN_POINT('',(0.0470645832061613,0.010927885028456,0.));
#9106=CARTESIAN_POINT('',(0.0470645832061613,-0.023891621728443,0.));
#9107=CARTESIAN_POINT('',(0.0422822916030806,0.010927885028456,0.));
#9108=CARTESIAN_POINT('',(0.0422822916030806,-0.023891621728443,0.));
#9109=CARTESIAN_POINT('',(0.0422822916030807,0.010927885028456,0.008));
#9110=CARTESIAN_POINT('',(0.0422822916030807,-0.023891621728443,0.008));
#9111=CARTESIAN_POINT('',(0.0375,0.010927885028456,0.008));
#9112=CARTESIAN_POINT('',(0.0375,-0.023891621728443,0.008));
#9113=CARTESIAN_POINT('',(0.0470645832061613,-0.0157371403219534,0.));
#9114=CARTESIAN_POINT('',(0.0465770026468377,-0.0161478739673134,0.));
#9115=CARTESIAN_POINT('',(0.0457428152839043,-0.0166491397642863,0.000146203060115444));
#9116=CARTESIAN_POINT('',(0.0447697473740113,-0.0172782855760784,0.000739842618635569));
#9117=CARTESIAN_POINT('',(0.043949498252338,-0.0179188736035267,0.00148076768757056));
#9118=CARTESIAN_POINT('',(0.0431031874133991,-0.0187004248782742,0.00261850978801111));
#9119=CARTESIAN_POINT('',(0.042224448301273,-0.0195463339472156,0.00410075871907255));
#9120=CARTESIAN_POINT('',(0.0413326850772977,-0.02040332932516,0.00558070507386142));
#9121=CARTESIAN_POINT('',(0.0403116166214586,-0.0213794720443274,0.00687939299166884));
#9122=CARTESIAN_POINT('',(0.0390746719573367,-0.0225710333977644,0.00778040266119509));
#9123=CARTESIAN_POINT('',(0.038049950551701,-0.0233614738621849,0.008));
#9124=CARTESIAN_POINT('',(0.0375,-0.0236839507139883,0.008));
#9125=CARTESIAN_POINT('',(0.0375,-0.0236839507139883,0.008));
#9126=CARTESIAN_POINT('',(0.0375,0.014929885028456,0.008));
#9127=CARTESIAN_POINT('',(0.0375,0.010927885028456,0.008));
#9128=CARTESIAN_POINT('',(0.0375,0.010927885028456,0.008));
#9129=CARTESIAN_POINT('',(0.0380413186557112,0.010927885028456,0.008));
#9130=CARTESIAN_POINT('',(0.039141600374206,0.010927885028456,0.00777323230483084));
#9131=CARTESIAN_POINT('',(0.0404482992703787,0.010927885028456,0.00674116995710196));
#9132=CARTESIAN_POINT('',(0.0414206259545094,0.010927885028456,0.00543835524104623));
#9133=CARTESIAN_POINT('',(0.0422640970338505,0.010927885028456,0.00403136984618155));
#9134=CARTESIAN_POINT('',(0.0431034863460613,0.010927885028456,0.00262560943351551));
#9135=CARTESIAN_POINT('',(0.0440697580314498,0.010927885028456,0.00130647454768922));
#9136=CARTESIAN_POINT('',(0.0453957213499025,0.010927885028456,0.000236028463942705));
#9137=CARTESIAN_POINT('',(0.0465048839120904,0.010927885028456,0.));
#9138=CARTESIAN_POINT('',(0.0470645832061613,0.010927885028456,0.));
#9139=CARTESIAN_POINT('',(0.0375,0.014929885028456,0.004));
#9140=CARTESIAN_POINT('',(0.0375,-0.0236839507139883,0.008));
#9141=CARTESIAN_POINT('',(0.0370620494180455,-0.0239466360835959,0.008));
#9142=CARTESIAN_POINT('',(0.0361600897700809,-0.024406515441035,0.00785739831910301));
#9143=CARTESIAN_POINT('',(0.0344237465597853,-0.0249854447361923,0.00688818304418156));
#9144=CARTESIAN_POINT('',(0.0336384805064018,-0.025056296613638,0.00546151966349608));
#9145=CARTESIAN_POINT('',(0.0335247680400004,-0.0250693140627732,0.00444444444444444));
#9146=CARTESIAN_POINT('',(0.0335247680400004,-0.0250693140627732,0.00444444444444444));
#9147=CARTESIAN_POINT('',(0.0335247680400004,0.014929885028456,0.00444444444444444));
#9148=CARTESIAN_POINT('',(0.0335247680400004,0.010927885028456,0.00444444444444444));
#9149=CARTESIAN_POINT('',(0.0375,0.010927885028456,0.004));
#9150=CARTESIAN_POINT('',(-1.58320930198436E-18,0.012927885028456,0.004));
#9151=CARTESIAN_POINT('',(0.0285557280900008,0.012927885028456,0.005));
#9152=CARTESIAN_POINT('',(0.0355123840200001,0.012927885028456,0.00422222222222223));
#9153=CARTESIAN_POINT('',(0.0348802834103376,0.012927885028456,0.002));
#9154=CARTESIAN_POINT('',(-1.58320930198436E-18,0.012927885028456,0.002));
#9155=CARTESIAN_POINT('',(0.0411576371447257,0.012927885028456,0.002));
#9156=CARTESIAN_POINT('',(0.0411576371447257,0.012927885028456,0.002));
#9157=CARTESIAN_POINT('',(0.0409076795830567,0.012927885028456,0.00239793842107633));
#9158=CARTESIAN_POINT('',(0.0404303111713796,0.012927885028456,0.0032070627660524));
#9159=CARTESIAN_POINT('',(0.0396938166274413,0.012927885028456,0.00441219993731904));
#9160=CARTESIAN_POINT('',(0.0389903997612001,0.012927885028456,0.00534919772232295));
#9161=CARTESIAN_POINT('',(0.0382120415292631,0.012927885028456,0.00591729064967103));
#9162=CARTESIAN_POINT('',(0.0377379018709627,0.012927885028456,0.006));
#9163=CARTESIAN_POINT('',(0.0375,0.012927885028456,0.006));
#9164=CARTESIAN_POINT('',(0.0375,0.012927885028456,0.006));
#9165=CARTESIAN_POINT('',(0.0375,0.012927885028456,0.004));
#9166=CARTESIAN_POINT('',(-1.58320930198436E-18,0.012927885028456,0.004));
#9167=CARTESIAN_POINT('',(-0.0375,0.012927885028456,0.006));
#9168=CARTESIAN_POINT('',(-0.0377379018709627,0.012927885028456,0.006));
#9169=CARTESIAN_POINT('',(-0.038212041529263,0.012927885028456,0.00591729064967102));
#9170=CARTESIAN_POINT('',(-0.0389903997612001,0.012927885028456,0.00534919772232294));
#9171=CARTESIAN_POINT('',(-0.0396938166274412,0.012927885028456,0.00441219993731904));
#9172=CARTESIAN_POINT('',(-0.0404303111713796,0.012927885028456,0.0032070627660524));
#9173=CARTESIAN_POINT('',(-0.0409076795830567,0.012927885028456,0.00239793842107633));
#9174=CARTESIAN_POINT('',(-0.0411576371447257,0.012927885028456,0.002));
#9175=CARTESIAN_POINT('',(-0.0375,0.012927885028456,0.006));
#9176=CARTESIAN_POINT('',(-0.0411576371447257,0.012927885028456,0.002));
#9177=CARTESIAN_POINT('',(-1.58320930198436E-18,0.012927885028456,0.002));
#9178=CARTESIAN_POINT('',(-0.0348802834103376,0.012927885028456,0.002));
#9179=CARTESIAN_POINT('',(-0.0285557280900008,0.012927885028456,0.005));
#9180=CARTESIAN_POINT('',(-0.0355123840200002,0.012927885028456,0.00422222222222223));
#9181=CARTESIAN_POINT('',(-0.0375,0.012927885028456,0.004));
#9182=CARTESIAN_POINT('',(0.00584999999999929,0.0292999999999996,0.002002));
#9183=CARTESIAN_POINT('',(0.00709999999999929,0.0292999999999996,0.002002));
#9184=CARTESIAN_POINT('',(0.00459999999999929,0.0292999999999996,0.002002));
#9185=CARTESIAN_POINT('',(0.00459999999999929,0.0320499999999996,0.002002));
#9186=CARTESIAN_POINT('',(0.00459999999999929,0.0347999999999997,0.002002));
#9187=CARTESIAN_POINT('',(0.00584999999999929,0.0347999999999997,0.002002));
#9188=CARTESIAN_POINT('',(0.00709999999999929,0.0347999999999997,0.002002));
#9189=CARTESIAN_POINT('',(0.00709999999999929,0.0320499999999996,0.002002));
#9190=CARTESIAN_POINT('',(-0.00459999999999929,0.0320499999999996,0.002002));
#9191=CARTESIAN_POINT('',(-0.00459999999999929,0.0347999999999997,0.002002));
#9192=CARTESIAN_POINT('',(-0.00459999999999929,0.0292999999999996,0.002002));
#9193=CARTESIAN_POINT('',(-0.00584999999999929,0.0347999999999997,0.002002));
#9194=CARTESIAN_POINT('',(-0.00709999999999929,0.0347999999999997,0.002002));
#9195=CARTESIAN_POINT('',(-0.00584999999999929,0.0292999999999996,0.002002));
#9196=CARTESIAN_POINT('',(-0.00709999999999929,0.0292999999999996,0.002002));
#9197=CARTESIAN_POINT('',(-0.00709999999999929,0.0320499999999996,0.002002));
#9198=CARTESIAN_POINT('',(-0.000129999999998499,0.0155699999999997,0.002002));
#9199=CARTESIAN_POINT('',(-0.00562999999999774,0.0155699999999997,0.002002));
#9200=CARTESIAN_POINT('',(0.00537000000000074,0.0155699999999997,0.002002));
#9201=CARTESIAN_POINT('',(0.00537000000000074,0.0143499999999993,0.002002));
#9202=CARTESIAN_POINT('',(0.00537000000000074,0.0131299999999989,0.002002));
#9203=CARTESIAN_POINT('',(0.00537000000000074,0.0131299999999989,0.002));
#9204=CARTESIAN_POINT('',(0.00537000000000074,0.0143499999999993,0.002));
#9205=CARTESIAN_POINT('',(-0.000129999999998498,0.0131299999999989,0.002002));
#9206=CARTESIAN_POINT('',(-0.00562999999999774,0.0131299999999989,0.002002));
#9207=CARTESIAN_POINT('',(-0.00562999999999774,0.0131299999999989,0.002));
#9208=CARTESIAN_POINT('',(-0.000129999999998498,0.0131299999999989,0.002));
#9209=CARTESIAN_POINT('',(-0.00562999999999774,0.0143499999999993,0.002002));
#9210=CARTESIAN_POINT('',(-0.00562999999999774,0.0143499999999993,0.002));
#9211=CARTESIAN_POINT('',(-6.93889390390723E-18,0.0064,0.002));
#9212=CARTESIAN_POINT('',(0.0428994915908009,0.00263546643283175,0.0191417066305674));
#9213=CARTESIAN_POINT('',(0.0428994915908009,0.00263546643283176,0.0191417066305674));
#9214=CARTESIAN_POINT('',(0.0428994915908009,0.00263546643283176,0.0191417066305674));
#9215=CARTESIAN_POINT('',(0.0428994915908009,0.00263546643283176,0.0191397066305674));
#9216=CARTESIAN_POINT('',(0.0428994915908009,0.00263546643283176,0.0191397066305674));
#9217=CARTESIAN_POINT('',(0.0285557280900008,0.014929885028456,0.005));
#9218=CARTESIAN_POINT('',(0.0335247680400004,-0.0250693140627732,0.00444444444444444));
#9219=CARTESIAN_POINT('',(0.0335096158631497,-0.0250700078923864,0.00430891925466351));
#9220=CARTESIAN_POINT('',(0.0334889540051546,-0.0250709486404036,0.0041742410488196));
#9221=CARTESIAN_POINT('',(0.0334627828424433,-0.0250721178799219,0.00404040964128849));
#9222=CARTESIAN_POINT('',(0.0334627828424433,-0.0250721178799219,0.00404040964128849));
#9223=CARTESIAN_POINT('',(0.0285557280900008,-0.022127885028456,0.005));
#9224=CARTESIAN_POINT('',(0.0285557280900008,0.010927885028456,0.005));
#9225=CARTESIAN_POINT('',(-3.44523559525299E-18,-0.022127885028456,0.005));
#9226=CARTESIAN_POINT('',(0.0285557280900008,-0.022127885028456,0.005));
#9227=CARTESIAN_POINT('',(-0.0285557280900008,-0.022127885028456,0.005));
#9228=CARTESIAN_POINT('',(-0.0285557280900008,0.014929885028456,0.005));
#9229=CARTESIAN_POINT('',(-0.0285557280900008,-0.022127885028456,0.005));
#9230=CARTESIAN_POINT('',(-0.0334627828424433,-0.0250721178799219,0.00404040964128866));
#9231=CARTESIAN_POINT('',(-0.0334627828424433,-0.0250721178799219,0.00404040964128866));
#9232=CARTESIAN_POINT('',(-0.0334889540051546,-0.0250709486404036,0.00417424104881971));
#9233=CARTESIAN_POINT('',(-0.0335096158631497,-0.0250700078923864,0.00430891925466357));
#9234=CARTESIAN_POINT('',(-0.0335247680400004,-0.0250693140627732,0.00444444444444444));
#9235=CARTESIAN_POINT('',(-0.0285557280900008,0.010927885028456,0.005));
#9236=CARTESIAN_POINT('',(-0.0472,0.0064,0.005));
#9237=CARTESIAN_POINT('',(-0.0472,-0.0155203351699485,0.));
#9238=CARTESIAN_POINT('',(-0.0479971156056829,-0.0147437223050529,-2.13983040329963E-19));
#9239=CARTESIAN_POINT('',(-0.04945058723497,-0.0130902101729596,0.000372536081169525));
#9240=CARTESIAN_POINT('',(-0.0510427612926208,-0.0104181001004141,0.00161864012802805));
#9241=CARTESIAN_POINT('',(-0.0519798485603218,-0.00773406508336919,0.00319861438054613));
#9242=CARTESIAN_POINT('',(-0.0522,-0.00585625169655637,0.00440371650392247));
#9243=CARTESIAN_POINT('',(-0.0522,-0.00492788502845605,0.005));
#9244=CARTESIAN_POINT('',(-0.0472,0.027927885028456,0.005));
#9245=CARTESIAN_POINT('',(-0.0402,0.027927885028456,0.005));
#9246=CARTESIAN_POINT('',(-0.0402,0.034927885028456,0.005));
#9247=CARTESIAN_POINT('',(-0.0402,0.034927885028456,0.005));
#9248=CARTESIAN_POINT('',(-6.93889390390723E-18,0.034927885028456,0.005));
#9249=CARTESIAN_POINT('',(0.0168,0.034927885028456,0.005));
#9250=CARTESIAN_POINT('',(0.0402,0.034927885028456,0.005));
#9251=CARTESIAN_POINT('',(-0.0168,0.034927885028456,0.005));
#9252=CARTESIAN_POINT('',(0.0402,0.027927885028456,0.005));
#9253=CARTESIAN_POINT('',(0.0402,0.034927885028456,0.005));
#9254=CARTESIAN_POINT('',(0.0472,0.027927885028456,0.005));
#9255=CARTESIAN_POINT('',(0.0472,0.0064,0.005));
#9256=CARTESIAN_POINT('',(0.0472,-0.0155203351699484,0.));
#9257=CARTESIAN_POINT('',(0.0479971156056829,-0.0147437223050529,-4.27966080659922E-19));
#9258=CARTESIAN_POINT('',(0.04945058723497,-0.0130902101729632,0.000372536081175207));
#9259=CARTESIAN_POINT('',(0.0510427612926208,-0.0104181001004013,0.0016186401280082));
#9260=CARTESIAN_POINT('',(0.0519798485603219,-0.00773406508341651,0.00319861438061985));
#9261=CARTESIAN_POINT('',(0.0522,-0.00585625169645442,0.00440371650376376));
#9262=CARTESIAN_POINT('',(0.0522,-0.00492788502845604,0.005));
#9263=CARTESIAN_POINT('',(0.0482,0.027777885028456,0.248967621135331));
#9264=CARTESIAN_POINT('',(0.0482,0.0150778850284561,0.02445));
#9265=CARTESIAN_POINT('',(0.0482,-0.00374003690541854,0.248967621135331));
#9266=CARTESIAN_POINT('',(0.0464334189144748,-0.0127498248633937,0.02445));
#9267=CARTESIAN_POINT('',(0.0459385912279945,-0.00713289952315396,0.248967621135331));
#9268=CARTESIAN_POINT('',(0.0455559077956294,-0.00805677905566525,0.248967621135331));
#9269=CARTESIAN_POINT('',(-0.0482,0.027777885028456,0.02445));
#9270=CARTESIAN_POINT('',(-0.0482,0.0150778850284561,0.248967621135331));
#9271=CARTESIAN_POINT('',(-0.0464334189144748,-0.0127498248633938,0.02445));
#9272=CARTESIAN_POINT('',(-0.0455559077956294,-0.00805677905566525,0.248967621135331));
#9273=CARTESIAN_POINT('',(-0.0482,-0.00374003690541854,0.02445));
#9274=CARTESIAN_POINT('',(-0.0459385912279945,-0.00713289952315396,0.248967621135331));
#9275=CARTESIAN_POINT('',(-0.01765,0.0440278850284561,-0.237367621135331));
#9276=CARTESIAN_POINT('',(-0.0161241096361845,0.0494680158907548,0.01245));
#9277=CARTESIAN_POINT('',(-0.0175236887246076,0.0444782121842029,0.0222531555618628));
#9278=CARTESIAN_POINT('',(-0.0177763112753924,0.0435775578727092,0.0217399141189595));
#9279=CARTESIAN_POINT('',(-0.0177763112753924,0.0435775578727092,0.02445));
#9280=CARTESIAN_POINT('',(-0.0175236887246076,0.0444782121842029,0.0233680606918956));
#9281=CARTESIAN_POINT('',(0.01765,0.0440278850284561,-0.237367621135331));
#9282=CARTESIAN_POINT('',(0.0177763112753924,0.0435775578727092,0.0214));
#9283=CARTESIAN_POINT('',(0.0177763112753924,0.0435775578727092,0.0217399141189595));
#9284=CARTESIAN_POINT('',(0.0161241096361845,0.0494680158907548,0.01245));
#9285=CARTESIAN_POINT('',(0.0175236887246076,0.0444782121842029,0.0222531555618628));
#9286=CARTESIAN_POINT('',(0.0175236887246076,0.0444782121842029,0.02445));
#9287=CARTESIAN_POINT('',(0.,0.0481278850284561,-0.237367621135331));
#9288=CARTESIAN_POINT('',(0.0127094788649886,0.0481278850284561,0.0233680606918956));
#9289=CARTESIAN_POINT('',(0.0127094788649886,0.0481278850284561,0.0230876689175777));
#9290=CARTESIAN_POINT('',(3.11598555929055E-17,0.0481278850284561,0.0230876689175777));
#9291=CARTESIAN_POINT('',(-0.0127094788649886,0.0481278850284561,0.0230876689175777));
#9292=CARTESIAN_POINT('',(-0.0127094788649886,0.0481278850284561,0.02445));
#9293=CARTESIAN_POINT('',(3.46944695195361E-18,0.046127885028456,0.023448));
#9294=CARTESIAN_POINT('',(-0.0185,0.0278778850284561,0.02145));
#9295=CARTESIAN_POINT('',(-0.0185,0.0278778850284561,0.02145));
#9296=CARTESIAN_POINT('',(-0.0185,0.017827885028456,0.02145));
#9297=CARTESIAN_POINT('',(-0.0185,0.017827885028456,0.02145));
#9298=CARTESIAN_POINT('',(-0.01155,0.017827885028456,0.02145));
#9299=CARTESIAN_POINT('',(-0.01155,0.017827885028456,0.02345));
#9300=CARTESIAN_POINT('',(-0.0086,0.017827885028456,0.02345));
#9301=CARTESIAN_POINT('',(-0.01155,0.017827885028456,0.02145));
#9302=CARTESIAN_POINT('',(-0.0086,0.017827885028456,0.02145));
#9303=CARTESIAN_POINT('',(-0.0086,0.017827885028456,0.02145));
#9304=CARTESIAN_POINT('',(-0.0086,0.020827885028456,0.02145));
#9305=CARTESIAN_POINT('',(-0.0086,0.020827885028456,0.02345));
#9306=CARTESIAN_POINT('',(-0.0086,0.0238278850284561,0.02345));
#9307=CARTESIAN_POINT('',(-0.0086,0.020827885028456,0.02145));
#9308=CARTESIAN_POINT('',(-0.0086,0.0238278850284561,0.02145));
#9309=CARTESIAN_POINT('',(-0.0086,0.0238278850284561,0.02145));
#9310=CARTESIAN_POINT('',(-0.01155,0.0238278850284561,0.02145));
#9311=CARTESIAN_POINT('',(-0.01155,0.0238278850284561,0.02345));
#9312=CARTESIAN_POINT('',(-0.01155,0.0238278850284561,0.02145));
#9313=CARTESIAN_POINT('',(2.56619438342776E-18,0.031977885028456,0.02145));
#9314=CARTESIAN_POINT('',(2.80546658701077E-18,0.031977885028456,0.02345));
#9315=CARTESIAN_POINT('',(-0.01155,0.020827885028456,0.02345));
#9316=CARTESIAN_POINT('',(-0.01055,0.020827885028456,0.02345));
#9317=CARTESIAN_POINT('',(0.0185,0.0278778850284561,0.02145));
#9318=CARTESIAN_POINT('',(0.0185,0.017827885028456,0.02145));
#9319=CARTESIAN_POINT('',(0.0185,0.017827885028456,0.02145));
#9320=CARTESIAN_POINT('',(0.0185,0.0278778850284561,0.02145));
#9321=CARTESIAN_POINT('',(2.56619438342776E-18,0.031977885028456,0.02145));
#9322=CARTESIAN_POINT('',(0.0165,0.017827885028456,0.02145));
#9323=CARTESIAN_POINT('',(0.0086,0.017827885028456,0.02145));
#9324=CARTESIAN_POINT('',(0.0086,0.020827885028456,0.02145));
#9325=CARTESIAN_POINT('',(0.0086,0.0238278850284561,0.02145));
#9326=CARTESIAN_POINT('',(0.01155,0.0238278850284561,0.02145));
#9327=CARTESIAN_POINT('',(0.01155,0.0238278850284561,0.02145));
#9328=CARTESIAN_POINT('',(0.0086,0.0238278850284561,0.02145));
#9329=CARTESIAN_POINT('',(0.0086,0.020827885028456,0.02145));
#9330=CARTESIAN_POINT('',(0.0086,0.017827885028456,0.02145));
#9331=CARTESIAN_POINT('',(0.0165,0.017827885028456,0.02145));
#9332=CARTESIAN_POINT('',(-0.01155,0.020827885028456,0.02445));
#9333=CARTESIAN_POINT('',(-0.01155,0.020827885028456,0.02445));
#9334=CARTESIAN_POINT('',(-0.01055,0.020827885028456,0.02445));
#9335=CARTESIAN_POINT('',(2.92510268880227E-18,0.032977885028456,0.02445));
#9336=CARTESIAN_POINT('',(-0.01155,0.043927885028456,0.02445));
#9337=CARTESIAN_POINT('',(-0.01155,0.043927885028456,0.02445));
#9338=CARTESIAN_POINT('',(-0.01055,0.043927885028456,0.02445));
#9339=CARTESIAN_POINT('',(2.92510268880227E-18,0.032977885028456,0.02445));
#9340=CARTESIAN_POINT('',(0.01155,0.043927885028456,0.02445));
#9341=CARTESIAN_POINT('',(0.01155,0.043927885028456,0.02445));
#9342=CARTESIAN_POINT('',(0.01255,0.043927885028456,0.02445));
#9343=CARTESIAN_POINT('',(2.92510268880227E-18,0.032977885028456,0.02445));
#9344=CARTESIAN_POINT('',(0.01155,0.020827885028456,0.02445));
#9345=CARTESIAN_POINT('',(0.01155,0.020827885028456,0.02445));
#9346=CARTESIAN_POINT('',(0.01255,0.020827885028456,0.02445));
#9347=CARTESIAN_POINT('',(2.92510268880227E-18,0.032977885028456,0.02445));
#9348=CARTESIAN_POINT('',(0.0168,0.034927885028456,0.005));
#9349=CARTESIAN_POINT('',(0.0168,0.0379278850284561,0.005));
#9350=CARTESIAN_POINT('',(-0.0168,0.034927885028456,0.005));
#9351=CARTESIAN_POINT('',(-0.0168,0.0379278850284561,0.005));
#9352=CARTESIAN_POINT('',(0.0168,0.0379278850284561,0.0117));
#9353=CARTESIAN_POINT('',(0.0168,0.0379278850284561,0.01245));
#9354=CARTESIAN_POINT('',(-0.0168,0.0379278850284561,0.02445));
#9355=CARTESIAN_POINT('',(-0.0168,0.0379278850284561,0.01245));
#9356=CARTESIAN_POINT('',(0.0168,0.048927885028456,0.01245));
#9357=CARTESIAN_POINT('',(0.0178604878533573,0.0411252165806364,0.017518386777797));
#9358=CARTESIAN_POINT('',(0.0175452957669134,0.0412787283532621,0.0173928478097394));
#9359=CARTESIAN_POINT('',(0.0171706756574628,0.041354022655317,0.0173118287639607));
#9360=CARTESIAN_POINT('',(0.0168,0.0413391030559052,0.0172884282750794));
#9361=CARTESIAN_POINT('',(0.0178604878533573,0.0411252165806364,0.0175183867777971));
#9362=CARTESIAN_POINT('',(0.0178604878533573,0.0411252165806364,0.0175183867777971));
#9363=CARTESIAN_POINT('',(0.0179210858506996,0.0410957028130335,0.0175425225679387));
#9364=CARTESIAN_POINT('',(0.0180208211888354,0.0410808855636943,0.0176498753614563));
#9365=CARTESIAN_POINT('',(0.0181706027997453,0.0410874298508317,0.0178837662772941));
#9366=CARTESIAN_POINT('',(0.0183193656963003,0.0411235561563309,0.0181999560941319));
#9367=CARTESIAN_POINT('',(0.0184644406150961,0.0411781457022203,0.0185859425830945));
#9368=CARTESIAN_POINT('',(0.0186222924256433,0.0412603146013463,0.0191087583789552));
#9369=CARTESIAN_POINT('',(0.0187596388774326,0.0413750552528082,0.0197773957603531));
#9370=CARTESIAN_POINT('',(0.0188,0.0414811070372275,0.0203257441697995));
#9371=CARTESIAN_POINT('',(0.0188,0.0415389112113715,0.0205988076385713));
#9372=CARTESIAN_POINT('',(-0.0168,0.048927885028456,0.01245));
#9373=CARTESIAN_POINT('',(-0.0188,0.0415389112113715,0.0205988076385713));
#9374=CARTESIAN_POINT('',(-0.0188,0.0414809524648777,0.0203250139792447));
#9375=CARTESIAN_POINT('',(-0.018759919961592,0.0413759444457245,0.0197819540991936));
#9376=CARTESIAN_POINT('',(-0.0186240071009484,0.0412613385647173,0.0191150760264269));
#9377=CARTESIAN_POINT('',(-0.0184648387654508,0.0411782599337754,0.0185868294882995));
#9378=CARTESIAN_POINT('',(-0.0183186540910746,0.0411233045382633,0.0181981472753177));
#9379=CARTESIAN_POINT('',(-0.0181695774667459,0.0410872520040014,0.017881811542362));
#9380=CARTESIAN_POINT('',(-0.0180198245437053,0.0410809491723455,0.0176486083087682));
#9381=CARTESIAN_POINT('',(-0.0179206923075693,0.0410958944850524,0.0175423658222569));
#9382=CARTESIAN_POINT('',(-0.0178604878533573,0.0411252165806364,0.017518386777797));
#9383=CARTESIAN_POINT('',(-0.0178604878533573,0.0411252165806364,0.0175183867777971));
#9384=CARTESIAN_POINT('',(-0.0178604878533574,0.0411252165806363,0.0175183867777969));
#9385=CARTESIAN_POINT('',(-0.0175452957669135,0.041278728353262,0.0173928478097392));
#9386=CARTESIAN_POINT('',(-0.0171706756574634,0.0413540226553123,0.0173118287639533));
#9387=CARTESIAN_POINT('',(-0.0168,0.0413391030559052,0.0172884282750793));
#9388=CARTESIAN_POINT('',(0.0175236887246076,0.0444782121842028,0.0222531555618628));
#9389=CARTESIAN_POINT('',(0.017313525923483,0.0452274882577776,0.0206652880233039));
#9390=CARTESIAN_POINT('',(0.01559800478076,0.044845318359459,0.0204707636415241));
#9391=CARTESIAN_POINT('',(0.0180221954364636,0.042700927385412,0.0213485180478882));
#9392=CARTESIAN_POINT('',(0.0177371127672234,0.0437173090757063,0.0199821810547495));
#9393=CARTESIAN_POINT('',(0.0160965114926105,0.043391176251344,0.0197306056755368));
#9394=CARTESIAN_POINT('',(0.018449330628823,0.0411780975691741,0.0199502909616839));
#9395=CARTESIAN_POINT('',(0.0181201836475974,0.0423515781109829,0.0188381233004513));
#9396=CARTESIAN_POINT('',(0.0165236466849864,0.0421452245835253,0.0185866016959261));
#9397=CARTESIAN_POINT('',(0.0187446007733271,0.0401253953148549,0.0182564998729677));
#9398=CARTESIAN_POINT('',(0.0183853101749186,0.041406344404833,0.0173977482882628));
#9399=CARTESIAN_POINT('',(0.0168189168294795,0.0412839227390834,0.0172007726233372));
#9400=CARTESIAN_POINT('',(0.0177763112753924,0.0435775578727092,0.0217399141189595));
#9401=CARTESIAN_POINT('',(0.0180202461432997,0.0427078770393006,0.0203761032550926));
#9402=CARTESIAN_POINT('',(0.0179562087785259,0.0418079719889088,0.0190003500912504));
#9403=CARTESIAN_POINT('',(0.0178604878533573,0.0411252165806364,0.0175183867777971));
#9404=CARTESIAN_POINT('',(0.01559800478076,0.0439380813219041,0.0222531555618628));
#9405=CARTESIAN_POINT('',(-0.0187446007733271,0.0401253953148549,0.0182564998729677));
#9406=CARTESIAN_POINT('',(-0.0183853101749186,0.041406344404833,0.0173977482882628));
#9407=CARTESIAN_POINT('',(-0.0168189168294795,0.0412839227390834,0.0172007726233372));
#9408=CARTESIAN_POINT('',(-0.0184493306288193,0.0411780975691872,0.0199502909616902));
#9409=CARTESIAN_POINT('',(-0.0181201836475799,0.0423515781109721,0.0188381233004731));
#9410=CARTESIAN_POINT('',(-0.0165236466849767,0.0421452245835275,0.0185866016959297));
#9411=CARTESIAN_POINT('',(-0.0180221954364592,0.0427009273854273,0.021348518047886));
#9412=CARTESIAN_POINT('',(-0.017737112767222,0.0437173090757727,0.0199821810547591));
#9413=CARTESIAN_POINT('',(-0.0160965114926135,0.0433911762513673,0.0197306056755487));
#9414=CARTESIAN_POINT('',(-0.0175236887246076,0.0444782121842028,0.0222531555618628));
#9415=CARTESIAN_POINT('',(-0.0173135259234829,0.0452274882577776,0.0206652880233039));
#9416=CARTESIAN_POINT('',(-0.01559800478076,0.044845318359459,0.0204707636415241));
#9417=CARTESIAN_POINT('',(-0.0178604878533573,0.0411252165806364,0.0175183867777971));
#9418=CARTESIAN_POINT('',(-0.0179562087785259,0.0418079719889088,0.0190003500912504));
#9419=CARTESIAN_POINT('',(-0.0180202461432997,0.0427078770393007,0.0203761032550926));
#9420=CARTESIAN_POINT('',(-0.0177763112753925,0.0435775578727093,0.0217399141189595));
#9421=CARTESIAN_POINT('',(-0.01559800478076,0.0439380813219042,0.0222531555618628));
#9422=CARTESIAN_POINT('',(-0.00100314927101136,0.046127885028456,0.0230876689175777));
#9423=CARTESIAN_POINT('',(0.0127094788649886,0.046127885028456,0.0230876689175777));
#9424=CARTESIAN_POINT('',(-0.0127094788649886,0.046127885028456,0.0230876689175777));
#9425=CARTESIAN_POINT('',(0.0472,-0.0155203351699484,0.));
#9426=CARTESIAN_POINT('',(0.0489029702970297,-0.0165690926097001,0.));
#9427=CARTESIAN_POINT('',(0.0489029702970297,-0.0165690926097001,0.002));
#9428=CARTESIAN_POINT('',(0.0480563730249616,-0.0146859890537559,-7.66301661374093E-19));
#9429=CARTESIAN_POINT('',(0.0495170794019532,-0.0155719034344579,0.000271852397373326));
#9430=CARTESIAN_POINT('',(0.0494676677579317,-0.0156521379676888,0.00200000000883559));
#9431=CARTESIAN_POINT('',(0.0495273263564355,-0.0129862356865423,0.000412115043249686));
#9432=CARTESIAN_POINT('',(0.0505014558906223,-0.0136482444575438,0.000954928600175261));
#9433=CARTESIAN_POINT('',(0.0504376231217568,-0.0137840921870937,0.00224726902184757));
#9434=CARTESIAN_POINT('',(0.0510926110999518,-0.0103089426124803,0.0016781878157987));
#9435=CARTESIAN_POINT('',(0.0515130125242085,-0.0106763861308565,0.00223627328598373));
#9436=CARTESIAN_POINT('',(0.0514697811808701,-0.0108417205911637,0.00300691269058368));
#9437=CARTESIAN_POINT('',(0.051994735539409,-0.0076497631263905,0.00325243872008662));
#9438=CARTESIAN_POINT('',(0.0520738079939058,-0.00781715937736596,0.00358576463914624));
#9439=CARTESIAN_POINT('',(0.0520646473952621,-0.0079192560073548,0.00395146323173638));
#9440=CARTESIAN_POINT('',(0.0522,-0.00582861909543725,0.0044214648589246));
#9441=CARTESIAN_POINT('',(0.0522000000000022,-0.0058732098947325,0.00453717188523019));
#9442=CARTESIAN_POINT('',(0.0522,-0.00591780068622775,0.00465287891535484));
#9443=CARTESIAN_POINT('',(0.0522,-0.00492788502845603,0.005));
#9444=CARTESIAN_POINT('',(0.0522,-0.00492788502845603,0.005));
#9445=CARTESIAN_POINT('',(0.0522,-0.00492788502845603,0.005));
#9446=CARTESIAN_POINT('',(0.0472,-0.0155203351699484,0.002));
#9447=CARTESIAN_POINT('',(0.03,-0.00492788502845603,0.002));
#9448=CARTESIAN_POINT('',(0.0470645832061613,-0.0157371403219533,0.002));
#9449=CARTESIAN_POINT('',(0.0487541458998406,-0.0168073636183392,0.002));
#9450=CARTESIAN_POINT('',(0.0487541458998406,-0.0168073636183392,1.34441069388203E-17));
#9451=CARTESIAN_POINT('',(0.0470645832061613,-0.0157371403219533,0.));
#9452=CARTESIAN_POINT('',(0.0485606820799178,-0.0171127851633776,0.00199999999037432));
#9453=CARTESIAN_POINT('',(0.0485086463527253,-0.0171949340262022,-0.000134347172808477));
#9454=CARTESIAN_POINT('',(0.0467346844894958,-0.0160150464123032,7.83794778150368E-19));
#9455=CARTESIAN_POINT('',(0.04826253354394,-0.0175587333397306,0.00202889291458563));
#9456=CARTESIAN_POINT('',(0.048072816115211,-0.0178433065667273,-0.000398640184043851));
#9457=CARTESIAN_POINT('',(0.0461425621878791,-0.0164208190774942,5.58907288608728E-5));
#9458=CARTESIAN_POINT('',(0.0478516976039968,-0.0181281429217663,0.00218496501959324));
#9459=CARTESIAN_POINT('',(0.047304163403964,-0.0188743515508587,-0.00068138606708215));
#9460=CARTESIAN_POINT('',(0.0452843366318032,-0.0169389304989381,0.000416821571317474));
#9461=CARTESIAN_POINT('',(0.0474443769175636,-0.0186655469764645,0.00242633221629407));
#9462=CARTESIAN_POINT('',(0.0464194609200443,-0.0199793693588847,-0.000714446863329506));
#9463=CARTESIAN_POINT('',(0.0445623498032401,-0.0174279197739456,0.000896071564720591));
#9464=CARTESIAN_POINT('',(0.0469622984534233,-0.0192585612237174,0.00285666408371708));
#9465=CARTESIAN_POINT('',(0.0454312296090369,-0.0210810225870791,-0.000262457260107368));
#9466=CARTESIAN_POINT('',(0.0439051674610922,-0.0179675093142329,0.00155917486375171));
#9467=CARTESIAN_POINT('',(0.0464232177038295,-0.0198715766416638,0.00350357321461908));
#9468=CARTESIAN_POINT('',(0.0445037827816252,-0.0219859035362349,0.000595851188000132));
#9469=CARTESIAN_POINT('',(0.0432931290276349,-0.0185252981179518,0.00237096243923985));
#9470=CARTESIAN_POINT('',(0.0459231104306571,-0.0204023663114943,0.00420880197622548));
#9471=CARTESIAN_POINT('',(0.0437948120529311,-0.0225942892683549,0.00151329671546952));
#9472=CARTESIAN_POINT('',(0.0427841911291728,-0.0190082688986078,0.00316189940394279));
#9473=CARTESIAN_POINT('',(0.0452719417067493,-0.0210513213080003,0.00519691004536212));
#9474=CARTESIAN_POINT('',(0.0430380353259021,-0.023168140083101,0.0027015917052711));
#9475=CARTESIAN_POINT('',(0.042169522354643,-0.0195987594810151,0.00418772005878024));
#9476=CARTESIAN_POINT('',(0.0444455080688106,-0.0218036922033764,0.00646000827603228));
#9477=CARTESIAN_POINT('',(0.0423206427156428,-0.0236153515557021,0.00403239682530332));
#9478=CARTESIAN_POINT('',(0.0414574550485053,-0.0202833492146392,0.00538077514590332));
#9479=CARTESIAN_POINT('',(0.0433075553842726,-0.0227203966820282,0.00787018580935845));
#9480=CARTESIAN_POINT('',(0.041572472288339,-0.0240031481334174,0.00540974482587512));
#9481=CARTESIAN_POINT('',(0.0405867001554538,-0.0211174677042494,0.00655380327895));
#9482=CARTESIAN_POINT('',(0.0419020902867589,-0.0236978099478787,0.00904496287284039));
#9483=CARTESIAN_POINT('',(0.0407657367392553,-0.0243964514836417,0.00661568391299739));
#9484=CARTESIAN_POINT('',(0.0396597830328688,-0.0220068257208274,0.00739010215341755));
#9485=CARTESIAN_POINT('',(0.0402029483839502,-0.0246804802593587,0.00982109304488839));
#9486=CARTESIAN_POINT('',(0.0397033900103834,-0.0249154796029631,0.0075747533427497));
#9487=CARTESIAN_POINT('',(0.0386686467127142,-0.0229009671757781,0.00788145997252634));
#9488=CARTESIAN_POINT('',(0.0389077783145797,-0.0252749913480415,0.0100000000000741));
#9489=CARTESIAN_POINT('',(0.0387508880152128,-0.0253377271699559,0.00792722223651647));
#9490=CARTESIAN_POINT('',(0.0379127636472315,-0.0234419187060243,0.008));
#9491=CARTESIAN_POINT('',(0.0382425742574257,-0.0255409869204766,0.01));
#9492=CARTESIAN_POINT('',(0.0382425742574257,-0.0255409869204766,0.00800000000000001));
#9493=CARTESIAN_POINT('',(0.0375,-0.0236839507139883,0.008));
#9494=CARTESIAN_POINT('',(0.0375,-0.0236839507139883,0.01));
#9495=CARTESIAN_POINT('',(0.0382425742574257,-0.0255409869204766,0.01));
#9496=CARTESIAN_POINT('',(0.0382425742574257,-0.0255409869204766,0.008));
#9497=CARTESIAN_POINT('',(0.0375,-0.0236839507139883,0.008));
#9498=CARTESIAN_POINT('',(0.0374775005071555,-0.0258469174510704,0.00999999999943684));
#9499=CARTESIAN_POINT('',(0.0376894742800175,-0.0257621553633985,0.00808434032962511));
#9500=CARTESIAN_POINT('',(0.0370359012083099,-0.0239623199346252,0.008));
#9501=CARTESIAN_POINT('',(0.035931297852111,-0.02636385140043,0.00975816923617177));
#9502=CARTESIAN_POINT('',(0.0365338037657561,-0.026175631712099,0.00803182898601127));
#9503=CARTESIAN_POINT('',(0.0360979644629829,-0.0244326832592021,0.00783877949060322));
#9504=CARTESIAN_POINT('',(0.0338137733674067,-0.0268252347577067,0.00863069058220897));
#9505=CARTESIAN_POINT('',(0.0349673811419099,-0.0266093462642842,0.00725392861314916));
#9506=CARTESIAN_POINT('',(0.0348134601206288,-0.0248525005478359,0.00708712705486573));
#9507=CARTESIAN_POINT('',(0.0322696849428261,-0.0270209871125805,0.00685469792846192));
#9508=CARTESIAN_POINT('',(0.0338988298485374,-0.0268477774663149,0.00597293732927617));
#9509=CARTESIAN_POINT('',(0.0338768058816548,-0.0250306175551743,0.0059031319522469));
#9510=CARTESIAN_POINT('',(0.0317809781808624,-0.0270565217285173,0.00541241890307821));
#9511=CARTESIAN_POINT('',(0.0335860136501218,-0.0269111265200685,0.00497457083679401));
#9512=CARTESIAN_POINT('',(0.0335803531298448,-0.0250629508553052,0.00494161260215474));
#9513=CARTESIAN_POINT('',(0.0316893453332679,-0.0270635149572601,0.00466666666666667));
#9514=CARTESIAN_POINT('',(0.0335265148648895,-0.0269233059916852,0.00446006852123213));
#9515=CARTESIAN_POINT('',(0.0335247680400004,-0.0250693140627732,0.00444444444444445));
#9516=CARTESIAN_POINT('',(0.0315371520600006,-0.0250693140627732,0.00466666666666667));
#9517=CARTESIAN_POINT('',(0.0316893453332679,-0.0270635149572601,0.00466666666666667));
#9518=CARTESIAN_POINT('',(0.0335265148648895,-0.0269233059916852,0.00446006852123214));
#9519=CARTESIAN_POINT('',(0.0335247680400004,-0.0250693140627732,0.00444444444444445));
#9520=CARTESIAN_POINT('',(0.0316718831951358,-0.0270648476313994,0.00452455140057391));
#9521=CARTESIAN_POINT('',(0.0335014928348789,-0.0269266741544058,0.00422951647585247));
#9522=CARTESIAN_POINT('',(0.0334982864236421,-0.0250705266764329,0.00420758566711999));
#9523=CARTESIAN_POINT('',(0.0316435257101788,-0.0270669983064137,0.00438530099580992));
#9524=CARTESIAN_POINT('',(0.0334607930025469,-0.026932125378215,0.00400315257816849));
#9525=CARTESIAN_POINT('',(0.0334552818240211,-0.0250724835961279,0.00397550165986801));
#9526=CARTESIAN_POINT('',(0.0316047238275083,-0.02706981045145,0.00424879465185891));
#9527=CARTESIAN_POINT('',(0.0334049099285985,-0.0269393429570844,0.00378074606571347));
#9528=CARTESIAN_POINT('',(0.0333964381288634,-0.0250750423953244,0.00374799108643152));
#9529=CARTESIAN_POINT('',(0.031605416975257,-0.0270697602050429,0.00425123740567861));
#9530=CARTESIAN_POINT('',(0.0321007074381727,-0.0270338487155911,0.00415314419192147));
#9531=CARTESIAN_POINT('',(0.0330500224509195,-0.0265712519790628,0.00399473913152468));
#9532=CARTESIAN_POINT('',(0.0334543766039445,-0.025569192000826,0.00399742268105337));
#9533=CARTESIAN_POINT('',(0.0334627828424442,-0.0250721178799089,0.00404040964129348));
#9534=CARTESIAN_POINT('',(0.0315278899177654,-0.0270814880747304,0.00432042891472497));
#9535=CARTESIAN_POINT('',(0.033473392500524,-0.0270455494389792,0.00405846112446249));
#9536=CARTESIAN_POINT('',(0.0335093311362752,-0.0251000468562206,0.00432042891472496));
#9537=CARTESIAN_POINT('',(0.0314791490341906,-0.0270002532687792,0.00372828338213448));
#9538=CARTESIAN_POINT('',(0.0333334640781868,-0.0269056210166448,0.00326742372341092));
#9539=CARTESIAN_POINT('',(0.0334280963303239,-0.0250513059726458,0.00372828338213414));
#9540=CARTESIAN_POINT('',(0.031252899211028,-0.0266231702301647,0.00257362933889811));
#9541=CARTESIAN_POINT('',(0.0327424151083195,-0.0263145720467736,0.00194227274567462));
#9542=CARTESIAN_POINT('',(0.0330510132917096,-0.0248250561494832,0.00257362933889827));
#9543=CARTESIAN_POINT('',(0.0305703516071432,-0.0254855908903609,0.001150210471941));
#9544=CARTESIAN_POINT('',(0.0314350828640564,-0.0250072398025114,0.000758109902361676));
#9545=CARTESIAN_POINT('',(0.0319134339519056,-0.0241425085455984,0.00115021047194096));
#9546=CARTESIAN_POINT('',(0.029631457443614,-0.023920767284477,0.000216650037877442));
#9547=CARTESIAN_POINT('',(0.0300210953510945,-0.0235932522895511,0.000134421113150977));
#9548=CARTESIAN_POINT('',(0.0303486103460223,-0.0232036143820692,0.000216650037877453));
#9549=CARTESIAN_POINT('',(0.0289143431323171,-0.0227255767656512,-8.9241591776966E-20));
#9550=CARTESIAN_POINT('',(0.0290338814930397,-0.0226060384314918,7.84722170281423E-15));
#9551=CARTESIAN_POINT('',(0.0291534198271951,-0.0224865000707723,-1.69012624573232E-18));
#9552=CARTESIAN_POINT('',(0.0285557280900009,-0.0221278850284561,-2.16840434497101E-18));
#9553=CARTESIAN_POINT('',(0.0285557280900009,-0.0221278850284561,-2.16840434497101E-18));
#9554=CARTESIAN_POINT('',(0.0285557280900009,-0.0221278850284561,-2.16840434497101E-18));
#9555=CARTESIAN_POINT('',(-0.0489029702970297,-0.0165690926097002,0.002));
#9556=CARTESIAN_POINT('',(-0.0489029702970297,-0.0165690926097002,8.67361737988404E-19));
#9557=CARTESIAN_POINT('',(-0.0472,-0.0155203351699485,0.));
#9558=CARTESIAN_POINT('',(-0.0494676677579262,-0.0156521379676979,0.00200000000883559));
#9559=CARTESIAN_POINT('',(-0.0495170794018961,-0.0155719034344543,0.000271852397353717));
#9560=CARTESIAN_POINT('',(-0.0480563730249174,-0.0146859890537406,-3.83150829090084E-19));
#9561=CARTESIAN_POINT('',(-0.0504376231217593,-0.0137840921870875,0.00224726902184272));
#9562=CARTESIAN_POINT('',(-0.0505014558906438,-0.0136482444575471,0.000954928600174328));
#9563=CARTESIAN_POINT('',(-0.0495273263564559,-0.0129862356865476,0.000412115043241604));
#9564=CARTESIAN_POINT('',(-0.0514697811808694,-0.0108417205911722,0.00300691269060063));
#9565=CARTESIAN_POINT('',(-0.0515130125242041,-0.0106763861308611,0.00223627328600689));
#9566=CARTESIAN_POINT('',(-0.0510926110999463,-0.0103089426124851,0.00167818781582695));
#9567=CARTESIAN_POINT('',(-0.0520646473952623,-0.00791925600732748,0.00395146323167341));
#9568=CARTESIAN_POINT('',(-0.0520738079939054,-0.007817159377341,0.00358576463906135));
#9569=CARTESIAN_POINT('',(-0.0519947355394106,-0.00764976312636638,0.00325243871998167));
#9570=CARTESIAN_POINT('',(-0.0522,-0.00591780068628596,0.00465287891549048));
#9571=CARTESIAN_POINT('',(-0.0522000000000056,-0.0058732098947882,0.00453717188541103));
#9572=CARTESIAN_POINT('',(-0.0522,-0.00582861909549043,0.00442146485915066));
#9573=CARTESIAN_POINT('',(-0.0522,-0.00492788502845605,0.005));
#9574=CARTESIAN_POINT('',(-0.0522,-0.00492788502845605,0.005));
#9575=CARTESIAN_POINT('',(-0.0522,-0.00492788502845605,0.005));
#9576=CARTESIAN_POINT('',(-0.0472,-0.0155203351699485,0.002));
#9577=CARTESIAN_POINT('',(-0.03,-0.00492788502845605,0.002));
#9578=CARTESIAN_POINT('',(-0.0470645832061613,-0.0157371403219534,0.002));
#9579=CARTESIAN_POINT('',(-0.0382425742574257,-0.0255409869204766,0.01));
#9580=CARTESIAN_POINT('',(-0.0382425742574257,-0.0255409869204766,0.008));
#9581=CARTESIAN_POINT('',(-0.0375,-0.0236839507139883,0.008));
#9582=CARTESIAN_POINT('',(-0.0389113132122059,-0.0252735778462634,0.00999999999935542));
#9583=CARTESIAN_POINT('',(-0.038753638608984,-0.0253366272880869,0.00792682841977276));
#9584=CARTESIAN_POINT('',(-0.037914957075041,-0.0234406325465106,0.008));
#9585=CARTESIAN_POINT('',(-0.040191136527851,-0.0246865438121517,0.00982444528995465));
#9586=CARTESIAN_POINT('',(-0.0396955079672867,-0.0249190717300645,0.00757923577348901));
#9587=CARTESIAN_POINT('',(-0.0386617128428177,-0.0229064844626643,0.00788355474476487));
#9588=CARTESIAN_POINT('',(-0.0419139245569267,-0.0236911671602178,0.0090401727512749));
#9589=CARTESIAN_POINT('',(-0.0407742009988121,-0.0243923981022938,0.0066086512880078));
#9590=CARTESIAN_POINT('',(-0.0396666544845852,-0.0220007813824758,0.0073872174024998));
#9591=CARTESIAN_POINT('',(-0.0433229926085319,-0.0227087070354019,0.00785393118605656));
#9592=CARTESIAN_POINT('',(-0.0415813502967501,-0.0239987881710646,0.00539365674924556));
#9593=CARTESIAN_POINT('',(-0.0405976487600767,-0.0211068311789487,0.00654146681565197));
#9594=CARTESIAN_POINT('',(-0.0444587263287085,-0.021792371584893,0.00644131017882693));
#9595=CARTESIAN_POINT('',(-0.0423306534537182,-0.0236097547425657,0.00401369814126355));
#9596=CARTESIAN_POINT('',(-0.04146825257251,-0.0202730484716927,0.00536412977666746));
#9597=CARTESIAN_POINT('',(-0.0452854959290704,-0.0210385262213774,0.00517578715605598));
#9598=CARTESIAN_POINT('',(-0.0430512764113853,-0.0231593040136207,0.00267783402123251));
#9599=CARTESIAN_POINT('',(-0.0421815859304496,-0.0195871171048991,0.00416702543098197));
#9600=CARTESIAN_POINT('',(-0.0459378569680567,-0.0203872090454907,0.00418698213923338));
#9601=CARTESIAN_POINT('',(-0.0438137950606708,-0.0225789898970646,0.00148587417105601));
#9602=CARTESIAN_POINT('',(-0.0427986150160837,-0.0189944771520638,0.00313843880364677));
#9603=CARTESIAN_POINT('',(-0.0464395631824795,-0.0198536786030968,0.003481857106943));
#9604=CARTESIAN_POINT('',(-0.0445290490131845,-0.0219630222802317,0.000566736828603892));
#9605=CARTESIAN_POINT('',(-0.0433104417826542,-0.0185090125152919,0.00234544185225978));
#9606=CARTESIAN_POINT('',(-0.0469794681110878,-0.0192381219121783,0.00283901281045577));
#9607=CARTESIAN_POINT('',(-0.0454645584902684,-0.0210458056636518,-0.000284358181934459));
#9608=CARTESIAN_POINT('',(-0.0439266331822145,-0.0179489113821115,0.00153468279181176));
#9609=CARTESIAN_POINT('',(-0.0474572925025308,-0.0186491644002279,0.00241650056836271));
#9610=CARTESIAN_POINT('',(-0.0464468609426714,-0.0199472455672401,-0.000721311734529753));
#9611=CARTESIAN_POINT('',(-0.0445818175448449,-0.0174130131054787,0.000878905489688774));
#9612=CARTESIAN_POINT('',(-0.0478650458317829,-0.0181100088614799,0.00217876623636896));
#9613=CARTESIAN_POINT('',(-0.0473318463082898,-0.0188382222298929,-0.000674511451756952));
#9614=CARTESIAN_POINT('',(-0.0453108069646767,-0.0169224301377753,0.000403069971701733));
#9615=CARTESIAN_POINT('',(-0.0482668365231486,-0.0175521532585115,0.00202901090338823));
#9616=CARTESIAN_POINT('',(-0.0480800088918805,-0.0178322620532805,-0.000392534611249552));
#9617=CARTESIAN_POINT('',(-0.0461523404070697,-0.0164148317963917,5.59349395960589E-5));
#9618=CARTESIAN_POINT('',(-0.0485624627357154,-0.017109974040114,0.00199999999062377));
#9619=CARTESIAN_POINT('',(-0.0485109811200067,-0.0171912481262401,-0.000133069494743352));
#9620=CARTESIAN_POINT('',(-0.0467377209020685,-0.0160124885433576,-1.73188671803795E-18));
#9621=CARTESIAN_POINT('',(-0.0487541458998406,-0.0168073636183393,0.002));
#9622=CARTESIAN_POINT('',(-0.0487541458998406,-0.0168073636183393,-1.69135538907739E-17));
#9623=CARTESIAN_POINT('',(-0.0470645832061613,-0.0157371403219534,0.));
#9624=CARTESIAN_POINT('',(-0.0375,-0.0236839507139883,0.01));
#9625=CARTESIAN_POINT('',(-0.0316893453332679,-0.0270635149572601,0.00466666666666667));
#9626=CARTESIAN_POINT('',(-0.0335265148648895,-0.0269233059916852,0.00446006852123213));
#9627=CARTESIAN_POINT('',(-0.0335247680400004,-0.0250693140627732,0.00444444444444445));
#9628=CARTESIAN_POINT('',(-0.0317809474762763,-0.0270565240718276,0.0054121689948429));
#9629=CARTESIAN_POINT('',(-0.0335859937412721,-0.0269111305954456,0.0049743986661212));
#9630=CARTESIAN_POINT('',(-0.0335803345028028,-0.0250629529875233,0.00494144599682647));
#9631=CARTESIAN_POINT('',(-0.0322670631550228,-0.0270212478395965,0.00684932722506548));
#9632=CARTESIAN_POINT('',(-0.0338971195955058,-0.0268481450116773,0.00596919653863406));
#9633=CARTESIAN_POINT('',(-0.0338752154885151,-0.0250308547932457,0.00589955148327702));
#9634=CARTESIAN_POINT('',(-0.0338103017224174,-0.026825701319166,0.00862785507346311));
#9635=CARTESIAN_POINT('',(-0.0349648507081812,-0.0266099095494722,0.00725179174485902));
#9636=CARTESIAN_POINT('',(-0.0348113541976778,-0.024852925076791,0.00708523671559515));
#9637=CARTESIAN_POINT('',(-0.0359244577116376,-0.026365899149187,0.00975634571247162));
#9638=CARTESIAN_POINT('',(-0.0365287541607525,-0.0261773078316859,0.00803091491998319));
#9639=CARTESIAN_POINT('',(-0.0360938151885775,-0.0244345465258746,0.00783756380860208));
#9640=CARTESIAN_POINT('',(-0.0374774469581536,-0.0258469388637441,0.0100000000009599));
#9641=CARTESIAN_POINT('',(-0.0376894363845166,-0.0257621705169572,0.00808434610961417));
#9642=CARTESIAN_POINT('',(-0.037035868725251,-0.0239623394186901,0.008));
#9643=CARTESIAN_POINT('',(-0.0382425742574257,-0.0255409869204767,0.01));
#9644=CARTESIAN_POINT('',(-0.0382425742574257,-0.0255409869204767,0.008));
#9645=CARTESIAN_POINT('',(-0.0375,-0.0236839507139883,0.008));
#9646=CARTESIAN_POINT('',(-0.0315371520600006,-0.0250693140627732,0.00466666666666667));
#9647=CARTESIAN_POINT('',(-0.0335247680400004,-0.0250693140627732,0.00444444444444445));
#9648=CARTESIAN_POINT('',(-0.0335265148648895,-0.0269233059916852,0.00446006852123214));
#9649=CARTESIAN_POINT('',(-0.0316893453332679,-0.0270635149572601,0.00466666666666667));
#9650=CARTESIAN_POINT('',(-0.0334982864236423,-0.0250705266764371,0.0042075856671214));
#9651=CARTESIAN_POINT('',(-0.0335014928348755,-0.0269266741544105,0.00422951647585396));
#9652=CARTESIAN_POINT('',(-0.0316718831951345,-0.0270648476313995,0.00452455140057487));
#9653=CARTESIAN_POINT('',(-0.0334552818240206,-0.025072483596127,0.00397550165986607));
#9654=CARTESIAN_POINT('',(-0.0334607930025441,-0.0269321253782153,0.00400315257816688));
#9655=CARTESIAN_POINT('',(-0.0316435257101769,-0.0270669983064138,0.00438530099580919));
#9656=CARTESIAN_POINT('',(-0.0333964381288635,-0.0250750423953244,0.00374799108643168));
#9657=CARTESIAN_POINT('',(-0.0334049099285985,-0.0269393429570844,0.00378074606571363));
#9658=CARTESIAN_POINT('',(-0.0316047238275084,-0.02706981045145,0.00424879465185901));
#9659=CARTESIAN_POINT('',(-0.0316054169752571,-0.027069760205043,0.0042512374056787));
#9660=CARTESIAN_POINT('',(-0.032100707438172,-0.0270338487155912,0.00415314419192172));
#9661=CARTESIAN_POINT('',(-0.0330500224509095,-0.0265712519790605,0.00399473913148477));
#9662=CARTESIAN_POINT('',(-0.0334543766039592,-0.025569192000837,0.00399742268113412));
#9663=CARTESIAN_POINT('',(-0.0334627828424441,-0.0250721178799134,0.00404040964129275));
#9664=CARTESIAN_POINT('',(-0.0335093311362758,-0.025100046856221,0.00432042891472966));
#9665=CARTESIAN_POINT('',(-0.0334733925005251,-0.0270455494389804,0.00405846112446886));
#9666=CARTESIAN_POINT('',(-0.0315278899177658,-0.027081488074731,0.00432042891472966));
#9667=CARTESIAN_POINT('',(-0.033428096330325,-0.0250513059726481,0.00372828338213744));
#9668=CARTESIAN_POINT('',(-0.0333334640781938,-0.0269056210166449,0.00326742372341303));
#9669=CARTESIAN_POINT('',(-0.031479149034191,-0.0270002532687803,0.00372828338213841));
#9670=CARTESIAN_POINT('',(-0.0330510132917114,-0.0248250561494835,0.00257362933890183));
#9671=CARTESIAN_POINT('',(-0.0327424151083198,-0.0263145720467769,0.00194227274567941));
#9672=CARTESIAN_POINT('',(-0.0312528992110291,-0.0266231702301664,0.00257362933890139));
#9673=CARTESIAN_POINT('',(-0.0319134339519079,-0.0241425085456001,0.00115021047194234));
#9674=CARTESIAN_POINT('',(-0.0314350828640591,-0.0250072398025134,0.000758109902362313));
#9675=CARTESIAN_POINT('',(-0.0305703516071446,-0.0254855908903635,0.00115021047194246));
#9676=CARTESIAN_POINT('',(-0.0303486103460222,-0.0232036143820686,0.000216650037877779));
#9677=CARTESIAN_POINT('',(-0.0300210953510942,-0.023593252289551,0.000134421113151101));
#9678=CARTESIAN_POINT('',(-0.0296314574436135,-0.0239207672844758,0.000216650037877742));
#9679=CARTESIAN_POINT('',(-0.0291534198271982,-0.0224865000707752,2.97782152713723E-18));
#9680=CARTESIAN_POINT('',(-0.0290338814930427,-0.0226060384314948,8.28927978469945E-15));
#9681=CARTESIAN_POINT('',(-0.0289143431323199,-0.0227255767656569,1.37693687318497E-18));
#9682=CARTESIAN_POINT('',(-0.0285557280900009,-0.0221278850284561,0.));
#9683=CARTESIAN_POINT('',(-0.0285557280900009,-0.0221278850284561,0.));
#9684=CARTESIAN_POINT('',(-0.0285557280900009,-0.0221278850284561,0.));
#9685=CARTESIAN_POINT('',(0.0375,0.010927885028456,0.008));
#9686=CARTESIAN_POINT('',(0.0375,0.012927885028456,0.008));
#9687=CARTESIAN_POINT('',(0.0375,0.012927885028456,0.006));
#9688=CARTESIAN_POINT('',(0.0377591657160433,0.0109278850284532,0.008));
#9689=CARTESIAN_POINT('',(0.0377591657160425,0.0129278850284526,0.00800000006333401));
#9690=CARTESIAN_POINT('',(0.0376382913770379,0.012927885028456,0.0060000000153608));
#9691=CARTESIAN_POINT('',(0.0383273093105548,0.0109278850284574,0.00795686325325503));
#9692=CARTESIAN_POINT('',(0.0383273093105552,0.0129278850284576,0.00795686322386551));
#9693=CARTESIAN_POINT('',(0.0379104486660525,0.012927885028456,0.00597595163601452));
#9694=CARTESIAN_POINT('',(0.0392534621562178,0.0109278850284557,0.00761635634278513));
#9695=CARTESIAN_POINT('',(0.0392534621562177,0.0129278850284556,0.00761635635064747));
#9696=CARTESIAN_POINT('',(0.0383035089068685,0.012927885028456,0.00583244558969335));
#9697=CARTESIAN_POINT('',(0.0399086086943105,0.0109278850284561,0.00716064018068736));
#9698=CARTESIAN_POINT('',(0.0399086086943105,0.0129278850284561,0.00716064017862753));
#9699=CARTESIAN_POINT('',(0.0386454112086394,0.012927885028456,0.00560147411213043));
#9700=CARTESIAN_POINT('',(0.0405458543847249,0.010927885028456,0.00656736734005105));
#9701=CARTESIAN_POINT('',(0.0405458543847248,0.012927885028456,0.00656736734124028));
#9702=CARTESIAN_POINT('',(0.0390494140829232,0.012927885028456,0.00522848011223992));
#9703=CARTESIAN_POINT('',(0.0410977209574043,0.010927885028456,0.00587422729667588));
#9704=CARTESIAN_POINT('',(0.0410977209574043,0.012927885028456,0.00587422729627189));
#9705=CARTESIAN_POINT('',(0.0394759162305634,0.012927885028456,0.00470115455586857));
#9706=CARTESIAN_POINT('',(0.0416259681348539,0.010927885028456,0.00508659835975459));
#9707=CARTESIAN_POINT('',(0.0416259681348539,0.012927885028456,0.00508659835986267));
#9708=CARTESIAN_POINT('',(0.0399339597613098,0.012927885028456,0.00401889752594831));
#9709=CARTESIAN_POINT('',(0.042079840645043,0.010927885028456,0.00434095952973858));
#9710=CARTESIAN_POINT('',(0.042079840645043,0.012927885028456,0.00434095952971027));
#9711=CARTESIAN_POINT('',(0.0403617315873069,0.012927885028456,0.00331727023617931));
#9712=CARTESIAN_POINT('',(0.0426387623500293,0.010927885028456,0.00339955378166218));
#9713=CARTESIAN_POINT('',(0.0426387623500293,0.012927885028456,0.00339955378167853));
#9714=CARTESIAN_POINT('',(0.0409218619473696,0.012927885028456,0.00237378343198124));
#9715=CARTESIAN_POINT('',(0.0433014762849401,0.010927885028456,0.00233352480385));
#9716=CARTESIAN_POINT('',(0.0433014762849401,0.012927885028456,0.00233352480384444));
#9717=CARTESIAN_POINT('',(0.0416427401528889,0.012927885028456,0.00121009406755095));
#9718=CARTESIAN_POINT('',(0.0441311445121529,0.010927885028456,0.0012846951536161));
#9719=CARTESIAN_POINT('',(0.0441311445121528,0.012927885028456,0.00128469515361763));
#9720=CARTESIAN_POINT('',(0.0426562378144161,0.012927885028456,-8.60197796989522E-5));
#9721=CARTESIAN_POINT('',(0.0448887337365968,0.010927885028456,0.000650050901481164));
#9722=CARTESIAN_POINT('',(0.0448887337365968,0.012927885028456,0.000650050901480975));
#9723=CARTESIAN_POINT('',(0.0437253242097091,0.012927885028456,-0.000996024577901129));
#9724=CARTESIAN_POINT('',(0.0455278180600636,0.010927885028456,0.000305586721752692));
#9725=CARTESIAN_POINT('',(0.0455278180600635,0.012927885028456,0.000305586721752727));
#9726=CARTESIAN_POINT('',(0.0447053035623078,0.012927885028456,-0.00152541232521254));
#9727=CARTESIAN_POINT('',(0.0460330653395187,0.010927885028456,0.000123810063794186));
#9728=CARTESIAN_POINT('',(0.0460330653395189,0.012927885028456,0.000123810063794179));
#9729=CARTESIAN_POINT('',(0.0454931514164634,0.012927885028456,-0.00181022929648205));
#9730=CARTESIAN_POINT('',(0.0464610596696984,0.0109278850284562,3.67385840681162E-5));
#9731=CARTESIAN_POINT('',(0.0464610596696977,0.0129278850284562,3.67385840681256E-5));
#9732=CARTESIAN_POINT('',(0.0461680311819162,0.012927885028456,-0.00194487950055069));
#9733=CARTESIAN_POINT('',(0.0468423969402348,0.0109278850284558,2.67048946969616E-6));
#9734=CARTESIAN_POINT('',(0.046842396940236,0.0129278850284557,2.67048946969359E-6));
#9735=CARTESIAN_POINT('',(0.0467245782212407,0.012927885028456,-0.00199613882123957));
#9736=CARTESIAN_POINT('',(0.0470047940979255,0.0109278850284565,0.));
#9737=CARTESIAN_POINT('',(0.0470047940979227,0.0129278850284567,0.));
#9738=CARTESIAN_POINT('',(0.0470047940979255,0.012927885028456,-0.002));
#9739=CARTESIAN_POINT('',(0.0471446728023115,0.010927885028456,0.));
#9740=CARTESIAN_POINT('',(0.0471446728023115,0.012927885028456,0.));
#9741=CARTESIAN_POINT('',(0.0471446728023115,0.012927885028456,-0.002));
#9742=CARTESIAN_POINT('',(0.0411576371447257,0.012927885028456,0.002));
#9743=CARTESIAN_POINT('',(0.0416803949367676,0.012927885028456,0.00181646586453605));
#9744=CARTESIAN_POINT('',(0.0427092014753345,0.012750777285342,0.00144052756528324));
#9745=CARTESIAN_POINT('',(0.0441158430593606,0.0121188496984933,0.000828551322369961));
#9746=CARTESIAN_POINT('',(0.0454876062722204,0.011445025089718,0.000173040555710593));
#9747=CARTESIAN_POINT('',(0.0465463544426792,0.0111106112609287,-1.10942819801496E-18));
#9748=CARTESIAN_POINT('',(0.0470645832061613,0.010927885028456,0.));
#9749=CARTESIAN_POINT('',(0.0375,0.010927885028456,0.006));
#9750=CARTESIAN_POINT('',(0.0375,0.010927885028456,0.004));
#9751=CARTESIAN_POINT('',(0.0355123840200001,0.010927885028456,0.00422222222222223));
#9752=CARTESIAN_POINT('',(0.0411576371447257,0.014927885028456,0.));
#9753=CARTESIAN_POINT('',(0.0411576371447257,0.012927885028456,2.77333911991762E-32));
#9754=CARTESIAN_POINT('',(0.0411576371447257,0.012927885028456,0.00199999999999999));
#9755=CARTESIAN_POINT('',(0.0417870463611772,0.01492788502335,0.));
#9756=CARTESIAN_POINT('',(0.0415475608735722,0.0130647826900245,3.95418394455142E-16));
#9757=CARTESIAN_POINT('',(0.0415613786861051,0.012927885028456,0.00185825107010492));
#9758=CARTESIAN_POINT('',(0.0430191766609753,0.0147185233292651,0.));
#9759=CARTESIAN_POINT('',(0.0424158847322143,0.0131964603026377,1.95944773963981E-13));
#9760=CARTESIAN_POINT('',(0.0423680186477471,0.0128232041776453,0.00156731597755698));
#9761=CARTESIAN_POINT('',(0.0444186372967841,0.0139884482472809,0.));
#9762=CARTESIAN_POINT('',(0.0436626270922084,0.0129470739940636,-4.98616754913172E-13));
#9763=CARTESIAN_POINT('',(0.043382343185958,0.0124581666380193,0.00115085499325681));
#9764=CARTESIAN_POINT('',(0.0453725133953838,0.0131699687832757,0.));
#9765=CARTESIAN_POINT('',(0.0446673901419179,0.0124923045300179,8.08131667503685E-13));
#9766=CARTESIAN_POINT('',(0.0442457874526635,0.0120489269058375,0.000760248121784506));
#9767=CARTESIAN_POINT('',(0.0459883998223281,0.0124700262370971,0.));
#9768=CARTESIAN_POINT('',(0.0454024498141448,0.0120542343585996,-2.94014178607468E-12));
#9769=CARTESIAN_POINT('',(0.0449551894333874,0.0116989556327839,0.000436688378667216));
#9770=CARTESIAN_POINT('',(0.0465229142151433,0.0116973169325783,0.));
#9771=CARTESIAN_POINT('',(0.0462145469148313,0.0115124748190713,1.04810011747337E-11));
#9772=CARTESIAN_POINT('',(0.0459230986229573,0.0113126009805162,8.02856658188892E-5));
#9773=CARTESIAN_POINT('',(0.0468779246846154,0.0111749846500436,0.));
#9774=CARTESIAN_POINT('',(0.0467963497054009,0.0111132097491215,-2.23628628335783E-11));
#9775=CARTESIAN_POINT('',(0.0467147747391442,0.0110514348392471,-4.28649515189858E-19));
#9776=CARTESIAN_POINT('',(0.0470645832061613,0.010927885028456,0.));
#9777=CARTESIAN_POINT('',(0.0470645832061613,0.010927885028456,0.));
#9778=CARTESIAN_POINT('',(0.0470645832061613,0.010927885028456,0.));
#9779=CARTESIAN_POINT('',(0.0411576371447257,0.014927885028456,0.002));
#9780=CARTESIAN_POINT('',(0.0285557280900008,0.010927885028456,0.005));
#9781=CARTESIAN_POINT('',(0.0348802834103376,0.012927885028456,0.002));
#9782=CARTESIAN_POINT('',(0.0343224767925264,0.012927885028456,0.00181752350970362));
#9783=CARTESIAN_POINT('',(0.0332668460188624,0.0126692653961765,0.00137518172963647));
#9784=CARTESIAN_POINT('',(0.0317759244616794,0.0120881732098783,0.000663005640190798));
#9785=CARTESIAN_POINT('',(0.0302121284639365,0.0115021371823305,0.000131349628880836));
#9786=CARTESIAN_POINT('',(0.0291052467388682,0.0111182440608164,0.));
#9787=CARTESIAN_POINT('',(0.0285557280900008,0.010927885028456,0.));
#9788=CARTESIAN_POINT('',(-1.82813866181383E-18,0.014927885028456,0.002));
#9789=CARTESIAN_POINT('',(0.0348802834103376,0.014927885028456,0.002));
#9790=CARTESIAN_POINT('',(0.0348802834103376,0.012927885028456,0.002));
#9791=CARTESIAN_POINT('',(0.0348802834103376,0.012927885028456,0.));
#9792=CARTESIAN_POINT('',(0.0348802834103376,0.014927885028456,0.));
#9793=CARTESIAN_POINT('',(0.0344939837683457,0.012927885028456,0.00187362895997206));
#9794=CARTESIAN_POINT('',(0.0345058142841726,0.0130503859336202,0.));
#9795=CARTESIAN_POINT('',(0.0342275702171656,0.0149278850198711,0.));
#9796=CARTESIAN_POINT('',(0.0336923299286863,0.0127974194880128,0.00156754582907777));
#9797=CARTESIAN_POINT('',(0.0336419288652783,0.0131805668216952,-2.71317229092935E-16));
#9798=CARTESIAN_POINT('',(0.0329466825559241,0.0146669539515555,0.));
#9799=CARTESIAN_POINT('',(0.0323440600963115,0.0123151854425284,0.000926116451425821));
#9800=CARTESIAN_POINT('',(0.0320178499887466,0.0128682484414063,8.43505569241082E-16));
#9801=CARTESIAN_POINT('',(0.0312536246456896,0.0137024858555277,0.));
#9802=CARTESIAN_POINT('',(0.030655047199272,0.0116582376109947,0.000225190567205304));
#9803=CARTESIAN_POINT('',(0.0302864985003501,0.0120491308844375,-2.82835869905422E-15));
#9804=CARTESIAN_POINT('',(0.0298205533241748,0.0123885901938402,0.));
#9805=CARTESIAN_POINT('',(0.0292573914991852,0.0111709479510361,0.));
#9806=CARTESIAN_POINT('',(0.0291170588220272,0.0112924794199207,5.92782549457594E-15));
#9807=CARTESIAN_POINT('',(0.0289767261214771,0.0114140108736156,0.));
#9808=CARTESIAN_POINT('',(0.0285557280900009,0.010927885028456,0.));
#9809=CARTESIAN_POINT('',(0.0285557280900008,0.010927885028456,0.));
#9810=CARTESIAN_POINT('',(0.0285557280900009,0.010927885028456,0.));
#9811=CARTESIAN_POINT('',(-0.0375,0.012927885028456,0.006));
#9812=CARTESIAN_POINT('',(-0.0375,0.012927885028456,0.00799999999999998));
#9813=CARTESIAN_POINT('',(-0.0375,0.010927885028456,0.008));
#9814=CARTESIAN_POINT('',(-0.0376382913770379,0.012927885028456,0.0060000000153608));
#9815=CARTESIAN_POINT('',(-0.0377591657160048,0.0129278850284414,0.00800000006332975));
#9816=CARTESIAN_POINT('',(-0.0377591657160433,0.010927885028451,0.008));
#9817=CARTESIAN_POINT('',(-0.0379104486660525,0.012927885028456,0.00597595163601452));
#9818=CARTESIAN_POINT('',(-0.0383273093105727,0.0129278850284628,0.00795686322386749));
#9819=CARTESIAN_POINT('',(-0.0383273093105548,0.0109278850284583,0.00795686325325504));
#9820=CARTESIAN_POINT('',(-0.0383035089068685,0.012927885028456,0.00583244558969334));
#9821=CARTESIAN_POINT('',(-0.039253462156213,0.0129278850284542,0.00761635635064691));
#9822=CARTESIAN_POINT('',(-0.0392534621562178,0.0109278850284554,0.0076163563427851));
#9823=CARTESIAN_POINT('',(-0.0386454112086394,0.012927885028456,0.00560147411213042));
#9824=CARTESIAN_POINT('',(-0.0399086086943117,0.0129278850284565,0.00716064017862767));
#9825=CARTESIAN_POINT('',(-0.0399086086943105,0.0109278850284562,0.00716064018068736));
#9826=CARTESIAN_POINT('',(-0.0390494140829232,0.012927885028456,0.00522848011223992));
#9827=CARTESIAN_POINT('',(-0.0405458543847242,0.0129278850284557,0.00656736734124019));
#9828=CARTESIAN_POINT('',(-0.0405458543847249,0.0109278850284559,0.00656736734005103));
#9829=CARTESIAN_POINT('',(-0.0394759162305634,0.012927885028456,0.00470115455586856));
#9830=CARTESIAN_POINT('',(-0.0410977209574045,0.0129278850284561,0.00587422729627191));
#9831=CARTESIAN_POINT('',(-0.0410977209574043,0.0109278850284561,0.00587422729667587));
#9832=CARTESIAN_POINT('',(-0.0399339597613098,0.012927885028456,0.00401889752594829));
#9833=CARTESIAN_POINT('',(-0.0416259681348539,0.012927885028456,0.00508659835986264));
#9834=CARTESIAN_POINT('',(-0.0416259681348539,0.010927885028456,0.00508659835975457));
#9835=CARTESIAN_POINT('',(-0.0403617315873069,0.012927885028456,0.00331727023617931));
#9836=CARTESIAN_POINT('',(-0.042079840645043,0.012927885028456,0.00434095952971026));
#9837=CARTESIAN_POINT('',(-0.042079840645043,0.010927885028456,0.00434095952973857));
#9838=CARTESIAN_POINT('',(-0.0409218619473696,0.012927885028456,0.00237378343198122));
#9839=CARTESIAN_POINT('',(-0.0426387623500293,0.012927885028456,0.00339955378167851));
#9840=CARTESIAN_POINT('',(-0.0426387623500293,0.010927885028456,0.00339955378166216));
#9841=CARTESIAN_POINT('',(-0.0416427401528889,0.012927885028456,0.00121009406755095));
#9842=CARTESIAN_POINT('',(-0.0433014762849401,0.012927885028456,0.00233352480384443));
#9843=CARTESIAN_POINT('',(-0.0433014762849401,0.010927885028456,0.00233352480385));
#9844=CARTESIAN_POINT('',(-0.0426562378144161,0.012927885028456,-8.60197796990033E-5));
#9845=CARTESIAN_POINT('',(-0.0441311445121529,0.012927885028456,0.00128469515361759));
#9846=CARTESIAN_POINT('',(-0.0441311445121529,0.010927885028456,0.00128469515361607));
#9847=CARTESIAN_POINT('',(-0.0437253242097092,0.012927885028456,-0.000996024577901142));
#9848=CARTESIAN_POINT('',(-0.0448887337365968,0.012927885028456,0.000650050901480962));
#9849=CARTESIAN_POINT('',(-0.0448887337365968,0.010927885028456,0.000650050901481155));
#9850=CARTESIAN_POINT('',(-0.0447053035623078,0.012927885028456,-0.00152541232521255));
#9851=CARTESIAN_POINT('',(-0.0455278180600636,0.012927885028456,0.000305586721752716));
#9852=CARTESIAN_POINT('',(-0.0455278180600635,0.010927885028456,0.000305586721752684));
#9853=CARTESIAN_POINT('',(-0.0454931514164635,0.012927885028456,-0.00181022929648204));
#9854=CARTESIAN_POINT('',(-0.0460330653395187,0.0129278850284561,0.000123810063794174));
#9855=CARTESIAN_POINT('',(-0.0460330653395188,0.0109278850284561,0.000123810063794186));
#9856=CARTESIAN_POINT('',(-0.0461680311819158,0.012927885028456,-0.0019448795005507));
#9857=CARTESIAN_POINT('',(-0.0464610596696984,0.0129278850284558,3.67385840681092E-5));
#9858=CARTESIAN_POINT('',(-0.046461059669698,0.0109278850284559,3.67385840681133E-5));
#9859=CARTESIAN_POINT('',(-0.0467245782212414,0.012927885028456,-0.00199613882123957));
#9860=CARTESIAN_POINT('',(-0.0468423969402348,0.0129278850284563,2.67048946969825E-6));
#9861=CARTESIAN_POINT('',(-0.0468423969402354,0.0109278850284562,2.67048946969743E-6));
#9862=CARTESIAN_POINT('',(-0.0470047940979241,0.012927885028456,-0.002));
#9863=CARTESIAN_POINT('',(-0.0470047940979255,0.0129278850284553,0.));
#9864=CARTESIAN_POINT('',(-0.0470047940979241,0.0109278850284555,0.));
#9865=CARTESIAN_POINT('',(-0.0471446728023115,0.012927885028456,-0.002));
#9866=CARTESIAN_POINT('',(-0.0471446728023115,0.012927885028456,0.));
#9867=CARTESIAN_POINT('',(-0.0471446728023115,0.010927885028456,0.));
#9868=CARTESIAN_POINT('',(-0.0411576371447257,0.012927885028456,0.002));
#9869=CARTESIAN_POINT('',(-0.0416803949367676,0.012927885028456,0.00181646586453605));
#9870=CARTESIAN_POINT('',(-0.0427092014753345,0.0127507772853421,0.00144052756528325));
#9871=CARTESIAN_POINT('',(-0.0441158430593606,0.0121188496984932,0.000828551322369977));
#9872=CARTESIAN_POINT('',(-0.0454876062722204,0.011445025089718,0.000173040555710581));
#9873=CARTESIAN_POINT('',(-0.0465463544426792,0.0111106112609286,1.06763983928825E-18));
#9874=CARTESIAN_POINT('',(-0.0470645832061613,0.010927885028456,4.33680868994202E-19));
#9875=CARTESIAN_POINT('',(-0.0375,0.010927885028456,0.006));
#9876=CARTESIAN_POINT('',(-0.0375,0.010927885028456,0.004));
#9877=CARTESIAN_POINT('',(-0.0355123840200002,0.010927885028456,0.00422222222222222));
#9878=CARTESIAN_POINT('',(-0.0411576371447257,0.012927885028456,0.00199999999999999));
#9879=CARTESIAN_POINT('',(-0.0411576371447257,0.012927885028456,1.73472347597681E-18));
#9880=CARTESIAN_POINT('',(-0.0411576371447257,0.014927885028456,0.));
#9881=CARTESIAN_POINT('',(-0.0415613786861117,0.012927885028456,0.00185825107010219));
#9882=CARTESIAN_POINT('',(-0.0415475608735817,0.0130647826900441,-2.10734998753323E-15));
#9883=CARTESIAN_POINT('',(-0.0417870463611838,0.0149278850233658,0.));
#9884=CARTESIAN_POINT('',(-0.0423680186477434,0.0128232041776454,0.00156731597755829));
#9885=CARTESIAN_POINT('',(-0.0424158847322098,0.013196460302629,1.12223593438814E-13));
#9886=CARTESIAN_POINT('',(-0.0430191766609722,0.0147185233292576,0.));
#9887=CARTESIAN_POINT('',(-0.0433823431859598,0.0124581666380191,0.00115085499325664));
#9888=CARTESIAN_POINT('',(-0.0436626270922098,0.0129470739940645,-2.8306241552489E-13));
#9889=CARTESIAN_POINT('',(-0.0444186372967845,0.0139884482472818,0.));
#9890=CARTESIAN_POINT('',(-0.044245787452661,0.0120489269058377,0.000760248121784538));
#9891=CARTESIAN_POINT('',(-0.0446673901419164,0.0124923045300178,4.5860158410142E-13));
#9892=CARTESIAN_POINT('',(-0.0453725133953837,0.0131699687832756,0.));
#9893=CARTESIAN_POINT('',(-0.0449551894333965,0.0116989556327832,0.000436688378667193));
#9894=CARTESIAN_POINT('',(-0.0454024498141501,0.0120542343585991,-1.66841346553868E-12));
#9895=CARTESIAN_POINT('',(-0.0459883998223283,0.012470026237097,0.));
#9896=CARTESIAN_POINT('',(-0.0459230986229234,0.0113126009805186,8.02856658188883E-5));
#9897=CARTESIAN_POINT('',(-0.0462145469148126,0.011512474819073,5.94752921881542E-12));
#9898=CARTESIAN_POINT('',(-0.0465229142151429,0.0116973169325789,0.));
#9899=CARTESIAN_POINT('',(-0.0467147747392173,0.011051434839242,-1.60743569733148E-19));
#9900=CARTESIAN_POINT('',(-0.0467963497054406,0.0111132097491177,-1.2689975215381E-11));
#9901=CARTESIAN_POINT('',(-0.0468779246846165,0.0111749846500422,0.));
#9902=CARTESIAN_POINT('',(-0.0470645832061613,0.010927885028456,0.));
#9903=CARTESIAN_POINT('',(-0.0470645832061613,0.010927885028456,0.));
#9904=CARTESIAN_POINT('',(-0.0470645832061613,0.010927885028456,0.));
#9905=CARTESIAN_POINT('',(-0.0411576371447257,0.014927885028456,0.002));
#9906=CARTESIAN_POINT('',(-0.0285557280900008,0.010927885028456,0.005));
#9907=CARTESIAN_POINT('',(-0.0348802834103376,0.012927885028456,0.002));
#9908=CARTESIAN_POINT('',(-0.0343224767925264,0.012927885028456,0.00181752350970362));
#9909=CARTESIAN_POINT('',(-0.0332668460188625,0.0126692653961763,0.00137518172963647));
#9910=CARTESIAN_POINT('',(-0.0317759244616792,0.0120881732098789,0.000663005640190802));
#9911=CARTESIAN_POINT('',(-0.0302121284639373,0.0115021371823282,0.000131349628880835));
#9912=CARTESIAN_POINT('',(-0.0291052467388666,0.0111182440608213,0.));
#9913=CARTESIAN_POINT('',(-0.0285557280900008,0.010927885028456,0.));
#9914=CARTESIAN_POINT('',(-7.98325861426676E-18,0.014927885028456,0.002));
#9915=CARTESIAN_POINT('',(-0.0348802834103376,0.014927885028456,0.002));
#9916=CARTESIAN_POINT('',(-0.0348802834103376,0.014927885028456,0.));
#9917=CARTESIAN_POINT('',(-0.0348802834103376,0.012927885028456,1.73472347597681E-18));
#9918=CARTESIAN_POINT('',(-0.0348802834103376,0.012927885028456,0.002));
#9919=CARTESIAN_POINT('',(-0.0342275702171656,0.0149278850198694,0.));
#9920=CARTESIAN_POINT('',(-0.0345058142841734,0.0130503859336203,-1.36204621565051E-15));
#9921=CARTESIAN_POINT('',(-0.0344939837683457,0.012927885028456,0.00187362895997163));
#9922=CARTESIAN_POINT('',(-0.0329466825559243,0.0146669539515563,0.));
#9923=CARTESIAN_POINT('',(-0.0336419288652785,0.0131805668216951,6.44965004901115E-17));
#9924=CARTESIAN_POINT('',(-0.0336923299286866,0.0127974194880128,0.00156754582907797));
#9925=CARTESIAN_POINT('',(-0.031253624645689,0.0137024858555273,0.));
#9926=CARTESIAN_POINT('',(-0.0320178499887453,0.0128682484414064,1.49486240574383E-15));
#9927=CARTESIAN_POINT('',(-0.0323440600963104,0.0123151854425284,0.000926116451425771));
#9928=CARTESIAN_POINT('',(-0.0298205533241769,0.0123885901938408,0.));
#9929=CARTESIAN_POINT('',(-0.0302864985003543,0.0120491308844369,-5.45489030514443E-15));
#9930=CARTESIAN_POINT('',(-0.0306550471992761,0.0116582376109949,0.000225190567205318));
#9931=CARTESIAN_POINT('',(-0.0289767261214726,0.0114140108736145,0.));
#9932=CARTESIAN_POINT('',(-0.0291170588220182,0.0112924794199218,1.15057036672747E-14));
#9933=CARTESIAN_POINT('',(-0.0292573914991763,0.0111709479510355,0.));
#9934=CARTESIAN_POINT('',(-0.0285557280900008,0.010927885028456,0.));
#9935=CARTESIAN_POINT('',(-0.0285557280900008,0.010927885028456,0.));
#9936=CARTESIAN_POINT('',(-0.0285557280900008,0.010927885028456,0.));
#9937=CARTESIAN_POINT('',(-0.0402,0.0379278850284561,0.02445));
#9938=CARTESIAN_POINT('',(-0.0402,0.0379278850284561,0.005));
#9939=CARTESIAN_POINT('',(-0.0402,0.034927885028456,0.005));
#9940=CARTESIAN_POINT('',(0.0402,0.0379278850284561,0.0117));
#9941=CARTESIAN_POINT('',(0.0402,0.0379278850284561,0.005));
#9942=CARTESIAN_POINT('',(0.0402,0.034927885028456,0.005));
#9943=CARTESIAN_POINT('',(-0.0472,0.002177623,0.038035327));
#9944=CARTESIAN_POINT('',(-0.0472,-0.00984387170518909,0.023321943125));
#9945=CARTESIAN_POINT('',(-0.0472,0.0141991177051891,0.023321943125));
#9946=CARTESIAN_POINT('',(-0.0225905211350114,0.0449278850284561,-0.237367621135331));
#9947=CARTESIAN_POINT('',(-0.0225905211350114,0.0449278850284561,0.0217399141189595));
#9948=CARTESIAN_POINT('',(-0.0225905211350114,0.0399278850284561,0.0217399141189595));
#9949=CARTESIAN_POINT('',(-0.0188,0.0399278850284561,0.0217399141189595));
#9950=CARTESIAN_POINT('',(-0.0177763112753924,0.0435775578727092,0.0217399141189595));
#9951=CARTESIAN_POINT('',(-0.0225905211312977,0.0399278850284561,0.0206202470942416));
#9952=CARTESIAN_POINT('',(-0.019072702423188,0.0399278850284606,0.0210963262276667));
#9953=CARTESIAN_POINT('',(-0.0178723706392653,0.0432350853580319,0.021202857628907));
#9954=CARTESIAN_POINT('',(-0.0221904303748368,0.0399278850284561,0.018435532500958));
#9955=CARTESIAN_POINT('',(-0.0194247988466505,0.0399278850284585,0.0196165806915019));
#9956=CARTESIAN_POINT('',(-0.0179690407756353,0.0424828894474535,0.0200355953531171));
#9957=CARTESIAN_POINT('',(-0.0211160817085944,0.0399278850284561,0.0164612430406809));
#9958=CARTESIAN_POINT('',(-0.0192369599548642,0.0399278850284473,0.0176753861463214));
#9959=CARTESIAN_POINT('',(-0.0179220028113208,0.0415562224016027,0.0184597307571365));
#9960=CARTESIAN_POINT('',(-0.0204540222227177,0.0399278850284561,0.0155653218633244));
#9961=CARTESIAN_POINT('',(-0.0189822600567067,0.0399278850284561,0.0166529109564603));
#9962=CARTESIAN_POINT('',(-0.0178582241395424,0.041109211253838,0.017483540545964));
#9963=CARTESIAN_POINT('',(0.0225905211350114,0.0449278850284561,0.02445));
#9964=CARTESIAN_POINT('',(0.0225905211350114,0.0449278850284561,0.0217399141189595));
#9965=CARTESIAN_POINT('',(0.0177763112753924,0.0435775578727092,0.0217399141189595));
#9966=CARTESIAN_POINT('',(0.0188,0.0399278850284561,0.0217399141189595));
#9967=CARTESIAN_POINT('',(0.0225905211350114,0.0399278850284561,0.0217399141189595));
#9968=CARTESIAN_POINT('',(0.017872370639261,0.0432350853580474,0.0212028576289225));
#9969=CARTESIAN_POINT('',(0.0190727024231802,0.0399278850284501,0.0210963262276774));
#9970=CARTESIAN_POINT('',(0.022590521131321,0.0399278850284561,0.0206202470942357));
#9971=CARTESIAN_POINT('',(0.0179690407756402,0.0424828894474439,0.0200355953531092));
#9972=CARTESIAN_POINT('',(0.0194247988466551,0.0399278850284568,0.0196165806914945));
#9973=CARTESIAN_POINT('',(0.0221904303748291,0.039927885028456,0.0184355325009643));
#9974=CARTESIAN_POINT('',(0.0179220028113156,0.0415562224016064,0.0184597307571366));
#9975=CARTESIAN_POINT('',(0.0192369599548621,0.0399278850284599,0.0176753861463277));
#9976=CARTESIAN_POINT('',(0.0211160817085867,0.0399278850284561,0.0164612430406742));
#9977=CARTESIAN_POINT('',(0.0178582241395424,0.041109211253838,0.017483540545964));
#9978=CARTESIAN_POINT('',(0.0189822600567067,0.0399278850284561,0.0166529109564603));
#9979=CARTESIAN_POINT('',(0.0204540222227177,0.0399278850284561,0.0155653218633244));
#9980=CARTESIAN_POINT('',(0.0127094788649886,0.043127885028456,-0.237367621135331));
#9981=CARTESIAN_POINT('',(0.0127094788649886,0.0481278850284561,0.0230876689175777));
#9982=CARTESIAN_POINT('',(0.0138133889244724,0.0481278850284561,0.0230876689175777));
#9983=CARTESIAN_POINT('',(0.0159849415616467,0.0473736089714265,0.0229830702337758));
#9984=CARTESIAN_POINT('',(0.0172378179511347,0.045497403637454,0.0225644164773318));
#9985=CARTESIAN_POINT('',(0.0175236887246076,0.0444782121842029,0.0222531555618628));
#9986=CARTESIAN_POINT('',(0.0127094788649886,0.0481278850284561,0.0230876689175777));
#9987=CARTESIAN_POINT('',(0.0127094788649886,0.0481278850284561,0.0215459777701027));
#9988=CARTESIAN_POINT('',(0.0127094788649886,0.046636975937547,0.0211535472962));
#9989=CARTESIAN_POINT('',(0.0138356021497816,0.0481278850284561,0.0230876689141306));
#9990=CARTESIAN_POINT('',(0.0137442066365231,0.0481278850099644,0.0215459777672684));
#9991=CARTESIAN_POINT('',(0.0133851528358638,0.0466369759267144,0.0211535472933487));
#9992=CARTESIAN_POINT('',(0.0160481610920303,0.0473354131204791,0.02297825324487));
#9993=CARTESIAN_POINT('',(0.0157709644486217,0.0474498236174512,0.0214666028094055));
#9994=CARTESIAN_POINT('',(0.0147126881927899,0.0462479442774569,0.0210640253815062));
#9995=CARTESIAN_POINT('',(0.0172518067557707,0.0454475305078824,0.0225491852314413));
#9996=CARTESIAN_POINT('',(0.0169527734383401,0.0459519055058077,0.0210063760342515));
#9997=CARTESIAN_POINT('',(0.0154348756163059,0.0453211655397188,0.0207129697361667));
#9998=CARTESIAN_POINT('',(0.0175236887246076,0.0444782121842028,0.0222531555618628));
#9999=CARTESIAN_POINT('',(0.017313525923483,0.0452274882577776,0.0206652880233039));
#10000=CARTESIAN_POINT('',(0.01559800478076,0.044845318359459,0.0204707636415241));
#10001=CARTESIAN_POINT('',(-0.0127094788649886,0.043127885028456,-0.237367621135331));
#10002=CARTESIAN_POINT('',(-0.0175236887246076,0.0444782121842029,0.0222531555618628));
#10003=CARTESIAN_POINT('',(-0.0172377967685747,0.0454974791578852,0.0225644395412601));
#10004=CARTESIAN_POINT('',(-0.0159889046811735,0.0473704980407598,0.0229824552650809));
#10005=CARTESIAN_POINT('',(-0.0138134814582068,0.0481278850284561,0.0230876689175777));
#10006=CARTESIAN_POINT('',(-0.0127094788649886,0.0481278850284561,0.0230876689175777));
#10007=CARTESIAN_POINT('',(-0.0175236887246076,0.0444782121842028,0.0222531555618628));
#10008=CARTESIAN_POINT('',(-0.017313525923483,0.0452274882577776,0.0206652880233039));
#10009=CARTESIAN_POINT('',(-0.01559800478076,0.044845318359459,0.0204707636415241));
#10010=CARTESIAN_POINT('',(-0.0172507033340116,0.0454514644463277,0.0225503866479142));
#10011=CARTESIAN_POINT('',(-0.0169513560157793,0.0459547517579801,0.0210077161677922));
#10012=CARTESIAN_POINT('',(-0.0154342135482308,0.0453230967405651,0.02071395271691));
#10013=CARTESIAN_POINT('',(-0.0160544322022934,0.0473306131330448,0.0229770928491966));
#10014=CARTESIAN_POINT('',(-0.0157768559335471,0.0474462736437967,0.021465440291003));
#10015=CARTESIAN_POINT('',(-0.0147164508664576,0.0462455879215902,0.0210630759650375));
#10016=CARTESIAN_POINT('',(-0.0138313812857489,0.0481278850284561,0.0230876689147753));
#10017=CARTESIAN_POINT('',(-0.0137403283353801,0.0481278850135436,0.0215459777677906));
#10018=CARTESIAN_POINT('',(-0.0133826203174442,0.0466369759288119,0.0211535472939008));
#10019=CARTESIAN_POINT('',(-0.0127094788649886,0.0481278850284561,0.0230876689175778));
#10020=CARTESIAN_POINT('',(-0.0127094788649886,0.0481278850284561,0.0215459777701027));
#10021=CARTESIAN_POINT('',(-0.0127094788649886,0.0466369759375469,0.0211535472962));
#10022=CARTESIAN_POINT('',(-0.0472,-0.0130074229433967,0.01945));
#10023=CARTESIAN_POINT('',(-0.0472,0.0173626689433968,0.01945));
#10024=CARTESIAN_POINT('',(0.0098855085926614,-0.0114358274344012,0.001));
#10025=CARTESIAN_POINT('',(0.0098855085926614,-0.0114358274344012,0.));
#10026=CARTESIAN_POINT('',(0.0098855085926614,-0.011957115559498,0.001));
#10027=CARTESIAN_POINT('',(0.0098855085926614,-0.011957115559498,0.));
#10028=CARTESIAN_POINT('',(0.00978715745471435,-0.0123556679669914,0.001));
#10029=CARTESIAN_POINT('',(0.00978715745471435,-0.0123556679669914,0.));
#10030=CARTESIAN_POINT('',(0.00959045517882025,-0.0126314846568815,0.001));
#10031=CARTESIAN_POINT('',(0.00959045517882025,-0.0126314846568815,0.));
#10032=CARTESIAN_POINT('',(0.0098855085926614,-0.0114358274344012,0.));
#10033=CARTESIAN_POINT('',(0.0098855085926614,-0.0122177596220464,0.));
#10034=CARTESIAN_POINT('',(0.00959045517882025,-0.0126314846568815,0.));
#10035=CARTESIAN_POINT('',(0.0098855085926614,-0.0114358274344012,0.));
#10036=CARTESIAN_POINT('',(0.00959045517882025,-0.0126314846568815,0.));
#10037=CARTESIAN_POINT('',(0.0098855085926614,-0.0114358274344012,0.001));
#10038=CARTESIAN_POINT('',(0.0098855085926614,-0.0114358274344012,0.001));
#10039=CARTESIAN_POINT('',(0.0098855085926614,-0.0114358274344012,0.001));
#10040=CARTESIAN_POINT('',(0.0098855085926614,-0.0122177596220464,0.001));
#10041=CARTESIAN_POINT('',(0.00959045517882025,-0.0126314846568815,0.001));
#10042=CARTESIAN_POINT('',(0.00959045517882025,-0.0126314846568815,0.001));
#10043=CARTESIAN_POINT('',(0.00959045517882025,-0.0126314846568815,0.001));
#10044=CARTESIAN_POINT('',(0.00959045517882025,-0.0101369421580427,0.001));
#10045=CARTESIAN_POINT('',(0.00959045517882025,-0.0101369421580427,0.));
#10046=CARTESIAN_POINT('',(0.00978715745471435,-0.0104165520047682,0.001));
#10047=CARTESIAN_POINT('',(0.00978715745471435,-0.0104165520047682,0.));
#10048=CARTESIAN_POINT('',(0.0098855085926614,-0.0108495137635543,0.001));
#10049=CARTESIAN_POINT('',(0.0098855085926614,-0.0108495137635543,0.));
#10050=CARTESIAN_POINT('',(0.0098855085926614,-0.0114358274344012,0.001));
#10051=CARTESIAN_POINT('',(0.0098855085926614,-0.0114358274344012,0.));
#10052=CARTESIAN_POINT('',(0.00959045517882025,-0.0101369421580427,0.));
#10053=CARTESIAN_POINT('',(0.0098855085926614,-0.0105563569281309,0.));
#10054=CARTESIAN_POINT('',(0.0098855085926614,-0.0114358274344012,0.));
#10055=CARTESIAN_POINT('',(0.00959045517882025,-0.0101369421580427,0.));
#10056=CARTESIAN_POINT('',(0.00959045517882025,-0.0101369421580427,0.001));
#10057=CARTESIAN_POINT('',(0.00959045517882025,-0.0101369421580427,0.001));
#10058=CARTESIAN_POINT('',(0.00959045517882025,-0.0101369421580427,0.001));
#10059=CARTESIAN_POINT('',(0.0098855085926614,-0.0105563569281309,0.001));
#10060=CARTESIAN_POINT('',(0.0098855085926614,-0.0114358274344012,0.001));
#10061=CARTESIAN_POINT('',(0.00875731537389689,-0.00971752738795442,0.001));
#10062=CARTESIAN_POINT('',(0.00875731537389689,-0.00971752738795442,0.));
#10063=CARTESIAN_POINT('',(0.00911603963461836,-0.00971752738795442,0.001));
#10064=CARTESIAN_POINT('',(0.00911603963461836,-0.00971752738795442,0.));
#10065=CARTESIAN_POINT('',(0.00939375290292615,-0.00985733231131717,0.001));
#10066=CARTESIAN_POINT('',(0.00939375290292615,-0.00985733231131717,0.));
#10067=CARTESIAN_POINT('',(0.00959045517882025,-0.0101369421580427,0.001));
#10068=CARTESIAN_POINT('',(0.00959045517882025,-0.0101369421580427,0.));
#10069=CARTESIAN_POINT('',(0.00875731537389689,-0.00971752738795442,0.));
#10070=CARTESIAN_POINT('',(0.0092954017649791,-0.00971752738795442,0.));
#10071=CARTESIAN_POINT('',(0.00959045517882025,-0.0101369421580427,0.));
#10072=CARTESIAN_POINT('',(0.00875731537389689,-0.00971752738795442,0.));
#10073=CARTESIAN_POINT('',(0.00875731537389689,-0.00971752738795442,0.001));
#10074=CARTESIAN_POINT('',(0.00875731537389689,-0.00971752738795442,0.001));
#10075=CARTESIAN_POINT('',(0.00875731537389689,-0.00971752738795442,0.001));
#10076=CARTESIAN_POINT('',(0.0092954017649791,-0.00971752738795442,0.001));
#10077=CARTESIAN_POINT('',(0.00959045517882025,-0.0101369421580427,0.001));
#10078=CARTESIAN_POINT('',(0.00791360891778913,-0.0101393806160083,0.001));
#10079=CARTESIAN_POINT('',(0.00791360891778913,-0.0101393806160083,0.));
#10080=CARTESIAN_POINT('',(0.00811302059142282,-0.00985814513063905,0.001));
#10081=CARTESIAN_POINT('',(0.00811302059142282,-0.00985814513063905,0.));
#10082=CARTESIAN_POINT('',(0.00839425607679207,-0.00971752738795442,0.001));
#10083=CARTESIAN_POINT('',(0.00839425607679207,-0.00971752738795442,0.));
#10084=CARTESIAN_POINT('',(0.00875731537389689,-0.00971752738795442,0.001));
#10085=CARTESIAN_POINT('',(0.00875731537389689,-0.00971752738795442,0.));
#10086=CARTESIAN_POINT('',(0.00791360891778913,-0.0101393806160083,0.));
#10087=CARTESIAN_POINT('',(0.00821272642823966,-0.00971752738795442,0.));
#10088=CARTESIAN_POINT('',(0.00875731537389689,-0.00971752738795442,0.));
#10089=CARTESIAN_POINT('',(0.00791360891778913,-0.0101393806160083,0.));
#10090=CARTESIAN_POINT('',(0.00791360891778913,-0.0101393806160083,0.001));
#10091=CARTESIAN_POINT('',(0.00791360891778913,-0.0101393806160083,0.001));
#10092=CARTESIAN_POINT('',(0.00791360891778913,-0.0101393806160083,0.001));
#10093=CARTESIAN_POINT('',(0.00821272642823966,-0.00971752738795442,0.001));
#10094=CARTESIAN_POINT('',(0.00875731537389689,-0.00971752738795442,0.001));
#10095=CARTESIAN_POINT('',(0.00761449140733859,-0.0113285352839135,0.001));
#10096=CARTESIAN_POINT('',(0.00761449140733859,-0.0113285352839135,0.));
#10097=CARTESIAN_POINT('',(0.00761449140733859,-0.0108170009906793,0.001));
#10098=CARTESIAN_POINT('',(0.00761449140733859,-0.0108170009906793,0.));
#10099=CARTESIAN_POINT('',(0.00771419724415544,-0.0104206161013775,0.001));
#10100=CARTESIAN_POINT('',(0.00771419724415544,-0.0104206161013775,0.));
#10101=CARTESIAN_POINT('',(0.00791360891778913,-0.0101393806160083,0.001));
#10102=CARTESIAN_POINT('',(0.00791360891778913,-0.0101393806160083,0.));
#10103=CARTESIAN_POINT('',(0.00761449140733859,-0.0113285352839135,0.));
#10104=CARTESIAN_POINT('',(0.00761449140733859,-0.0105612338440622,0.));
#10105=CARTESIAN_POINT('',(0.00791360891778913,-0.0101393806160083,0.));
#10106=CARTESIAN_POINT('',(0.00761449140733859,-0.0113285352839135,0.));
#10107=CARTESIAN_POINT('',(0.00761449140733859,-0.0113285352839135,0.001));
#10108=CARTESIAN_POINT('',(0.00761449140733859,-0.0113285352839135,0.001));
#10109=CARTESIAN_POINT('',(0.00761449140733859,-0.0113285352839135,0.001));
#10110=CARTESIAN_POINT('',(0.00761449140733859,-0.0105612338440622,0.001));
#10111=CARTESIAN_POINT('',(0.00791360891778913,-0.0101393806160083,0.001));
#10112=CARTESIAN_POINT('',(0.00791360891778913,-0.0126363615728127,0.001));
#10113=CARTESIAN_POINT('',(0.00791360891778913,-0.0126363615728127,0.));
#10114=CARTESIAN_POINT('',(0.00771419724415544,-0.0123637961602102,0.001));
#10115=CARTESIAN_POINT('',(0.00771419724415544,-0.0123637961602102,0.));
#10116=CARTESIAN_POINT('',(0.00761449140733859,-0.0119278540639104,0.001));
#10117=CARTESIAN_POINT('',(0.00761449140733859,-0.0119278540639104,0.));
#10118=CARTESIAN_POINT('',(0.00761449140733859,-0.0113285352839135,0.001));
#10119=CARTESIAN_POINT('',(0.00761449140733859,-0.0113285352839135,0.));
#10120=CARTESIAN_POINT('',(0.00791360891778913,-0.0126363615728127,0.));
#10121=CARTESIAN_POINT('',(0.00761449140733859,-0.0122275134539089,0.));
#10122=CARTESIAN_POINT('',(0.00761449140733859,-0.0113285352839135,0.));
#10123=CARTESIAN_POINT('',(0.00791360891778913,-0.0126363615728127,0.));
#10124=CARTESIAN_POINT('',(0.00791360891778913,-0.0126363615728127,0.001));
#10125=CARTESIAN_POINT('',(0.00791360891778913,-0.0126363615728127,0.001));
#10126=CARTESIAN_POINT('',(0.00791360891778913,-0.0126363615728127,0.001));
#10127=CARTESIAN_POINT('',(0.00761449140733859,-0.0122275134539089,0.001));
#10128=CARTESIAN_POINT('',(0.00761449140733859,-0.0113285352839135,0.001));
#10129=CARTESIAN_POINT('',(0.00874756154203437,-0.0130452096917166,0.001));
#10130=CARTESIAN_POINT('',(0.00874756154203437,-0.0130452096917166,0.));
#10131=CARTESIAN_POINT('',(0.00839100479950456,-0.0130452096917166,0.001));
#10132=CARTESIAN_POINT('',(0.00839100479950456,-0.0130452096917166,0.));
#10133=CARTESIAN_POINT('',(0.00811302059142282,-0.0129089269854153,0.001));
#10134=CARTESIAN_POINT('',(0.00811302059142282,-0.0129089269854153,0.));
#10135=CARTESIAN_POINT('',(0.00791360891778913,-0.0126363615728127,0.001));
#10136=CARTESIAN_POINT('',(0.00791360891778913,-0.0126363615728127,0.));
#10137=CARTESIAN_POINT('',(0.00874756154203437,-0.0130452096917166,0.));
#10138=CARTESIAN_POINT('',(0.00821272642823966,-0.0130452096917166,0.));
#10139=CARTESIAN_POINT('',(0.00791360891778913,-0.0126363615728127,0.));
#10140=CARTESIAN_POINT('',(0.00874756154203437,-0.0130452096917166,0.));
#10141=CARTESIAN_POINT('',(0.00874756154203437,-0.0130452096917166,0.001));
#10142=CARTESIAN_POINT('',(0.00874756154203437,-0.0130452096917166,0.001));
#10143=CARTESIAN_POINT('',(0.00874756154203437,-0.0130452096917166,0.001));
#10144=CARTESIAN_POINT('',(0.00821272642823966,-0.0130452096917166,0.001));
#10145=CARTESIAN_POINT('',(0.00791360891778913,-0.0126363615728127,0.001));
#10146=CARTESIAN_POINT('',(0.0113534602879703,-0.0113285352839135,0.001));
#10147=CARTESIAN_POINT('',(0.0113534602879703,-0.0113285352839135,0.));
#10148=CARTESIAN_POINT('',(0.0113534602879703,-0.0107834044587084,0.001));
#10149=CARTESIAN_POINT('',(0.0113534602879703,-0.0107834044587084,0.));
#10150=CARTESIAN_POINT('',(0.0112483356556742,-0.0102973385042263,0.001));
#10151=CARTESIAN_POINT('',(0.0112483356556742,-0.0102973385042263,0.));
#10152=CARTESIAN_POINT('',(0.0110380863910822,-0.00987033742046719,0.001));
#10153=CARTESIAN_POINT('',(0.0110380863910822,-0.00987033742046719,0.));
#10154=CARTESIAN_POINT('',(0.0113534602879703,-0.0113285352839135,0.001));
#10155=CARTESIAN_POINT('',(0.0113534602879703,-0.0113285352839135,0.001));
#10156=CARTESIAN_POINT('',(0.0113534602879703,-0.0113285352839135,0.001));
#10157=CARTESIAN_POINT('',(0.0113534602879703,-0.0105108390461058,0.001));
#10158=CARTESIAN_POINT('',(0.0110380863910822,-0.00987033742046719,0.001));
#10159=CARTESIAN_POINT('',(0.0110380863910822,-0.00987033742046719,0.001));
#10160=CARTESIAN_POINT('',(0.0110380863910822,-0.00987033742046719,0.001));
#10161=CARTESIAN_POINT('',(0.0113534602879703,-0.0113618608761105,0.001));
#10162=CARTESIAN_POINT('',(0.0113534602879703,-0.0113951864683074,0.001));
#10163=CARTESIAN_POINT('',(0.0113534602879703,-0.0113951864683074,0.001));
#10164=CARTESIAN_POINT('',(0.0113534602879703,-0.0113618608761105,0.001));
#10165=CARTESIAN_POINT('',(0.010644681839294,-0.0134678757390924,0.001));
#10166=CARTESIAN_POINT('',(0.010644681839294,-0.0134678757390924,0.));
#10167=CARTESIAN_POINT('',(0.0111172008050782,-0.0129595927231456,0.001));
#10168=CARTESIAN_POINT('',(0.0111172008050782,-0.0129595927231456,0.));
#10169=CARTESIAN_POINT('',(0.0113534602879703,-0.0122686962995506,0.001));
#10170=CARTESIAN_POINT('',(0.0113534602879703,-0.0122686962995506,0.));
#10171=CARTESIAN_POINT('',(0.0113534602879703,-0.0113951864683074,0.001));
#10172=CARTESIAN_POINT('',(0.0113534602879703,-0.0113951864683074,0.));
#10173=CARTESIAN_POINT('',(0.010644681839294,-0.0134678757390924,0.001));
#10174=CARTESIAN_POINT('',(0.010644681839294,-0.0134678757390924,0.001));
#10175=CARTESIAN_POINT('',(0.010644681839294,-0.0134678757390924,0.001));
#10176=CARTESIAN_POINT('',(0.0113534602879703,-0.0127054512151722,0.001));
#10177=CARTESIAN_POINT('',(0.0113534602879703,-0.0113951864683074,0.001));
#10178=CARTESIAN_POINT('',(0.00874674872271249,-0.0142303002630125,0.001));
#10179=CARTESIAN_POINT('',(0.00874674872271249,-0.0142303002630125,0.));
#10180=CARTESIAN_POINT('',(0.00953951850131599,-0.0142303002630125,0.001));
#10181=CARTESIAN_POINT('',(0.00953951850131599,-0.0142303002630125,0.));
#10182=CARTESIAN_POINT('',(0.0101721628735098,-0.0139761587550391,0.001));
#10183=CARTESIAN_POINT('',(0.0101721628735098,-0.0139761587550391,0.));
#10184=CARTESIAN_POINT('',(0.010644681839294,-0.0134678757390924,0.001));
#10185=CARTESIAN_POINT('',(0.010644681839294,-0.0134678757390924,0.));
#10186=CARTESIAN_POINT('',(0.00874674872271249,-0.0142303002630125,0.001));
#10187=CARTESIAN_POINT('',(0.00874674872271249,-0.0142303002630125,0.001));
#10188=CARTESIAN_POINT('',(0.00874674872271249,-0.0142303002630125,0.001));
#10189=CARTESIAN_POINT('',(0.00993590339061774,-0.0142303002630125,0.001));
#10190=CARTESIAN_POINT('',(0.010644681839294,-0.0134678757390924,0.001));
#10191=CARTESIAN_POINT('',(0.00685206688341849,-0.0134654372811267,0.001));
#10192=CARTESIAN_POINT('',(0.00685206688341849,-0.0134654372811267,0.));
#10193=CARTESIAN_POINT('',(0.00732241833101099,-0.0139753459357172,0.001));
#10194=CARTESIAN_POINT('',(0.00732241833101099,-0.0139753459357172,0.));
#10195=CARTESIAN_POINT('',(0.00795397894410899,-0.0142303002630125,0.001));
#10196=CARTESIAN_POINT('',(0.00795397894410899,-0.0142303002630125,0.));
#10197=CARTESIAN_POINT('',(0.00874674872271249,-0.0142303002630125,0.001));
#10198=CARTESIAN_POINT('',(0.00874674872271249,-0.0142303002630125,0.));
#10199=CARTESIAN_POINT('',(0.00685206688341849,-0.0134654372811267,0.001));
#10200=CARTESIAN_POINT('',(0.00685206688341849,-0.0134654372811267,0.001));
#10201=CARTESIAN_POINT('',(0.00685206688341849,-0.0134654372811267,0.001));
#10202=CARTESIAN_POINT('',(0.00755759405480724,-0.0142303002630125,0.001));
#10203=CARTESIAN_POINT('',(0.00874674872271249,-0.0142303002630125,0.001));
#10204=CARTESIAN_POINT('',(0.00614653971202973,-0.0114358274344012,0.001));
#10205=CARTESIAN_POINT('',(0.00614653971202973,-0.0114358274344012,0.));
#10206=CARTESIAN_POINT('',(0.00614653971202973,-0.0122789920109611,0.001));
#10207=CARTESIAN_POINT('',(0.00614653971202973,-0.0122789920109611,0.));
#10208=CARTESIAN_POINT('',(0.00638171543582598,-0.0129555286265362,0.001));
#10209=CARTESIAN_POINT('',(0.00638171543582598,-0.0129555286265362,0.));
#10210=CARTESIAN_POINT('',(0.00685206688341849,-0.0134654372811267,0.001));
#10211=CARTESIAN_POINT('',(0.00685206688341849,-0.0134654372811267,0.));
#10212=CARTESIAN_POINT('',(0.00614653971202973,-0.0114358274344012,0.001));
#10213=CARTESIAN_POINT('',(0.00614653971202973,-0.0114358274344012,0.001));
#10214=CARTESIAN_POINT('',(0.00614653971202973,-0.0114358274344012,0.001));
#10215=CARTESIAN_POINT('',(0.00614653971202973,-0.012700574299241,0.001));
#10216=CARTESIAN_POINT('',(0.00685206688341849,-0.0134654372811267,0.001));
#10217=CARTESIAN_POINT('',(0.00615141662796098,-0.0112472533517259,0.001));
#10218=CARTESIAN_POINT('',(0.00615629354389224,-0.0110586792690506,0.001));
#10219=CARTESIAN_POINT('',(0.00615629354389224,-0.0110586792690506,0.001));
#10220=CARTESIAN_POINT('',(0.00615141662796098,-0.0112472533517259,0.001));
#10221=CARTESIAN_POINT('',(0.00694066418950302,-0.00921032813110351,0.001));
#10222=CARTESIAN_POINT('',(0.00694066418950302,-0.00921032813110351,0.));
#10223=CARTESIAN_POINT('',(0.00647193838055427,-0.00966442319225848,0.001));
#10224=CARTESIAN_POINT('',(0.00647193838055427,-0.00966442319225848,0.));
#10225=CARTESIAN_POINT('',(0.00621048149868401,-0.0102805402382408,0.001));
#10226=CARTESIAN_POINT('',(0.00621048149868401,-0.0102805402382408,0.));
#10227=CARTESIAN_POINT('',(0.00615629354389224,-0.0110586792690506,0.001));
#10228=CARTESIAN_POINT('',(0.00615629354389224,-0.0110586792690506,0.));
#10229=CARTESIAN_POINT('',(0.00694066418950302,-0.00921032813110351,0.001));
#10230=CARTESIAN_POINT('',(0.00694066418950302,-0.00921032813110351,0.001));
#10231=CARTESIAN_POINT('',(0.00694066418950302,-0.00921032813110351,0.001));
#10232=CARTESIAN_POINT('',(0.00623757547607989,-0.00989147072283597,0.001));
#10233=CARTESIAN_POINT('',(0.00615629354389224,-0.0110586792690506,0.001));
#10234=CARTESIAN_POINT('',(0.00875731537389689,-0.00852918553937104,0.001));
#10235=CARTESIAN_POINT('',(0.00875731537389689,-0.00852918553937104,0.));
#10236=CARTESIAN_POINT('',(0.00801494039324973,-0.00852918553937104,0.001));
#10237=CARTESIAN_POINT('',(0.00801494039324973,-0.00852918553937104,0.));
#10238=CARTESIAN_POINT('',(0.00740938999845177,-0.00875623306994853,0.001));
#10239=CARTESIAN_POINT('',(0.00740938999845177,-0.00875623306994853,0.));
#10240=CARTESIAN_POINT('',(0.00694066418950302,-0.00921032813110351,0.001));
#10241=CARTESIAN_POINT('',(0.00694066418950302,-0.00921032813110351,0.));
#10242=CARTESIAN_POINT('',(0.00875731537389689,-0.00852918553937104,0.001));
#10243=CARTESIAN_POINT('',(0.00875731537389689,-0.00852918553937104,0.001));
#10244=CARTESIAN_POINT('',(0.00875731537389689,-0.00852918553937104,0.001));
#10245=CARTESIAN_POINT('',(0.00764375290292615,-0.00852918553937104,0.001));
#10246=CARTESIAN_POINT('',(0.00694066418950302,-0.00921032813110351,0.001));
#10247=CARTESIAN_POINT('',(0.0101309800278681,-0.00887951066709979,0.001));
#10248=CARTESIAN_POINT('',(0.0101309800278681,-0.00887951066709979,0.));
#10249=CARTESIAN_POINT('',(0.00973649171698405,-0.00864596058194729,0.001));
#10250=CARTESIAN_POINT('',(0.00973649171698405,-0.00864596058194729,0.));
#10251=CARTESIAN_POINT('',(0.00927860349899365,-0.00852918553937104,0.001));
#10252=CARTESIAN_POINT('',(0.00927860349899365,-0.00852918553937104,0.));
#10253=CARTESIAN_POINT('',(0.00875731537389689,-0.00852918553937104,0.001));
#10254=CARTESIAN_POINT('',(0.00875731537389689,-0.00852918553937104,0.));
#10255=CARTESIAN_POINT('',(0.0101309800278681,-0.00887951066709979,0.001));
#10256=CARTESIAN_POINT('',(0.0101309800278681,-0.00887951066709979,0.001));
#10257=CARTESIAN_POINT('',(0.0101309800278681,-0.00887951066709979,0.001));
#10258=CARTESIAN_POINT('',(0.00953924756154203,-0.00852918553937104,0.001));
#10259=CARTESIAN_POINT('',(0.00875731537389689,-0.00852918553937104,0.001));
#10260=CARTESIAN_POINT('',(0.0110380863910822,-0.00987033742046719,0.001));
#10261=CARTESIAN_POINT('',(0.0110380863910822,-0.00987033742046719,0.));
#10262=CARTESIAN_POINT('',(0.0108278371264902,-0.0094433363367081,0.001));
#10263=CARTESIAN_POINT('',(0.0108278371264902,-0.0094433363367081,0.));
#10264=CARTESIAN_POINT('',(0.0105254683387521,-0.0091130607522523,0.001));
#10265=CARTESIAN_POINT('',(0.0105254683387521,-0.0091130607522523,0.));
#10266=CARTESIAN_POINT('',(0.0101309800278681,-0.00887951066709979,0.001));
#10267=CARTESIAN_POINT('',(0.0101309800278681,-0.00887951066709979,0.));
#10268=CARTESIAN_POINT('',(0.0110380863910822,-0.00987033742046719,0.001));
#10269=CARTESIAN_POINT('',(0.0107227124941941,-0.00922983579482855,0.001));
#10270=CARTESIAN_POINT('',(0.0101309800278681,-0.00887951066709979,0.001));
#10271=CARTESIAN_POINT('',(0.00959045517882025,-0.0126314846568815,0.001));
#10272=CARTESIAN_POINT('',(0.00959045517882025,-0.0126314846568815,0.));
#10273=CARTESIAN_POINT('',(0.00939375290292615,-0.0129073013467716,0.001));
#10274=CARTESIAN_POINT('',(0.00939375290292615,-0.0129073013467716,0.));
#10275=CARTESIAN_POINT('',(0.00911278835733086,-0.0130452096917166,0.001));
#10276=CARTESIAN_POINT('',(0.00911278835733086,-0.0130452096917166,0.));
#10277=CARTESIAN_POINT('',(0.00874756154203437,-0.0130452096917166,0.001));
#10278=CARTESIAN_POINT('',(0.00874756154203437,-0.0130452096917166,0.));
#10279=CARTESIAN_POINT('',(0.00959045517882025,-0.0126314846568815,0.));
#10280=CARTESIAN_POINT('',(0.0092954017649791,-0.0130452096917166,0.));
#10281=CARTESIAN_POINT('',(0.00874756154203437,-0.0130452096917166,0.));
#10282=CARTESIAN_POINT('',(0.00959045517882025,-0.0126314846568815,0.001));
#10283=CARTESIAN_POINT('',(0.0092954017649791,-0.0130452096917166,0.001));
#10284=CARTESIAN_POINT('',(0.00874756154203437,-0.0130452096917166,0.001));
#10285=CARTESIAN_POINT('',(-1.38777878078145E-17,0.0064,0.001));
#10286=CARTESIAN_POINT('',(-0.014769739897817,-0.0103409598078337,0.001));
#10287=CARTESIAN_POINT('',(-0.0142617278216442,-0.0120503188417398,0.001));
#10288=CARTESIAN_POINT('',(-0.0142617278216442,-0.0120503188417398,0.001));
#10289=CARTESIAN_POINT('',(-0.014769739897817,-0.0103409598078337,0.001));
#10290=CARTESIAN_POINT('',(-0.0152777519739898,-0.00863160077392748,0.001));
#10291=CARTESIAN_POINT('',(-0.0152777519739898,-0.00863160077392748,0.001));
#10292=CARTESIAN_POINT('',(-0.0137512772875058,-0.0103409598078336,0.001));
#10293=CARTESIAN_POINT('',(-0.0132408267533674,-0.00863160077392748,0.001));
#10294=CARTESIAN_POINT('',(-0.0132408267533674,-0.00863160077392748,0.001));
#10295=CARTESIAN_POINT('',(-0.0137512772875058,-0.0103409598078336,0.001));
#10296=CARTESIAN_POINT('',(-0.0124507663725035,-0.00863160077392748,0.001));
#10297=CARTESIAN_POINT('',(-0.0116607059916396,-0.00863160077392748,0.001));
#10298=CARTESIAN_POINT('',(-0.0116607059916396,-0.00863160077392748,0.001));
#10299=CARTESIAN_POINT('',(-0.0124507663725035,-0.00863160077392748,0.001));
#10300=CARTESIAN_POINT('',(-0.0126238968880632,-0.0113870582750886,0.001));
#10301=CARTESIAN_POINT('',(-0.0135870877844868,-0.0141425157762498,0.001));
#10302=CARTESIAN_POINT('',(-0.0135870877844868,-0.0141425157762498,0.001));
#10303=CARTESIAN_POINT('',(-0.0126238968880632,-0.0113870582750886,0.001));
#10304=CARTESIAN_POINT('',(-0.0135009289363678,-0.0143692923670533,0.001));
#10305=CARTESIAN_POINT('',(-0.0134147700882489,-0.0145960689578569,0.001));
#10306=CARTESIAN_POINT('',(-0.0134147700882489,-0.0145960689578569,0.001));
#10307=CARTESIAN_POINT('',(-0.0135009289363678,-0.0143692923670533,0.001));
#10308=CARTESIAN_POINT('',(-0.013092080817464,-0.0150171093665889,0.001));
#10309=CARTESIAN_POINT('',(-0.013092080817464,-0.0150171093665889,0.));
#10310=CARTESIAN_POINT('',(-0.0132291763430872,-0.0149325761571137,0.001));
#10311=CARTESIAN_POINT('',(-0.0132291763430872,-0.0149325761571137,0.));
#10312=CARTESIAN_POINT('',(-0.0133367394333488,-0.0147922293542031,0.001));
#10313=CARTESIAN_POINT('',(-0.0133367394333488,-0.0147922293542031,0.));
#10314=CARTESIAN_POINT('',(-0.0134147700882489,-0.0145960689578569,0.001));
#10315=CARTESIAN_POINT('',(-0.0134147700882489,-0.0145960689578569,0.));
#10316=CARTESIAN_POINT('',(-0.013092080817464,-0.0150171093665889,0.001));
#10317=CARTESIAN_POINT('',(-0.013092080817464,-0.0150171093665889,0.001));
#10318=CARTESIAN_POINT('',(-0.013092080817464,-0.0150171093665889,0.001));
#10319=CARTESIAN_POINT('',(-0.0132977241058987,-0.0148903095523761,0.001));
#10320=CARTESIAN_POINT('',(-0.0134147700882489,-0.0145960689578569,0.001));
#10321=CARTESIAN_POINT('',(-0.0124686483975848,-0.0151439091808016,0.001));
#10322=CARTESIAN_POINT('',(-0.0124686483975848,-0.0151439091808016,0.));
#10323=CARTESIAN_POINT('',(-0.0127471744852144,-0.0151439091808016,0.001));
#10324=CARTESIAN_POINT('',(-0.0127471744852144,-0.0151439091808016,0.));
#10325=CARTESIAN_POINT('',(-0.0129549852918408,-0.015101642576064,0.001));
#10326=CARTESIAN_POINT('',(-0.0129549852918408,-0.015101642576064,0.));
#10327=CARTESIAN_POINT('',(-0.013092080817464,-0.0150171093665889,0.001));
#10328=CARTESIAN_POINT('',(-0.013092080817464,-0.0150171093665889,0.));
#10329=CARTESIAN_POINT('',(-0.0124686483975848,-0.0151439091808016,0.001));
#10330=CARTESIAN_POINT('',(-0.0124686483975848,-0.0151439091808016,0.001));
#10331=CARTESIAN_POINT('',(-0.0124686483975848,-0.0151439091808016,0.001));
#10332=CARTESIAN_POINT('',(-0.0128864375290293,-0.0151439091808016,0.001));
#10333=CARTESIAN_POINT('',(-0.013092080817464,-0.0150171093665889,0.001));
#10334=CARTESIAN_POINT('',(-0.0123572921504877,-0.015141470722836,0.001));
#10335=CARTESIAN_POINT('',(-0.0122459359033906,-0.0151390322648703,0.001));
#10336=CARTESIAN_POINT('',(-0.0122459359033906,-0.0151390322648703,0.001));
#10337=CARTESIAN_POINT('',(-0.0123572921504877,-0.015141470722836,0.001));
#10338=CARTESIAN_POINT('',(-0.0122459359033906,-0.0156950006810339,0.001));
#10339=CARTESIAN_POINT('',(-0.0122459359033906,-0.0162506454550598,0.001));
#10340=CARTESIAN_POINT('',(-0.0122459359033906,-0.0162506454550598,0.001));
#10341=CARTESIAN_POINT('',(-0.0122459359033906,-0.0156950006810339,0.001));
#10342=CARTESIAN_POINT('',(-0.0129088050725252,-0.0140619106359085,0.001));
#10343=CARTESIAN_POINT('',(-0.0128961913608918,-0.0163485074158225,0.001));
#10344=CARTESIAN_POINT('',(-0.0128961913608918,-0.0163485074158225,0.001));
#10345=CARTESIAN_POINT('',(-0.0129088050725252,-0.0140619106359085,0.001));
#10346=CARTESIAN_POINT('',(-0.0145218300046447,-0.0152707089950143,0.001));
#10347=CARTESIAN_POINT('',(-0.0145218300046447,-0.0152707089950143,0.));
#10348=CARTESIAN_POINT('',(-0.0141934509986066,-0.0159892412755531,0.001));
#10349=CARTESIAN_POINT('',(-0.0141934509986066,-0.0159892412755531,0.));
#10350=CARTESIAN_POINT('',(-0.013651571450689,-0.0163485074158225,0.001));
#10351=CARTESIAN_POINT('',(-0.013651571450689,-0.0163485074158225,0.));
#10352=CARTESIAN_POINT('',(-0.0128961913608918,-0.0163485074158225,0.001));
#10353=CARTESIAN_POINT('',(-0.0128961913608918,-0.0163485074158225,0.));
#10354=CARTESIAN_POINT('',(-0.0145218300046447,-0.0152707089950143,0.001));
#10355=CARTESIAN_POINT('',(-0.0145218300046447,-0.0152707089950143,0.001));
#10356=CARTESIAN_POINT('',(-0.0145218300046447,-0.0152707089950143,0.001));
#10357=CARTESIAN_POINT('',(-0.0140292614955875,-0.0163485074158225,0.001));
#10358=CARTESIAN_POINT('',(-0.0128961913608918,-0.0163485074158225,0.001));
#10359=CARTESIAN_POINT('',(-0.0145827914537854,-0.0151260271557204,0.001));
#10360=CARTESIAN_POINT('',(-0.0146437529029261,-0.0149813453164263,0.001));
#10361=CARTESIAN_POINT('',(-0.0146437529029261,-0.0149813453164263,0.001));
#10362=CARTESIAN_POINT('',(-0.0145827914537854,-0.0151260271557204,0.001));
#10363=CARTESIAN_POINT('',(-0.0157483743613562,-0.0118064730451769,0.001));
#10364=CARTESIAN_POINT('',(-0.0168529958197863,-0.00863160077392747,0.001));
#10365=CARTESIAN_POINT('',(-0.0168529958197863,-0.00863160077392747,0.001));
#10366=CARTESIAN_POINT('',(-0.0157483743613562,-0.0118064730451769,0.001));
#10367=CARTESIAN_POINT('',(-0.0160653738968881,-0.00863160077392748,0.001));
#10368=CARTESIAN_POINT('',(-0.0160653738968881,-0.00863160077392748,0.001));
#10369=CARTESIAN_POINT('',(-1.38777878078145E-17,0.0064,0.001));
#10370=CARTESIAN_POINT('',(-0.00199872271249419,-0.0115878246475921,0.001));
#10371=CARTESIAN_POINT('',(-0.00239456572224803,-0.011161094503607,0.001));
#10372=CARTESIAN_POINT('',(-0.00239456572224803,-0.011161094503607,0.001));
#10373=CARTESIAN_POINT('',(-0.00199872271249419,-0.0115878246475921,0.001));
#10374=CARTESIAN_POINT('',(-0.00160287970274036,-0.0120145547915773,0.001));
#10375=CARTESIAN_POINT('',(-0.00160287970274036,-0.0120145547915773,0.001));
#10376=CARTESIAN_POINT('',(-0.0033447515095216,-0.0126444897660315,0.001));
#10377=CARTESIAN_POINT('',(-0.00429493729679517,-0.014127885028456,0.001));
#10378=CARTESIAN_POINT('',(-0.00429493729679517,-0.014127885028456,0.001));
#10379=CARTESIAN_POINT('',(-0.0033447515095216,-0.0126444897660315,0.001));
#10380=CARTESIAN_POINT('',(-0.00520204366000929,-0.014127885028456,0.001));
#10381=CARTESIAN_POINT('',(-0.00610915002322341,-0.014127885028456,0.001));
#10382=CARTESIAN_POINT('',(-0.00610915002322341,-0.014127885028456,0.001));
#10383=CARTESIAN_POINT('',(-0.00520204366000929,-0.014127885028456,0.001));
#10384=CARTESIAN_POINT('',(-0.00475743149094287,-0.0120730777827524,0.001));
#10385=CARTESIAN_POINT('',(-0.00340571295866233,-0.0100182705370487,0.001));
#10386=CARTESIAN_POINT('',(-0.00340571295866233,-0.0100182705370487,0.001));
#10387=CARTESIAN_POINT('',(-0.00475743149094287,-0.0120730777827524,0.001));
#10388=CARTESIAN_POINT('',(-0.00471922898281468,-0.00837474986821452,0.001));
#10389=CARTESIAN_POINT('',(-0.00603274500696702,-0.00673122919938033,0.001));
#10390=CARTESIAN_POINT('',(-0.00603274500696702,-0.00673122919938033,0.001));
#10391=CARTESIAN_POINT('',(-0.00471922898281468,-0.00837474986821452,0.001));
#10392=CARTESIAN_POINT('',(-0.00509556432884347,-0.00673122919938033,0.001));
#10393=CARTESIAN_POINT('',(-0.00415838365071992,-0.00673122919938033,0.001));
#10394=CARTESIAN_POINT('',(-0.00415838365071992,-0.00673122919938033,0.001));
#10395=CARTESIAN_POINT('',(-0.00509556432884347,-0.00673122919938033,0.001));
#10396=CARTESIAN_POINT('',(-0.00321551323734324,-0.00794801972422938,0.001));
#10397=CARTESIAN_POINT('',(-0.00227264282396655,-0.00916481024907843,0.001));
#10398=CARTESIAN_POINT('',(-0.00227264282396655,-0.00916481024907843,0.001));
#10399=CARTESIAN_POINT('',(-0.00321551323734324,-0.00794801972422938,0.001));
#10400=CARTESIAN_POINT('',(-0.00193776126335346,-0.00962405316593862,0.001));
#10401=CARTESIAN_POINT('',(-0.00160287970274036,-0.0100832960827988,0.001));
#10402=CARTESIAN_POINT('',(-0.00160287970274036,-0.0100832960827988,0.001));
#10403=CARTESIAN_POINT('',(-0.00193776126335346,-0.00962405316593862,0.001));
#10404=CARTESIAN_POINT('',(-0.00160287970274036,-0.00840726264108958,0.001));
#10405=CARTESIAN_POINT('',(-0.00160287970274036,-0.00673122919938033,0.001));
#10406=CARTESIAN_POINT('',(-0.00160287970274036,-0.00673122919938033,0.001));
#10407=CARTESIAN_POINT('',(-0.00160287970274036,-0.00840726264108958,0.001));
#10408=CARTESIAN_POINT('',(-0.000840455178820251,-0.00673122919938033,0.001));
#10409=CARTESIAN_POINT('',(-7.80306549001408E-5,-0.00673122919938033,0.001));
#10410=CARTESIAN_POINT('',(-7.80306549001408E-5,-0.00673122919938033,0.001));
#10411=CARTESIAN_POINT('',(-0.000840455178820251,-0.00673122919938033,0.001));
#10412=CARTESIAN_POINT('',(-7.80306549001408E-5,-0.0104295571139182,0.001));
#10413=CARTESIAN_POINT('',(-7.80306549001408E-5,-0.014127885028456,0.001));
#10414=CARTESIAN_POINT('',(-7.80306549001408E-5,-0.014127885028456,0.001));
#10415=CARTESIAN_POINT('',(-7.80306549001408E-5,-0.0104295571139182,0.001));
#10416=CARTESIAN_POINT('',(-0.000840455178820251,-0.014127885028456,0.001));
#10417=CARTESIAN_POINT('',(-0.00160287970274036,-0.014127885028456,0.001));
#10418=CARTESIAN_POINT('',(-0.00160287970274036,-0.014127885028456,0.001));
#10419=CARTESIAN_POINT('',(-0.000840455178820251,-0.014127885028456,0.001));
#10420=CARTESIAN_POINT('',(-0.00160287970274036,-0.0130712199100166,0.001));
#10421=CARTESIAN_POINT('',(-0.00160287970274036,-0.0130712199100166,0.001));
#10422=CARTESIAN_POINT('',(-1.38777878078145E-17,0.0064,0.001));
#10423=CARTESIAN_POINT('',(0.00268149094287041,-0.0103409598078337,0.001));
#10424=CARTESIAN_POINT('',(0.0031895030190432,-0.0120503188417398,0.001));
#10425=CARTESIAN_POINT('',(0.0031895030190432,-0.0120503188417398,0.001));
#10426=CARTESIAN_POINT('',(0.00268149094287041,-0.0103409598078337,0.001));
#10427=CARTESIAN_POINT('',(0.00217347886669763,-0.00863160077392748,0.001));
#10428=CARTESIAN_POINT('',(0.00217347886669763,-0.00863160077392748,0.001));
#10429=CARTESIAN_POINT('',(0.00369995355318161,-0.0103409598078337,0.001));
#10430=CARTESIAN_POINT('',(0.00421040408732001,-0.00863160077392748,0.001));
#10431=CARTESIAN_POINT('',(0.00421040408732001,-0.00863160077392748,0.001));
#10432=CARTESIAN_POINT('',(0.00369995355318161,-0.0103409598078337,0.001));
#10433=CARTESIAN_POINT('',(0.00500046446818393,-0.00863160077392748,0.001));
#10434=CARTESIAN_POINT('',(0.00579052484904784,-0.00863160077392748,0.001));
#10435=CARTESIAN_POINT('',(0.00579052484904784,-0.00863160077392748,0.001));
#10436=CARTESIAN_POINT('',(0.00500046446818393,-0.00863160077392748,0.001));
#10437=CARTESIAN_POINT('',(0.00482733395262424,-0.0113870582750886,0.001));
#10438=CARTESIAN_POINT('',(0.00386414305620065,-0.0141425157762498,0.001));
#10439=CARTESIAN_POINT('',(0.00386414305620065,-0.0141425157762498,0.001));
#10440=CARTESIAN_POINT('',(0.00482733395262424,-0.0113870582750886,0.001));
#10441=CARTESIAN_POINT('',(0.00395030190431955,-0.0143692923670533,0.001));
#10442=CARTESIAN_POINT('',(0.00403646075243846,-0.0145960689578569,0.001));
#10443=CARTESIAN_POINT('',(0.00403646075243846,-0.0145960689578569,0.001));
#10444=CARTESIAN_POINT('',(0.00395030190431955,-0.0143692923670533,0.001));
#10445=CARTESIAN_POINT('',(0.00435915002322341,-0.0150171093665889,0.001));
#10446=CARTESIAN_POINT('',(0.00435915002322341,-0.0150171093665889,0.));
#10447=CARTESIAN_POINT('',(0.00422205449760025,-0.0149325761571137,0.001));
#10448=CARTESIAN_POINT('',(0.00422205449760025,-0.0149325761571137,0.));
#10449=CARTESIAN_POINT('',(0.0041144914073386,-0.0147922293542031,0.001));
#10450=CARTESIAN_POINT('',(0.0041144914073386,-0.0147922293542031,0.));
#10451=CARTESIAN_POINT('',(0.00403646075243846,-0.0145960689578569,0.001));
#10452=CARTESIAN_POINT('',(0.00403646075243846,-0.0145960689578569,0.));
#10453=CARTESIAN_POINT('',(0.00435915002322341,-0.0150171093665889,0.001));
#10454=CARTESIAN_POINT('',(0.00435915002322341,-0.0150171093665889,0.001));
#10455=CARTESIAN_POINT('',(0.00435915002322341,-0.0150171093665889,0.001));
#10456=CARTESIAN_POINT('',(0.00415350673478867,-0.0148903095523761,0.001));
#10457=CARTESIAN_POINT('',(0.00403646075243846,-0.0145960689578569,0.001));
#10458=CARTESIAN_POINT('',(0.00498258244310265,-0.0151439091808016,0.001));
#10459=CARTESIAN_POINT('',(0.00498258244310265,-0.0151439091808016,0.));
#10460=CARTESIAN_POINT('',(0.00470405635547298,-0.0151439091808016,0.001));
#10461=CARTESIAN_POINT('',(0.00470405635547298,-0.0151439091808016,0.));
#10462=CARTESIAN_POINT('',(0.00449624554884657,-0.015101642576064,0.001));
#10463=CARTESIAN_POINT('',(0.00449624554884657,-0.015101642576064,0.));
#10464=CARTESIAN_POINT('',(0.00435915002322341,-0.0150171093665889,0.001));
#10465=CARTESIAN_POINT('',(0.00435915002322341,-0.0150171093665889,0.));
#10466=CARTESIAN_POINT('',(0.00498258244310265,-0.0151439091808016,0.001));
#10467=CARTESIAN_POINT('',(0.00498258244310265,-0.0151439091808016,0.001));
#10468=CARTESIAN_POINT('',(0.00498258244310265,-0.0151439091808016,0.001));
#10469=CARTESIAN_POINT('',(0.00456479331165815,-0.0151439091808016,0.001));
#10470=CARTESIAN_POINT('',(0.00435915002322341,-0.0150171093665889,0.001));
#10471=CARTESIAN_POINT('',(0.00509393869019972,-0.015141470722836,0.001));
#10472=CARTESIAN_POINT('',(0.00520529493729679,-0.0151390322648703,0.001));
#10473=CARTESIAN_POINT('',(0.00520529493729679,-0.0151390322648703,0.001));
#10474=CARTESIAN_POINT('',(0.00509393869019972,-0.015141470722836,0.001));
#10475=CARTESIAN_POINT('',(0.00520529493729679,-0.0156950006810339,0.001));
#10476=CARTESIAN_POINT('',(0.00520529493729679,-0.0162506454550598,0.001));
#10477=CARTESIAN_POINT('',(0.00520529493729679,-0.0162506454550598,0.001));
#10478=CARTESIAN_POINT('',(0.00520529493729679,-0.0156950006810339,0.001));
#10479=CARTESIAN_POINT('',(0.00454242576816221,-0.0140619106359093,0.001));
#10480=CARTESIAN_POINT('',(0.00455503947979563,-0.0163485074158225,0.001));
#10481=CARTESIAN_POINT('',(0.00455503947979563,-0.0163485074158225,0.001));
#10482=CARTESIAN_POINT('',(0.00454242576816221,-0.0140619106359093,0.001));
#10483=CARTESIAN_POINT('',(0.00292940083604273,-0.0152707089950143,0.001));
#10484=CARTESIAN_POINT('',(0.00292940083604273,-0.0152707089950143,0.));
#10485=CARTESIAN_POINT('',(0.00325777984208082,-0.0159892412755531,0.001));
#10486=CARTESIAN_POINT('',(0.00325777984208082,-0.0159892412755531,0.));
#10487=CARTESIAN_POINT('',(0.00379965938999845,-0.0163485074158225,0.001));
#10488=CARTESIAN_POINT('',(0.00379965938999845,-0.0163485074158225,0.));
#10489=CARTESIAN_POINT('',(0.00455503947979563,-0.0163485074158225,0.001));
#10490=CARTESIAN_POINT('',(0.00455503947979563,-0.0163485074158225,0.));
#10491=CARTESIAN_POINT('',(0.00292940083604273,-0.0152707089950143,0.001));
#10492=CARTESIAN_POINT('',(0.00292940083604273,-0.0152707089950143,0.001));
#10493=CARTESIAN_POINT('',(0.00292940083604273,-0.0152707089950143,0.001));
#10494=CARTESIAN_POINT('',(0.00342196934509986,-0.0163485074158225,0.001));
#10495=CARTESIAN_POINT('',(0.00455503947979563,-0.0163485074158225,0.001));
#10496=CARTESIAN_POINT('',(0.002868439386902,-0.0151260271557203,0.001));
#10497=CARTESIAN_POINT('',(0.00280747793776126,-0.0149813453164263,0.001));
#10498=CARTESIAN_POINT('',(0.00280747793776126,-0.0149813453164263,0.001));
#10499=CARTESIAN_POINT('',(0.002868439386902,-0.0151260271557203,0.001));
#10500=CARTESIAN_POINT('',(0.00170285647933117,-0.0118064730451769,0.001));
#10501=CARTESIAN_POINT('',(0.000598235020901068,-0.00863160077392748,0.001));
#10502=CARTESIAN_POINT('',(0.000598235020901068,-0.00863160077392748,0.001));
#10503=CARTESIAN_POINT('',(0.00170285647933117,-0.0118064730451769,0.001));
#10504=CARTESIAN_POINT('',(0.00138585694379935,-0.00863160077392748,0.001));
#10505=CARTESIAN_POINT('',(0.00138585694379935,-0.00863160077392748,0.001));
#10506=CARTESIAN_POINT('',(-1.38777878078145E-17,0.0064,0.001));
#10507=CARTESIAN_POINT('',(-0.00894914073385973,-0.00971752738795442,0.001));
#10508=CARTESIAN_POINT('',(-0.00894914073385973,-0.00971752738795442,0.));
#10509=CARTESIAN_POINT('',(-0.00865760953708004,-0.00971752738795442,0.001));
#10510=CARTESIAN_POINT('',(-0.00865760953708004,-0.00971752738795442,0.));
#10511=CARTESIAN_POINT('',(-0.00842135005418795,-0.00981587852590147,0.001));
#10512=CARTESIAN_POINT('',(-0.00842135005418795,-0.00981587852590147,0.));
#10513=CARTESIAN_POINT('',(-0.00824036228518346,-0.0100125808017956,0.001));
#10514=CARTESIAN_POINT('',(-0.00824036228518346,-0.0100125808017956,0.));
#10515=CARTESIAN_POINT('',(-0.00894914073385973,-0.00971752738795442,0.));
#10516=CARTESIAN_POINT('',(-0.0085118439386902,-0.00971752738795442,0.));
#10517=CARTESIAN_POINT('',(-0.00824036228518346,-0.0100125808017956,0.));
#10518=CARTESIAN_POINT('',(-0.00894914073385973,-0.00971752738795442,0.));
#10519=CARTESIAN_POINT('',(-0.00824036228518346,-0.0100125808017956,0.));
#10520=CARTESIAN_POINT('',(-0.00894914073385973,-0.00971752738795442,0.001));
#10521=CARTESIAN_POINT('',(-0.00894914073385973,-0.00971752738795442,0.001));
#10522=CARTESIAN_POINT('',(-0.00894914073385973,-0.00971752738795442,0.001));
#10523=CARTESIAN_POINT('',(-0.0085118439386902,-0.00971752738795442,0.001));
#10524=CARTESIAN_POINT('',(-0.00824036228518346,-0.0100125808017956,0.001));
#10525=CARTESIAN_POINT('',(-0.00824036228518346,-0.0100125808017956,0.001));
#10526=CARTESIAN_POINT('',(-0.00824036228518346,-0.0100125808017956,0.001));
#10527=CARTESIAN_POINT('',(-0.00967092429168602,-0.00998494494485177,0.001));
#10528=CARTESIAN_POINT('',(-0.00967092429168602,-0.00998494494485177,0.));
#10529=CARTESIAN_POINT('',(-0.00950185787273571,-0.00980666657358687,0.001));
#10530=CARTESIAN_POINT('',(-0.00950185787273571,-0.00980666657358687,0.));
#10531=CARTESIAN_POINT('',(-0.00926126335346028,-0.00971752738795442,0.001));
#10532=CARTESIAN_POINT('',(-0.00926126335346028,-0.00971752738795442,0.));
#10533=CARTESIAN_POINT('',(-0.00894914073385973,-0.00971752738795442,0.001));
#10534=CARTESIAN_POINT('',(-0.00894914073385973,-0.00971752738795442,0.));
#10535=CARTESIAN_POINT('',(-0.00967092429168602,-0.00998494494485177,0.));
#10536=CARTESIAN_POINT('',(-0.00941732466326056,-0.00971752738795442,0.));
#10537=CARTESIAN_POINT('',(-0.00894914073385973,-0.00971752738795442,0.));
#10538=CARTESIAN_POINT('',(-0.00967092429168602,-0.00998494494485177,0.));
#10539=CARTESIAN_POINT('',(-0.00967092429168602,-0.00998494494485177,0.001));
#10540=CARTESIAN_POINT('',(-0.00967092429168602,-0.00998494494485177,0.001));
#10541=CARTESIAN_POINT('',(-0.00967092429168602,-0.00998494494485177,0.001));
#10542=CARTESIAN_POINT('',(-0.00941732466326056,-0.00971752738795442,0.001));
#10543=CARTESIAN_POINT('',(-0.00894914073385973,-0.00971752738795442,0.001));
#10544=CARTESIAN_POINT('',(-0.00993427775197399,-0.010740054094875,0.001));
#10545=CARTESIAN_POINT('',(-0.00993427775197399,-0.010740054094875,0.));
#10546=CARTESIAN_POINT('',(-0.00992777519739898,-0.0104149263661244,0.001));
#10547=CARTESIAN_POINT('',(-0.00992777519739898,-0.0104149263661244,0.));
#10548=CARTESIAN_POINT('',(-0.00983999071063632,-0.0101632233161167,0.001));
#10549=CARTESIAN_POINT('',(-0.00983999071063632,-0.0101632233161167,0.));
#10550=CARTESIAN_POINT('',(-0.00967092429168602,-0.00998494494485177,0.001));
#10551=CARTESIAN_POINT('',(-0.00967092429168602,-0.00998494494485177,0.));
#10552=CARTESIAN_POINT('',(-0.00993427775197399,-0.010740054094875,0.));
#10553=CARTESIAN_POINT('',(-0.00992452392011147,-0.0102523625017491,0.));
#10554=CARTESIAN_POINT('',(-0.00967092429168602,-0.00998494494485177,0.));
#10555=CARTESIAN_POINT('',(-0.00993427775197399,-0.010740054094875,0.));
#10556=CARTESIAN_POINT('',(-0.00993427775197399,-0.010740054094875,0.001));
#10557=CARTESIAN_POINT('',(-0.00993427775197399,-0.010740054094875,0.001));
#10558=CARTESIAN_POINT('',(-0.00993427775197399,-0.010740054094875,0.001));
#10559=CARTESIAN_POINT('',(-0.00992452392011147,-0.0102523625017491,0.001));
#10560=CARTESIAN_POINT('',(-0.00967092429168602,-0.00998494494485177,0.001));
#10561=CARTESIAN_POINT('',(-0.00993427775197399,-0.0107977642667282,0.001));
#10562=CARTESIAN_POINT('',(-0.00993427775197399,-0.0107977642667282,0.));
#10563=CARTESIAN_POINT('',(-0.00993427775197399,-0.0108554744385814,0.));
#10564=CARTESIAN_POINT('',(-0.00993427775197399,-0.0108554744385814,0.001));
#10565=CARTESIAN_POINT('',(-0.00993427775197399,-0.0108554744385814,0.001));
#10566=CARTESIAN_POINT('',(-0.00993427775197399,-0.0107977642667282,0.001));
#10567=CARTESIAN_POINT('',(-0.00891337668369717,-0.0108554744385814,0.001));
#10568=CARTESIAN_POINT('',(-0.00891337668369717,-0.0108554744385814,0.));
#10569=CARTESIAN_POINT('',(-0.00789247561542034,-0.0108554744385814,0.));
#10570=CARTESIAN_POINT('',(-0.00789247561542034,-0.0108554744385814,0.001));
#10571=CARTESIAN_POINT('',(-0.00789247561542034,-0.0108554744385814,0.001));
#10572=CARTESIAN_POINT('',(-0.00891337668369717,-0.0108554744385814,0.001));
#10573=CARTESIAN_POINT('',(-0.00911658151416628,-0.0142303002630125,0.001));
#10574=CARTESIAN_POINT('',(-0.00911658151416628,-0.0142303002630125,0.));
#10575=CARTESIAN_POINT('',(-0.00831026474686484,-0.0142303002630125,0.001));
#10576=CARTESIAN_POINT('',(-0.00831026474686484,-0.0142303002630125,0.));
#10577=CARTESIAN_POINT('',(-0.00765404861433658,-0.0139829322493881,0.001));
#10578=CARTESIAN_POINT('',(-0.00765404861433658,-0.0139829322493881,0.));
#10579=CARTESIAN_POINT('',(-0.00714793311658151,-0.0134881962221393,0.001));
#10580=CARTESIAN_POINT('',(-0.00714793311658151,-0.0134881962221393,0.));
#10581=CARTESIAN_POINT('',(-0.00911658151416628,-0.0142303002630125,0.001));
#10582=CARTESIAN_POINT('',(-0.00911658151416628,-0.0142303002630125,0.001));
#10583=CARTESIAN_POINT('',(-0.00911658151416628,-0.0142303002630125,0.001));
#10584=CARTESIAN_POINT('',(-0.00790710636321412,-0.0142303002630125,0.001));
#10585=CARTESIAN_POINT('',(-0.00714793311658151,-0.0134881962221393,0.001));
#10586=CARTESIAN_POINT('',(-0.00714793311658151,-0.0134881962221393,0.001));
#10587=CARTESIAN_POINT('',(-0.00714793311658151,-0.0134881962221393,0.001));
#10588=CARTESIAN_POINT('',(-0.0103666976312123,-0.0139685724413683,0.001));
#10589=CARTESIAN_POINT('',(-0.0103666976312123,-0.0139685724413683,0.));
#10590=CARTESIAN_POINT('',(-0.00999063322495742,-0.0141430576557977,0.001));
#10591=CARTESIAN_POINT('',(-0.00999063322495742,-0.0141430576557977,0.));
#10592=CARTESIAN_POINT('',(-0.00957392785260876,-0.0142303002630125,0.001));
#10593=CARTESIAN_POINT('',(-0.00957392785260876,-0.0142303002630125,0.));
#10594=CARTESIAN_POINT('',(-0.00911658151416628,-0.0142303002630125,0.001));
#10595=CARTESIAN_POINT('',(-0.00911658151416628,-0.0142303002630125,0.));
#10596=CARTESIAN_POINT('',(-0.0103666976312123,-0.0139685724413683,0.001));
#10597=CARTESIAN_POINT('',(-0.0103666976312123,-0.0139685724413683,0.001));
#10598=CARTESIAN_POINT('',(-0.0103666976312123,-0.0139685724413683,0.001));
#10599=CARTESIAN_POINT('',(-0.00980260102183,-0.0142303002630125,0.001));
#10600=CARTESIAN_POINT('',(-0.00911658151416628,-0.0142303002630125,0.001));
#10601=CARTESIAN_POINT('',(-0.0112607988852764,-0.0132386606903232,0.001));
#10602=CARTESIAN_POINT('',(-0.0112607988852764,-0.0132386606903232,0.));
#10603=CARTESIAN_POINT('',(-0.0110407957888218,-0.0135507833099238,0.001));
#10604=CARTESIAN_POINT('',(-0.0110407957888218,-0.0135507833099238,0.));
#10605=CARTESIAN_POINT('',(-0.0107427620374671,-0.0137940872269388,0.001));
#10606=CARTESIAN_POINT('',(-0.0107427620374671,-0.0137940872269388,0.));
#10607=CARTESIAN_POINT('',(-0.0103666976312123,-0.0139685724413683,0.001));
#10608=CARTESIAN_POINT('',(-0.0103666976312123,-0.0139685724413683,0.));
#10609=CARTESIAN_POINT('',(-0.0112607988852764,-0.0132386606903232,0.001));
#10610=CARTESIAN_POINT('',(-0.0112607988852764,-0.0132386606903232,0.001));
#10611=CARTESIAN_POINT('',(-0.0112607988852764,-0.0132386606903232,0.001));
#10612=CARTESIAN_POINT('',(-0.0109307942405945,-0.013706844619724,0.001));
#10613=CARTESIAN_POINT('',(-0.0103666976312123,-0.0139685724413683,0.001));
#10614=CARTESIAN_POINT('',(-0.0108999071063632,-0.0128346894873506,0.001));
#10615=CARTESIAN_POINT('',(-0.0105390153274501,-0.012430718284378,0.001));
#10616=CARTESIAN_POINT('',(-0.0105390153274501,-0.012430718284378,0.001));
#10617=CARTESIAN_POINT('',(-0.0108999071063632,-0.0128346894873506,0.001));
#10618=CARTESIAN_POINT('',(-0.00921411983279145,-0.0130452096917166,0.001));
#10619=CARTESIAN_POINT('',(-0.00921411983279145,-0.0130452096917166,0.));
#10620=CARTESIAN_POINT('',(-0.00977875832172162,-0.0130452096917166,0.001));
#10621=CARTESIAN_POINT('',(-0.00977875832172162,-0.0130452096917166,0.));
#10622=CARTESIAN_POINT('',(-0.0102203901532745,-0.0128403792226037,0.001));
#10623=CARTESIAN_POINT('',(-0.0102203901532745,-0.0128403792226037,0.));
#10624=CARTESIAN_POINT('',(-0.0105390153274501,-0.012430718284378,0.001));
#10625=CARTESIAN_POINT('',(-0.0105390153274501,-0.012430718284378,0.));
#10626=CARTESIAN_POINT('',(-0.00921411983279145,-0.0130452096917166,0.001));
#10627=CARTESIAN_POINT('',(-0.00921411983279145,-0.0130452096917166,0.001));
#10628=CARTESIAN_POINT('',(-0.00921411983279145,-0.0130452096917166,0.001));
#10629=CARTESIAN_POINT('',(-0.0100610775661867,-0.0130452096917166,0.001));
#10630=CARTESIAN_POINT('',(-0.0105390153274501,-0.012430718284378,0.001));
#10631=CARTESIAN_POINT('',(-0.00830620065025545,-0.012720081962966,0.001));
#10632=CARTESIAN_POINT('',(-0.00830620065025545,-0.012720081962966,0.));
#10633=CARTESIAN_POINT('',(-0.00854516953088713,-0.0129368337821331,0.001));
#10634=CARTESIAN_POINT('',(-0.00854516953088713,-0.0129368337821331,0.));
#10635=CARTESIAN_POINT('',(-0.00884780925839913,-0.0130452096917166,0.001));
#10636=CARTESIAN_POINT('',(-0.00884780925839913,-0.0130452096917166,0.));
#10637=CARTESIAN_POINT('',(-0.00921411983279145,-0.0130452096917166,0.001));
#10638=CARTESIAN_POINT('',(-0.00921411983279145,-0.0130452096917166,0.));
#10639=CARTESIAN_POINT('',(-0.00830620065025545,-0.012720081962966,0.001));
#10640=CARTESIAN_POINT('',(-0.00830620065025545,-0.012720081962966,0.001));
#10641=CARTESIAN_POINT('',(-0.00830620065025545,-0.012720081962966,0.001));
#10642=CARTESIAN_POINT('',(-0.00866465397120297,-0.0130452096917166,0.001));
#10643=CARTESIAN_POINT('',(-0.00921411983279145,-0.0130452096917166,0.001));
#10644=CARTESIAN_POINT('',(-0.00787784486762657,-0.0118568678431332,0.001));
#10645=CARTESIAN_POINT('',(-0.00787784486762657,-0.0118568678431332,0.));
#10646=CARTESIAN_POINT('',(-0.00792444650874748,-0.0122155921038547,0.001));
#10647=CARTESIAN_POINT('',(-0.00792444650874748,-0.0122155921038547,0.));
#10648=CARTESIAN_POINT('',(-0.00806723176962378,-0.012503330143799,0.001));
#10649=CARTESIAN_POINT('',(-0.00806723176962378,-0.012503330143799,0.));
#10650=CARTESIAN_POINT('',(-0.00830620065025545,-0.012720081962966,0.001));
#10651=CARTESIAN_POINT('',(-0.00830620065025545,-0.012720081962966,0.));
#10652=CARTESIAN_POINT('',(-0.00787784486762657,-0.0118568678431332,0.001));
#10653=CARTESIAN_POINT('',(-0.00787784486762657,-0.0118568678431332,0.001));
#10654=CARTESIAN_POINT('',(-0.00787784486762657,-0.0118568678431332,0.001));
#10655=CARTESIAN_POINT('',(-0.00794774732930794,-0.0123949542342154,0.001));
#10656=CARTESIAN_POINT('',(-0.00830620065025545,-0.012720081962966,0.001));
#10657=CARTESIAN_POINT('',(-0.00962784486762656,-0.0118568678431332,0.001));
#10658=CARTESIAN_POINT('',(-0.0113778448676266,-0.0118568678431332,0.001));
#10659=CARTESIAN_POINT('',(-0.0113778448676266,-0.0118568678431332,0.001));
#10660=CARTESIAN_POINT('',(-0.00962784486762656,-0.0118568678431332,0.001));
#10661=CARTESIAN_POINT('',(-0.0113778448676266,-0.0115569375133608,0.001));
#10662=CARTESIAN_POINT('',(-0.0113778448676266,-0.0112570071835884,0.001));
#10663=CARTESIAN_POINT('',(-0.0113778448676266,-0.0112570071835884,0.001));
#10664=CARTESIAN_POINT('',(-0.0113778448676266,-0.0115569375133608,0.001));
#10665=CARTESIAN_POINT('',(-0.010730027868091,-0.00924040244601294,0.001));
#10666=CARTESIAN_POINT('',(-0.010730027868091,-0.00924040244601294,0.));
#10667=CARTESIAN_POINT('',(-0.0111619058677814,-0.00971454705044087,0.001));
#10668=CARTESIAN_POINT('',(-0.0111619058677814,-0.00971454705044087,0.));
#10669=CARTESIAN_POINT('',(-0.0113778448676266,-0.0103867486296327,0.001));
#10670=CARTESIAN_POINT('',(-0.0113778448676266,-0.0103867486296327,0.));
#10671=CARTESIAN_POINT('',(-0.0113778448676266,-0.0112570071835884,0.001));
#10672=CARTESIAN_POINT('',(-0.0113778448676266,-0.0112570071835884,0.));
#10673=CARTESIAN_POINT('',(-0.010730027868091,-0.00924040244601294,0.001));
#10674=CARTESIAN_POINT('',(-0.010730027868091,-0.00924040244601294,0.001));
#10675=CARTESIAN_POINT('',(-0.010730027868091,-0.00924040244601294,0.001));
#10676=CARTESIAN_POINT('',(-0.0113778448676266,-0.00995161935265483,0.001));
#10677=CARTESIAN_POINT('',(-0.0113778448676266,-0.0112570071835884,0.001));
#10678=CARTESIAN_POINT('',(-0.00895401764979099,-0.00852918553937104,0.001));
#10679=CARTESIAN_POINT('',(-0.00895401764979099,-0.00852918553937104,0.));
#10680=CARTESIAN_POINT('',(-0.00970614646230066,-0.00852918553937104,0.001));
#10681=CARTESIAN_POINT('',(-0.00970614646230066,-0.00852918553937104,0.));
#10682=CARTESIAN_POINT('',(-0.0102981498684007,-0.00876625784158501,0.001));
#10683=CARTESIAN_POINT('',(-0.0102981498684007,-0.00876625784158501,0.));
#10684=CARTESIAN_POINT('',(-0.010730027868091,-0.00924040244601294,0.001));
#10685=CARTESIAN_POINT('',(-0.010730027868091,-0.00924040244601294,0.));
#10686=CARTESIAN_POINT('',(-0.00895401764979099,-0.00852918553937104,0.001));
#10687=CARTESIAN_POINT('',(-0.00895401764979099,-0.00852918553937104,0.001));
#10688=CARTESIAN_POINT('',(-0.00895401764979099,-0.00852918553937104,0.001));
#10689=CARTESIAN_POINT('',(-0.0100822108685555,-0.00852918553937104,0.001));
#10690=CARTESIAN_POINT('',(-0.010730027868091,-0.00924040244601294,0.001));
#10691=CARTESIAN_POINT('',(-0.00761611704598235,-0.0088827619443873,0.001));
#10692=CARTESIAN_POINT('',(-0.00761611704598235,-0.0088827619443873,0.));
#10693=CARTESIAN_POINT('',(-0.00800735407957888,-0.00864704434104313,0.001));
#10694=CARTESIAN_POINT('',(-0.00800735407957888,-0.00864704434104313,0.));
#10695=CARTESIAN_POINT('',(-0.0084533209475151,-0.00852918553937104,0.001));
#10696=CARTESIAN_POINT('',(-0.0084533209475151,-0.00852918553937104,0.));
#10697=CARTESIAN_POINT('',(-0.00895401764979099,-0.00852918553937104,0.001));
#10698=CARTESIAN_POINT('',(-0.00895401764979099,-0.00852918553937104,0.));
#10699=CARTESIAN_POINT('',(-0.00761611704598235,-0.0088827619443873,0.001));
#10700=CARTESIAN_POINT('',(-0.00761611704598235,-0.0088827619443873,0.001));
#10701=CARTESIAN_POINT('',(-0.00761611704598235,-0.0088827619443873,0.001));
#10702=CARTESIAN_POINT('',(-0.00820297259637715,-0.00852918553937104,0.001));
#10703=CARTESIAN_POINT('',(-0.00895401764979099,-0.00852918553937104,0.001));
#10704=CARTESIAN_POINT('',(-0.00670901068276823,-0.00988903226487035,0.001));
#10705=CARTESIAN_POINT('',(-0.00670901068276823,-0.00988903226487035,0.));
#10706=CARTESIAN_POINT('',(-0.00692251122464778,-0.00945390298789248,0.001));
#10707=CARTESIAN_POINT('',(-0.00692251122464778,-0.00945390298789248,0.));
#10708=CARTESIAN_POINT('',(-0.00722488001238582,-0.00911847954773147,0.001));
#10709=CARTESIAN_POINT('',(-0.00722488001238582,-0.00911847954773147,0.));
#10710=CARTESIAN_POINT('',(-0.00761611704598235,-0.0088827619443873,0.001));
#10711=CARTESIAN_POINT('',(-0.00761611704598235,-0.0088827619443873,0.));
#10712=CARTESIAN_POINT('',(-0.00670901068276823,-0.00988903226487035,0.001));
#10713=CARTESIAN_POINT('',(-0.00670901068276823,-0.00988903226487035,0.001));
#10714=CARTESIAN_POINT('',(-0.00670901068276823,-0.00988903226487035,0.001));
#10715=CARTESIAN_POINT('',(-0.00702926149558755,-0.00923633834940355,0.001));
#10716=CARTESIAN_POINT('',(-0.00761611704598235,-0.0088827619443873,0.001));
#10717=CARTESIAN_POINT('',(-0.00638875986994891,-0.0113691762500074,0.001));
#10718=CARTESIAN_POINT('',(-0.00638875986994891,-0.0113691762500074,0.));
#10719=CARTESIAN_POINT('',(-0.00638875986994891,-0.0108175428702272,0.001));
#10720=CARTESIAN_POINT('',(-0.00638875986994891,-0.0108175428702272,0.));
#10721=CARTESIAN_POINT('',(-0.00649551014088868,-0.0103241615418482,0.001));
#10722=CARTESIAN_POINT('',(-0.00649551014088868,-0.0103241615418482,0.));
#10723=CARTESIAN_POINT('',(-0.00670901068276823,-0.00988903226487035,0.001));
#10724=CARTESIAN_POINT('',(-0.00670901068276823,-0.00988903226487035,0.));
#10725=CARTESIAN_POINT('',(-0.00638875986994891,-0.0113691762500074,0.001));
#10726=CARTESIAN_POINT('',(-0.00638875986994891,-0.0113691762500074,0.001));
#10727=CARTESIAN_POINT('',(-0.00638875986994891,-0.0113691762500074,0.001));
#10728=CARTESIAN_POINT('',(-0.00638875986994891,-0.0105417261803371,0.001));
#10729=CARTESIAN_POINT('',(-0.00670901068276823,-0.00988903226487035,0.001));
#10730=CARTESIAN_POINT('',(-0.00638875986994891,-0.0114407043503325,0.001));
#10731=CARTESIAN_POINT('',(-0.00638875986994891,-0.0115122324506576,0.001));
#10732=CARTESIAN_POINT('',(-0.00638875986994891,-0.0115122324506576,0.001));
#10733=CARTESIAN_POINT('',(-0.00638875986994891,-0.0114407043503325,0.001));
#10734=CARTESIAN_POINT('',(-0.00714793311658151,-0.0134881962221393,0.001));
#10735=CARTESIAN_POINT('',(-0.00714793311658151,-0.0134881962221393,0.));
#10736=CARTESIAN_POINT('',(-0.00664181761882644,-0.0129934601948905,0.001));
#10737=CARTESIAN_POINT('',(-0.00664181761882644,-0.0129934601948905,0.));
#10738=CARTESIAN_POINT('',(-0.00638875986994891,-0.0123348056043966,0.001));
#10739=CARTESIAN_POINT('',(-0.00638875986994891,-0.0123348056043966,0.));
#10740=CARTESIAN_POINT('',(-0.00638875986994891,-0.0115122324506576,0.001));
#10741=CARTESIAN_POINT('',(-0.00638875986994891,-0.0115122324506576,0.));
#10742=CARTESIAN_POINT('',(-0.00714793311658151,-0.0134881962221393,0.001));
#10743=CARTESIAN_POINT('',(-0.00638875986994891,-0.0127460921812661,0.001));
#10744=CARTESIAN_POINT('',(-0.00638875986994891,-0.0115122324506576,0.001));
#10745=CARTESIAN_POINT('',(-0.00824036228518346,-0.0100125808017956,0.001));
#10746=CARTESIAN_POINT('',(-0.00824036228518346,-0.0100125808017956,0.));
#10747=CARTESIAN_POINT('',(-0.00805937451617897,-0.0102092830776897,0.001));
#10748=CARTESIAN_POINT('',(-0.00805937451617897,-0.0102092830776897,0.));
#10749=CARTESIAN_POINT('',(-0.0079434122929246,-0.010490247623285,0.001));
#10750=CARTESIAN_POINT('',(-0.0079434122929246,-0.010490247623285,0.));
#10751=CARTESIAN_POINT('',(-0.00789247561542034,-0.0108554744385814,0.001));
#10752=CARTESIAN_POINT('',(-0.00789247561542034,-0.0108554744385814,0.));
#10753=CARTESIAN_POINT('',(-0.00824036228518346,-0.0100125808017956,0.));
#10754=CARTESIAN_POINT('',(-0.00796888063167673,-0.0103076342156367,0.));
#10755=CARTESIAN_POINT('',(-0.00789247561542034,-0.0108554744385814,0.));
#10756=CARTESIAN_POINT('',(-0.00824036228518346,-0.0100125808017956,0.001));
#10757=CARTESIAN_POINT('',(-0.00796888063167673,-0.0103076342156367,0.001));
#10758=CARTESIAN_POINT('',(-0.00789247561542034,-0.0108554744385814,0.001));
#10759=CARTESIAN_POINT('',(-1.38777878078145E-17,0.0064,0.001));
#10760=CARTESIAN_POINT('',(0.0130953320947515,-0.00673122919938033,0.001));
#10761=CARTESIAN_POINT('',(0.0138569437993497,-0.00673122919938033,0.001));
#10762=CARTESIAN_POINT('',(0.0138569437993497,-0.00673122919938033,0.001));
#10763=CARTESIAN_POINT('',(0.0130953320947515,-0.00673122919938033,0.001));
#10764=CARTESIAN_POINT('',(0.0123337203901533,-0.00673122919938033,0.001));
#10765=CARTESIAN_POINT('',(0.0123337203901533,-0.00673122919938033,0.001));
#10766=CARTESIAN_POINT('',(0.0138569437993497,-0.00929161006329116,0.001));
#10767=CARTESIAN_POINT('',(0.0138569437993497,-0.011851990927202,0.001));
#10768=CARTESIAN_POINT('',(0.0138569437993497,-0.011851990927202,0.001));
#10769=CARTESIAN_POINT('',(0.0138569437993497,-0.00929161006329116,0.001));
#10770=CARTESIAN_POINT('',(0.0141162331630283,-0.0127054512151722,0.001));
#10771=CARTESIAN_POINT('',(0.0141162331630283,-0.0127054512151722,0.));
#10772=CARTESIAN_POINT('',(0.0139433735872426,-0.0125060395415386,0.001));
#10773=CARTESIAN_POINT('',(0.0139433735872426,-0.0125060395415386,0.));
#10774=CARTESIAN_POINT('',(0.0138569437993497,-0.0122215527788818,0.001));
#10775=CARTESIAN_POINT('',(0.0138569437993497,-0.0122215527788818,0.));
#10776=CARTESIAN_POINT('',(0.0138569437993497,-0.011851990927202,0.001));
#10777=CARTESIAN_POINT('',(0.0138569437993497,-0.011851990927202,0.));
#10778=CARTESIAN_POINT('',(0.0141162331630283,-0.0127054512151722,0.001));
#10779=CARTESIAN_POINT('',(0.0141162331630283,-0.0127054512151722,0.001));
#10780=CARTESIAN_POINT('',(0.0141162331630283,-0.0127054512151722,0.001));
#10781=CARTESIAN_POINT('',(0.0138569437993497,-0.0124063337047217,0.001));
#10782=CARTESIAN_POINT('',(0.0138569437993497,-0.011851990927202,0.001));
#10783=CARTESIAN_POINT('',(0.0148128193218764,-0.0130045687256228,0.001));
#10784=CARTESIAN_POINT('',(0.0148128193218764,-0.0130045687256228,0.));
#10785=CARTESIAN_POINT('',(0.0145212881250968,-0.0130045687256228,0.001));
#10786=CARTESIAN_POINT('',(0.0145212881250968,-0.0130045687256228,0.));
#10787=CARTESIAN_POINT('',(0.0142890927388141,-0.0129048628888059,0.001));
#10788=CARTESIAN_POINT('',(0.0142890927388141,-0.0129048628888059,0.));
#10789=CARTESIAN_POINT('',(0.0141162331630283,-0.0127054512151722,0.001));
#10790=CARTESIAN_POINT('',(0.0141162331630283,-0.0127054512151722,0.));
#10791=CARTESIAN_POINT('',(0.0148128193218764,-0.0130045687256228,0.001));
#10792=CARTESIAN_POINT('',(0.0148128193218764,-0.0130045687256228,0.001));
#10793=CARTESIAN_POINT('',(0.0148128193218764,-0.0130045687256228,0.001));
#10794=CARTESIAN_POINT('',(0.0143755225267069,-0.0130045687256228,0.001));
#10795=CARTESIAN_POINT('',(0.0141162331630283,-0.0127054512151722,0.001));
#10796=CARTESIAN_POINT('',(0.0155337900603809,-0.0127460921812661,0.001));
#10797=CARTESIAN_POINT('',(0.0155337900603809,-0.0127460921812661,0.));
#10798=CARTESIAN_POINT('',(0.015381521907416,-0.0129184098775039,0.001));
#10799=CARTESIAN_POINT('',(0.015381521907416,-0.0129184098775039,0.));
#10800=CARTESIAN_POINT('',(0.0151411983279145,-0.0130045687256228,0.001));
#10801=CARTESIAN_POINT('',(0.0151411983279145,-0.0130045687256228,0.));
#10802=CARTESIAN_POINT('',(0.0148128193218764,-0.0130045687256228,0.001));
#10803=CARTESIAN_POINT('',(0.0148128193218764,-0.0130045687256228,0.));
#10804=CARTESIAN_POINT('',(0.0155337900603809,-0.0127460921812661,0.001));
#10805=CARTESIAN_POINT('',(0.0155337900603809,-0.0127460921812661,0.001));
#10806=CARTESIAN_POINT('',(0.0155337900603809,-0.0127460921812661,0.001));
#10807=CARTESIAN_POINT('',(0.0153053878309336,-0.0130045687256228,0.001));
#10808=CARTESIAN_POINT('',(0.0148128193218764,-0.0130045687256228,0.001));
#10809=CARTESIAN_POINT('',(0.0157621922898281,-0.0119430266912521,0.001));
#10810=CARTESIAN_POINT('',(0.0157621922898281,-0.0119430266912521,0.));
#10811=CARTESIAN_POINT('',(0.0157621922898281,-0.012306085988357,0.001));
#10812=CARTESIAN_POINT('',(0.0157621922898281,-0.012306085988357,0.));
#10813=CARTESIAN_POINT('',(0.0156860582133457,-0.0125737744850283,0.001));
#10814=CARTESIAN_POINT('',(0.0156860582133457,-0.0125737744850283,0.));
#10815=CARTESIAN_POINT('',(0.0155337900603809,-0.0127460921812661,0.001));
#10816=CARTESIAN_POINT('',(0.0155337900603809,-0.0127460921812661,0.));
#10817=CARTESIAN_POINT('',(0.0157621922898281,-0.0119430266912521,0.001));
#10818=CARTESIAN_POINT('',(0.0157621922898281,-0.0119430266912521,0.001));
#10819=CARTESIAN_POINT('',(0.0157621922898281,-0.0119430266912521,0.001));
#10820=CARTESIAN_POINT('',(0.0157621922898281,-0.0124876156369094,0.001));
#10821=CARTESIAN_POINT('',(0.0155337900603809,-0.0127460921812661,0.001));
#10822=CARTESIAN_POINT('',(0.0165294937296795,-0.0119430266912521,0.001));
#10823=CARTESIAN_POINT('',(0.0172967951695309,-0.0119430266912521,0.001));
#10824=CARTESIAN_POINT('',(0.0172967951695309,-0.0119430266912521,0.001));
#10825=CARTESIAN_POINT('',(0.0165294937296795,-0.0119430266912521,0.001));
#10826=CARTESIAN_POINT('',(0.0166416627960985,-0.0136328780614333,0.001));
#10827=CARTESIAN_POINT('',(0.0166416627960985,-0.0136328780614333,0.));
#10828=CARTESIAN_POINT('',(0.0170784177117201,-0.0132345965937138,0.001));
#10829=CARTESIAN_POINT('',(0.0170784177117201,-0.0132345965937138,0.));
#10830=CARTESIAN_POINT('',(0.0172967951695309,-0.0126713128036534,0.001));
#10831=CARTESIAN_POINT('',(0.0172967951695309,-0.0126713128036534,0.));
#10832=CARTESIAN_POINT('',(0.0172967951695309,-0.0119430266912521,0.001));
#10833=CARTESIAN_POINT('',(0.0172967951695309,-0.0119430266912521,0.));
#10834=CARTESIAN_POINT('',(0.0166416627960985,-0.0136328780614333,0.001));
#10835=CARTESIAN_POINT('',(0.0166416627960985,-0.0136328780614333,0.001));
#10836=CARTESIAN_POINT('',(0.0166416627960985,-0.0136328780614333,0.001));
#10837=CARTESIAN_POINT('',(0.0172967951695309,-0.0130354558598541,0.001));
#10838=CARTESIAN_POINT('',(0.0172967951695309,-0.0119430266912521,0.001));
#10839=CARTESIAN_POINT('',(0.0148128193218764,-0.0142303002630125,0.001));
#10840=CARTESIAN_POINT('',(0.0148128193218764,-0.0142303002630125,0.));
#10841=CARTESIAN_POINT('',(0.0155952933890695,-0.0142303002630125,0.001));
#10842=CARTESIAN_POINT('',(0.0155952933890695,-0.0142303002630125,0.));
#10843=CARTESIAN_POINT('',(0.0162049078804769,-0.0140311595291527,0.001));
#10844=CARTESIAN_POINT('',(0.0162049078804769,-0.0140311595291527,0.));
#10845=CARTESIAN_POINT('',(0.0166416627960985,-0.0136328780614333,0.001));
#10846=CARTESIAN_POINT('',(0.0166416627960985,-0.0136328780614333,0.));
#10847=CARTESIAN_POINT('',(0.0148128193218764,-0.0142303002630125,0.001));
#10848=CARTESIAN_POINT('',(0.0148128193218764,-0.0142303002630125,0.001));
#10849=CARTESIAN_POINT('',(0.0148128193218764,-0.0142303002630125,0.001));
#10850=CARTESIAN_POINT('',(0.0159865304226661,-0.0142303002630125,0.001));
#10851=CARTESIAN_POINT('',(0.0166416627960985,-0.0136328780614333,0.001));
#10852=CARTESIAN_POINT('',(0.0135269391546679,-0.0139352468491713,0.001));
#10853=CARTESIAN_POINT('',(0.0135269391546679,-0.0139352468491713,0.));
#10854=CARTESIAN_POINT('',(0.0139062548382102,-0.0141319491250654,0.001));
#10855=CARTESIAN_POINT('',(0.0139062548382102,-0.0141319491250654,0.));
#10856=CARTESIAN_POINT('',(0.0143348815606131,-0.0142303002630125,0.001));
#10857=CARTESIAN_POINT('',(0.0143348815606131,-0.0142303002630125,0.));
#10858=CARTESIAN_POINT('',(0.0148128193218764,-0.0142303002630125,0.001));
#10859=CARTESIAN_POINT('',(0.0148128193218764,-0.0142303002630125,0.));
#10860=CARTESIAN_POINT('',(0.0135269391546679,-0.0139352468491713,0.001));
#10861=CARTESIAN_POINT('',(0.0135269391546679,-0.0139352468491713,0.001));
#10862=CARTESIAN_POINT('',(0.0135269391546679,-0.0139352468491713,0.001));
#10863=CARTESIAN_POINT('',(0.0140959126799814,-0.0142303002630125,0.001));
#10864=CARTESIAN_POINT('',(0.0148128193218764,-0.0142303002630125,0.001));
#10865=CARTESIAN_POINT('',(0.0144823022846369,-0.0120444689153485,0.001));
#10866=CARTESIAN_POINT('',(0.0126458430097538,-0.0130988557669604,0.001));
#10867=CARTESIAN_POINT('',(0.0126458430097538,-0.0130988557669604,0.001));
#10868=CARTESIAN_POINT('',(0.0144823022846369,-0.0120444689153485,0.001));
#10869=CARTESIAN_POINT('',(0.0123337203901533,-0.011851990927202,0.001));
#10870=CARTESIAN_POINT('',(0.0123337203901533,-0.011851990927202,0.));
#10871=CARTESIAN_POINT('',(0.0123337203901533,-0.0123223423747945,0.001));
#10872=CARTESIAN_POINT('',(0.0123337203901533,-0.0123223423747945,0.));
#10873=CARTESIAN_POINT('',(0.0124377612633534,-0.0127379639880473,0.001));
#10874=CARTESIAN_POINT('',(0.0124377612633534,-0.0127379639880473,0.));
#10875=CARTESIAN_POINT('',(0.0126458430097538,-0.0130988557669604,0.001));
#10876=CARTESIAN_POINT('',(0.0126458430097538,-0.0130988557669604,0.));
#10877=CARTESIAN_POINT('',(0.0123337203901533,-0.011851990927202,0.001));
#10878=CARTESIAN_POINT('',(0.0123337203901533,-0.011851990927202,0.001));
#10879=CARTESIAN_POINT('',(0.0123337203901533,-0.011851990927202,0.001));
#10880=CARTESIAN_POINT('',(0.0123337203901533,-0.0125575180985907,0.001));
#10881=CARTESIAN_POINT('',(0.0126458430097538,-0.0130988557669604,0.001));
#10882=CARTESIAN_POINT('',(0.0123337203901533,-0.00929161006329116,0.001));
#10883=CARTESIAN_POINT('',(0.0123337203901533,-0.00929161006329116,0.001));
#10884=CARTESIAN_POINT('',(-1.38777878078145E-17,0.0064,0.001));
#10885=CARTESIAN_POINT('',(-6.93889390390723E-18,0.0064,0.));
#10886=CARTESIAN_POINT('',(-6.93889390390723E-18,0.0064,0.));
#10887=MECHANICAL_DESIGN_GEOMETRIC_PRESENTATION_REPRESENTATION('',(#5890),
#10888);
#10888=(
GEOMETRIC_REPRESENTATION_CONTEXT(3)
GLOBAL_UNCERTAINTY_ASSIGNED_CONTEXT((#10889))
GLOBAL_UNIT_ASSIGNED_CONTEXT((#10892,#10891,#10890))
REPRESENTATION_CONTEXT('JoyKey Case','TOP_LEVEL_ASSEMBLY_PART')
);
#10889=UNCERTAINTY_MEASURE_WITH_UNIT(LENGTH_MEASURE(2.E-5),#10892,
'DISTANCE_ACCURACY_VALUE','Maximum Tolerance applied to model');
#10890=(
NAMED_UNIT(*)
SI_UNIT($,.STERADIAN.)
SOLID_ANGLE_UNIT()
);
#10891=(
NAMED_UNIT(*)
PLANE_ANGLE_UNIT()
SI_UNIT($,.RADIAN.)
);
#10892=(
LENGTH_UNIT()
NAMED_UNIT(*)
SI_UNIT($,.METRE.)
);
#10893=PRODUCT_DEFINITION_SHAPE('','',#10894);
#10894=PRODUCT_DEFINITION('','',#10896,#10895);
#10895=PRODUCT_DEFINITION_CONTEXT('',#10902,'design');
#10896=PRODUCT_DEFINITION_FORMATION_WITH_SPECIFIED_SOURCE('','',#10898,
 .NOT_KNOWN.);
#10897=PRODUCT_RELATED_PRODUCT_CATEGORY('','',(#10898));
#10898=PRODUCT('JoyKey Case','JoyKey Case','JoyKey Case',(#10900));
#10899=PRODUCT_CATEGORY('','');
#10900=PRODUCT_CONTEXT('',#10902,'mechanical');
#10901=APPLICATION_PROTOCOL_DEFINITION('international standard',
'ap242_managed_model_based_3d_engineering',2011,#10902);
#10902=APPLICATION_CONTEXT('managed model based 3d engineering');
ENDSEC;
END-ISO-10303-21;
